timestamp,username,icon-verified,fact-checked,text,views,likes,replies,reposts,bookmarks
2024-11-11T10:31:02.000Z,VictorSinclair3,False,False,"On récapitule.
La France de Macron c’est :
- pays le plus taxé du monde
- 3000 milliards de dette
- 2e plus gros vendeur d’armes du monde
- 2e plus gros consommateur de sites pédophiles.
C’est fou !
Il suffit d’un seul homme pour enlaidir un pays...
( mon ami 
@JANVIERClaude1
 )",8190,659,24,398,32
2024-11-08T14:54:53.000Z,ceciarmy,True,False,"Un grupo de senegaleses ha ido a un pueblo de Valencia y están quitando todos los escombros sin descanso

Gente del propio pueblo dice que apenas descansan, que suben y bajan las calles quitando el barro mientras cantan y animan a al resto de la gente.",6184245,148822,2166,24271,6423
2024-11-11T09:18:55.000Z,jon_delorraine,True,False,"Hospitalisé dans un garage.
En France, en 2024.

48% du PIB , c'est le poids des prélèvements obligatoires en France.

Pour ce résultat ?",6661,544,44,419,21
2024-11-10T23:46:08.000Z,DarrigoMelanie,True,False,"Trump's 10 point plan for education:

- eliminate the Dept. of Education
- cut federal funding
- promote Christian Nationalism
- attack teacher's unions
- give public money to for-profit private schools

He warned us, and you voted for him anyway.",2592567,29425,2736,6206,3975
2024-11-10T22:26:00.000Z,MAGA__Patriot,True,False,That's the President America won back this week! ,2264841,49280,327,5168,1684
2024-11-11T11:50:10.000Z,OlgaBazova,True,False, EXCLUSIVE: Donald Trump is preparing the last aid package for Ukraine.,1591,94,14,21,7
2024-11-09T04:16:46.000Z,TiffanyFong_,True,False,"Donald Trump announces he will “ask Congress to pass a bill establishing that the only genders recognized by the U.S. government are male and female, and they are assigned at birth.” Based.",36167841,453062,11924,61789,41136
2024-11-09T19:35:37.000Z,KoryYeshua,True,False,Young Trump supporter stands his ground while debating the Teacher and his classmates at a high school in Chicago.,6146957,135743,8771,23059,16157
2024-11-10T05:14:06.000Z,justin_hart,True,False,This is one of the funniest sets I’ve seen on SNL. Bill Burr talks about Trump’s big win.,13354949,90580,3279,9560,45255
2024-11-11T03:23:31.000Z,MTGrepp,True,False,"Would be a shame if this video of Senator Thune went viral for not supporting Donald Trump 

“I’m hoping we have OTHER options” 

I CAN’T BELIEVE Senators in Congress want this guy as Senate Majority Leader 

LET’S MAKE THIS VIRAL ON 𝕏 ",52785,4007,286,4516,119
2024-11-09T18:28:30.000Z,kangminjlee,True,False,"It’s a fake apology. He did this in Japan and gloated about how he got away with what he did.

Korea, do not accept the apology.",5104452,145437,1937,9319,2250
2024-11-05T23:14:35.000Z,cartierfamilyZ,True,False,They said Black people don’t vote.. well we voted for TRUMP   #MAGA,3584654,264134,8192,27416,2218
2024-11-08T20:45:38.000Z,BehizyTweets,True,False,"Trump plans to redirect the money being spent on Ukraine towards a nationwide initiative to get the homeless off the streets by building ""tent cities"" where they can be relocated.

His plan includes banning urban camping & arresting violators while empowering rehab organizations.",6607478,93120,2441,18479,13458
2024-11-10T15:11:42.000Z,WallStreetApes,True,False,"CONFIRMED Biden/Harris Admin taking Hurricane Victims children away

Green Mountain, North Carolina Hurricane Helene Victims having their kids taken away

Victims “Even if they're living with neighbors and their parents — They're coming to take them”

“If they're in that shelter",2154971,36063,2710,25350,6543
2024-11-11T09:53:22.000Z,IRIran_Military,True,False,Hezbollah: Enemy has failed to occupy a single village after 45 days of fighting,40047,2696,149,436,27
2024-11-11T09:09:30.000Z,PabloIglesias,True,False,"¿Son los bulos un problema de las redes que no tienen nada que ver con el periodismo convencional? Estos días los hemos visto en el programa de Ana Rosa, en Al Rojo Vivo de Ferreras y en La Nave del Misterio de Iker Jiménez. Aquí lo explico ",25346,1012,34,617,43
2024-11-11T08:56:48.000Z,TimKoffiziell,True,False,"Der senile Kanzler der #Ukraine ist selbst sein größter Fan.

#Miosga #Scholz",4642,237,17,42,2
2024-11-11T09:32:23.000Z,SpotifyKR,True,False,"스포티모지도 잘하는 드림이들이 너무 좋아
https://spotify.link/du2745WWqOb
@NCTsmtown_DREAM
 #스포티파이 
#스포티모지 #NCTDREAM #DREAMSCAPE 
#NCTDREAM_DREAMSCAPE",102733,5868,51,4179,192
2024-11-11T10:26:14.000Z,IreneMontero,True,False,"Hoy presento mi primer libro, ""Algo habremos hecho"", a las 19.00h en La Casa Encendida. No es un libro para saldar cuentas, ni para la resignación, sino, al contrario, para la esperanza. Nos dijeron que fuimos muy lejos, pero vamos a ir mucho más lejos ",36410,1237,289,527,13
2024-11-11T09:17:41.000Z,ernsterjuenger,True,False,"Die professionellen ""Meinungsmacher"" lagen beim Nutzen der Zuwanderung falsch, bei BITCOIN falsch, bei den Russland-Sanktionen falsch, beim Ukraine-Krieg falsch, bei Orban und Milei falsch, bei den US-Wahlen falsch, überall falsch. Und erklären uns jetzt, wie wichtig sie sind.",4082,583,23,132,9
2024-11-06T15:22:41.000Z,MarinaPurkiss,True,False,"For every fool that thinks Trump will be good for the economy…

You’re in for one hell of a shock.",5726084,110681,9795,24052,17729
2024-11-11T10:58:03.000Z,bayraktar_1love,True,False,"One of Shahed kamikaze drones launched by Russians failed to reach the Ukrainian border and fell on a building in Belgorod, Russia. 5th of November.",68823,2255,87,378,116
2024-11-11T09:21:30.000Z,UNEP,True,False,"The latest 
@WMO
 #StateOfClimate global update is online and the message is clear:

2024 is on track to be hottest year on record as warming temporarily hits 1.5°C

Press release: https://wmo.int/news/media-centre/2024-track-be-hottest-year-record-warming-temporarily-hits-15degc…",2659,19,3,19,1
