timestamp,username,icon-verified,fact-checked,text,views,likes,replies,reposts,bookmarks
2024-11-11T16:45:44.000Z,CilComLFC,True,False,"Marine Le Pen: “The same people who say I have no chance of winning said Donald Trump couldn’t become President of the United States.

Those in power do not understand what is happening: people are taking their Countries back.”

She has said the actual truth! ",182618,17683,164,4034,255
2024-11-11T07:00:32.000Z,libsoftiktok,True,False,"Meet Trump’s pick for border czar.

We are so back! ",9502654,154083,3152,17342,18149
2024-11-11T11:25:45.000Z,Pascal_Laurent_,True,False," UN CONDUCTEUR DE LAMBORGHINI A ÉTÉ SUIVI JUSQUE CHEZ LUI, LÀ IL EST ALLÉ CHERCHER UN RPG, CES VISITEURS N'ONT PAS DEMANDÉ LEUR RESTE .",1601083,27855,328,4720,2638
2024-11-10T01:14:14.000Z,thinktankfranks,True,False,"BREAKING 

Trump announces full conceal carry reciprocity

WHAT THIS MEANS:
No matter which state you’re in, if you’ve got your concealed carry license, each state will still have to honor it - for example, you have a Florida concealed carry permit - California would have to",12118175,178746,5799,33853,16827
2024-11-10T20:35:11.000Z,charliekirk11,True,False,"Remember when they said $15 billion was too expensive for a border wall and then turned around and spent $7 trillion including $200 billion for Ukraine without a second thought? Let’s be clear…

THERE IS NO PRICE TAG. MASS DEPORTATIONS ARE HAPPENING.",3544161,103930,1403,20846,3284
2024-11-11T18:19:07.000Z,LoetitiaH,True,False,"L'industrie allemande et son gouvernement s'effondrent. Dirigés par un imbécile. 

La France est ravagée par la division sociale, la criminalité et fait face à une grave récession. Dirigée par un imbécile.

Le chef imbécile non élu de l'OTAN, rejeté par le peuple néerlandais,",4319,346,54,214,8
2024-11-11T20:02:14.000Z,CronicaPolicial,False,False,"Escalofriantes imágenes de una adolescente de 13 años que pierde el cuero cabelludo cuando su cabello se enredó en un rodillo de una rueda de un parque de atracciones en Uttar Pradesh, India ",160048,2874,65,395,1431
2024-11-11T19:04:11.000Z,RealAlexJones,False,False,"BREAKING: Electronic Election Fraud EXPOSED By Lara Trump & Susie Wiles In Key Battleground States

""Glitches"" That Flip Votes From Republican To Democrat Aren't ""Glitches""

Watch/Share The LIVE SHOW here:
https://x.com/i/broadcasts/1eaJbaqnlgvGX…",2083231,43788,934,14960,3168
2024-11-05T23:14:35.000Z,cartierfamilyZ,True,False,They said Black people don’t vote.. well we voted for TRUMP   #MAGA,3588604,264131,8194,27410,2217
2024-11-11T04:51:59.000Z,MaxBlumenthal,True,False,"Local Amsterdam residents tell 
@LeftLaser
 how they were assaulted and menaced by Tel Maccabi hooligans hunting for anyone displaying pro-Palestine symbols

Why should decent people have to put up with a hostile invasion of foreign Zionist goon squad members?",741806,22490,372,9443,2385
2024-11-11T20:58:24.000Z,TheDailyShow,True,False,"Since everyone who worked with Trump during his first term hates him, Trump's assembling a new crew of cronies",9887,72,6,14,8
2024-11-11T18:16:00.000Z,PDChina,True,False,"Farmers are drying their harvested chili, filling the air with spice, in E China.",20881,444,3,48,15
2024-11-11T14:57:03.000Z,BTC_Archive,True,False,JUST IN: Global Bank Standard Chartered says #Bitcoin and crypto market cap could hit $10 TRILLION by 2026 under Trump.,131429,3714,153,842,110
2024-11-11T10:02:26.000Z,EuropeInvasions,True,False,"BREAKING NEWS

Donald Trump will deploy the military for mass deportations.",476928,23396,449,2315,398
2024-11-10T22:19:39.000Z,YourAnonCentral,True,False,"Zelenskyy: ""We are not ready to give our freedom to this fucking terrorist Putin"".

Zelenskyy will be studied as a hero, not only for Ukraine, but our current moment in time for generations.",840471,21405,1512,3073,420
2024-11-11T14:16:11.000Z,SenRickScott,True,False,"The American people gave Republicans a clear mandate to enact President Trump’s agenda. 

I’ve spent my career making a plan and ensuring it gets done, and this is no different. It’s time to secure our borders, confirm Trump’s nominees and Make America Great Again!",701555,45548,1495,12358,436
2024-11-11T15:07:35.000Z,maiamindel,False,False,"""just because something in your kitchen is made in china it doesn't mean that it's going to cost 20% to 60% more"" yes it literally does?",883684,31376,206,1477,1310
2024-11-11T18:44:23.000Z,NCheron_bourse,True,False,"Elon Musk a dépensé 150 millions pour aider Trump à se faire élire.

La capitalisation de Tesla a gagné près de 300 milliards dont 37 pour Elon Musk depuis l’élection de Trump.

Ça c’est un beau trade.",14518,355,23,22,7
2024-11-09T18:28:30.000Z,kangminjlee,True,False,"It’s a fake apology. He did this in Japan and gloated about how he got away with what he did.

Korea, do not accept the apology.",5738470,157592,2095,10014,2465
2024-11-11T16:16:44.000Z,JLMelenchon,True,False,"A Gaza et au Liban, des milliers de femmes, d’hommes et d’enfants sont massacrés en masse sous les bombes.

C’est un génocide contre lequel proteste toute conscience humaine sitôt qu’elle est informée, sauf pour ceux qui choisissent de regarder ailleurs à l’heure des massacres.",62926,3716,429,1444,63
2024-11-11T19:00:01.000Z,ActualidadRT,False,False," Un curioso episodio ocurrió en un templo de la India, donde cientos de fieles acudían a beber lo que creían era ""agua bendita de los pies de Krishna"", pero resultó ser simplemente condensación del aire acondicionado.",42000,269,38,104,20
