timestamp,username,icon-verified,fact-checked,text,views,likes,replies,reposts,bookmarks
2024-11-12T15:56:11.000Z,Sassafrass_84,True,False,"She's right. Melania Trump is one of the most bullied people in the world. She never got a fair chance with the media. They did her dirty. This time around, we have X. And we can spread her messages and her good deeds. Msm is dead. Drop a heart if you support our Flotus. ",3014493,141583,11391,18719,2977
2024-11-13T14:53:35.000Z,TrumpWarRoom,True,False,"TODAY: Senator JD Vance

JAN. 20: Vice President JD Vance",15011,1225,52,197,25
2024-11-12T21:33:02.000Z,TONYxTWO,True,False,"“Donald Trump has done way more in these last 5 days than Kamala Harris has done in her last 4 years.”

“This is exactly why America voted for him!”

SPOT ON ",969801,85854,1183,14960,2163
2024-11-07T15:01:50.000Z,MAGAResource,True,False,"Donald Trump has only been elected for 2 days and RFK Jr is already working on making America healthy again. 

God bless him.",17494598,481419,6817,90537,61356
2024-11-13T11:21:12.000Z,realDonaldTrump,True,False,N/A,10012354,162102,5054,21020,5023
2024-11-13T02:06:47.000Z,TONYxTWO,True,False,"This is so good 

“I’m getting a little tired of some Christians asking me why I voted for Donald Trump. Because I’m a Christian. That’s why I voted for him. But now let me turn that same question back on you. You are a Christian. Why did you vote for Kamala Harris?” 

WATCH ",596187,35372,1263,8539,2473
2024-11-09T08:37:26.000Z,ByDonkeys,True,False,"How Musk broke Twitter and helped elect Trump
(Location: Tesla European HQ, Amsterdam)",3954873,50980,3030,24332,14177
2024-11-07T20:04:05.000Z,bennyjohnson,True,False,"Trump's lawyer Mike Davis issues dark warning to NY AG Letitia James:

""I dare you to try to continue your lawfare against President Trump... listen here, sweetheart, we're not messing around this time and we will put your fatass in prison for conspiracy against rights.""",7013519,172910,7383,43184,13323
2024-11-09T05:30:20.000Z,BRICSinfo,True,False," President-elect Trump to introduce day-one bill recognizing only male and female genders, banning men from women's sports.

""We will promote positive education about the nuclear family, the roles of mothers and fathers, and celebrating rather than erasing the things that",2135081,45690,1277,8643,3675
2024-11-12T19:40:26.000Z,RealAlexJones,True,False,"Trump Pledges To Declare War On Drug Cartels Which Ship Fentanyl, Engage In Human Trafficking, And Organized Crime That Is Destroying Our Country From Within.

Watch and Spread This LiveStream:
https://x.com/i/broadcasts/1mrxmMZPykMxy…",23781301,185237,4056,32821,7077
2024-11-09T16:30:02.000Z,DonaldTNews,True,False,"Novak Djokovic showing his Christian Cross after his victory.

The mainstream media censored this! Let's make it go VIRAL!",3167607,110173,834,23213,1420
2024-11-11T23:36:55.000Z,Chicago1Ray,True,False,"Charlie Kirk went to these campuses and turned a lot of the youth vote in critical states like (MI) (PA) for President Trump 

Can I get a like for Charlie Kirk ",915423,88765,3490,9877,831
2024-11-13T14:56:56.000Z,DefenceU,True,False,"A tank is not just a combat vehicle; it is a symbol of resilience and strength. They are stopping the enemy, destroying their positions, and protecting our infantry.

: 4th Tank Brigade",4517,120,2,10,1
2024-11-09T14:08:58.000Z,Antunes1,True,False,"Donald Trump announces his 10-point plan to rebuild America's school system,

Among others, promises to bring back 'school prayer. '",37346628,83690,4559,20053,22889
2024-11-09T01:38:32.000Z,AZ_Brittney,True,False,"I support President Zelensky and aid to Ukraine! 

Who is with me? ",1578728,71514,10753,9824,322
2024-11-11T21:57:16.000Z,TiffanyFong_,True,False,Donald Trump wanted Elon Musk to join his family photo. I love their friendship. ,5773861,144584,1326,11686,6338
2024-11-13T14:58:50.000Z,EdKrassen,True,False,"I think we now know how Trump plans to end the war in Gaza.

Trump's US Ambassador to Israel doesn't even believe that Palestinians even exist. 

There will be no more Palestine. There will be no place for the Palestinian people.",2463,45,22,19,2
2024-11-08T02:06:08.000Z,TONYxTWO,True,False,"“So Trump gets elected President, Hamas calls to end the war, bitcoin shoots to the highest it’s ever been, the stock market shoots to the sky in record numbers, and Putin says he’s ready for negotiations to end the war in Ukraine.

He hasn’t even stepped in office yet.”",4915277,170445,2076,35874,17189
2024-11-13T14:00:02.000Z,bennyjohnson,True,False,BOOM! Trump Ready To Name Dan Bongino Secret Service Director?! | 'The TRUTH About Assassination' ,94066,3673,164,500,78
2024-11-13T14:14:54.000Z,EricLDaugh,True,False,"REPORT: Kash Patel may be named FBI Director for Trump to ""clean house""",38386,956,53,124,31
2024-11-13T14:44:25.000Z,NEWSMAX,True,False,"BREAKING NEWS: President-elect Donald Trump arrives in Washington, D.C. for a meeting with President Joe Biden, designed to demonstrate a smooth transition between administrations.",13393,344,14,51,3
2024-11-10T20:35:11.000Z,charliekirk11,True,False,"Remember when they said $15 billion was too expensive for a border wall and then turned around and spent $7 trillion including $200 billion for Ukraine without a second thought? Let’s be clear…

THERE IS NO PRICE TAG. MASS DEPORTATIONS ARE HAPPENING.",4425778,129315,1737,26523,4061
2024-11-08T18:16:08.000Z,ElonMuskOde,True,False,"Don’t Lie 

Are you Happy that Trump is the President of America  

A:Yes
B:No",975943,64208,29633,4754,223
