timestamp,username,icon-verified,fact-checked,text,views,likes,replies,reposts,bookmarks
2024-11-12T15:56:11.000Z,Sassafrass_84,True,False,"She's right. Melania Trump is one of the most bullied people in the world. She never got a fair chance with the media. They did her dirty. This time around, we have X. And we can spread her messages and her good deeds. Msm is dead. Drop a heart if you support our Flotus. ",3188607,148729,12053,19637,3116
2024-11-13T16:22:21.000Z,sav_says_,True,False,"Look how happy Joe Biden is sitting next to Donald Trump at the White House right now. 

Even Biden is happy Trump is the 47th President.",309706,15002,495,1947,801
2024-11-12T00:32:45.000Z,DefiyantlyFree,True,False,"10 million to Beyoncé.

5 million to Meghan Thee Stallion.

2.3 million to Lizzo

1.8 million to Eminem

Losing the oval and both chambers of Congress to Donald Trump PRICELESS

You can’t buy yourself into the White House. And thank God for that.",3424955,77484,2134,19446,5041
2024-11-12T22:34:33.000Z,WUTangKids,True,False,Trump cabinet walking into the White House on January 20th,1695479,64541,2133,10600,2073
2024-11-13T16:11:47.000Z,BoLoudon,True,False,"BREAKING: PRESIDENT-ELECT TRUMP JUST GAVE A SPEECH TO HOUSE REPUBLICANS!

""Isn't it nice to win?""",9232,846,8,176,31
2024-11-11T18:01:46.000Z,DonaldTNews,True,False,"Do you agree that Bill Gates and Dr. Anthony Fauci should be prosecuted for the crimes against humanity they committed?

YES or NO?

If YES, I will follow you back ",4410021,159854,62638,24546,2188
2024-11-13T16:52:32.000Z,_johnnymaga,True,False,"HOLY SMOKES. Biden-Harris staffers came out of their offices to catch a glimpse of Trump during his return to The White House.

CNN: “It’s REALLY stunning.”

Even his detractors recognize the magnitude of the moment.",242424,3613,88,697,325
2024-11-11T21:38:19.000Z,The_Trump_Train,True,False,GIVE ME A  IF YOU SUPPORT OUR NEW BORDER CZAR TOM HOOMAN!,1932289,155082,22988,17837,1866
2024-11-10T12:35:43.000Z,krassenstein,True,False,"SICK!  

Donald Trump  Jr., the kid born with a diamond spoon in his mouth, just posted this video, mocking Zelensky. 

FACTS:

- Russia has killed over 600 children in Ukraine. 
- Russia has killed over 10,000 civilians in Ukraine. 
- Russia has stolen their sovereign land 

And",2483756,25802,4717,5344,1417
2024-11-12T20:36:31.000Z,MTGrepp,True,False,Would you support Dan Bongino being President Trump’s Secret Service Director ?,508273,54078,6844,5918,196
2024-11-13T05:28:54.000Z,amerix,True,False,"President Trump has picked Elon Musk and Vivek Ramaswamy to lead The Department of Government Efficiency (DOGE)

This department is tasked with ending wastage of taxpayers' money and draining the swamp.

America has Vivek, Kenya has David Ndii.

Kenya is led by fools.",238430,5644,286,1839,193
2024-11-13T17:03:00.000Z,UN,True,False,"Despite looming famine, aid entering Gaza is at its lowest levels in months.
@UNRWA
 is working tirelessly to help, but restricted humanitarian access & security challenges are limiting their ability to reach displaced families who urgently need support as winter approaches.",15126,65,32,43,2
2024-11-09T08:37:26.000Z,ByDonkeys,True,False,"How Musk broke Twitter and helped elect Trump
(Location: Tesla European HQ, Amsterdam)",3967299,50995,3030,24343,14199
2024-11-13T16:24:29.000Z,TiffanyFong_,True,False,"WELCOME BACK, DONALD TRUMP. ",45054,1961,148,168,104
2024-11-10T23:46:08.000Z,DarrigoMelanie,True,False,"Trump's 10 point plan for education:

- eliminate the Dept. of Education
- cut federal funding
- promote Christian Nationalism
- attack teacher's unions
- give public money to for-profit private schools

He warned us, and you voted for him anyway.",14405361,112721,14948,22091,15013
2024-11-13T10:05:38.000Z,jon_delorraine,True,False,"ALERTE INFO

Valérie Pécresse veut un programme sur les caricatures pour les élèves, visant à se moquer des religions. 
Mais elle interdit celles de Mahomet. 
Jésus, oui. Mahomet, non.

Toute l'hypocrisie de cette fausse droite.",315548,5467,1018,2313,407
2024-11-13T16:31:38.000Z,NEWSMAX,True,False,BREAKING NEWS: President-elect Donald Trump and President Joe Biden meet at the White House.,30682,470,37,50,11
2024-11-13T16:21:59.000Z,LeadingReport,True,False,BREAKING: Trump and Biden meet at the White House.,168107,5733,213,638,594
2024-11-13T17:03:25.000Z,business,True,False,President-elect Trump met with President Biden in the Oval Office Wednesday in a tradition of the peaceful transition of power in the US that Trump didn’t offer Biden in 2020 https://bloomberg.com/news/articles/2024-11-13/trump-biden-to-meet-as-trump-names-key-picks-to-reshape-government?sref=omvmmwIg…,39941,143,15,49,13
2024-11-09T18:53:11.000Z,GavinNewsom,True,False,"I revere this country. The institutions. The Presidency. I want our nation to succeed.

But I’m not naive. 

Donald Trump has a playbook. They wrote it out for us. 922 pages. With 270 specific points he has publicly supported. 

If our American values and freedoms are attacked,",8266978,116218,25388,18806,8824
