timestamp,username,icon-verified,fact-checked,text,views,likes,replies,reposts,bookmarks
2024-11-13T19:50:33.000Z,POTUS,True,False,"Today I met with President-elect Trump in the Oval Office.

I look forward to leading a smooth transition and peaceful transfer of power. As I told the President-elect, my team is committed to doing everything we can to ensure the incoming administration has what they need.",992156,15581,2072,1985,539
2024-11-09T08:37:26.000Z,ByDonkeys,True,False,"How Musk broke Twitter and helped elect Trump
(Location: Tesla European HQ, Amsterdam)",3994623,50967,3034,24368,14218
2024-11-13T17:40:34.000Z,Real_RobN,True,False,"And here is, 

BIGGER THAN WATERGATE, 

STRAIGHT UP TREASON, 

A: Barack Obama and his CIA initiated the Russia Collusion Hoax and instructed the “5 eyes” (U.S., Canada, Australia, U.K. and New Zealand) to spy on the 2016 Trump campaign. 

— Obama’s Chief of Staff John Brennan",227921,7736,138,4976,1187
2024-11-13T20:59:36.000Z,TrumpWarRoom,True,False,"President Trump:

— Made a triumphant return to D.C.

— Met with House Republicans at the Capitol

— Met with Biden at the White House

— Nominated an AG, DNI, and Secretary of State

...and is back in Palm Beach before 4p ET.

MAGA!",72142,3477,141,685,67
2024-11-13T20:54:10.000Z,akafacehots,True,False,I'll always remember when Matt Gaetz voted for Trump as Speaker of the House in 2023.. and every Democrat started panicking.,60634,5189,50,767,161
2024-11-13T16:52:32.000Z,_johnnymaga,True,False,"HOLY SMOKES. Biden-Harris staffers came out of their offices to catch a glimpse of Trump during his return to The White House.

CNN: “It’s REALLY stunning.”

Even his detractors recognize the magnitude of the moment.",1342767,14060,276,2126,1314
2024-11-13T21:12:45.000Z,WalshFreedom,True,False,"When you voted for Trump, you voted to put Tulsi Gabbard, a Russian asset, in charge of our nation’s intelligence. That’s what you voted for. Congratulations.",84790,6083,732,1346,93
2024-11-13T20:18:51.000Z,RealAlexJones,True,False,"BREAKING EXCLUSIVE: Former Congresswoman Tulsi Gabbard Has Been Chosen By President Trump To Be The Director Of National Intelligence
@RogerJStoneJr
WATCH/SHARE the LIVE SHOW here:
https://x.com/i/broadcasts/1zqJVYrvNywGB…",828669,28187,576,4497,518
2024-11-13T14:10:44.000Z,GrandpaDennisP,True,False,"TRUMP HAS REFUSED TO SIGN THE ETHICS PLEDGE. HE SHOULD NOT BE ALLOWED TO ASSUME OFFICE UNTIL HE DOES. MY GOD, AREWE GOING TO ALLOW THIS CRIMINAL TO SKIRT THE LAW AGAIN WITH NO ACCOUNTABILITY ? I’M GETTING REALLY TIRED OF THIS SCENARIO.",547166,28180,4238,6427,629
2024-11-07T19:25:21.000Z,EmmanuelMacron,True,False,"Donald Trump was elected by Americans to defend the interests of Americans.

The question we, as Europeans, must ask ourselves is, are we ready to defend the interests of Europeans?",8318665,96092,13396,16534,6985
2024-11-13T16:22:13.000Z,PopBase,True,False,Donald Trump and Joe Biden meet at the White House.,4437760,106066,1654,5811,5354
2024-11-13T21:39:42.000Z,JackPosobiec,True,False,"DONALD TRUMP NOMINATING MATT GAETZ IS A THERMONUCLEAR WARHEAD ON THE DEEP STATE

We are now in the ""find out"" part of the equation after they messed with Trump",83640,3540,108,670,133
2024-11-13T13:34:45.000Z,LDLC,False,False," CONCOURS 

Chose promise, chose due ! 

Un PC Bazooka RGB et un paquet de chips de la saveur de votre choix à gagner. 

Pour participer : 
 RT ce tweet 
 Postez en commentaire le parfum de chips voulu

Le PC : ",575477,7429,13305,14123,475
2024-11-13T16:32:11.000Z,michaeljknowles,True,False,It's always nice when Pres. Trump takes time out of his busy day to meet one of his voters.,766300,46037,592,3800,604
2024-11-13T20:56:49.000Z,ericmetaxas,True,False,The only job I'd be want in the Trump WH would be Press Secretary. That'd be a ton of FUN! But let's hope Tucker gets the nod!!! He'd be BEYOND belief in that role. Did we ever dream of such an astonishing array of talent & character in any administration? GOD BLESS AMERICA!,5191,320,28,54,9
2024-11-13T17:32:18.000Z,ScottforFlorida,True,False,"I want to thank my colleagues and the millions of Americans who supported my run and made their voices heard to demand change.

We will never stop fighting to turn our country around, advance President Trump’s agenda & Make America Great Again",460159,37864,1694,4459,164
2024-11-13T20:37:08.000Z,FoxNews,True,False,"'MY GREAT HONOR': The Florida senator 
@marcorubio
  was announced as Trump's pick for the role with the president-elect saying, ""He will be a strong Advocate for our Nation, a true friend to our Allies, and a fearless Warrior."" https://trib.al/kxkei1X",54290,774,61,79,2
2024-11-13T21:26:34.000Z,RealAlexJones,True,False,"BREAKING: Trump Announces Rep. Matt Gaetz as Attorney General

WATCH/SHARE the LIVE SHOW here:
https://x.com/i/broadcasts/1zqJVYrvNywGB…",310114,10735,322,2026,365
2024-11-13T20:38:26.000Z,DschlopesIsBack,True,False,"Just four years ago Tulsi Gabbard was a Democrat destroying Kamala Harris on stage.

The total insanity of the left pushed her away from the party and towards Trump and the Republican party, just like Elon Musk, Joe Rogan, etc.

Now she's the Director of National Intelligence!",9884,577,14,127,38
2024-11-13T21:47:51.000Z,AJEnglish,True,False,"President Joe Biden welcomed President-elect Donald Trump to the White House on Wednesday as part of the traditional transfer of power, a ritual Trump declined to join four years ago.",11262,54,11,16,6
2024-11-07T07:44:35.000Z,PopBase,True,False,"Jimmy Kimmel tears up while talking about Donald Trump’s victory:

“It was a terrible night for women, for children, for the hundreds of thousands of hard working immigrants who make this country great, for health care, for our climate, for science, for journalism, for justice,",25772844,608090,9080,55175,31964
2024-11-13T20:03:25.000Z,GeorgeJanko,True,False,"Thank you, God, for the peace You are pouring back into this country! Trump and Joe sitting down is just the beginning! ",20644,949,25,37,6
2024-11-13T21:04:27.000Z,RyanSAdams,True,False,"Being reported that the FBI raided Polymarket founders home this morning & seized his phone and electronics.

They gave him no reason.

Polymarket predicted Trump would win.

This looks like political retribution and is actually bone chilling.

WTF is this administration doing.",134868,705,76,141,44
2024-11-13T21:21:48.000Z,realDonaldTrump,True,False,N/A,1254739,36308,1431,5182,670
