timestamp,username,icon-verified,fact-checked,text,views,likes,replies,reposts,bookmarks
2024-11-12T05:00:01.000Z,ChinaScience,True,False,"Over 60 China-developed #engine products are on display at 15th China International Aviation and Aerospace Exhibition in S China's Zhuhai, nearly half of which are debutants to #AirshowChina, including China's 1st homegrown high bypass ratio twin-rotor turbofan engine AEF1200.",0,130,1,2,0
2024-11-11T16:45:44.000Z,CilComLFC,True,False,"Marine Le Pen: “The same people who say I have no chance of winning said Donald Trump couldn’t become President of the United States.

Those in power do not understand what is happening: people are taking their Countries back.”

She has said the actual truth! ",798580,46341,326,9399,756
2024-11-11T05:28:33.000Z,ImMeme0,True,False,"BREAKING: President Trump selects former ICE Director Tom Homan as Border Czar for the upcoming administration, tasked with overseeing the largest mass deportation operation in U.S. history.",3928926,129186,2369,25816,13911
2024-11-12T01:16:06.000Z,tradingMaxiSL,True,False,"Ever wanted to see the world in a whole new way..? This thread on cool maps is here to blow your mind

1. An Interesting Fact About Russia and USA",460575,3848,39,410,1046
2024-11-10T17:38:00.000Z,MTGrepp,True,False,"If you think Melania Trump is the MOST beautiful First Lady, then drop a """" in the comments",2031291,112786,9496,6229,595
2024-11-11T17:17:35.000Z,richplow,False,False,Trump has officially announced he’s getting rid of the Department of Education. Honestly this is what’s done it for me. You’re an imbecile if you didn’t vote against this dude. Fucking idiots. Y’all have no clue of the ramifications. No fucking idea. Assholes man. Poor kids,8658374,165901,8550,19402,8493
2024-11-11T04:44:01.000Z,charliekirk11,True,False,"President Trump just put this man, Tom Homan, in charge of deportations. ",15264624,130703,3678,18253,14598
2024-11-11T23:34:38.000Z,dustinemills24,True,False,"BREAKING NEWS 

Trump just appointed Kash Patel to be the next CIA Director!",2215009,58154,1980,9439,1672
2024-11-12T00:26:18.000Z,RealAlexJones,True,False,"Economic Bombshell President Trump Announces Ban On Credit Card Interest Rates Above 10%!

DJT Renewed His Pledge To Get American Out Of Debt And Make America Wealthy Again

Watch And Share My Live Stream Here:
https://x.com/i/broadcasts/1eaJbaqnlgvGX…",6917075,106410,2741,18459,6183
2024-11-11T16:29:07.000Z,YourAnonCentral,True,False,"Trump promised to deport ""Hamas supporters"" i.e. pro-Palestine supporters, likely to be rounded up at protests.

“Unlike liberal Kamala, I will support Israel’s right to win its war… we got to finish it off… The Hamas supporters will be gone… we will deport them very quickly”.",1180879,10749,790,3218,1906
2024-11-08T18:29:05.000Z,itzjoshuajake,True,False,The Trump Effect Is Insane ,87071497,295192,5775,79678,86980
2024-11-11T21:14:28.000Z,VigilantFox,True,False,"Dr. Peter McCullough Calls On Trump to REPEAL the 1986 Vaccine Injury Act

This would strip Big Pharma of its liability shield, making them accountable for injuries caused by their products.

“Americans deserve safe vaccines. And when they are applied, the company should stand",481227,28083,397,9135,1149
2024-11-12T00:03:56.000Z,igorsushko,True,False, BREAKING: Putin's spy chief Nikolay Patrushev says Russia helped Trump win the Presidential election and makes a veiled threat that Trump must now deliver the agreed-upon quid pro quo.,988902,16690,1298,7759,3005
2024-11-11T22:56:10.000Z,MyLordBebo,True,False,"Delegation from Germany, France, Poland, Estonia, Lithuania, Latvia, Sweden and Finland came to Georgia to protest.

Isn’t that foreign interference into regional affairs?",71768,2740,360,846,165
2024-11-09T14:11:28.000Z,amuse,True,False,"RACISM: Over 75% of Democrat voters believe that Trump refuses to condemn white supremacy, racism, and the kkk. Watch 4 minutes of Trump condemning it and Democrats lying about it.",72799733,77630,2656,25497,37276
2024-11-11T19:09:07.000Z,GuntherEagleman,True,False,"BOOM! Rick Scott is on FIRE today:

“Here's what I bring to the table. I clearly believe in the Trump agenda.”

“Number one, I'm a business guy that has success doing exactly what we need to do in the Senate. We need to have a plan, we need to work a plan. We need to have a",589826,40829,531,13510,536
2024-11-12T02:02:47.000Z,Chescan4,True,False,"Ahora que el vende tangas 
@LeonEconomista
 siente que vuela por pisar los progamuchos del vende motos, creo pertinente recordar cuando le glasearon la dona en un debate. 
Desde ese día no volvió a aceptar ""debatir"" con nadie.",9354,577,44,249,24
2024-11-08T16:59:51.000Z,libsoftiktok,True,False,"BREAKING: Nicole Hart, a physician’s assistant in an OBGYN office in Pennsylvania has reportedly been fired after writing she hopes the daughters of Trump suppprters have ectopic pregnancies.",1686241,88555,5331,24860,2698
2024-11-12T00:48:52.000Z,camposmar88,True,False,"Éxodo de argentinos a Chile, a comprar comida y artículos de limpieza un 70% más barato.
País inviable el de Milei.
#ElPeorPresidenteDeLaHistoria",7873,512,31,329,6
2024-11-12T02:10:02.000Z,Mr_Vinotinto,True,False,"Marco Rubio, Secretario de Estado

Mike Waltz, Asesor de Seguridad Nacional

Rick Scott, Líder de la mayoría en el Senado

Donald J. Trump, Presidente de los EEUU",63897,3214,49,725,123
2024-11-05T23:14:35.000Z,cartierfamilyZ,True,False,They said Black people don’t vote.. well we voted for TRUMP   #MAGA,3594114,264093,8193,27411,2219
2024-11-12T01:30:00.000Z,Cointelegraph,True,False,"BULLISH: “We think that #Bitcoin could become the next Strategic Reserve Asset.”

R360 Managing Partner, Barbara Goldstein claims that the Trump Administration could get the US to own up to 1 Million Bitcoin.",25708,395,36,114,24
2024-11-11T04:45:55.000Z,WallStreetApes,True,False,"WOAH, This is a man still on the ground in Western North Carolina after Hurricane Helene. He’s talking to victims and they’re having their land purchased out from under them for $2,500

He says it’s definitely a land grab for the lithium and quartz mining

“Buying the land",1049264,30142,1300,21303,6441
