timestamp,username,icon-verified,fact-checked,text,views,likes,replies,reposts,bookmarks
2024-11-12T15:01:09.000Z,Fortnite_ES,True,False,"ESTO. NO. ES. UN. SIMULACRO.

OG ha VUELTO y está aquí para quedarse. Vuelve a vivir Battle Royale desde el principio y explora el mapa OG, recoge el botín OG y revive las temporadas OG. El 6 de diciembre.",1384,230,13,47,21
2024-11-12T09:30:09.000Z,GoldingBF,True,False,"The people of Iran are turning away from Islam in their droves.
They are even attacking mosques across their country.
The despotic Iranian regime cannot last much longer ",53940,3636,173,1021,116
2024-11-12T10:47:49.000Z,SuppressedNws,True,False,BREAKING: The Israeli occupation forces just committed a massacre against a group of citizens north of Rafah city.,80485,5248,167,3990,209
2024-11-12T14:43:16.000Z,Chinamission2un,True,False,The epic battle for a Green China,0,8,1,3,238
2024-11-12T07:00:03.000Z,TaraBull808,True,False,BREAKING: President Trump has selected South Dakota Governor Kristi Noem as Homeland Security Secretary.,1487760,41891,1798,5178,949
2024-11-11T17:17:35.000Z,richplow,False,False,Trump has officially announced he’s getting rid of the Department of Education. Honestly this is what’s done it for me. You’re an imbecile if you didn’t vote against this dude. Fucking idiots. Y’all have no clue of the ramifications. No fucking idea. Assholes man. Poor kids,15153348,257439,12274,28288,14114
2024-11-11T14:11:03.000Z,DC_Draino,True,False,"The Visa/MC credit card monopoly has put Americans into excessive debt with usurious interest rates at 25%+

President Trump wants a 10% cap on all credit card interest rates

JD Vance co-sponsored the Credit Card Competition act which fights the 2-4% hidden tax you pay every",5182039,84009,1947,19718,5304
2024-11-10T21:45:41.000Z,Riley_Gaines_,True,False,"Yesterday: fined $11,255 for wearing a MAGA hat 

Today: celebrates with the iconic Trump dance after a sack

In a world of Colin Kaepernicks, be a Nick Bosa",2255942,140877,1499,17551,1922
2024-11-12T14:53:22.000Z,Chinamission2un,True,False,"China has been supporting peace operations in Africa in conflict prevention and mediation as well as advancing the continent's security agenda at the UN Security Council.
https://english.news.cn/20241112/6a6875dbe3cc48608ebe7af55289435a/c.html…",0,126,2,5,0
2024-11-08T18:29:05.000Z,itzjoshuajake,True,False,The Trump Effect Is Insane ,87217278,295311,5783,79686,86960
2024-11-10T17:38:00.000Z,MTGrepp,True,False,"If you think Melania Trump is the MOST beautiful First Lady, then drop a """" in the comments",2130146,117231,9915,6442,621
2024-11-12T00:03:56.000Z,igorsushko,True,False, BREAKING: Putin's spy chief Nikolay Patrushev says Russia helped Trump win the Presidential election and makes a veiled threat that Trump must now deliver the agreed-upon quid pro quo.,1545140,24902,2038,11629,4426
2024-11-12T13:05:31.000Z,HLTVorg,True,False,They will be present at the first ever Major in China  ,54601,1409,55,88,6
2024-11-11T05:52:52.000Z,DefiyantlyFree,True,False,"I know there’s a lot going on right now, but let’s not forget the investigation into the fact that George Soros was allowed to purchase like 200 conservative radio stations right before election with foreign money.",1156652,47203,772,16270,1904
2024-11-10T22:26:00.000Z,MAGA__Patriot,True,False,That's the President America won back this week! ,16203131,204882,1407,19617,6748
2024-11-09T23:00:59.000Z,CollinRugg,True,False,"NEW: Tucker Carlson endorses Rick Scott for GOP Senate leader, rips Mitch McConnell.

“What the hell is going on in the US Senate?” Tucker asked on X.

“Hours after Donald Trump wins the most conclusive mandate in 40 years, Mitch McConnell engineers a coup against his agenda by",3654831,97857,1207,28310,3992
2024-11-07T19:28:51.000Z,BehizyTweets,True,False,"President Trump will FIRE every official or agent at the FBI, CIA, DHS, CDC, etc, that forced big tech to censor the truth about the 2020 election & Covid

He'll also strip security clearances of the 51 intel officials who labeled Hunter Biden's laptop as Russian disinformation.",5809403,129686,2460,30225,8903
2024-11-12T12:12:10.000Z,toobaffled,True,False,"The President of Argentina Javier Milei has now joined forces with President Donald Trump to expose the UN, WEF, and WHO as terrorist organizations trying enforce their 2030 agenda of one world government while removing all human rights and freedoms for tyrannical globalist",19498,2062,30,851,230
2024-11-12T15:00:09.000Z,counterparts905,False,False,"The Heaven Let Them Die North American tour. With support from 
@painoftruthhc
 @MalevolenceRiff
 and 
@foreignhandsDE
 . Text us at 380-666-HLTD for early access to tickets. On sale to the public Friday November 15th.",823,78,3,31,2
2024-11-11T05:28:33.000Z,ImMeme0,True,False,"BREAKING: President Trump selects former ICE Director Tom Homan as Border Czar for the upcoming administration, tasked with overseeing the largest mass deportation operation in U.S. history.",4161817,135590,2509,27188,14764
2024-11-11T15:30:04.000Z,BRICSinfo,True,False,JUST IN:  Indonesian President Prabowo Subianto releases video of him having conversation with US President-elect Trump.,997925,24654,510,4878,2808
2024-11-10T00:12:25.000Z,atensnut,True,False,Newscum not handling Trump election very well.   He is in state of panic.  What a horrible Governor.  He has done irreparable damage to damage to CA.,1246081,46752,7195,10164,876
2024-11-06T20:40:13.000Z,BGatesIsaPyscho,True,False," “Asked a question as to why Bill Gates &amp; China are allowed to buy up all the farmland in our Country?”

Listen to RFK Jnr explain.",4420099,130945,2657,45687,30599
