timestamp,username,icon-verified,fact-checked,text,views,likes,replies,reposts,bookmarks
2024-11-12T08:55:42.000Z,frederic_RTfr,True,False,"#Vu_de_Russie-En Occident, «ils détruisent l’éducation pour préparer les gens à être soumis à un système d’exploitation post-capitaliste »–Andreï Fursov

«On ne mesure pas l'ampleur du problème», souligne l’historien qui a enseigné dans les universités d’élite américaines et",2454,207,10,129,26
2024-11-11T14:26:21.000Z,RealSeq16,True,False,"Did you all know this about Trump’s friendship with Michael Jackson? 
20 years ago Kamala slandered him, and now Trump has finally avenged him.  Please watch ",3449444,57099,888,14548,15180
2024-11-11T14:11:03.000Z,DC_Draino,True,False,"The Visa/MC credit card monopoly has put Americans into excessive debt with usurious interest rates at 25%+

President Trump wants a 10% cap on all credit card interest rates

JD Vance co-sponsored the Credit Card Competition act which fights the 2-4% hidden tax you pay every",4808019,80103,1839,18758,5074
2024-11-12T00:26:18.000Z,RealAlexJones,True,False,"Economic Bombshell President Trump Announces Ban On Credit Card Interest Rates Above 10%!

DJT Renewed His Pledge To Get American Out Of Debt And Make America Wealthy Again

Watch And Share My Live Stream Here:
https://x.com/i/broadcasts/1eaJbaqnlgvGX…",13410994,156226,3833,27442,9751
2024-11-10T16:32:14.000Z,IranObserver0,True,False,The sewage truck of the year has been spotted in Iran,422357,24995,331,5371,883
2024-11-12T08:00:21.000Z,_MariaZakharova,True,False,"Good morning! (Kolomenskoye, Moscow, Russia)",2384,402,56,71,2
2024-11-10T22:26:00.000Z,MAGA__Patriot,True,False,That's the President America won back this week! ,15450749,196013,1332,18835,6480
2024-11-12T09:19:58.000Z,trump45coin,True,False,"#XRP is pumping because -

US Journalists have just reported: Trump has confirmed he is appointing pro-crypto cabinet members to fulfill his promise of making the US the ""crypto capital of the planet.""",2670,73,6,49,1
2024-11-12T00:57:33.000Z,WatcherGuru,True,False,"JUST IN:  President-elect Trump to appoint pro-crypto cabinet members to fulfill his promise of making the US the ""crypto capital of the planet.""",783887,24143,782,4092,664
2024-11-12T06:00:03.000Z,histories_arch,True,False,"A 5000 year old Elamite silver vessel engraved with cuneiform script, Iran.

National Museum of Iran

#archaeohistories",13478,465,5,92,42
2024-11-12T08:55:19.000Z,EyeonPalestine,True,False,"A little girl lost her slipper whilst fleeing with her family from Beit Hanoun, north of Gaza. The Israeli occupation forces besieged the shelters of displaced Palestinians and forced them to move to the south of Gaza.",3160,292,13,203,17
2024-11-11T22:56:10.000Z,MyLordBebo,True,False,"Delegation from Germany, France, Poland, Estonia, Lithuania, Latvia, Sweden and Finland came to Georgia to protest.

Isn’t that foreign interference into regional affairs?",179090,5957,811,1903,359
2024-11-11T22:03:27.000Z,maddenifico,True,False,This is heartbreaking. Fuck Trump and fuck every parent that voted for him. ,962157,18859,2257,6155,3077
2024-11-12T09:01:40.000Z,flamehanie,True,False,WELCOME HOME SEVENTEEN!! welcome back to korea~ rest well!!!!!! ,10472,1303,2,523,52
2024-11-11T16:45:44.000Z,CilComLFC,True,False,"Marine Le Pen: “The same people who say I have no chance of winning said Donald Trump couldn’t become President of the United States.

Those in power do not understand what is happening: people are taking their Countries back.”

She has said the actual truth! ",996261,53414,381,10646,903
2024-11-12T05:32:23.000Z,Kanthan2030,True,False,"How the US deep state engineers endless wars:

Using Bin Laden as an excuse, start a war on Iraq
When Bin Laden died, create ISIS & start a war on Syria
When Afghan war ended, start a war in Ukraine
When the war on Russia ends, the US will start a war with China.",8647,434,25,178,39
2024-11-09T00:16:58.000Z,WallStreetApes,True,False,"This is so epic. Elon Musk actually transported the Amish in vans to the polls to vote for Donald Trump

“We're happy to transport you — They're allowed to ride in vans, as long as they're not driving the van. So, you know, we're just making sure we bring them to the polls and",4369832,105117,1236,20845,8003
2024-11-06T06:56:01.000Z,w_terrence,True,False," I CAN CRY! Donald Trump  was elected and will be the next President of these United States of America. 

This was an emotional roller coaster. We almost lost our country . 

I’m a proud American and yes proud Black American who fully supports Trump. 

Trump was impeached,",5892244,345215,13415,54497,8414
2024-11-12T09:20:57.000Z,f_philippot,True,False,"Séquence hallucinante : nous sommes dirigés par des gens qui détestent la France ! 

#Barnier recadre un enfant aux cérémonies du #11Novembre parce qu’il n’agite qu’un drapeau français !

Il lui donne l’ordre d’y ajouter aussi le « drapeau de l’UE » 
« Les 2 vont ensemble.",9831,588,114,397,35
2024-11-12T01:33:49.000Z,TristanSnell,True,False,“China will pay for the tariffs” is the new “Mexico will pay for the wall.”,607942,53179,477,6383,631
2024-11-12T02:49:07.000Z,CollinRugg,True,False,"NEW: Donald Trump’s ‘Border Czar’ Tom Homan says they are going to use US Special Operations to wipe cartels off the face of the Earth.

“The illegal animals coming across the border... 31% of women that make their journey get r*ped by criminal cartels.”

“Children get r*ped.",1123430,27809,689,4627,2151
2024-11-12T07:04:00.000Z,RTLFrance,True,False,"#Electricité : ""Nous avons un parc nucléaire qui est un des plus compétitifs au monde et nous payons une électricité délirante qui enrichit les traders"" 
@montebourg
 invité de 
@ThomasSotto
 dans #RTLMatin",17280,472,39,264,17
2024-11-11T05:03:36.000Z,BRICSinfo,True,False, Russia is the largest non-Muslim country providing aid to Palestine.,483740,25041,468,3357,411
2024-11-08T01:16:16.000Z,alifarhat79,True,False,Trump immediately after taking office,10245347,138286,1354,19313,29255
