timestamp,username,icon-verified,fact-checked,text,views,likes,replies,reposts,bookmarks
2024-11-12T15:56:11.000Z,Sassafrass_84,True,False,"She's right. Melania Trump is one of the most bullied people in the world. She never got a fair chance with the media. They did her dirty. This time around, we have X. And we can spread her messages and her good deeds. Msm is dead. Drop a heart if you support our Flotus. ",1928657,105777,8967,14715,2011
2024-11-07T22:21:39.000Z,jakepaul,True,True,"Trump 48 hours not even in office

1. Call with Putin to end Russia Ukraine war 
2. Cease fire in Iran 
3. Hamas calls for “immediate end to war”
4. China hopes for peaceful coexistence with America 

Kamala Harris 4 years as VP

1. ____________________",7424345,195074,5021,25703,9011
2024-11-07T15:01:50.000Z,MAGAResource,True,False,"Donald Trump has only been elected for 2 days and RFK Jr is already working on making America healthy again. 

God bless him.",17472635,481347,6810,90526,61418
2024-11-12T19:32:01.000Z,TONYxTWO,True,False,"Kai Trump on her grandfather 
@realDonaldTrump
: 

“I’m really excited to see what he’s gonna do for the next few years. I think he’s gonna kiII it. Every single thing he does,  he puts 100% of his effort into it and I think he’s gonna do an amazing job.”",1472151,57517,734,7573,1433
2024-11-12T00:38:05.000Z,AZ_Brittney,True,False,"Melania Trump has refused an invitation to meet with Jill Biden at the White House. 

First Lady Doctor Jill Biden is classier, smarter and kinder than Melania by a long shot! 

Who agrees? ",1824756,51853,11751,7050,379
2024-11-13T00:21:49.000Z,TruthHammer4EVA,True,False,"Our new Defense Secretary. 
Pete Hegseth, on why the troops love Trump.",264187,9981,107,2141,828
2024-11-12T23:00:01.000Z,DavidJHarrisJr,True,False,They know Trump is going to close the border so they're trying to sneak as many people in as they can... But they're failing as you can see!,317972,10452,187,3859,909
2024-11-12T18:05:28.000Z,ScottforFlorida,True,False,"Our mandate could not be more clear - get President Trump’s agenda done.

As Senate Majority Leader, I’ll do just that.",86247,9810,217,2340,63
2024-11-09T04:16:46.000Z,TiffanyFong_,True,False,"Donald Trump announces he will “ask Congress to pass a bill establishing that the only genders recognized by the U.S. government are male and female, and they are assigned at birth.” Based.",38082048,456366,12214,62744,41657
2024-11-10T12:35:43.000Z,krassenstein,True,False,"SICK!  

Donald Trump  Jr., the kid born with a diamond spoon in his mouth, just posted this video, mocking Zelensky. 

FACTS:

- Russia has killed over 600 children in Ukraine. 
- Russia has killed over 10,000 civilians in Ukraine. 
- Russia has stolen their sovereign land 

And",2479175,25824,4716,5344,1420
2024-11-12T22:11:33.000Z,RonPaul,True,False,"Yesterday was a bad day for those who endorse ""America First"" in our foreign policy. 

With reported Trump appointments of neocons Elise Stefanik (UN Ambassador), Mike Waltz (National Security Advisor), and...Marco Rubio (Secretary of State), many who hoped that Trump 2.0 would",518655,10923,762,2978,1051
2024-11-11T05:15:54.000Z,BlackKnight10k,True,False,"Breaking: Trump has announced that he's appointing Tom Homan as his border Czar.

For all of you Latinos for Trump that were worried that you'd be separated from your families, fear not. He says you will deported too.",8919271,92704,4943,22277,12993
2024-11-12T22:11:33.000Z,RonPaul,True,False,"Yesterday was a bad day for those who endorse ""America First"" in our foreign policy. 

With reported Trump appointments of neocons Elise Stefanik (UN Ambassador), Mike Waltz (National Security Advisor), and...Marco Rubio (Secretary of State), many who hoped that Trump 2.0 would",518655,10927,762,2981,1051
2024-11-12T00:32:45.000Z,DefiyantlyFree,True,False,"10 million to Beyoncé.

5 million to Meghan Thee Stallion.

2.3 million to Lizzo

1.8 million to Eminem

Losing the oval and both chambers of Congress to Donald Trump PRICELESS

You can’t buy yourself into the White House. And thank God for that.",2876146,61991,1775,15518,4256
2024-11-13T01:00:41.000Z,marieclairekr,False,False,"#제작협찬 #cover
새벽과 아침, 소년과 남자의 경계에서 빛나는 #NCT #마크 와 #부쉐론. 지금 3종의 커버 이미지를 공개합니다. 

 
@BOUCHERON
 @NCTsmtown
 #boucheron #MARK",87517,5305,119,4863,203
2024-11-13T02:02:07.000Z,BehizyTweets,True,False,"President Donald J. Trump just changed the course of American history forever by appointing Elon Musk & Vivek Ramaswamy to lead the Department of Government Efficiency.

The deep state is panicking right now.

SHUT IT DOWN!",57770,4255,99,709,85
2024-11-13T01:51:27.000Z,JesseBWatters,True,False,"FOX NEWS ALERT: The Trump transition team is moving fast and already shaking up Washington. As 
@realDonaldTrump
 picks his cabinet, the world’s watching — with global forces already changing their tune — and the media's in full retreat. What are the Democrats up to? They’re busy",112045,3793,87,863,186
2024-11-12T21:05:55.000Z,CollinRugg,True,False,"NEW: New York City Mayor Eric Adams appears to be open to complying with Trump's mass deportation plan, says the American people have spoken.

Adams also ripped one reporter after she tried cornering him on the deportation issue.

Reporter: Will you express concerns with",908773,14542,482,2549,912
2024-11-12T22:22:24.000Z,realTrumpNewsX,True,False,Who thinks these women should replace the original cast of The View?,44771,5254,514,560,24
2024-11-13T02:50:54.000Z,StarCinema,True,False,"HELLO, LOVE! 

Kathryn Bernardo and Alden Richards attend the first blockscreening with Kathden Magics Global. Maraming salamat sa inyong love! 

SM North EDSA 

#HelloLoveAgain NOW SHOWING IN 500 PH CINEMAS and more worldwide! ",2948,192,1,83,6
2024-11-12T21:00:38.000Z,charliekirk11,True,False,"Kai on her grandfather, President-elect Donald Trump:

“I’m really excited to see what he’s gonna do for the next few years. I think he’s gonna kiII it. Every single thing he does, he puts 100% of his effort into it, and I think he’s gonna do an amazing job.”",1231054,42524,527,3255,640
2024-11-10T23:46:08.000Z,DarrigoMelanie,True,False,"Trump's 10 point plan for education:

- eliminate the Dept. of Education
- cut federal funding
- promote Christian Nationalism
- attack teacher's unions
- give public money to for-profit private schools

He warned us, and you voted for him anyway.",14329393,112682,14898,22055,15030
2024-11-13T02:07:17.000Z,Jessica_4_Trump,True,False,Elon and Vivek on their first day in DOGE ,56549,1246,62,225,53
