timestamp,username,icon-verified,fact-checked,text,views,likes,replies,reposts,bookmarks
2024-11-10T22:26:00.000Z,MAGA__Patriot,True,False,That's the President America won back this week! ,16052804,202779,1388,19413,6691
2024-11-12T10:04:33.000Z,MyLordBebo,True,False,China …,112644,3823,119,415,123
2024-11-10T17:38:00.000Z,MTGrepp,True,False,"If you think Melania Trump is the MOST beautiful First Lady, then drop a """" in the comments",2118897,116737,9852,6423,619
2024-11-11T14:11:03.000Z,DC_Draino,True,False,"The Visa/MC credit card monopoly has put Americans into excessive debt with usurious interest rates at 25%+

President Trump wants a 10% cap on all credit card interest rates

JD Vance co-sponsored the Credit Card Competition act which fights the 2-4% hidden tax you pay every",5123820,83261,1933,19503,5263
2024-11-08T19:29:50.000Z,amuse,True,False,Whenever I see Jimmy Kimmel complaining about President Trump I can't help but recall this video:,42856159,226217,8053,53252,44959
2024-11-11T18:03:32.000Z,WallStreetSilv,True,False,"Conservative women are commenting about liberal women shaving their heads and divorcing their husbands because Trump won.

“ that’s fine leave all the men for the conservative women to repopulate with”",3025744,63779,1228,9040,3371
2024-11-12T13:03:24.000Z,trumprealparody,True,False,"Out of the 167K MAGA accounts following me, I often wonder how many of you actually exist. 

Drop a HEART , if you see this.",8606,761,309,81,4
2024-11-12T11:47:56.000Z,BGatesIsaPyscho,True,False," “The Economy of the future”

“We are the first Country in the G7 to completely phase out coal”

Keir Starmer committing Britain to Climate Communism, the destruction of farms, higher bills & energy control.  
Britain is 1% of 3% of 0.04% of Global Co2.
What a Scam. 

Trump",50199,2063,344,768,100
2024-11-11T22:03:27.000Z,maddenifico,True,False,This is heartbreaking. Fuck Trump and fuck every parent that voted for him. ,1200955,21965,2966,7166,3559
2024-11-12T00:32:45.000Z,DefiyantlyFree,True,False,"10 million to Beyoncé.

5 million to Meghan Thee Stallion.

2.3 million to Lizzo

1.8 million to Eminem

Losing the oval and both chambers of Congress to Donald Trump PRICELESS

You can’t buy yourself into the White House. And thank God for that.",833850,19144,587,4629,1531
2024-11-12T14:01:26.000Z,EpicGames,True,False,"Farming Simulator 25 is out now! https://epic.gm/farmsim25

 Enjoy farming in North America, Europe, and East Asia
 Cultivate 25 field crops
 Use over 400 authentic machines from over 150 international top brands

Single-handedly or in co-op multiplayer – This Farm is Your",0,21,3,3,1196
2024-11-12T05:58:41.000Z,BRICSinfo,True,False," St. Petersburg, Russia 

What do you notice?",356140,9572,758,1438,761
2024-11-12T13:05:31.000Z,HLTVorg,True,False,They will be present at the first ever Major in China  ,34684,1017,47,75,4
2024-11-10T15:11:42.000Z,WallStreetApes,True,False,"CONFIRMED Biden/Harris Admin taking Hurricane Victims children away

Green Mountain, North Carolina Hurricane Helene Victims having their kids taken away

Victims “Even if they're living with neighbors and their parents — They're coming to take them”

“If they're in that shelter",2449318,40675,2982,28519,7539
2024-11-11T19:30:02.000Z,WatcherGuru,True,False,JUST IN: #Bitcoin is up 21% since Donald Trump won the election.,565320,22245,608,2285,272
2024-11-11T18:01:46.000Z,DonaldTNews,True,False,"Do you agree that Bill Gates and Dr. Anthony Fauci should be prosecuted for the crimes against humanity they committed?

YES or NO?

If YES, I will follow you back ",1951274,84195,31828,13838,1106
2024-11-12T00:36:03.000Z,RealAlexJones,True,False,"Infowars Ultimate Trump YMCA Dance Compilation

Celebrating Trumps Victory For All Americans. 
MAGA: Make America Great Again
MAHA: Make America Healthy Again 
MAWA: Make America Wealthy Again

Watch And Share The Livestream: 
https://x.com/i/broadcasts/1eaJbaqnlgvGX…",10537037,87375,1727,17791,6505
2024-11-09T04:00:36.000Z,liz_churchill10,True,False,"“The World Health Organization has become nothing more than a corrupt Globalist scam…paid for by the United States, but owned and controlled by China…” -President Trump. It’s OVER for the WHO.",2880871,85550,2190,24812,8140
2024-11-12T03:11:54.000Z,briantylercohen,True,False,"""For years to come, there are many people on the right... that are going to be having to explain and justify how they fell into this trap of supporting Donald Trump.""

-Marco Rubio (2016), who was just named Trump's Secretary of State",971106,16658,679,3556,1315
2024-11-07T21:17:38.000Z,SeibtNaomi,True,False,"GERMAN TYRANNY FALLS - THANKS TO TRUMP AND X!

The German government is imploding because the far-left establishment refuses to change its disastrous economic policies.

Trump’s victory EXPOSED that we have been lied to by our tax-funded media. 

We want the tyranny to END!",1443125,43105,1735,9501,3318
