timestamp,username,icon-verified,fact-checked,text,views,likes,replies,reposts,bookmarks
2024-11-13T05:28:54.000Z,amerix,True,False,"President Trump has picked Elon Musk and Vivek Ramaswamy to lead The Department of Government Efficiency (DOGE)

This department is tasked with ending wastage of taxpayers' money and draining the swamp.

America has Vivek, Kenya has David Ndii.

Kenya is led by fools.",114850,3127,215,1089,101
2024-11-13T09:02:17.000Z,StudioGreen2,True,False,"The #Kanguva storm has taken over with strong advance bookings in the South Indian states! 

And the rampage has begun across North India 

Get your tickets right away 
 https://linktr.ee/KanguvaBookingsOpenNow…

#KanguvaFromNov14 
@Suriya_offl
 @thedeol
 @directorsiva
 @DishPatani
 @ThisIsDSP",0,121,5,67,395
2024-11-13T00:13:08.000Z,CalltoActivism,True,False,Trump cabinet walking into the White House ,755136,29764,1403,6407,945
2024-11-12T20:31:29.000Z,hawk_lovr,False,False,BREAKING: Trump names Casey Anthony as Director of the Department of Child and Family Services.,2181979,75794,1133,7456,1642
2024-11-10T17:38:00.000Z,MTGrepp,True,False,"If you think Melania Trump is the MOST beautiful First Lady, then drop a """" in the comments",2179663,118937,10125,6520,622
2024-11-11T21:13:04.000Z,NewEmergingKing,True,False,"Why are you so angry over my pick for President? 

Don’t become what you accuse the others of being. This goes to show how much people truly worship politicians. 

Do we even trust God anymore?

#DonaldTrump #Trump #KamalaHarris #Kamala #Project2025 #Agenda47",31490341,106811,4047,31794,16724
2024-11-07T01:28:23.000Z,dom_lucre,True,False,"BREAKING: President Trump announced that the United States will be celebrating a return of the “World Fairs” in 3 years that left the planet speechless in the 1890s. 

This will be similar to The New York World Fair of 1939. The Chicago World Fair of 1893 and The Nashville",8766818,107086,1746,15188,15281
2024-11-13T08:24:00.000Z,FredrikKarrholm,True,False,"Spännande att Trump gett i uppdrag till Elon Musk att minska skatteslöseri. Blir intressant att följa. 

Att värna skattebetalarnas pengar är viktigt. Så här avslutade jag mitt första anförande i Sveriges riksdag.",2782,195,31,15,2
2024-11-09T08:37:26.000Z,ByDonkeys,True,False,"How Musk broke Twitter and helped elect Trump
(Location: Tesla European HQ, Amsterdam)",3923307,50897,3028,24250,14160
2024-11-13T05:00:23.000Z,thedivestudios,True,False,"Looks like POW members have some tension to release  

#POW #Hyunbin #Yorch #Dongyeon #Hong #Jungbin #DIVEStudios",6445,279,4,246,24
2024-11-13T05:25:38.000Z,maddenifico,True,False,"If I'm not mistaken, the Brits see Trump in much the same way as I do — as a loathsome piece of shit. ",19326,1465,87,441,188
2024-11-13T00:48:27.000Z,OzraeliAvi,True,False,My reaction to each Trump admin pick so far,1365759,29789,373,3621,1236
2024-11-13T04:57:06.000Z,TrumpDailyPosts,True,False,Trump won and you know it,78378,3516,84,538,226
2024-11-11T21:57:16.000Z,TiffanyFong_,True,False,Donald Trump wanted Elon Musk to join his family photo. I love their friendship. ,5696576,142641,1313,11520,6272
2024-11-12T02:40:57.000Z,RpsAgainstTrump,True,False,"Trump’s new Secretary of State: “If he hadn't inherited $200 million, you know where Donald Trump would be right now? Selling watches in Manhattan.”",1474435,23781,893,5143,1164
2024-11-09T01:38:32.000Z,AZ_Brittney,True,False,"I support President Zelensky and aid to Ukraine! 

Who is with me? ",1577871,71567,10753,9826,321
2024-11-10T05:14:06.000Z,justin_hart,True,False,This is one of the funniest sets I’ve seen on SNL. Bill Burr talks about Trump’s big win.,15467255,96219,3508,10214,44828
2024-11-10T09:55:32.000Z,TalbertSwan,True,False,Stop playing in our faces. Y’all didn’t vote for Donald Trump because prices are too high. Y’all voted for him because your morals are too low.,2158393,112927,9408,16634,1652
2024-11-10T23:46:08.000Z,DarrigoMelanie,True,False,"Trump's 10 point plan for education:

- eliminate the Dept. of Education
- cut federal funding
- promote Christian Nationalism
- attack teacher's unions
- give public money to for-profit private schools

He warned us, and you voted for him anyway.",14365844,112715,14927,22067,15027
2024-11-08T11:05:29.000Z,MTGrepp,True,False,"SHOUTOUT To Elon Musk for putting everything on the line to ensure Donald Trump won BIG 

We owe Elon Musk a MILLION Thank You’s ",813437,100238,1978,12833,1022
2024-11-12T00:38:05.000Z,AZ_Brittney,True,False,"Melania Trump has refused an invitation to meet with Jill Biden at the White House. 

First Lady Doctor Jill Biden is classier, smarter and kinder than Melania by a long shot! 

Who agrees? ",1916183,54494,12301,7350,400
