timestamp,username,icon-verified,fact-checked,text,views,likes,replies,reposts,bookmarks
2024-11-11T16:45:44.000Z,CilComLFC,True,False,"Marine Le Pen: “The same people who say I have no chance of winning said Donald Trump couldn’t become President of the United States.

Those in power do not understand what is happening: people are taking their Countries back.”

She has said the actual truth! ",735452,43937,309,8998,713
2024-11-11T18:03:32.000Z,WallStreetSilv,True,False,"Conservative women are commenting about liberal women shaving their heads and divorcing their husbands because Trump won.

“ that’s fine leave all the men for the conservative women to repopulate with”",1921831,43382,851,6317,2234
2024-11-12T01:16:06.000Z,tradingMaxiSL,True,False,"Ever wanted to see the world in a whole new way..? This thread on cool maps is here to blow your mind

1. An Interesting Fact About Russia and USA",329777,2920,35,323,777
2024-11-11T17:17:35.000Z,richplow,False,False,Trump has officially announced he’s getting rid of the Department of Education. Honestly this is what’s done it for me. You’re an imbecile if you didn’t vote against this dude. Fucking idiots. Y’all have no clue of the ramifications. No fucking idea. Assholes man. Poor kids,7629978,151392,7959,17859,7571
2024-11-08T19:29:50.000Z,amuse,True,False,Whenever I see Jimmy Kimmel complaining about President Trump I can't help but recall this video:,42821562,226278,8049,53248,45012
2024-11-12T04:03:01.000Z,Diplomat_APAC,True,False,"In comparison to his first response to Trump’s victory in 2016, Modi’s reaction in 2024 indicates greater optimism about the implications of a Trump administration for India-U.S. relations. https://buff.ly/4hDWPKu",0,29,2,1,0
2024-11-10T17:38:00.000Z,MTGrepp,True,False,"If you think Melania Trump is the MOST beautiful First Lady, then drop a """" in the comments",2019593,111911,9397,6190,591
2024-11-12T00:03:56.000Z,igorsushko,True,False, BREAKING: Putin's spy chief Nikolay Patrushev says Russia helped Trump win the Presidential election and makes a veiled threat that Trump must now deliver the agreed-upon quid pro quo.,862715,15004,1110,7044,2687
2024-11-11T16:19:10.000Z,narendramodi,True,False,Glad to meet Russia’s First Deputy PM Denis Manturov today. Happy to see that teams on both sides are working together to implement decisions taken during my recent visits and meetings with President Putin to further strengthen India-Russia Special and Privileged Strategic,1134746,40174,810,4894,247
2024-11-11T23:34:38.000Z,dustinemills24,True,False,"BREAKING NEWS 

Trump just appointed Kash Patel to be the next CIA Director!",1590129,48580,1682,8213,1317
2024-11-09T16:30:02.000Z,DonaldTNews,True,False,"Novak Djokovic showing his Christian Cross after his victory.

The mainstream media censored this! Let's make it go VIRAL!",3110964,109629,810,23085,1407
2024-11-12T00:48:52.000Z,camposmar88,True,False,"Éxodo de argentinos a Chile, a comprar comida y artículos de limpieza un 70% más barato.
País inviable el de Milei.
#ElPeorPresidenteDeLaHistoria",6991,485,28,315,5
2024-11-11T21:14:28.000Z,VigilantFox,True,False,"Dr. Peter McCullough Calls On Trump to REPEAL the 1986 Vaccine Injury Act

This would strip Big Pharma of its liability shield, making them accountable for injuries caused by their products.

“Americans deserve safe vaccines. And when they are applied, the company should stand",445142,26219,369,8585,1070
2024-11-11T21:13:04.000Z,NewEmergingKing,True,False,"Why are you so angry over my pick for President? 

Don’t become what you accuse the others of being. This goes to show how much people truly worship politicians. 

Do we even trust God anymore?

#DonaldTrump #Trump #KamalaHarris #Kamala #Project2025 #Agenda47",207708,9949,384,3240,1347
2024-11-10T20:35:11.000Z,charliekirk11,True,False,"Remember when they said $15 billion was too expensive for a border wall and then turned around and spent $7 trillion including $200 billion for Ukraine without a second thought? Let’s be clear…

THERE IS NO PRICE TAG. MASS DEPORTATIONS ARE HAPPENING.",4013647,114954,1549,23202,3672
2024-11-08T02:38:00.000Z,dom_lucre,True,False,BREAKING NEWS: I am resurfacing that The Simpsons predicted all 3 of Donald Trump presidencies in their 2015 episode Trumptastic Voyage. I hope everyone has been enjoy this show. The world stage is coming to an end.,21650035,109067,945,10799,29727
2024-11-11T19:57:27.000Z,RealAlexJones,True,False,"ELECTION BOMBSHELL: Democrats Tried To Steal The 2024 Election & Failed—

Trump Must Launch An Election Integrity Commission, Says The Head Rasmussen Polling
@Mark_R_Mitchell
Watch/Share The LIVE SHOW here:
https://x.com/i/broadcasts/1eaJbaqnlgvGX…",7253819,108105,2778,34284,9424
2024-11-10T12:57:12.000Z,IvankaNews_,True,False,"JUST IN:

 Italian Prime Minister Giorgia Meloni says “From now on, if you enter Italy illegally, you will be immediately deported!”

Do you think America should do the same?

A.    YES
B.     NO",1321918,108519,18918,15432,562
2024-11-12T00:52:08.000Z,ByronDonalds,True,False,"The Trump agenda is an ambitious agenda that will put the American people first.

Last week, the American people gave President Trump an unprecedented mandate to deliver on this agenda.

And 
@ScottforFlorida
 is the best choice to help us pass this agenda through the US Senate.",72480,6112,167,1206,40
2024-11-12T00:38:05.000Z,AZ_Brittney,True,False,"Melania Trump has refused an invitation to meet with Jill Biden at the White House. 

First Lady Doctor Jill Biden is classier, smarter and kinder than Melania by a long shot! 

Who agrees? ",257424,13664,2798,2286,84
