timestamp,username,icon-verified,fact-checked,text,views,likes,replies,reposts,bookmarks
2024-11-10T23:46:08.000Z,DarrigoMelanie,True,False,"Trump's 10 point plan for education:

- eliminate the Dept. of Education
- cut federal funding
- promote Christian Nationalism
- attack teacher's unions
- give public money to for-profit private schools

He warned us, and you voted for him anyway.",8293224,70467,8669,13345,9639
2024-11-11T17:04:35.000Z,grenier_actu,True,False,"Bonjour ⁦
@parquetdeParis
⁩,

Des milices, visiblement liées à un État étranger, ont invectivé violemment à Paris, lançant des insultes “SALE ARABE, SALE NÈGRE”, sous le regard impassible de nos forces de l’ordre.

Y a-t-il eu des condamnations ?

Merci pour votre réponse.",7932,347,49,224,31
2024-11-07T20:38:05.000Z,cb_doge,True,False,BREAKING: Argentina President Milei to meet with Elon Musk and Trump next week in the US. ,4392883,232085,2569,32427,5626
2024-11-11T18:34:02.000Z,dupontaignan,True,False,Le choix est simple. Soit nous mettons en place un protectionnisme à la Trump soit notre industrie disparaîtra !,0,209,15,64,2432
2024-11-11T18:14:13.000Z,_samiyenhaber,True,False,"Fenerbahçe’ye hizmet eden Trio programı, “Galatasaray’ın aleyhine verilen 6 penaltının 4’ü yanlış karar” diyor. Acun’un kanalında yorumculuk yapan Fırat Aydınus, “Galatasaray aleyhine verilen 6 penaltının 4 tanesi çok komik” diyor. Üstelik bunları söyleyenler maaşlı elemanları.",98807,10166,102,932,375
2024-11-11T05:28:33.000Z,ImMeme0,True,False,"BREAKING: President Trump selects former ICE Director Tom Homan as Border Czar for the upcoming administration, tasked with overseeing the largest mass deportation operation in U.S. history.",2905558,104321,1794,20781,11126
2024-11-10T22:07:46.000Z,FearedBuck,True,False,"Johnny Somali faces up to 7 years in jail in South Korea for using AI to create a deepfake video showing a Korean woman as his girlfriend. 

With additional charges, he could face a combined 17 years and is currently banned from leaving South Korea ",7726989,93179,2200,4768,5817
2024-11-11T19:00:56.000Z,realTrumpNewsX,True,False,"Do you think Joe Biden will go down in history as the WORST President in America’s history ?

YES or NO?",0,55,49,2,764
2024-11-11T12:38:36.000Z,SUBRATA30016572,True,False,"Tom Homan our new border czar! 
Drop a!",41721,6779,1007,883,16
2024-11-11T17:18:38.000Z,RoaringKitty,True,False,China will unban Bitcoin soon,22661,886,154,75,11
2024-11-11T17:59:50.000Z,mog_Russ,True,False," الجيش الإسرائيلي:

""حزب الله أطلق 80 صاروخاً على منطقة حيفا.""",5419,456,7,76,6
2024-11-11T17:27:43.000Z,IRIran_Military,True,False,Zionist terrorists watch in disbelief and shock as Lebanese Hezbollah fires salvoes of rockets deep into occupied Palestine from areas the Zionists thought they had already secured.,17006,654,43,111,18
2024-11-11T18:37:42.000Z,soldierspeaks,True,False,"#BreakingNews 
GHQ is in panic, scrambling to counter Trump’s influence and delay IK’s release, buying time to manage the Republicans and Trump. Pakistani-Americans need to take note.",6795,726,30,252,8
2024-11-05T23:14:35.000Z,cartierfamilyZ,True,False,They said Black people don’t vote.. well we voted for TRUMP   #MAGA,3587688,264140,8194,27415,2218
2024-11-11T10:02:26.000Z,EuropeInvasions,True,False,"BREAKING NEWS

Donald Trump will deploy the military for mass deportations.",380655,19798,393,1983,325
2024-11-10T22:26:00.000Z,MAGA__Patriot,True,False,That's the President America won back this week! ,9570605,131996,910,12804,4228
2024-11-10T01:52:48.000Z,wikileaks,True,False,Video showing former CIA director Mike Pompeo dancing with Israeli soldiers - help identify the foreign flag he's wearing.,1031706,17990,476,6666,1835
2024-11-11T18:50:19.000Z,shannonrwatts,True,False,"Those blaming trans or “woke” people for causing Dems to lose this election instead of the domestic/foreign disinfo campaigns (including $143M in anti-trans ads), post-pandemic dissatisfaction, and yes, Joe Biden deciding to run again, will be on the wrong side of history.",0,125,3,34,3919
2024-11-11T12:28:08.000Z,TRUMP_ARMY_,True,False,This is really awesome!!  watch till the end.,53687,2991,112,826,254
2024-11-11T15:56:56.000Z,RepMTG,True,False,"We must pass my Protect Children’s Innocence Act so President Trump can sign it into law!

What my bill does:

 Charges any person who knowingly performed gender-affirming care on a minor with a Class C Felony (10 to 25 years in prison or maximum $250,000 fine).

 Prohibits",88322,4451,303,965,101
2024-11-10T22:19:39.000Z,YourAnonCentral,True,False,"Zelenskyy: ""We are not ready to give our freedom to this fucking terrorist Putin"".

Zelenskyy will be studied as a hero, not only for Ukraine, but our current moment in time for generations.",764743,20005,1356,2865,387
