timestamp,username,icon-verified,fact-checked,text,views,likes,replies,reposts,bookmarks
2024-11-11T23:01:47.000Z,Vitality_apEX,True,False,"Les magiciens de Cybertek m’ont monté un PC de dingue, et on vous en offre un aussi! 

 Follow 
@cybertek_fr
 et moi 
 Like + RT ce tweet 
 Tag deux potes qui pourraient kiffer

Tirage le 25 novembre, et livraison avant Noël 

(collaboration commerciale)",888,162,74,154,4
2024-11-11T21:25:05.000Z,TheBTCTherapist,True,False,Trump is going to send #Bitcoin to $1M,41703,1512,48,194,50
2024-11-11T18:25:04.000Z,realDonaldTrump,True,False,N/A,12691267,383711,10412,40892,2789
2024-11-11T21:51:03.000Z,BeckettUnite,True,False,"Danny Ayalon was an Israeli  Deputy Foreign Minister and then UN Ambassador.

Here he tells Sky News of how Netanyahu pushed $millions into Hamas to create conflict in Gaza 

Netanyahu has always been about seeking an opportunity for genocide.

Even Sky are covering it.",5741,147,5,128,36
2024-11-11T22:56:10.000Z,MyLordBebo,True,False,"Delegation from Germany, France, Poland, Estonia, Lithuania, Latvia, Sweden and Finland came to Georgia to protest.

Isn’t that foreign interference into regional affairs?",2382,76,14,25,6
2024-11-11T21:13:04.000Z,NewEmergingKing,True,False,"Why are you so angry over my pick for President? 

Don’t become what you accuse the others of being. This goes to show how much people truly worship politicians. 

Do we even trust God anymore?

#DonaldTrump #Trump #KamalaHarris #Kamala #Project2025 #Agenda47",22394,1641,105,525,191
2024-11-07T20:38:05.000Z,cb_doge,True,False,BREAKING: Argentina President Milei to meet with Elon Musk and Trump next week in the US. ,4394144,232075,2570,32422,5622
2024-11-11T05:15:54.000Z,BlackKnight10k,True,False,"Breaking: Trump has announced that he's appointing Tom Homan as his border Czar.

For all of you Latinos for Trump that were worried that you'd be separated from your families, fear not. He says you will deported too.",6451324,72354,3625,17722,10725
2024-11-11T17:43:54.000Z,AJEnglish,True,False,"Saudi Crown Prince Mohammed bin Salman urged Israel to end its wars on Gaza and Lebanon. Speaking at a joint Arab League and Organisation of Islamic Cooperation summit, he added that Israel must also respect Iran's sovereignty.",143069,1458,121,492,90
2024-11-10T16:44:55.000Z,krassenstein,True,False,"This is Russia’s state-run media airing salacious pictures of the future First Lady, Melania Trump. 

This is Putin letting Trump know that he is in charge.  

Watch as Trump rolls over.",8767759,44042,8665,14701,10069
2024-11-05T23:14:35.000Z,cartierfamilyZ,True,False,They said Black people don’t vote.. well we voted for TRUMP   #MAGA,3590145,264146,8193,27414,2219
2024-11-08T18:29:05.000Z,itzjoshuajake,True,False,The Trump Effect Is Insane ,86905390,295058,5771,79648,87029
2024-11-11T04:51:59.000Z,MaxBlumenthal,True,False,"Local Amsterdam residents tell 
@LeftLaser
 how they were assaulted and menaced by Tel Maccabi hooligans hunting for anyone displaying pro-Palestine symbols

Why should decent people have to put up with a hostile invasion of foreign Zionist goon squad members?",822003,23691,385,9934,2527
2024-11-11T20:51:02.000Z,SrPetersETH,True,False,"$BTC hit $87,000.

$SOL hit $222.

$DUKO is at $18M Mcap

we are living in times we’ve been praying for.

traditional media mocked us,

they didn’t believed in us

they tried to kill ",14602,204,29,66,3
2024-11-08T03:29:17.000Z,JackPosobiec,True,False,"FLASHBACK: Here is Pompeo supporting Jack Smith's illegal Mar-a-Lago investigation against Trump

 ‘No one gets to keep classified information’",2377445,71341,4100,31388,3276
2024-11-11T21:32:14.000Z,clif_high,True,False,"Expel the USA from NATO! 
Let's beat them to it  & expel ourselves. 
Let's do the UN too, as long as we are up...",0,297,17,62,4470
2024-11-11T22:30:00.000Z,RyanRozbiani,True,False,Everyone Needs to Know What is Happening in North Gaza RIGHT NOW,1935,163,2,123,20
2024-11-11T20:49:49.000Z,ZombiePanther2,False,False,"Trump is foul but Biden refused to declare a climate emergency then lied on tv & said he did, approved more oil drilling leases than Trump, said Covid was over & is blank checking ethnic cleansing in Gaza.

This 2 party scam is what we need to look up from.
It’s killing us.",49305,2434,31,434,104
2024-11-10T23:29:16.000Z,MTGrepp,True,False,"BREAKING REPORT  Vivek Ramaswamy is on Donald Trump's final list for Secretary of State 

What are your thoughts ?",3572643,144472,10065,11227,1235
2024-11-11T22:04:04.000Z,Trump_Fact_News,True,False,"Donald Trump a insisté pour qu'Elon Musk puisse se joindre à sa photo de famille en compagnie de son fils.

Il fait définitivement partie du clan MAGA !",7802,568,10,114,29
2024-11-11T20:51:30.000Z,Teslaconomics,True,False,"We need a US President that recognizes the greatest entrepreneur of our time and Donald Trump is that dude… other presidents would’ve ignored Elon, when in fact this is the man that is putting America on his back right now.",9428,292,13,47,12
2024-11-11T21:15:20.000Z,RadioGenoa,True,False,"North African and Arab criminals devastate Amsterdam. We have war in Europe, many still don't know it or pretend not to know it. MEGA.",122942,2279,145,800,111
2024-11-11T20:44:10.000Z,CarlosVZenteno,True,False,"AQUÍ TE RESPONDO ZÁNGANO 

¿Qué autoridad moral o política crees tener como para dirigirte así a un Gobierno que fue elegido por más de 36 millones de mexicanos?, digo, te recuerdo que tú ÚNICAMENTE FUISTE VOTADO POR TU PANDILLA INMOBILIARIA. 

En vez de querer poner ultimátums",3705,426,47,239,3
