timestamp,username,icon-verified,fact-checked,text,views,likes,replies,reposts,bookmarks
2024-11-10T22:26:00.000Z,MAGA__Patriot,True,False,That's the President America won back this week! ,622421,23123,144,2845,751
2024-11-10T01:14:14.000Z,thinktankfranks,True,False,"BREAKING 

Trump announces full conceal carry reciprocity

WHAT THIS MEANS:
No matter which state you’re in, if you’ve got your concealed carry license, each state will still have to honor it - for example, you have a Florida concealed carry permit - California would have to",10382379,162086,5045,30305,15461
2024-11-10T21:44:26.000Z,KaiTrumpGolfs,True,False,Sundays with Grandpa ,14709422,373465,4963,19361,7759
2024-11-11T06:28:23.000Z,vydamo_,True,False,Someone sent 1.7% of $PNUT to Donald Trump on launch and after the nance listing it is now by far his largest holding,18695,370,36,39,27
2024-11-09T16:30:02.000Z,DonaldTNews,True,False,"Novak Djokovic showing his Christian Cross after his victory.

The mainstream media censored this! Let's make it go VIRAL!",2959476,104343,768,22103,1332
2024-11-11T07:12:59.000Z,bobjcarr,False,False,Keating’s unarguable proposition: it’s not in Australia’s interest to go to war w/ China and the Aus people know it. Yet we’ve turned northern Aus into a US base and AUKUS will shrink into a decision to host US nuclear subs in our ports. Both guarantee we will be a nuclear target,0,44,6,20,501
2024-11-10T05:14:06.000Z,justin_hart,True,False,This is one of the funniest sets I’ve seen on SNL. Bill Burr talks about Trump’s big win.,12552760,88836,3197,9359,44625
2024-11-11T02:12:02.000Z,BRICSinfo,True,False,"President-elect Donald Trump says Russia and China are not enemies, and the United States will get along great with them.",241382,12588,363,1926,361
2024-11-08T19:41:21.000Z,EuropeInvasions,True,False,"BREAKING NEWS

Donald Trump: 

“I will cut federal funding from all schools that teach our children inappropriate sexual material and transgender craze.”",26215334,551040,9356,59146,16822
2024-11-11T02:01:37.000Z,catrina_nortena,True,False,"#ULTIMAHORA 
 El Video más HERMOSO que verás hoy

APLAUDEN Y AGRADECEN a los Topos Azteca en un restaurante de Valencia por su ayuda y labor de rescate.

""Viva México Cabrones""
""Menos toreros, más bomberos (rescatistas), menos toreros, más bomberos""...",120038,6117,44,1719,239
2024-11-11T05:28:33.000Z,ImMeme0,True,False,"BREAKING: President Trump selects former ICE Director Tom Homan as Border Czar for the upcoming administration, tasked with overseeing the largest mass deportation operation in U.S. history.",132684,9306,195,2131,1150
2024-11-11T07:00:00.000Z,ChinaScience,True,False,"The world's 1st #LunarSample collected from the moon's far side made its #AirshowChina debut on Monday at the 15th China International Aviation and Aerospace Exhibition in Zhuhai, S China's Guangdong. China's Chang'e-6 mission brought 1,935.3-g lunar soil to Earth in June 2024.",762,13,1,3,3
2024-11-09T04:16:46.000Z,TiffanyFong_,True,False,"Donald Trump announces he will “ask Congress to pass a bill establishing that the only genders recognized by the U.S. government are male and female, and they are assigned at birth.” Based.",35530747,450876,11778,61218,40724
2024-11-11T05:09:57.000Z,TheSapphicThing,True,False,"Yoko weibo update message about her solo Fanmeeting in Qingdao China.
#FayeYoko #YokoApasra 
@Yoko_apasra",11360,1297,1,522,35
2024-11-08T19:29:50.000Z,amuse,True,False,Whenever I see Jimmy Kimmel complaining about President Trump I can't help but recall this video:,42555611,225983,8013,53083,45141
2024-11-10T23:46:08.000Z,DarrigoMelanie,True,False,"Trump's 10 point plan for education:

- eliminate the Dept. of Education
- cut federal funding
- promote Christian Nationalism
- attack teacher's unions
- give public money to for-profit private schools

He warned us, and you voted for him anyway.",1311965,18908,1588,4506,2337
2024-11-11T04:28:08.000Z,TrumpDailyPosts,True,False,N/A,188378,11697,284,2233,263
2024-11-07T17:47:16.000Z,ScottPresler,True,False,"This is the video that changed my life. 

4 years later, so much has changed, but I’m still the same. 

I voted for Trump b/c I believe in putting Americans first.",2759975,158270,4347,25856,9660
2024-11-11T02:42:59.000Z,nadiedicenada_,False,False,SE NOS CASA MOMIIIII  Meme le propuso casamiento en un Antel Arena lleno KEEEE??????,223198,11549,127,1081,386
2024-11-11T02:43:11.000Z,ikeTrump555,True,False,トランプ大統領当選してから、アメリカでトランプダンスが大流行,137371,4172,53,822,217
2024-11-11T02:14:54.000Z,NewsLiberdade,True,False,"AGORA - Ana Paula Henkel detona a Globo por não ter mencionado nenhuma vez a eleição americana no Fantástico

“Trump levou o voto popular, levou a câmara, levou o senado, levou absolutamente tudo e o programa Fantástico não mencionou não mencionou sequer uma vírgula”",52746,5518,163,1172,93
2024-11-11T05:03:36.000Z,BRICSinfo,True,False, Russia is the largest non-Muslim country providing aid to Palestine.,62891,3577,151,517,77
2024-11-07T14:33:23.000Z,Jessica_4_Trump,True,False,My sister sent me this from Vegas,5732652,263686,937,20579,6206
2024-11-08T01:16:16.000Z,alifarhat79,True,False,Trump immediately after taking office,10216947,138298,1353,19316,29373
2024-11-10T16:20:31.000Z,SUBRATA30016572,True,False,Drop a  if you’re a fan of JD Vance!,658658,77151,4078,2731,134
