timestamp,username,icon-verified,fact-checked,text,views,likes,replies,reposts,bookmarks
2024-11-13T19:50:33.000Z,POTUS,True,False,"Today I met with President-elect Trump in the Oval Office.

I look forward to leading a smooth transition and peaceful transfer of power. As I told the President-elect, my team is committed to doing everything we can to ensure the incoming administration has what they need.",2157926,45412,4038,3965,1231
2024-11-13T20:31:32.000Z,The_Trump_Train,True,False,GIVE ME A  IF YOU SUPPORT MATT GAETZ AS OUR NEXT ATTORNEY GENERAL!,287355,19432,5135,2890,68
2024-11-13T21:15:52.000Z,SenJohnThune,True,False,Republicans have a mandate from the American people to clean up the mess left by the Biden-Harris-Schumer agenda and to deliver on President Trump’s priorities — our work starts today.,1486685,21896,5170,2917,752
2024-11-14T00:18:51.000Z,MeghUpdates,True,False,"They put Tulsi Gabbard on a terror watchlist.

Trump has made her Director of National Intelligence. A devotee of Iskon now she will work to protect the safety, security, and freedom of the American people.

The biggest middle finger to the Deep State Swamp.",5748,642,13,200,16
2024-11-13T21:46:38.000Z,VeraMBergen,True,False,"Trump DNI pick Tulsi Gabbard in February 2022:  “Dear Presidents Putin, Zelensky, and Biden. It’s time to put geopolitics aside and embrace the spirit of aloha, respect and love, by coming to an agreement that Ukraine will be a neutral country”",244957,1946,76,223,102
2024-11-12T15:56:11.000Z,Sassafrass_84,True,False,"She's right. Melania Trump is one of the most bullied people in the world. She never got a fair chance with the media. They did her dirty. This time around, we have X. And we can spread her messages and her good deeds. Msm is dead. Drop a heart if you support our Flotus. ",3454029,162712,13351,21300,3355
2024-11-13T21:21:48.000Z,realDonaldTrump,True,False,N/A,3821965,90024,2565,12168,1796
2024-11-10T20:35:11.000Z,charliekirk11,True,False,"Remember when they said $15 billion was too expensive for a border wall and then turned around and spent $7 trillion including $200 billion for Ukraine without a second thought? Let’s be clear…

THERE IS NO PRICE TAG. MASS DEPORTATIONS ARE HAPPENING.",4432729,129405,1742,26554,4056
2024-11-13T20:58:39.000Z,CollinRugg,True,False,"Donald Trump's nomination of Rep. Matt Gaetz to be Attorney General is telling.

In June, Gaetz ripped Attorney General Merrick Garland over the 'justice' system's coordinated effort to go after Donald Trump.

Gaetz: ""You've told us it's a dangerous conspiracy theory to allege",1032246,27485,505,6328,1759
2024-11-13T20:59:36.000Z,TrumpWarRoom,True,False,"President Trump:

— Made a triumphant return to D.C.

— Met with House Republicans at the Capitol

— Met with Biden at the White House

— Nominated an AG, DNI, and Secretary of State

...and is back in Palm Beach before 4p ET.

MAGA!",173100,8560,197,1599,132
2024-11-13T22:54:11.000Z,RepBrianMast,True,False,"Our #1 PRIORITY is to put America First.

House Republicans are united and ready to WORK with PRESIDENT TRUMP to secure our border and cut wasteful spending.",5524,350,54,54,1
2024-11-13T22:50:10.000Z,gc22gc,True,False,"Bannon: Matt Gaetz doesn’t play games. With just a handful of rebels, no support from Trump, and Fox News against him, he took down a sitting Speaker for the first time in our Republic’s history. Tough, smart, both strategic and tactical. Imagine what he’ll do to the deep state.",26804,2369,17,643,61
2024-11-13T22:49:03.000Z,FoxNews,True,False,These A-list celebs backed VP Kamala Harris in the presidential race. But none have commented on President-elect Trump’s historic win.,94037,443,221,119,20
2024-11-13T16:27:26.000Z,charliekirk11,True,False,"BREAKING: President-elect Donald Trump meets with President Joe Biden in the White House:

BIDEN: “I look forward to having a smooth transition…welcome.”

TRUMP: “Politics is tough, and in many cases not a very nice world, but it is a nice world today.”",4075086,56639,1085,4377,3263
2024-11-13T21:53:47.000Z,CollinRugg,True,False,"NEW: Reporter asks Rep. Thomas Massie about Trump's nomination of Matt Gaetz for Attorney General.

Reporter: Will he be confirmed by the Senate?

Massie: ""Doesn't need to... we recess. He’s the Attorney General. Suck it up.""",632430,18148,356,3162,652
2024-11-13T23:50:08.000Z,BoLoudon,True,False,"HOLY COW! THOUSANDS OF PATRIOTS LINED THE STREETS OF D.C. TO SEE PRESIDENT TRUMP'S RETURN!

We miss and love you, President Trump!",19018,3292,26,688,53
2024-11-13T22:25:45.000Z,libsoftiktok,True,False,Chief Russia Hoax Collusion spreader Adam Schiff is absolutely terrified. Good.,460454,40728,889,7952,518
2024-11-13T22:23:31.000Z,VeBo1991,True,False,"CHECK MATE  Reporter asks Rep. Thomas Massie about President Trump's nomination of Matt Gaetz for AG :

Reporter: “Will he be confirmed by the Senate?”

Massie: ""Doesn't need to... we recess. He’s the AG . Suck it up.""",32806,1098,44,481,45
2024-11-11T21:13:04.000Z,NewEmergingKing,True,False,"Why are you so angry over my pick for President? 

Don’t become what you accuse the others of being. This goes to show how much people truly worship politicians. 

Do we even trust God anymore?

#DonaldTrump #Trump #KamalaHarris #Kamala #Project2025 #Agenda47",33278621,117366,4379,34771,18390
2024-11-12T17:58:26.000Z,keithboykin,True,False,"Trump announces reparations for white people. He says he will ask the Justice Department to penalize colleges that consider diversity, equity, and inclusion (DEI) and fine them so he can pay “restitution” to white people who he considers the real victims of racial discrimination.",17023984,74257,11467,23130,25456
2024-11-13T18:49:27.000Z,nicksortor,True,False," #BREAKING: Senate Majority Leader John Thune has just vowed to ram through Trump’s cabinet nominees “quickly” so they can “begin to implement Trump’s agenda”

HOLD HIM TO IT! DO NOT RELENT!",1023673,37433,1047,6974,878
2024-11-13T21:48:48.000Z,ClayTravis,True,False,"Joe and Jill definitely voted Trump, haven’t seen them this happy in months.",412784,10551,221,849,167
2024-11-08T16:59:51.000Z,libsoftiktok,True,False,"BREAKING: Nicole Hart, a physician’s assistant in an OBGYN office in Pennsylvania has reportedly been fired after writing she hopes the daughters of Trump suppprters have ectopic pregnancies.",1696329,88586,5335,24882,2699
2024-11-13T20:37:35.000Z,OccupyDemocrats,True,False,"BREAKING: President-elect Donald Trump nominates alleged child sex trafficker Matt Gaetz to serve as Attorney General.

The Department of Justice will be run by a MAGA predator. The rule of law is shredded.

Retweet if you’re horrified.",321699,7842,1001,5775,204
