timestamp,username,icon-verified,fact-checked,text,views,likes,replies,reposts,bookmarks
2024-11-12T15:56:11.000Z,Sassafrass_84,True,False,"She's right. Melania Trump is one of the most bullied people in the world. She never got a fair chance with the media. They did her dirty. This time around, we have X. And we can spread her messages and her good deeds. Msm is dead. Drop a heart if you support our Flotus. ",1257406,74115,6399,10756,1366
2024-11-12T23:02:33.000Z,LauraLoomer,True,False,"BREAKING:

President Trump has announced that William McGinley will serve as his White House Counsel. 

Congratulations 
@WJMcGinley
!",2621,200,15,66,2
2024-11-12T21:33:02.000Z,TONYxTWO,True,False,"“Donald Trump has done way more in these last 5 days than Kamala Harris has done in her last 4 years.”

“This is exactly why America voted for him!”

SPOT ON ",40749,7162,70,1469,207
2024-11-12T21:27:23.000Z,RepDonaldsPress,True,False,"The FEMA staffer who was fired for telling coworkers to avoid helping Trump supporters just did an interview and she made a BIG CLAIM.

She says this was ""not isolated"" and avoidance also occurred in ""the Carolinas.""

We need ANSWERS.
We need ACCOUNTABILITY.
And we need them NOW.",27660,1643,122,588,45
2024-11-10T23:46:08.000Z,DarrigoMelanie,True,False,"Trump's 10 point plan for education:

- eliminate the Dept. of Education
- cut federal funding
- promote Christian Nationalism
- attack teacher's unions
- give public money to for-profit private schools

He warned us, and you voted for him anyway.",14265359,112505,14826,21997,15010
2024-11-12T17:58:26.000Z,keithboykin,True,False,"Trump announces reparations for white people. He says he will ask the Justice Department to penalize colleges that consider diversity, equity, and inclusion (DEI) and fine them so he can pay “restitution” to white people who he considers the real victims of racial discrimination.",3991976,21625,3676,10995,10090
2024-11-11T21:57:16.000Z,TiffanyFong_,True,False,Donald Trump wanted Elon Musk to join his family photo. I love their friendship. ,5214992,129009,1196,10114,5824
2024-11-12T01:37:00.000Z,DisavowTrump20,True,False,"This is former GOP Rep. Michael Grimm. He was recently involved in a tragic accident that has left him paralyzed and is seeking $2.5 million on GoFundMe to cover his expenses.

Grimm voted against the Affordable Care Act to block health care access for millions of Americans.",4019139,93123,5987,15549,4412
2024-11-12T19:56:31.000Z,grande_flagello,True,False,"Gruber apre rispondendo a FDI e Salvini sul suo furto: ""Come fate a essere così sicuri che sia stato un immigrato? Non ho mai parlato di porte aperte a tutti. Salvini può vederlo in altre puntate di #ottoemezzo. C'è da preoccuparsi se governano come manipolano l'informazione""",111647,3617,106,744,180
2024-11-09T16:30:02.000Z,DonaldTNews,True,False,"Novak Djokovic showing his Christian Cross after his victory.

The mainstream media censored this! Let's make it go VIRAL!",3142590,110000,827,23178,1415
2024-11-11T23:24:37.000Z,DisavowTrump20,True,False,"NEW: Melania Trump has rejected First Lady Jill Biden’s invitation for an official White House meeting. This is a decades-long tradition that was broken in 2020 by Melania refusing to meet with Dr. Biden. 

RETWEET if you are proud to call Dr. Biden our First Lady!",3609706,85737,8531,15750,1547
2024-11-12T20:34:22.000Z,SCJN_Clips,True,False,"Comisionado de la 
@CIDH
 calificó a la reforma judicial de México como un ejemplo de constitucionalismo abusivo y autoritario.

“Cuando un gobierno intenta desmontar los contrapesos, -se ha visto en los autoritarismos de nuestro tiempo en el mundo entero-, y el caso de México es",38706,2013,61,1067,112
2024-11-07T20:04:05.000Z,bennyjohnson,True,False,"Trump's lawyer Mike Davis issues dark warning to NY AG Letitia James:

""I dare you to try to continue your lawfare against President Trump... listen here, sweetheart, we're not messing around this time and we will put your fatass in prison for conspiracy against rights.""",7007060,172912,7380,43180,13342
2024-11-12T20:40:28.000Z,CollinRugg,True,False,"Charlie Kirk reveals the 2024 Trump Campaign blueprint that won Donald Trump the White House.

This is brilliant.

Kirk said the campaign ""hacked"" the election by sidestepping the media.

Here is what they did:

1. ""Don't spend your time knocking on doors about a suburban soccer",633811,9704,245,1519,1993
2024-11-07T07:44:35.000Z,PopBase,True,False,"Jimmy Kimmel tears up while talking about Donald Trump’s victory:

“It was a terrible night for women, for children, for the hundreds of thousands of hard working immigrants who make this country great, for health care, for our climate, for science, for journalism, for justice,",25750713,608647,9085,55189,32022
2024-11-12T14:21:29.000Z,ShadowofEzra,True,False,"Tulsi Gabbard gave Donald Trump an early warning about the risks of appointing Marco Rubio to any cabinet position, cautioning that Rubio embodies the neoconservative, war-driven establishment of Washington D.C. 

Gabbard believes that if Trump brings Rubio in his cabinet, it",354733,8543,618,3076,772
2024-11-07T15:25:06.000Z,RpsAgainstTrump,True,False,"Jimmy Kimmel: “It was a terrible night for women for children…For our allies in Ukraine for NATO…a terrible night for everyone who voted against him, and guess what? It was a bad night for everyone who voted for him too. You just don't realize it yet”",2288149,69989,2583,13564,2160
2024-11-12T18:50:57.000Z,TheOmniLiberal,True,False,"My Uber driver brought me my hot chocolate today on bike. It took 45 minutes to get here, and this is what happens as soon as I pick up the bag to bring it inside.

This is Trump's America.",754058,13500,2862,986,383
2024-11-07T01:32:57.000Z,Bubblebathgirl,True,False,"Woman says she has an IQ of 130 and will now “stay dry” and not sleep with men because Trump was elected.

She said it’s punishment for taking away her right to an abortion.

Sounds good. She won’t need any abortions then.

Way to go IQ 130.",7787844,109614,42353,15067,6256
2024-11-12T21:34:14.000Z,grande_flagello,True,False,"Bersani: ""Caro Elon Musk, come ti permetti? L'Italia è l'unico dei Paesi sconfitti che si è dato da solo una costituzione che indica nella magistratura un potere dello Stato. Non permetterti, non mandiamo i giudici a casa. Nessuno dice qualcosa a sto tizio qua?"" #dimartedi",32513,1520,66,252,72
2024-11-12T18:25:45.000Z,GrantCardone,True,False,"Should throw my name in the hat to replace Florida Senator Rubio. President Trump did say …..  

Repost if you think I should….",67166,2552,414,438,84
