timestamp,username,icon-verified,fact-checked,text,views,likes,replies,reposts,bookmarks
2024-11-11T23:01:47.000Z,Vitality_apEX,True,False,"Les magiciens de Cybertek m’ont monté un PC de dingue, et on vous en offre un aussi! 

 Follow 
@cybertek_fr
 et moi 
 Like + RT ce tweet 
 Tag deux potes qui pourraient kiffer

Tirage le 25 novembre, et livraison avant Noël 

(collaboration commerciale)",15491,545,462,501,27
2024-11-10T21:45:41.000Z,Riley_Gaines_,True,False,"Yesterday: fined $11,255 for wearing a MAGA hat 

Today: celebrates with the iconic Trump dance after a sack

In a world of Colin Kaepernicks, be a Nick Bosa",2003981,127546,1398,15904,1721
2024-11-11T22:03:27.000Z,maddenifico,True,False,This is heartbreaking. Fuck Trump and fuck every parent that voted for him. ,80245,3319,209,1352,509
2024-11-11T04:48:30.000Z,EndWokeness,True,False,"BREAKING: President Trump names Tom Homan as his Border Czar, in charge of deportations. 

Illegals, start packing.",12525117,136537,1719,12141,16025
2024-11-11T18:25:04.000Z,realDonaldTrump,True,False,N/A,14214446,413012,11218,44041,3056
2024-11-11T21:15:20.000Z,RadioGenoa,True,False,"North African and Arab criminals devastate Amsterdam. We have war in Europe, many still don't know it or pretend not to know it. MEGA.",152463,2620,157,924,131
2024-11-11T05:15:54.000Z,BlackKnight10k,True,False,"Breaking: Trump has announced that he's appointing Tom Homan as his border Czar.

For all of you Latinos for Trump that were worried that you'd be separated from your families, fear not. He says you will deported too.",6771799,74865,3762,18233,11052
2024-11-11T17:17:35.000Z,richplow,False,False,Trump has officially announced he’s getting rid of the Department of Education. Honestly this is what’s done it for me. You’re an imbecile if you didn’t vote against this dude. Fucking idiots. Y’all have no clue of the ramifications. No fucking idea. Assholes man. Poor kids,1957928,58803,2653,7771,2720
2024-11-11T19:04:11.000Z,RealAlexJones,False,False,"BREAKING: Electronic Election Fraud EXPOSED By Lara Trump & Susie Wiles In Key Battleground States

""Glitches"" That Flip Votes From Republican To Democrat Aren't ""Glitches""

Watch/Share The LIVE SHOW here:
https://x.com/i/broadcasts/1eaJbaqnlgvGX…",5974254,86528,1866,28629,6521
2024-11-07T20:38:05.000Z,cb_doge,True,False,BREAKING: Argentina President Milei to meet with Elon Musk and Trump next week in the US. ,4394412,232033,2571,32417,5623
2024-11-11T23:36:55.000Z,Chicago1Ray,True,False,"Charlie Kirk went to these campuses and turned a lot of the youth vote in critical states like (MI) (PA) for President Trump 

Can I get a like for Charlie Kirk ",8606,1666,72,301,10
2024-11-11T20:58:06.000Z,DavidFBailey,True,False,"Please, please Mr. President. It's too much winning. We can't take it anymore. Mr. President, it's too much. Please just a little breather so we can rebalance the portfolio!

Trump:",14747,615,28,43,11
2024-11-11T21:03:40.000Z,SeanMcCarthyCom,True,False,He made a post about America I think his account got hacked,17205,708,14,26,3
2024-11-11T23:49:22.000Z,RileyMooreWV,True,False,"It's not 'free trade' when other countries are rigging the markets against American companies and hard-working Americans.

I will 100% support pulling China’s privileged trade status.",4477,128,6,19,1
2024-11-11T21:53:57.000Z,JulietaRamirezP,True,False,"Ahora que tenemos en la agenda legislativa la reforma de Seguridad Pública, los panistas tratan de hacer como que nunca existió un hombre llamado Genaro García Luna y que fue un narcofuncionario de su gobierno.",1990,241,24,117,1
2024-11-11T18:03:32.000Z,WallStreetSilv,True,False,"Conservative women are commenting about liberal women shaving their heads and divorcing their husbands because Trump won.

“ that’s fine leave all the men for the conservative women to repopulate with”",573849,23045,451,3584,1192
2024-11-11T19:49:11.000Z,realTrumpNewsX,True,False,"Simple YES or NO poll. Do you agree with Elon Musk saying all 50 states should mandate Voter ID for future elections?

A. YES
B. NO",55976,3600,2313,538,30
2024-11-11T16:16:44.000Z,JLMelenchon,True,False,"A Gaza et au Liban, des milliers de femmes, d’hommes et d’enfants sont massacrés en masse sous les bombes.

C’est un génocide contre lequel proteste toute conscience humaine sitôt qu’elle est informée, sauf pour ceux qui choisissent de regarder ailleurs à l’heure des massacres.",96808,5230,543,1955,82
2024-11-11T21:13:04.000Z,NewEmergingKing,True,False,"Why are you so angry over my pick for President? 

Don’t become what you accuse the others of being. This goes to show how much people truly worship politicians. 

Do we even trust God anymore?

#DonaldTrump #Trump #KamalaHarris #Kamala #Project2025 #Agenda47",31912,2470,139,817,282
2024-11-08T04:58:11.000Z,RogerJStoneJr,True,False,"POMPEO DOES NOT WANT YOU TO SEE THIS VIDEO

Mike Pompeo Supported Mar-a-Lago Raid & Jack Smith’s Probe Into Trump in Phony Documents Case",1461854,38690,2162,22527,1816
