timestamp,username,icon-verified,fact-checked,text,views,likes,replies,reposts,bookmarks
2024-11-10T22:26:00.000Z,MAGA__Patriot,True,False,That's the President America won back this week! ,8717498,122008,822,11825,3879
2024-11-11T05:28:33.000Z,ImMeme0,True,False,"BREAKING: President Trump selects former ICE Director Tom Homan as Border Czar for the upcoming administration, tasked with overseeing the largest mass deportation operation in U.S. history.",2721558,98666,1687,19626,10496
2024-11-11T18:01:46.000Z,DonaldTNews,True,False,"Do you agree that Bill Gates and Dr. Anthony Fauci should be prosecuted for the crimes against humanity they committed?

YES or NO?

If YES, I will follow you back ",2366,214,141,25,5
2024-11-11T07:16:08.000Z,RadioGenoa,True,False,"""We will put an end to green scam."" Do you agree with Trump?",154195,14489,475,1765,138
2024-11-11T15:39:15.000Z,DiazCanelB,True,False,"Felicitamos al Comandante Daniel Ortega, Presidente de #Nicaragua, en su cumpleaños.

Le enviamos un caluroso abrazo desde #Cuba y los mejores deseos de salud, prosperidad y nuevas victorias.",8439,973,128,757,7
2024-11-10T01:14:14.000Z,thinktankfranks,True,False,"BREAKING 

Trump announces full conceal carry reciprocity

WHAT THIS MEANS:
No matter which state you’re in, if you’ve got your concealed carry license, each state will still have to honor it - for example, you have a Florida concealed carry permit - California would have to",11303466,174611,5510,32888,16486
2024-11-11T17:43:54.000Z,AJEnglish,True,False,"Saudi Crown Prince Mohammed bin Salman urged Israel to end its wars on Gaza and Lebanon. Speaking at a joint Arab League and Organisation of Islamic Cooperation summit, he added that Israel must also respect Iran's sovereignty.",33358,220,26,84,14
2024-11-10T22:07:46.000Z,FearedBuck,True,False,"Johnny Somali faces up to 7 years in jail in South Korea for using AI to create a deepfake video showing a Korean woman as his girlfriend. 

With additional charges, he could face a combined 17 years and is currently banned from leaving South Korea ",6665761,81434,1911,4027,5070
2024-11-11T17:18:38.000Z,RoaringKitty,True,False,China will unban Bitcoin soon,15066,634,120,53,9
2024-11-08T19:29:50.000Z,amuse,True,False,Whenever I see Jimmy Kimmel complaining about President Trump I can't help but recall this video:,42730836,226188,8036,53175,45080
2024-11-11T17:46:09.000Z,KayliuWu,True,False,Jouons à un jeu... les 400 premières personnes à commenter et liker ce post recevront un DM spécial. ,845,101,103,18,1
2024-11-11T16:10:13.000Z,ivankatrumpo,True,False,"Simple YES or NO poll. 

Do you agree with Elon Musk saying all 50 states should mandate Voter ID for future elections?

A. YES
B. NO",5656,339,189,60,3
2024-11-11T15:26:20.000Z,koshercockney,True,False,"Holy sh*t!

Trump just appointed 
@RepStefanik
 as the Ambassador to the UN

This woman is an absolute FORCE.

THIS is what is needed. She will rip their antisemitic bullsh*t to shreds.

A reminder of her in Congress tearing into the Universities for the Jew Hatred on Campus:",137606,7806,279,1597,400
2024-11-10T23:29:16.000Z,MTGrepp,True,False,"BREAKING REPORT  Vivek Ramaswamy is on Donald Trump's final list for Secretary of State 

What are your thoughts ?",2791359,114309,7416,8726,1027
2024-11-11T16:10:56.000Z,TrumpjrJohn,True,False,"FINALLY MADE THREE MILLION DOLLARS FROM SOLANA MEMECOINS

As promised,
I want to change someone's life and send 100 $Sol (~$21,800) to one person by tomorrow. 

Just like, retweet and comment 'done'. 
Random winner in 15 hrs

Join my tg for next big move: https://t.me/solanaalliance",9992,181,171,143,4
2024-11-10T23:03:34.000Z,danielsgoldman,True,False,"Donald Trump can be assured of one thing: we will not let him or his political sycophants like 
@mrddmia
 degrade and destroy our democratic institutions.

I'm ready to fight tooth and nail alongside NY's AG 
@TishJames
 to protect the integrity of our justice system and democracy.",1774585,14314,5919,3711,368
2024-11-11T16:53:38.000Z,AltcoinGordon,True,False,"A lot of noise coming out of the Trump camp regarding the bitcoin reserve.

They want to have to have as much supply a possible but want to to start buying under $100k 

They do not want to wait until inauguration!",22135,297,29,34,10
2024-11-08T04:58:11.000Z,RogerJStoneJr,True,False,"POMPEO DOES NOT WANT YOU TO SEE THIS VIDEO

Mike Pompeo Supported Mar-a-Lago Raid & Jack Smith’s Probe Into Trump in Phony Documents Case",1460251,38697,2162,22518,1813
2024-11-09T00:16:58.000Z,WallStreetApes,True,False,"This is so epic. Elon Musk actually transported the Amish in vans to the polls to vote for Donald Trump

“We're happy to transport you — They're allowed to ride in vans, as long as they're not driving the van. So, you know, we're just making sure we bring them to the polls and",4362253,105068,1228,20834,8021
2024-11-09T18:28:30.000Z,kangminjlee,True,False,"It’s a fake apology. He did this in Japan and gloated about how he got away with what he did.

Korea, do not accept the apology.",5702117,156865,2081,9974,2454
