timestamp,username,icon-verified,fact-checked,text,views,likes,replies,reposts,bookmarks
2024-11-12T15:56:11.000Z,Sassafrass_84,True,False,"She's right. Melania Trump is one of the most bullied people in the world. She never got a fair chance with the media. They did her dirty. This time around, we have X. And we can spread her messages and her good deeds. Msm is dead. Drop a heart if you support our Flotus. ",2203990,117605,9780,16016,2304
2024-11-13T04:24:22.000Z,MchoiceTH,False,False,"MEENPING IN KOREA DAY1 START ! 
#ITSSKINxMeenPingKoreaTrip2024",8460,973,28,763,22
2024-11-12T14:30:10.000Z,realTrumpNewsX,True,False,"Do you support Mel Gibson’s plan to EXPOSE the elite pedophile ring operating at the heart of the Hollywood system?

YES or NO?",771440,68547,12837,7469,408
2024-11-13T02:50:54.000Z,StarCinema,True,False,"HELLO, LOVE! 

Kathryn Bernardo and Alden Richards attend the first blockscreening with Kathden Magics Global. Maraming salamat sa inyong love! 

SM North EDSA 

#HelloLoveAgain NOW SHOWING IN 500 PH CINEMAS and more worldwide! ",17602,964,3,281,18
2024-11-12T12:48:55.000Z,MarioNawfal,True,False,"INFLUENCER GONE ROGUE

""I'm no longer the stupid brainwashed liberal I used to be when I was 19.

I don't give a f*** about your identity politics.

I voted for Trump... and I hate fat people.""",5193641,62731,2612,4928,6924
2024-11-11T21:13:04.000Z,NewEmergingKing,True,False,"Why are you so angry over my pick for President? 

Don’t become what you accuse the others of being. This goes to show how much people truly worship politicians. 

Do we even trust God anymore?

#DonaldTrump #Trump #KamalaHarris #Kamala #Project2025 #Agenda47",30746931,104315,3972,31138,16309
2024-11-12T20:09:40.000Z,RealAlexJones,True,False,"Trump Pledges To End Veteran Homelessness By Redirecting Money Used To House, Move and Feed Illegal Immigrants.

Watch Our Livestream Here:
https://x.com/i/broadcasts/1mrxmMZPykMxy…",22725095,268820,5843,43311,11529
2024-11-12T21:58:28.000Z,MTGrepp,True,False,"WE NEED ALL OF TRUMP’S CABINET MEMBERS TO BE AS LOYAL AS ALINA HABBA. LET’S GO 

ALINA HABBA IS FIERCE ",232075,12630,138,1775,310
2024-11-12T21:18:31.000Z,RealAlexJones,True,False,"Trump Pledges Educational Gamechanger By Creating The American Academy. A Website Covering ""The Full Spectrum Of Human Knowledge"" That Will Be Free To All Americans.

Check out my Live Stream
https://x.com/i/broadcasts/1mrxmMZPykMxy…",7545068,95218,2667,19786,10053
2024-11-09T16:30:02.000Z,DonaldTNews,True,False,"Novak Djokovic showing his Christian Cross after his victory.

The mainstream media censored this! Let's make it go VIRAL!",3150401,110051,831,23187,1417
2024-11-13T04:06:58.000Z,NickJFuentes,True,False,"Somehow people were delusional enough to think that Don Jr or Ron Paul would get Trump to make Tulsi Gabbard the Secretary of Defense… LOL

No, you get a neocon Fox News host who literally worships Israel.",85854,3435,233,552,313
2024-11-13T00:45:30.000Z,CollinRugg,True,False,"BREAKING: Donald Trump announces that Elon Musk and Vivek Ramaswamy will lead the Department of Government Efficiency (DOGE) together.

""Together, these two wonderful Americans will pave the way for my Administration...""

""To dismantle Government Bureaucracy, slash excess",1913935,48734,1098,6938,1911
2024-11-08T11:32:16.000Z,krassenstein,True,False,"THIS IS F-CKING SCARY:  

Trump's lawyer Mike Davis just threatened to have NY AG Letitia James imprisoned for continuing her fight to hold Trump accountable for the 34 felony counts he’s was convicted of. 

""I dare you to try to continue your lawfare against President Trump...",4093080,47558,10398,11871,5314
2024-11-07T19:25:21.000Z,EmmanuelMacron,True,False,"Donald Trump was elected by Americans to defend the interests of Americans.

The question we, as Europeans, must ask ourselves is, are we ready to defend the interests of Europeans?",8309274,96256,13410,16533,7008
2024-11-13T01:00:47.000Z,marieclairekr,False,False,"#제작협찬 #cover
새벽과 아침, 소년과 남자의 경계에서 빛나는 #NCT #마크 와 #부쉐론. 지금 3종의 커버 이미지를 공개합니다. 

 
@BOUCHERON
 @NCTsmtown
 #boucheron #MARK",136088,7307,157,6369,259
2024-11-13T01:50:19.000Z,D_B_Harrison,True,False,"I have to admit—and I couldn’t care less who disagrees with me—but with Trump’s victory over Harris, I feel as if a very palpable dark cloud has been lifted from over this nation. Literally every aspect of Harris’ agenda wreaked of evil motives and intentions. Every single policy",23259,1890,228,274,62
2024-11-10T19:18:55.000Z,EndWokeness,True,False,"""DONALD TRUMP WILL NEVER EVER BE PRESIDENT"" montages never get old:",8786144,124585,3609,24783,26950
2024-11-12T02:40:57.000Z,RpsAgainstTrump,True,False,"Trump’s new Secretary of State: “If he hadn't inherited $200 million, you know where Donald Trump would be right now? Selling watches in Manhattan.”",1396340,22367,862,4864,1088
2024-11-12T14:30:30.000Z,EricLDaugh,True,False," BREAKING: Senator Rick Scott warns that if an establishment Republican becomes Senate Majority Leader, Trump's MANDATE FROM THE PEOPLE will not be honored.

""I am absolutely COMMITED to get his nominees confirmed and get his agenda passed.""

""All the things that Donald Trump",1133340,30365,356,7664,299
2024-11-07T00:43:38.000Z,nicksortor,True,False," NEW: President Trump has announced he will be holding a HUGE 250th Birthday Party for America

This sounds awesome.

Trump says it will be called the “Great American State Fair,” held in Iowa, and feature pavilions from all 50 states.

I love it!

It’s so refreshing to FINALLY",7095301,156790,3284,29124,11835
2024-11-11T17:17:35.000Z,richplow,False,False,Trump has officially announced he’s getting rid of the Department of Education. Honestly this is what’s done it for me. You’re an imbecile if you didn’t vote against this dude. Fucking idiots. Y’all have no clue of the ramifications. No fucking idea. Assholes man. Poor kids,19933555,319730,13996,36283,17559
2024-11-12T20:17:28.000Z,Patri0tContr0l,True,False,"Wow. Jeremy Bash, 1 of the 51 intelligence officials who signed the letter claiming Hunter’s laptop was Russian disinformation, is now suggesting uniformed military and CIA should disobey direct orders from their Commander-in-Chief, Donald Trump.

This traitor is panicking HARD.",136965,6960,970,4014,468
2024-11-12T17:58:26.000Z,keithboykin,True,False,"Trump announces reparations for white people. He says he will ask the Justice Department to penalize colleges that consider diversity, equity, and inclusion (DEI) and fine them so he can pay “restitution” to white people who he considers the real victims of racial discrimination.",11175123,51825,7709,18471,20109
2024-11-10T22:26:00.000Z,MAGA__Patriot,True,False,That's the President America won back this week! ,17346367,223176,1577,21444,7400
