timestamp,username,icon-verified,fact-checked,text,views,likes,replies,reposts,bookmarks
2024-11-10T22:26:00.000Z,MAGA__Patriot,True,False,That's the President America won back this week! ,4573345,74225,496,7350,2426
2024-11-11T05:28:33.000Z,ImMeme0,True,False,"BREAKING: President Trump selects former ICE Director Tom Homan as Border Czar for the upcoming administration, tasked with overseeing the largest mass deportation operation in U.S. history.",1637611,64802,1123,12977,7095
2024-11-11T12:32:13.000Z,Genius_kor,True,False,"ENHYPEN (
@ENHYPEN_members
) returns with the repackage version of their album #ROMANCE_UNTOLD with the title track “No Doubt”! Check out the lyrics to the song on Genius now! 

#ENHYPEN_NODOUBT #NODOUBT #엔하이픈 #ROMANCE_UNTOLD_daydream 

 https://genius.com/Enhypen-no-doubt-lyrics…",2923,399,7,203,6
2024-11-10T05:14:06.000Z,justin_hart,True,False,This is one of the funniest sets I’ve seen on SNL. Bill Burr talks about Trump’s big win.,13797091,91576,3318,9698,45465
2024-11-11T10:50:56.000Z,MEXC_Korea,True,False," $PEAQ 입금 및 거래 이벤트 기념: 홍보 이벤트에 참여해 주세요!

보상: 150 $PEAQ * 20명 추첨

기간: 11.11 -11.18 19:00

참여 방법:
Gleam 완성: https://gleam.io/bfEVo/peaq
팔로우
@MEXC_Korea
+ 
@peaq
RT+  + 댓글에 3명 친구 태그",1056,81,57,83,2
2024-11-11T11:31:13.000Z,BarcaFRNews,True,False,"Sur l’image utilisée par le VAR pour siffler hors-jeu sur Lewandowski. Frenkie de Jong n’avait même pas encore touché le ballon.

Sur la vidéo, 
@ArchivoVAR
 nous montre exactement à quel moment FDJ touche le ballon et comment Lewandowski est bien en position licite.

Un scandale.",26435,914,23,215,75
2024-11-11T03:37:16.000Z,MTGrepp,True,False,"HOLY SH*T  Senator John Cornyn pushed the Russia Collusion HOAX. He is a RINO Traitor 

Would be a shame if everyone on 𝕏 saw this video",155459,12741,394,8727,357
2024-11-11T14:02:09.000Z,trumprealparody,True,False,"Do you think JD Vance is way better than Mike Pence for Trump’s VP ?   

A. YES 
B. NO",0,31,12,6,159
2024-11-11T03:23:31.000Z,MTGrepp,True,False,"Would be a shame if this video of Senator Thune went viral for not supporting Donald Trump 

“I’m hoping we have OTHER options” 

I CAN’T BELIEVE Senators in Congress want this guy as Senate Majority Leader 

LET’S MAKE THIS VIRAL ON 𝕏 ",65954,5154,341,5863,132
2024-11-11T11:25:45.000Z,Pascal_Laurent_,True,False," UN CONDUCTEUR DE LAMBORGHINI A ÉTÉ SUIVI JUSQUE CHEZ LUI, LÀ IL EST ALLÉ CHERCHER UN RPG, CES VISITEURS N'ONT PAS DEMANDÉ LEUR RESTE .",161890,3626,85,798,376
2024-11-09T16:30:02.000Z,DonaldTNews,True,False,"Novak Djokovic showing his Christian Cross after his victory.

The mainstream media censored this! Let's make it go VIRAL!",3057475,108147,792,22829,1379
2024-11-10T22:19:39.000Z,YourAnonCentral,True,False,"Zelenskyy: ""We are not ready to give our freedom to this fucking terrorist Putin"".

Zelenskyy will be studied as a hero, not only for Ukraine, but our current moment in time for generations.",484283,15532,774,2224,305
2024-11-11T13:03:11.000Z,CertLucas,True,False,"Drop your sol address 

Trump’s starting the bull run 

like my recent feed and…

wait for your balance to update ",5897,360,365,170,5
2024-11-11T10:33:22.000Z,BackBrexitBen,True,False,"It’s absurd: we're permanent member of the UN Security Council, and yet we cannot secure our own borders! How long will we tolerate excuses from our political leaders?",5736,982,23,300,7
2024-11-11T00:14:28.000Z,RealAlexJones,True,False,"Nearly a Million Lebanese Made Homeless by USA-Funded Israel Aggression

The fastest way to all-out world war would be to invade Iran.

For Breaking News & Reports Watch: https://x.com/i/broadcasts/1ZkKzRdraVoKv…",2817708,24135,1234,7066,3247
2024-11-06T21:56:48.000Z,RobertKennedyJr,True,False,"President Trump has asked me to do three things: 
1. Clean up the corruption in our government health agencies. 
2. Return those agencies to their rich tradition of gold-standard, evidence-based science. 
3. Make America Healthy Again by ending the chronic disease epidemic.",12706451,413470,14835,68824,13673
2024-11-09T19:35:37.000Z,KoryYeshua,True,False,Young Trump supporter stands his ground while debating the Teacher and his classmates at a high school in Chicago.,6371977,141041,9128,23917,16634
2024-11-11T07:16:06.000Z,KTHopkins,True,False,"How does it feel 
@DavidLammy
 and 
@MayorofLondon
? 

To be on your knees, gobbling away on Trump…. 

Gobble gobble gobble boys. He owns you now.",238728,11616,537,2334,383
2024-11-06T06:44:18.000Z,RealCandaceO,True,False,"Donald J Trump is the 47th President of the United States. 

Cry harder, Hollywood.",4960524,294403,4061,30804,4381
2024-11-11T04:41:35.000Z,mjfree,True,False,If Trump & Elon’s “little secret” was to use Starlink in swing states to tally the votes & rig the election - an investigation & hand recount is crucial. Now.,144167,6687,487,2948,285
2024-11-10T17:38:00.000Z,MTGrepp,True,False,"If you think Melania Trump is the MOST beautiful First Lady, then drop a """" in the comments",1570033,88610,7037,4957,471
