timestamp,username,icon-verified,fact-checked,text,views,likes,replies,reposts,bookmarks
2024-11-12T10:04:33.000Z,MyLordBebo,True,False,China …,169891,5846,174,613,185
2024-11-12T14:15:58.000Z,Guillaume_Bigot,True,False,"Non, monsieur Barnier, les 2 drapeaux ne vont pas « ensemble ». Nous vous saurions gré d'éviter d'endoctriner des enfants avec votre idéologie responsable du déclin de la France. Surtout un #11novembre !",7017,911,52,395,7
2024-11-10T17:38:00.000Z,MTGrepp,True,False,"If you think Melania Trump is the MOST beautiful First Lady, then drop a """" in the comments",2140176,117710,9969,6460,621
2024-11-12T05:58:41.000Z,BRICSinfo,True,False," St. Petersburg, Russia 

What do you notice?",449833,11359,906,1692,918
2024-11-11T19:30:02.000Z,WatcherGuru,True,False,JUST IN: #Bitcoin is up 21% since Donald Trump won the election.,582101,22750,617,2324,277
2024-11-10T22:26:00.000Z,MAGA__Patriot,True,False,That's the President America won back this week! ,16354359,207227,1431,19836,6812
2024-11-12T15:11:36.000Z,GuiraudInd,True,False,"  Emmanuel Macron et Michel Barnier, n’oubliez pas Jeudi, pendant que vous applaudirez l’équipe représentant un pays qui commet un génocide,

N’oubliez pas qu’à Gaza il n’y a plus de terrain de football et pourtant l’équipe israélienne tire quand même, mais dans la poitrine",43268,2373,211,953,105
2024-11-11T21:13:04.000Z,NewEmergingKing,True,False,"Why are you so angry over my pick for President? 

Don’t become what you accuse the others of being. This goes to show how much people truly worship politicians. 

Do we even trust God anymore?

#DonaldTrump #Trump #KamalaHarris #Kamala #Project2025 #Agenda47",18980673,70018,2619,21080,10970
2024-11-12T16:00:17.000Z,CREWcrew,True,False,"Trump's corruption was bad before. 

But his ethics issues are even worse now with a publicly-traded company, crypto entanglements and ongoing foreign business deals, all posing national security threats.

He must divest. And no matter what, we're here to hold the line.",0,18,4,8,561
2024-11-11T22:03:27.000Z,maddenifico,True,False,This is heartbreaking. Fuck Trump and fuck every parent that voted for him. ,1318087,23702,3387,7756,3820
2024-11-12T07:00:03.000Z,TaraBull808,True,False,BREAKING: President Trump has selected South Dakota Governor Kristi Noem as Homeland Security Secretary.,2094888,52069,2177,6138,1195
2024-11-10T15:11:42.000Z,WallStreetApes,True,False,"CONFIRMED Biden/Harris Admin taking Hurricane Victims children away

Green Mountain, North Carolina Hurricane Helene Victims having their kids taken away

Victims “Even if they're living with neighbors and their parents — They're coming to take them”

“If they're in that shelter",2453584,40719,2985,28555,7553
2024-11-12T09:20:57.000Z,f_philippot,True,False,"Séquence hallucinante : nous sommes dirigés par des gens qui détestent la France ! 

#Barnier recadre un enfant aux cérémonies du #11Novembre parce qu’il n’agite qu’un drapeau français !

Il lui donne l’ordre d’y ajouter aussi le « drapeau de l’UE » 
« Les 2 vont ensemble.",195733,3296,533,1797,210
2024-11-08T18:16:08.000Z,ElonMuskOde,True,False,"Don’t Lie 

Are you Happy that Trump is the President of America  

A:Yes
B:No",969125,64103,29556,4753,223
2024-11-08T20:45:38.000Z,BehizyTweets,True,False,"Trump plans to redirect the money being spent on Ukraine towards a nationwide initiative to get the homeless off the streets by building ""tent cities"" where they can be relocated.

His plan includes banning urban camping & arresting violators while empowering rehab organizations.",6629847,93181,2452,18522,13424
2024-11-12T16:00:07.000Z,realTrumpNewsX,True,False,"JUST IN: 

Do you support Donald Trump rehiring all military who were kicked out for not taking the vaccine? 

A. YES 
B. NO",1760,136,72,17,1
2024-11-09T16:30:02.000Z,DonaldTNews,True,False,"Novak Djokovic showing his Christian Cross after his victory.

The mainstream media censored this! Let's make it go VIRAL!",3128885,109823,819,23132,1414
2024-11-08T01:16:16.000Z,alifarhat79,True,False,Trump immediately after taking office,10250815,138304,1355,19314,29227
2024-11-08T00:44:43.000Z,stclairashley,True,False,How Trump’s New America feels,3596272,81681,942,12004,10515
2024-11-12T15:11:40.000Z,The_Trump_Train,True,False,"BREAKING: Judge Merchan has granted a request from the defense to pause Trump's sentencing date of November 26th.

More proof this was a witch hunt from the beginning!",4087,209,29,55,3
2024-11-12T02:49:07.000Z,CollinRugg,True,False,"NEW: Donald Trump’s ‘Border Czar’ Tom Homan says they are going to use US Special Operations to wipe cartels off the face of the Earth.

“The illegal animals coming across the border... 31% of women that make their journey get r*ped by criminal cartels.”

“Children get r*ped.",2994800,53876,1192,9437,3906
2024-11-12T15:50:19.000Z,MadeInTheUSANJ,False,False,"Want to know why Saudi Arabia, Russia, and China all own floors in Trump Tower, New York?

Because their countries don’t allow felons from the United States on their soil.(Amongst other nefarious reasons)

MAGA Republicans don’t want us talking about this in Xhitter.",0,12,3,9,112
2024-11-11T07:00:32.000Z,libsoftiktok,True,False,"Meet Trump’s pick for border czar.

We are so back! ",14641556,225296,4698,25944,25872
