timestamp,username,icon-verified,fact-checked,text,views,likes,replies,reposts,bookmarks
2024-11-11T16:45:44.000Z,CilComLFC,True,False,"Marine Le Pen: “The same people who say I have no chance of winning said Donald Trump couldn’t become President of the United States.

Those in power do not understand what is happening: people are taking their Countries back.”

She has said the actual truth! ",658335,41132,301,8559,652
2024-11-11T14:08:27.000Z,ScottforFlorida,True,False,"I’m committed to getting President Trump’s nominees confirmed by the Senate immediately.

Democrats will do everything they can to stonewall the Trump agenda, and we need a Senate Majority Leader who will fight to get it done.",946981,66164,1540,15672,498
2024-11-11T19:30:02.000Z,WatcherGuru,True,False,JUST IN: #Bitcoin is up 21% since Donald Trump won the election.,447922,18648,563,1989,233
2024-11-12T01:38:56.000Z,ShabbosK,True,False,"I supported Donald Trump because he promised not to negotiate with Hamas terrorists, but to kill Hamas terrorists. His pick of Marco Rubio as Secretary of State demonstrates that commitment. Please join me in thanking and congratulating the Senator!",304948,4572,168,884,251
2024-11-12T02:50:40.000Z,NickJFuentes,True,False,"Trump plans to appoint Marco Rubio as his Secretary of State.

Rubio is an Israel-First neocon whose slogan in 2016 was literally “New American Century” (Google PNAC) and he has called for war with Iran. Just gets better and better.",37512,1723,227,336,110
2024-11-10T21:45:41.000Z,Riley_Gaines_,True,False,"Yesterday: fined $11,255 for wearing a MAGA hat 

Today: celebrates with the iconic Trump dance after a sack

In a world of Colin Kaepernicks, be a Nick Bosa",2096706,132377,1434,16489,1792
2024-11-11T18:25:04.000Z,realDonaldTrump,True,False,N/A,17958937,484397,13349,51258,3630
2024-11-08T00:44:43.000Z,stclairashley,True,False,How Trump’s New America feels,3593439,81689,942,12006,10526
2024-11-07T20:38:05.000Z,cb_doge,True,False,BREAKING: Argentina President Milei to meet with Elon Musk and Trump next week in the US. ,4395195,231988,2571,32391,5621
2024-11-11T21:15:20.000Z,RadioGenoa,True,False,"North African and Arab criminals devastate Amsterdam. We have war in Europe, many still don't know it or pretend not to know it. MEGA.",198003,2935,175,1022,149
2024-11-09T14:11:28.000Z,amuse,True,False,"RACISM: Over 75% of Democrat voters believe that Trump refuses to condemn white supremacy, racism, and the kkk. Watch 4 minutes of Trump condemning it and Democrats lying about it.",72718816,77575,2648,25466,37272
2024-11-12T00:07:50.000Z,GONOGO_Korea,True,False,"[속보] 미 공화당, 2025년 1월부로 미 행정부, 상원, 하원 모두에서 다수를 차지하는 퍼펙트 레드스윕 확정.  

* 크립토 추가 상승중",27536,436,21,79,46
2024-11-07T16:01:28.000Z,RpsAgainstTrump,True,False,"Trump has failed to end the war in Ukraine within 24 hours of being elected. 

First promise broken",7556421,138278,13786,20512,7240
2024-11-11T16:29:07.000Z,YourAnonCentral,True,False,"Trump promised to deport ""Hamas supporters"" i.e. pro-Palestine supporters, likely to be rounded up at protests.

“Unlike liberal Kamala, I will support Israel’s right to win its war… we got to finish it off… The Hamas supporters will be gone… we will deport them very quickly”.",834495,7823,662,2620,1310
2024-11-08T19:29:50.000Z,amuse,True,False,Whenever I see Jimmy Kimmel complaining about President Trump I can't help but recall this video:,42816009,226258,8049,53240,45020
2024-11-12T01:16:05.000Z,Investments_CEO,True,False,BREAKING:  President-elect Donald Trump to appoint pro-crypto cabinet members to make the U.S. the “crypto capital of the world.”,19439,940,32,183,12
2024-11-11T15:26:20.000Z,koshercockney,True,False,"Holy sh*t!

Trump just appointed 
@RepStefanik
 as the Ambassador to the UN

This woman is an absolute FORCE.

THIS is what is needed. She will rip their antisemitic bullsh*t to shreds.

A reminder of her in Congress tearing into the Universities for the Jew Hatred on Campus:",865161,32662,861,6358,2104
2024-11-12T00:03:56.000Z,igorsushko,True,False, BREAKING: Putin's spy chief Nikolay Patrushev says Russia helped Trump win the Presidential election and makes a veiled threat that Trump must now deliver the agreed-upon quid pro quo.,638832,12349,819,5962,2149
2024-11-10T19:18:55.000Z,EndWokeness,True,False,"""DONALD TRUMP WILL NEVER EVER BE PRESIDENT"" montages never get old:",8179684,112445,2794,21254,24129
2024-11-11T19:49:11.000Z,realTrumpNewsX,True,False,"Simple YES or NO poll. Do you agree with Elon Musk saying all 50 states should mandate Voter ID for future elections?

A. YES
B. NO",131435,8960,5570,1185,56
2024-11-11T23:50:19.000Z,ActualidadRT,False,False,"  Irán exige la expulsión de Israel de la ONU
https://es-rt.com/JdEQ",15180,1171,11,485,13
2024-11-12T00:21:23.000Z,Alphafox78,True,False,"Someone pinch me, I must be dreaming!! 

Trump: any teacher or official suggests to a child that they were trapped in the wrong body they will face severe consequences, civil rights violations for sex discrimination and elimination of federal funding....We will promote the",70961,3121,79,750,273
2024-11-12T00:59:02.000Z,MJTruthUltra,True,False,"It’s official.. 

Donald Trump has the Presidency, the House, and the Senate Now.

Drop a . If you believe God did this.",61673,6942,807,1171,73
2024-11-11T04:45:55.000Z,WallStreetApes,True,False,"WOAH, This is a man still on the ground in Western North Carolina after Hurricane Helene. He’s talking to victims and they’re having their land purchased out from under them for $2,500

He says it’s definitely a land grab for the lithium and quartz mining

“Buying the land",952202,28269,1248,20188,5997
