timestamp,username,icon-verified,fact-checked,text,views,likes,replies,reposts,bookmarks
2024-11-09T16:30:02.000Z,DonaldTNews,True,False,"Novak Djokovic showing his Christian Cross after his victory.

The mainstream media censored this! Let's make it go VIRAL!",3164939,110150,834,23207,1420
2024-11-12T15:56:11.000Z,Sassafrass_84,True,False,"She's right. Melania Trump is one of the most bullied people in the world. She never got a fair chance with the media. They did her dirty. This time around, we have X. And we can spread her messages and her good deeds. Msm is dead. Drop a heart if you support our Flotus. ",2931515,138776,11172,18379,2920
2024-11-08T04:25:59.000Z,DonaldTNews,True,False,"Drop a  if you are happy to see Melania as our FLOTUS again, I will follow you back!",2941132,162431,14726,11193,1066
2024-11-13T10:32:37.000Z,kenzo,True,False,"Singer #WINWIN rocking the KENZO FW24 collection for Vogue China. 

#KENZONIGO #KENZOFW24",28588,1244,64,849,38
2024-11-08T02:38:00.000Z,dom_lucre,True,False,BREAKING NEWS: I am resurfacing that The Simpsons predicted all 3 of Donald Trump presidencies in their 2015 episode Trumptastic Voyage. I hope everyone has been enjoy this show. The world stage is coming to an end.,21672192,109053,947,10805,29621
2024-11-09T08:37:26.000Z,ByDonkeys,True,False,"How Musk broke Twitter and helped elect Trump
(Location: Tesla European HQ, Amsterdam)",3950904,50956,3030,24309,14180
2024-11-11T23:36:55.000Z,Chicago1Ray,True,False,"Charlie Kirk went to these campuses and turned a lot of the youth vote in critical states like (MI) (PA) for President Trump 

Can I get a like for Charlie Kirk ",906265,87550,3412,9747,815
2024-11-12T02:40:57.000Z,RpsAgainstTrump,True,False,"Trump’s new Secretary of State: “If he hadn't inherited $200 million, you know where Donald Trump would be right now? Selling watches in Manhattan.”",1536788,24935,941,5393,1211
2024-11-13T13:53:21.000Z,leslibless,True,False,"President Trump leaves Florida for Washington to meet with Biden. 
He’ll also meet with House Republicans for a conference meeting.",1829,171,13,19,1
2024-11-12T00:38:05.000Z,AZ_Brittney,True,False,"Melania Trump has refused an invitation to meet with Jill Biden at the White House. 

First Lady Doctor Jill Biden is classier, smarter and kinder than Melania by a long shot! 

Who agrees? ",1968330,56121,12661,7573,406
2024-11-10T12:35:43.000Z,krassenstein,True,False,"SICK!  

Donald Trump  Jr., the kid born with a diamond spoon in his mouth, just posted this video, mocking Zelensky. 

FACTS:

- Russia has killed over 600 children in Ukraine. 
- Russia has killed over 10,000 civilians in Ukraine. 
- Russia has stolen their sovereign land 

And",2482472,25810,4717,5344,1415
2024-11-13T11:48:57.000Z,pbersani,True,False,Con un governo sovranista vergognosamente prono e silente tocca al Presidente rispondere a inaudite ingerenze. Lo fa con parole da applauso.,69964,4679,273,740,22
2024-11-09T05:30:20.000Z,BRICSinfo,True,False," President-elect Trump to introduce day-one bill recognizing only male and female genders, banning men from women's sports.

""We will promote positive education about the nuclear family, the roles of mothers and fathers, and celebrating rather than erasing the things that",2134759,45678,1277,8645,3676
2024-11-13T01:02:41.000Z,SenWarren,True,False,"A Fox & Friends weekend co-host is not qualified to be the Secretary of Defense.

I lead the Senate military personnel panel. All three of my brothers served in uniform. I respect every one of our servicemembers.

Donald Trump’s pick will make us less safe and must be rejected.",10906970,32573,30360,8212,1280
2024-11-08T11:32:16.000Z,krassenstein,True,False,"THIS IS F-CKING SCARY:  

Trump's lawyer Mike Davis just threatened to have NY AG Letitia James imprisoned for continuing her fight to hold Trump accountable for the 34 felony counts he’s was convicted of. 

""I dare you to try to continue your lawfare against President Trump...",4094121,47521,10396,11869,5309
2024-11-13T12:24:24.000Z,EricLDaugh,True,False," Scott Jennings just went to bat for Pete Hegseth, defending him from this CNN panel who literally EXPLODED over Trump appointing him.

“The American people voted AGAINST a Washington pick.”

They’ll never learn.",62913,1839,62,352,142
2024-11-12T22:34:33.000Z,WUTangKids,True,False,Trump cabinet walking into the White House on January 20th,1424222,54785,1851,9223,1783
2024-11-13T13:36:00.000Z,NEWSMAX,True,False,"""This is a time for bold and aggressive moves that are well outside that establishment window… ""

— Lt. Col. Darin Gaub (Ret.) on Donald Trump's nomination of Pete Hegseth for secretary of defense
@DLGaub
 @the_irascible
 @SharlaMcBride
 @AlisonMaloni",17072,204,12,28,3
2024-11-12T14:32:16.000Z,Liz_Wheeler,True,False,"RFK Jr. says his opinion of Trump has completely changed. “I’ve been convinced that this guy that I had such contempt for, such disdain for, is actually a really extraordinary leader that could be one of the great Presidents in history.”",2065865,89245,653,16368,2992
2024-11-13T13:08:02.000Z,Juan_Naranjo_,True,False,"El cauce seco del Guadalmedina que atraviesa la ciudad bajando cargado de agua hasta los bordes, las calles del centro convertidas en un torrente, el Hospital Clínico inundado… En Málaga se está gestando una tragedia. Y parece que queda mucha agua por caer. Esto es terrorífico.",55077,397,17,178,48
2024-11-10T22:19:39.000Z,YourAnonCentral,True,False,"Zelenskyy: ""We are not ready to give our freedom to this fucking terrorist Putin"".

Zelenskyy will be studied as a hero, not only for Ukraine, but our current moment in time for generations.",1213914,30394,2224,4693,590
2024-11-09T14:51:12.000Z,trumprealparody,True,False,"Be Honest: 

Are you Happy that Trump is the President of America  ?

A. Yes
B. No",2652147,115408,47309,8206,677
