timestamp,username,icon-verified,fact-checked,text,views,likes,replies,reposts,bookmarks
2024-11-11T21:38:19.000Z,The_Trump_Train,True,False,GIVE ME A  IF YOU SUPPORT OUR NEW BORDER CZAR TOM HOOMAN!,1361980,114155,16725,13852,1347
2024-11-11T21:13:04.000Z,NewEmergingKing,True,False,"Why are you so angry over my pick for President? 

Don’t become what you accuse the others of being. This goes to show how much people truly worship politicians. 

Do we even trust God anymore?

#DonaldTrump #Trump #KamalaHarris #Kamala #Project2025 #Agenda47",22964527,82218,3144,24873,12858
2024-11-12T18:50:57.000Z,TheOmniLiberal,True,False,"My Uber driver brought me my hot chocolate today on bike. It took 45 minutes to get here, and this is what happens as soon as I pick up the bag to bring it inside.

This is Trump's America.",18585,1688,187,75,27
2024-11-12T14:09:22.000Z,DoctorHenryCT,False,False,"Trump still hasn't signed the required ethics agreement because he has no intention of abiding it. So, any transition should stop until he signs it and if he doesn't sign it, he should not be allowed to take office. Start enforcing the fucking rules for this lunatic.",542770,32472,1424,7643,532
2024-11-12T09:01:00.000Z,marieclairekr,False,False,"#제작협찬 #teasingcover
#마리끌레르코리아 12월호의 커버 스타는 #NCT #마크 입니다. 다채로운 색으로 빛나는 #부쉐론 의 하이 주얼리처럼, 고유한 색과 매력으로 빛을 내는 티징 커버를 공개합니다. 내일부터 순차적으로 공개될 커버와 패션 필름, 화보까지 놓치지 마세요.
@Boucheron
 @NCTsmtown",428617,15296,434,10884,632
2024-11-12T15:56:11.000Z,Sassafrass_84,True,False,"She's right. Melania Trump is one of the most bullied people in the world. She never got a fair chance with the media. They did her dirty. This time around, we have X. And we can spread her messages and her good deeds. Msm is dead. Drop a heart if you support our Flotus. ",339177,29428,2869,4907,445
2024-11-12T10:19:28.000Z,AdameMedia,True,False,Trump is going to make this demon Secretary of Sate. ,139981,5920,721,2614,403
2024-11-12T15:55:17.000Z,MadeInTheUSANJ,False,False,Raise an American flag if you think that Judge Merchan should sentence Donald Trump to the fullest extent of the law for his 34 felony counts of Campaign Finance Fraud!,77219,6782,1321,1617,41
2024-11-12T13:15:24.000Z,feelmyhelpcomin,True,False,Trump is about to pay reparations to white people who have suffered “racial discrimination” due to “diversity initiatives” in higher education. This exactly why ideas such as “black people can be racist toward whites” have to be shut down. They’re about to institutionalize that.,352729,3166,180,1326,1044
2024-11-12T14:32:16.000Z,Liz_Wheeler,True,False,"RFK Jr. says his opinion of Trump has completely changed. “I’ve been convinced that this guy that I had such contempt for, such disdain for, is actually a really extraordinary leader that could be one of the great Presidents in history.”",447746,26805,184,4969,807
2024-11-12T17:11:55.000Z,VideoGameHstry,True,False,Super Mario Galaxy was released 17 years ago today in North America,17461,614,15,130,26
2024-11-12T17:57:25.000Z,dupontaignan,True,False,"Sermonner des enfants pour bien accoler le drapeau de l’UE à notre drapeau tricolore, quelle honte un 11 novembre pour qui se présente comme gaulliste !
#11Novembre",4923,615,38,231,5
2024-11-12T16:37:21.000Z,GENGIS9999,True,False,"Là j'avoue elle atteint des sommets

Ecoutez 
@knafo_sarah
 

 Je viens d'auditionner Stéphane Séjourné : « serez-vous l’homme qui défendra la France au sein de la Commission ou un simple exécutant d’Ursula von der Leyen ? »

Sa réponse va vous surprendre ! ",16444,944,97,444,28
2024-11-12T00:57:33.000Z,WatcherGuru,True,False,"JUST IN:  President-elect Trump to appoint pro-crypto cabinet members to fulfill his promise of making the US the ""crypto capital of the planet.""",999541,28285,830,4709,787
2024-11-12T09:38:37.000Z,JamesMelville,True,False,"Ed Miliband is a blethering idiot who has spaffed away £22bn of public money on carbon capture machines, plans to ban new North Sea oil and gas licences and destroys prime farmland with massive solar panel projects.",172714,7036,581,1838,68
2024-11-10T22:35:05.000Z,FoxNews,True,False,"VICTORY DANCE: Fraternity brothers at the University of Missouri showcased their support for Trump's presidential victory by dancing to the song “YMCA,” which Trump often dances to at his rallies.",1304668,26451,343,3074,915
2024-11-11T22:53:25.000Z,Ultrafrog17,True,False,"Trump's top contender for head of the CIA, Kash Patel:
-Wants to implement a 24/7 declassification office releasing files about JFK and 9/11.
-On day one, he wants to bring out Jeffrey Epstein's black book of names that were being blackmailed.
-He wants to bring out all the",3495130,60382,1196,15515,9859
2024-11-10T19:47:07.000Z,BritLad95,True,False,"Dear Americans  

As a British native, I just want to point out 
@SadiqKhan
, the 
@BBCNews
 or any other media DO NOT speak for the British! 

the TRUE BRITS can be heard from the capital cheering for TRUMP 

UNITED WE STAND 

GOD BLESS THE USA  ",1404100,90900,2135,18266,2870
2024-11-12T17:04:20.000Z,Abramjee,True,False,"#CITRobbery

N2 between Gingindlovu and Mandeni North bound, KZN.

Two security officers injured.

#CrimeWatch",25674,154,23,68,9
2024-11-11T04:45:55.000Z,WallStreetApes,True,False,"WOAH, This is a man still on the ground in Western North Carolina after Hurricane Helene. He’s talking to victims and they’re having their land purchased out from under them for $2,500

He says it’s definitely a land grab for the lithium and quartz mining

“Buying the land",1193619,34210,1479,23995,7725
