timestamp,username,icon-verified,fact-checked,text,views,likes,replies,reposts,bookmarks
2024-11-13T19:50:33.000Z,POTUS,True,False,"Today I met with President-elect Trump in the Oval Office.

I look forward to leading a smooth transition and peaceful transfer of power. As I told the President-elect, my team is committed to doing everything we can to ensure the incoming administration has what they need.",159785,2491,533,448,104
2024-11-13T19:24:37.000Z,BehizyTweets,True,False,"This is why I desperately want Tulsi Gabbard in President Trump's cabinet. Within her first 6 months as a Democrat Congresswoman, she opposed Obama's request to start bombing more countries in the Middle East.

They called to threaten her, but she stood her ground.

I don't care",18857,1550,51,340,39
2024-11-13T18:48:09.000Z,RepMTG,True,False,"I’m so excited for the opportunity to begin implementing President Trump’s America First agenda.

I’ve spoken to President Trump and Elon Musk on the phone, and a priority in the next administration will be putting an end to the war in Ukraine.

It’s going to end very soon.",54747,2658,281,413,20
2024-11-13T18:45:49.000Z,EricLDaugh,True,False,"BREAKING: Tim Scott has been elected as NRSC Chair - says he will follow on Trump's vision

""President Trump has been very CLEAR on his agenda. Our goal, with our leader John Thune, is to make sure we achieve those objectives.""

""My passion is making sure that we defend our",129427,1521,96,270,54
2024-11-13T11:16:08.000Z,Newzroom405,True,False,"[WATCH] ""We will smoke them out."" Minister in the Presidency Khumbudzo Ntshavheni says the government will not be sending any help for scores of illegal miners trapped underground in Stilfontein, North West. 

#Newzroom405",1400183,4821,1206,2060,486
2024-11-11T21:13:04.000Z,NewEmergingKing,True,False,"Why are you so angry over my pick for President? 

Don’t become what you accuse the others of being. This goes to show how much people truly worship politicians. 

Do we even trust God anymore?

#DonaldTrump #Trump #KamalaHarris #Kamala #Project2025 #Agenda47",33013991,113427,4261,33707,17759
2024-11-13T13:30:58.000Z,EdwardJDavey,True,False,"Today, I questioned the Prime Minister on his plan if Donald Trump abandons our brave Ukrainian allies.

If the US won't support Ukraine in its fight against Putin's war machine, the UK and Europe must – and we should use frozen Russian assets to do it.",90577,2574,323,616,44
2024-11-12T22:34:33.000Z,WUTangKids,True,False,Trump cabinet walking into the White House on January 20th,1818611,67619,2212,11016,2184
2024-11-13T16:22:13.000Z,PopBase,True,False,Donald Trump and Joe Biden meet at the White House.,2862623,76047,1324,4475,3840
2024-11-13T00:13:08.000Z,CalltoActivism,True,False,Trump cabinet walking into the White House ,1560142,56308,3072,12416,1806
2024-11-13T18:15:04.000Z,nytimes,True,False,"Watch as President Biden welcomed President-elect Donald Trump back to the White House on Wednesday, in a decades-old tradition that Trump did not extend to Biden when he lost in 2020. https://nyti.ms/48QmtaE",87106,294,84,86,35
2024-11-13T19:51:11.000Z,_johnnymaga,True,False,"Trump hit Biden with the power handshake.

Take notes gentlemen.",8775,351,18,47,18
2024-11-13T17:32:18.000Z,ScottforFlorida,True,False,"I want to thank my colleagues and the millions of Americans who supported my run and made their voices heard to demand change.

We will never stop fighting to turn our country around, advance President Trump’s agenda & Make America Great Again",359782,29930,1453,3594,128
2024-11-08T21:34:51.000Z,ReallyAmerican1,True,False,"Watch this man BRILLIANTLY explain why Donald Trump's tariffs plan will be a complete DISASTER for hard-working Americans.

This is EXCELLENT.",4309906,53852,2772,13670,16502
2024-11-13T16:27:26.000Z,charliekirk11,True,False,"BREAKING: President-elect Donald Trump meets with President Joe Biden in the White House:

BIDEN: “I look forward to having a smooth transition…welcome.”

TRUMP: “Politics is tough, and in many cases not a very nice world, but it is a nice world today.”",1637858,36675,831,3147,1929
2024-11-13T11:28:57.000Z,MichelleMaxwell,True,False,Now that he addressed it I am going to choose to take him at his word. No one is perfect. When we are attacked for supporting President Trump we recognize the fact that he says and does things at times that we might not agree with but we see the bigger picture. We all make,363897,5256,1033,804,366
2024-11-13T12:03:21.000Z,ZelenskyyUa,True,False,"Since the start of the full-scale invasion, Russian attacks have completely destroyed 227 medical facilities in Ukraine and damaged over 1,700 more.

Russia deliberately targets hospitals, clinics, and maternity hospitals. Yet, our Ukrainian doctors, nurses, and medical staff",261315,8702,518,3251,172
2024-11-11T23:36:55.000Z,Chicago1Ray,True,False,"Charlie Kirk went to these campuses and turned a lot of the youth vote in critical states like (MI) (PA) for President Trump 

Can I get a like for Charlie Kirk ",957005,93181,3806,10374,896
2024-11-11T04:41:35.000Z,mjfree,True,False,If Trump & Elon’s “little secret” was to use Starlink in swing states to tally the votes & rig the election - an investigation & hand recount is crucial. Now.,1950052,28334,3776,11524,1670
2024-11-13T12:33:09.000Z,EdKrassen,True,False,"BREAKING: Trump names Jeffrey Dahmer to head up the Food & Drug Administration (FDA).

MAGA celebrates and says, “he has experience with food.”",378929,12726,1736,2118,205
2024-11-07T22:21:39.000Z,jakepaul,True,False,"Trump 48 hours not even in office

1. Call with Putin to end Russia Ukraine war 
2. Cease fire in Iran 
3. Hamas calls for “immediate end to war”
4. China hopes for peaceful coexistence with America 

Kamala Harris 4 years as VP

1. ____________________",7459338,194053,5056,25461,8972
2024-11-08T04:25:59.000Z,DonaldTNews,True,False,"Drop a  if you are happy to see Melania as our FLOTUS again, I will follow you back!",2951262,162524,14737,11203,1068
2024-11-13T18:56:02.000Z,MTGrepp,True,False,"HAPPENING NOW  Senate Leader John Thune has promised to pass Trump’s nominees quickly 

WE WILL HOLD HIM ACCOUNTABLE, IF HE DOES NOT, HE WILL BE FIRED IMMEDIATELY  

THEY SHOULD HAVE ELECTED RICK SCOTT",44524,2155,198,578,61
