timestamp,username,icon-verified,fact-checked,text,views,likes,replies,reposts,bookmarks
2024-11-12T15:56:11.000Z,Sassafrass_84,True,False,"She's right. Melania Trump is one of the most bullied people in the world. She never got a fair chance with the media. They did her dirty. This time around, we have X. And we can spread her messages and her good deeds. Msm is dead. Drop a heart if you support our Flotus. ",1756817,97438,8338,13745,1865
2024-11-12T23:43:47.000Z,STMArgentina,True,False,"A un año del debate…. 
Cómo nos cagaron!",243304,5009,327,1000,384
2024-11-13T01:23:28.000Z,Ashcryptoreal,True,False," BREAKING 

TRUMP ANNOUNCES ELON MUSK 
AND VIVEK RAMASWAMY WILL HEAD 
THE DEPARTMENT OF GOVERNMENT 
EFFICIENCY ( DOGE ) 

MASSIVE WIN FOR $DOGE ",35685,1262,85,172,27
2024-11-12T12:12:10.000Z,toobaffled,True,False,"The President of Argentina Javier Milei has now joined forces with President Donald Trump to expose the UN, WEF, and WHO as terrorist organizations trying enforce their 2030 agenda of one world government while removing all human rights and freedoms for tyrannical globalist",513463,33753,561,11978,2579
2024-11-11T21:38:19.000Z,The_Trump_Train,True,False,GIVE ME A  IF YOU SUPPORT OUR NEW BORDER CZAR TOM HOOMAN!,1691998,134731,19988,15932,1590
2024-11-13T00:45:30.000Z,CollinRugg,True,False,"BREAKING: Donald Trump announces that Elon Musk and Vivek Ramaswamy will lead the Department of Government Efficiency (DOGE) together.

""Together, these two wonderful Americans will pave the way for my Administration...""

""To dismantle Government Bureaucracy, slash excess",765729,28421,723,4332,1032
2024-11-11T18:50:37.000Z,atensnut,True,False,You can cut the tension with a knife!,4075728,60945,3993,9225,2226
2024-11-12T23:06:03.000Z,ricky_martin,True,False,Tengo varios años queriendo hacer un videito de estos con mi hijo y finalmente el jr. accedió. ,141654,4391,105,243,97
2024-11-12T21:18:31.000Z,RealAlexJones,True,False,"Trump Pledges Educational Gamechanger By Creating The American Academy. A Website Covering ""The Full Spectrum Of Human Knowledge"" That Will Be Free To All Americans.

Check out my Live Stream
https://x.com/i/broadcasts/1mrxmMZPykMxy…",4657409,66406,1885,14337,6742
2024-11-12T15:27:22.000Z,DisavowTrump20,True,False,"BREAKING: Federal Judge John DeGravelles has blocked a Louisiana law that mandates the display of the Ten Commandments in public schools. 

RETWEET to thank Judge DeGravelles for standing up for the separation of church and state!",134089,14387,289,4277,77
2024-11-08T11:32:16.000Z,krassenstein,True,False,"THIS IS F-CKING SCARY:  

Trump's lawyer Mike Davis just threatened to have NY AG Letitia James imprisoned for continuing her fight to hold Trump accountable for the 34 felony counts he’s was convicted of. 

""I dare you to try to continue your lawfare against President Trump...",4092501,47578,10399,11870,5315
2024-11-12T21:58:28.000Z,MTGrepp,True,False,"WE NEED ALL OF TRUMP’S CABINET MEMBERS TO BE AS LOYAL AS ALINA HABBA. LET’S GO 

ALINA HABBA IS FIERCE ",129253,7567,116,1116,186
2024-11-12T15:38:41.000Z,karlykingsley,True,False,"Trump: I talked to Putin and told him to de-escalate the war in Ukraine.  

Putin: Never happened. *blows up the Kurakhiv reservoir dam, moves 50,000 troops to the border, plays naked pictures of Melania on a loop, issues official press release saying that Trump has corresponding",655476,10148,341,4022,867
2024-11-07T17:00:26.000Z,Strandjunker,True,False,"If you voted for Trump, I don’t judge you for your choice of political party.

I judge you for your lack of morals, ethics, compassion and humanity.

I judge you for your support of racism, misogyny, homophobia, transphobia, treason and fascism.

So will others. So will history.",5025185,154445,24348,32060,5519
2024-11-13T01:35:53.000Z,dogeofficialceo,True,False,Me going to bed tonight knowing that Trump and Elon actually created the Department of Government Efficiently (DOGE),24630,569,59,55,19
2024-11-13T01:06:21.000Z,NCTDREAMCENTER,True,False,"NCT DREAM #MARK on the cover of Marie Claire Korea Magazine - December 2024 issue

#NCTDREAM 
@NCTsmtown_DREAM",24679,1818,2,1095,100
2024-11-08T20:08:42.000Z,realDonaldJNews,True,False,Give this post a  if you support Rick Scott for Senate Leader!,1449005,65257,12071,12526,230
2024-11-13T01:11:29.000Z,RealJamesWoods,True,False,One year ago this RINO prognosticated a dystopian future for the GOP if Donald Trump was the 2024 nominee. Laser vision! ,136676,3710,324,723,64
2024-11-07T19:25:21.000Z,EmmanuelMacron,True,False,"Donald Trump was elected by Americans to defend the interests of Americans.

The question we, as Europeans, must ask ourselves is, are we ready to defend the interests of Europeans?",8307698,96294,13411,16536,7010
2024-11-10T13:07:42.000Z,IvankaNews_,True,False,"Give me a Thumbs-Up, if you fully support Tulsi Gabbard joining Trump's Cabinet.",1803164,130184,21139,8509,539
2024-11-12T14:18:29.000Z,politvidchannel,True,False,"BREAKING: Senator Elizabeth Warren has the Numbers to confirm 40 federal Judges to 'safeguard democracy' and block Trump's deportation of immigrants.

none can be removed by Trump",912580,33888,1249,5272,1155
2024-11-08T12:00:14.000Z,LeadingReport,True,False,BREAKING: 64% of Native Americans voted for Trump.,39082095,207518,3535,29524,11820
2024-11-12T00:38:05.000Z,AZ_Brittney,True,False,"Melania Trump has refused an invitation to meet with Jill Biden at the White House. 

First Lady Doctor Jill Biden is classier, smarter and kinder than Melania by a long shot! 

Who agrees? ",1794113,51097,11584,6957,377
2024-11-08T02:38:00.000Z,dom_lucre,True,False,BREAKING NEWS: I am resurfacing that The Simpsons predicted all 3 of Donald Trump presidencies in their 2015 episode Trumptastic Voyage. I hope everyone has been enjoy this show. The world stage is coming to an end.,21667520,109074,946,10803,29657
