timestamp,username,icon-verified,fact-checked,text,views,likes,replies,reposts,bookmarks
2024-11-13T05:28:54.000Z,amerix,True,False,"President Trump has picked Elon Musk and Vivek Ramaswamy to lead The Department of Government Efficiency (DOGE)

This department is tasked with ending wastage of taxpayers' money and draining the swamp.

America has Vivek, Kenya has David Ndii.

Kenya is led by fools.",135728,3567,241,1218,111
2024-11-12T15:56:11.000Z,Sassafrass_84,True,False,"She's right. Melania Trump is one of the most bullied people in the world. She never got a fair chance with the media. They did her dirty. This time around, we have X. And we can spread her messages and her good deeds. Msm is dead. Drop a heart if you support our Flotus. ",2588984,128293,10472,17227,2677
2024-11-08T02:38:00.000Z,dom_lucre,True,False,BREAKING NEWS: I am resurfacing that The Simpsons predicted all 3 of Donald Trump presidencies in their 2015 episode Trumptastic Voyage. I hope everyone has been enjoy this show. The world stage is coming to an end.,21670736,109055,946,10801,29638
2024-11-11T21:57:16.000Z,TiffanyFong_,True,False,Donald Trump wanted Elon Musk to join his family photo. I love their friendship. ,5710493,142925,1314,11545,6284
2024-11-07T17:00:26.000Z,Strandjunker,True,False,"If you voted for Trump, I don’t judge you for your choice of political party.

I judge you for your lack of morals, ethics, compassion and humanity.

I judge you for your support of racism, misogyny, homophobia, transphobia, treason and fascism.

So will others. So will history.",5032294,154391,24340,32067,5516
2024-11-11T21:38:19.000Z,The_Trump_Train,True,False,GIVE ME A  IF YOU SUPPORT OUR NEW BORDER CZAR TOM HOOMAN!,1836886,146634,21491,17081,1769
2024-11-13T09:00:29.000Z,olex_scherba,True,False,"Valeriy Tkachenko, a high-level russian officer, involved in missile strikes against Ukraine was killed in the occupied Sevastopol.

#StandWithUkraine",4772,149,9,22,4
2024-11-13T09:52:13.000Z,CinemaWithAB,True,False,"#Kanguva - First Proper biggie from Kollywood to get release in North Indian post Covid & Very good theatre chatting in Overseas too
Advance Bookings are going on a Very good trend 

All set for Biggest opening for #Suriya tomorrow ",2701,354,5,171,3
2024-11-13T04:57:06.000Z,TrumpDailyPosts,True,False,Trump won and you know it,86229,3837,89,584,248
2024-11-13T00:48:27.000Z,OzraeliAvi,True,False,My reaction to each Trump admin pick so far,1408605,30273,385,3666,1269
2024-11-12T22:34:33.000Z,WUTangKids,True,False,Trump cabinet walking into the White House on January 20th,1220852,47816,1614,8290,1554
2024-11-13T07:01:11.000Z,heimbergecon,False,False,"Trump announced that Elon Musk will lead a new department to cut government spending. 

Looking at government subsidies for Musk's companies, we can be pretty sure where he will *not* be cutting.

The conflict of interest is mind-boggling.",43466,925,39,342,125
2024-11-07T19:29:17.000Z,MTGrepp,True,False,"HOLY SH*T  Robert F. Kennedy Jr. EXPOSED Democrats for poisoning our kids’ food and says

“President Trump and I are going to STOP the mass poisoning of American children”

MASSIVE NEWS ",4465760,109763,1338,22851,12692
2024-11-13T01:01:14.000Z,marieclairekr,False,False,"#제작협찬 #cover
새벽과 아침, 소년과 남자의 경계에서 빛나는 #NCT #마크 와 #부쉐론. 지금 3종의 커버 이미지를 공개합니다. 

 
@BOUCHERON
 @NCTsmtown
 #boucheron #MARK",285193,14866,218,10532,544
2024-11-12T18:13:00.000Z,yeahrightgirlhg,True,False,"my grandma voted for Kamala and I voted for Trump. as a result, i’m spending Thanksgiving at my grandma’s house, because neither of us are little bitches.",1916862,130228,1690,7385,1410
2024-11-08T11:32:16.000Z,krassenstein,True,False,"THIS IS F-CKING SCARY:  

Trump's lawyer Mike Davis just threatened to have NY AG Letitia James imprisoned for continuing her fight to hold Trump accountable for the 34 felony counts he’s was convicted of. 

""I dare you to try to continue your lawfare against President Trump...",4093611,47531,10396,11869,5311
2024-11-11T18:01:46.000Z,DonaldTNews,True,False,"Do you agree that Bill Gates and Dr. Anthony Fauci should be prosecuted for the crimes against humanity they committed?

YES or NO?

If YES, I will follow you back ",4054602,148922,57438,23228,2018
2024-11-09T04:16:46.000Z,TiffanyFong_,True,False,"Donald Trump announces he will “ask Congress to pass a bill establishing that the only genders recognized by the U.S. government are male and female, and they are assigned at birth.” Based.",38122979,456457,12219,62752,41641
2024-11-12T21:18:31.000Z,RealAlexJones,True,False,"Trump Pledges Educational Gamechanger By Creating The American Academy. A Website Covering ""The Full Spectrum Of Human Knowledge"" That Will Be Free To All Americans.

Check out my Live Stream
https://x.com/i/broadcasts/1mrxmMZPykMxy…",10597070,117900,3287,23865,12583
2024-11-08T15:52:16.000Z,piersmorgan,True,False,"Wokeism is dead. 
Identity politics is dead. 
Virtue-signalling is dead. 
Trump’s massive win was a total repudiation of all the far-left’s ‘progressive’ (but actually regressive) crap. 
Common sense will now return to a world that had gone nuts, and thank god for that.",4125193,125984,7393,16605,3196
2024-11-12T18:17:25.000Z,bennyjohnson,True,False,"BREAKING: Sen. Ron Johnson announces he will push for a delay in the Senate Leader vote as Trump set to visit Capitol Hill tomorrow:

""It's grotesque. McConnell figured he has whoever he wants to grease the skids... If nobody else proposes a delay, I will.""",2318904,61938,1069,16468,1158
2024-11-09T16:30:02.000Z,DonaldTNews,True,False,"Novak Djokovic showing his Christian Cross after his victory.

The mainstream media censored this! Let's make it go VIRAL!",3157306,110090,833,23193,1418
2024-11-08T05:51:00.000Z,NickKnudsenUS,True,False,"Hey Trump voters.

Hate to break it to you - but here’s what actually happened on Tuesday.

Watch. Bernie explained it 20 years ago.",5925399,96572,2308,25088,41919
