timestamp,username,icon-verified,fact-checked,text,views,likes,replies,reposts,bookmarks
2024-11-11T05:28:33.000Z,ImMeme0,True,False,"BREAKING: President Trump selects former ICE Director Tom Homan as Border Czar for the upcoming administration, tasked with overseeing the largest mass deportation operation in U.S. history.",3077182,109424,1906,21750,11702
2024-11-11T16:45:44.000Z,CilComLFC,True,False,"Marine Le Pen: “The same people who say I have no chance of winning said Donald Trump couldn’t become President of the United States.

Those in power do not understand what is happening: people are taking their Countries back.”

She has said the actual truth! ",127416,12999,127,3110,193
2024-11-11T07:00:32.000Z,libsoftiktok,True,False,"Meet Trump’s pick for border czar.

We are so back! ",8820324,144493,2953,16310,16974
2024-11-11T19:52:43.000Z,BehizyTweets,True,False,"State officials are already preparing for when President Trump shuts down the Department of Education.

Oklahoma's superintendent sent a memo to parents, giving them a heads-up and explaining why it's important.

“For decades, the U.S. Department of Education has unjustifiably",15273,942,55,294,48
2024-11-11T19:57:27.000Z,RealAlexJones,False,False,"ELECTION BOMBSHELL: Democrats Tried To Steal The 2024 Election & Failed—

Trump Must Launch An Election Integrity Commission, Says The Head Rasmussen Polling
@Mark_R_Mitchell
Watch/Share The LIVE SHOW here:
https://x.com/i/broadcasts/1eaJbaqnlgvGX…",53901,2281,85,785,156
2024-11-11T04:48:30.000Z,EndWokeness,True,False,"BREAKING: President Trump names Tom Homan as his Border Czar, in charge of deportations. 

Illegals, start packing.",10715860,125201,1606,11074,14580
2024-11-11T18:19:07.000Z,LoetitiaH,True,False,"L'industrie allemande et son gouvernement s'effondrent. Dirigés par un imbécile. 

La France est ravagée par la division sociale, la criminalité et fait face à une grave récession. Dirigée par un imbécile.

Le chef imbécile non élu de l'OTAN, rejeté par le peuple néerlandais,",2569,233,39,158,8
2024-11-11T17:56:20.000Z,GazaNewsPlus,True,False," [ ÉLIMINÉ ]Le terroriste Itamar Levin Friedman, commandant d'une unité des forces spéciales de l'armée d'occupation nazi-sioniste, a été liquidé par les Brigades Al-Qassam au nord de la bande de Gaza. 

(Cette publication contient un audio)",4345,300,13,97,3
2024-11-11T17:59:50.000Z,mog_Russ,True,False," الجيش الإسرائيلي:

""حزب الله أطلق 80 صاروخاً على منطقة حيفا.""",9657,934,9,127,8
2024-11-11T18:52:07.000Z,WeAreWoke1776_3,True,False,"You’re all gonna be surprised at who played Black Hat-vs-White Hat.
Nothing is what it seems, but you’re about to find out!!!
This new Trump Admin will tell ALL.
#BuckleUp!!",5745,306,10,95,33
2024-11-11T18:14:13.000Z,_samiyenhaber,True,False,"Fenerbahçe’ye hizmet eden Trio programı, “Galatasaray’ın aleyhine verilen 6 penaltının 4’ü yanlış karar” diyor. Acun’un kanalında yorumculuk yapan Fırat Aydınus, “Galatasaray aleyhine verilen 6 penaltının 4 tanesi çok komik” diyor. Üstelik bunları söyleyenler maaşlı elemanları.",149794,13902,131,1343,472
2024-11-11T19:07:00.000Z,IvaMasson,True,False,"Un grand merci à nos brillantes élites européennes ! Regardez juste la différence de prix entre 2022 et 2023  Ça donne à réfléchir sur la vision ""visionnaire"" de nos dirigeants, n'est-ce pas ? #GouvernementDeTromperie",4078,439,33,405,22
2024-11-11T15:56:56.000Z,RepMTG,True,False,"We must pass my Protect Children’s Innocence Act so President Trump can sign it into law!

What my bill does:

 Charges any person who knowingly performed gender-affirming care on a minor with a Class C Felony (10 to 25 years in prison or maximum $250,000 fine).

 Prohibits",98574,4930,329,1060,106
2024-11-11T17:27:43.000Z,IRIran_Military,True,False,Zionist terrorists watch in disbelief and shock as Lebanese Hezbollah fires salvoes of rockets deep into occupied Palestine from areas the Zionists thought they had already secured.,22138,818,48,134,23
2024-11-11T19:57:49.000Z,renoomokri,True,False,"I love being a Nigerian. Which other country on Earth can generate such breathtaking couture as Babanriga topped with Borno cap? Arewa, you do this one!

May God bless the North and its people for the immeasurable value they have added to my life as a Nigerian.",0,48,8,3,1158
2024-11-10T15:11:42.000Z,WallStreetApes,True,False,"CONFIRMED Biden/Harris Admin taking Hurricane Victims children away

Green Mountain, North Carolina Hurricane Helene Victims having their kids taken away

Victims “Even if they're living with neighbors and their parents — They're coming to take them”

“If they're in that shelter",2359490,39185,2886,27517,7188
2024-11-10T17:38:00.000Z,MTGrepp,True,False,"If you think Melania Trump is the MOST beautiful First Lady, then drop a """" in the comments",1875478,102281,8442,5749,544
2024-11-11T00:53:16.000Z,charliekirk11,True,False,"Nick Bosa celebrates a sack with Trump’s signature dance. Fine that, NFL. ",3882396,69480,640,4879,1228
2024-11-10T22:19:39.000Z,YourAnonCentral,True,False,"Zelenskyy: ""We are not ready to give our freedom to this fucking terrorist Putin"".

Zelenskyy will be studied as a hero, not only for Ukraine, but our current moment in time for generations.",802007,20688,1434,2966,405
2024-11-11T05:03:36.000Z,BRICSinfo,True,False, Russia is the largest non-Muslim country providing aid to Palestine.,377857,19843,406,2707,334
2024-11-11T05:52:52.000Z,DefiyantlyFree,True,False,"I know there’s a lot going on right now, but let’s not forget the investigation into the fact that George Soros was allowed to purchase like 200 conservative radio stations right before election with foreign money.",523683,21111,369,7019,853
2024-11-08T00:44:43.000Z,stclairashley,True,False,How Trump’s New America feels,3590497,81685,942,12009,10534
2024-11-10T19:18:55.000Z,EndWokeness,True,False,"""DONALD TRUMP WILL NEVER EVER BE PRESIDENT"" montages never get old:",7556922,103154,2498,19335,22554
2024-11-11T11:17:46.000Z,blueheartedly,False,False,Who thinks Donald Trump and Elon Musk should be investigated for election tampering?,48779,6498,634,1321,36
2024-11-09T18:28:30.000Z,kangminjlee,True,False,"It’s a fake apology. He did this in Japan and gloated about how he got away with what he did.

Korea, do not accept the apology.",5734270,157524,2094,10010,2465
2024-11-11T03:13:42.000Z,charliekirk11,True,False,"John Thune on whether he would support Trump running for President: 

“I’m hoping we get other options.” 

Would be a shame if this went viral.",1300283,24566,1335,16699,580
