timestamp,username,icon-verified,fact-checked,text,views,likes,replies,reposts,bookmarks
2024-11-13T19:50:33.000Z,POTUS,True,False,"Today I met with President-elect Trump in the Oval Office.

I look forward to leading a smooth transition and peaceful transfer of power. As I told the President-elect, my team is committed to doing everything we can to ensure the incoming administration has what they need.",2618605,55729,4596,4540,1447
2024-11-14T00:42:41.000Z,DisavowTrump20,True,False,"Susan Collins is up for re-election in 2026. Obama UN Ambassador Susan Rice has considered challenging her before and is the strongest candidate to flip that seat for Democrats.

RETWEET if you would support Susan Rice against Susan Collins!",11591,1200,28,503,13
2024-11-13T16:52:32.000Z,_johnnymaga,True,False,"HOLY SMOKES. Biden-Harris staffers came out of their offices to catch a glimpse of Trump during his return to The White House.

CNN: “It’s REALLY stunning.”

Even his detractors recognize the magnitude of the moment.",1921615,19141,346,2783,1636
2024-11-13T19:01:08.000Z,MTGrepp,True,False,"HOLY SH*T  Thousands of people lined up to see Donald Trump as he goes to the White House

WE MISS YOU MR PRESIDENT ",610171,48378,360,6699,761
2024-11-09T16:30:02.000Z,DonaldTNews,True,False,"Novak Djokovic showing his Christian Cross after his victory.

The mainstream media censored this! Let's make it go VIRAL!",3181050,110271,839,23231,1423
2024-11-08T04:25:59.000Z,DonaldTNews,True,False,"Drop a  if you are happy to see Melania as our FLOTUS again, I will follow you back!",2962489,162631,14764,11212,1067
2024-11-14T01:36:52.000Z,MTGrepp,True,False,"HAPPENING NOW  Both President Trump and Elon Musk made a surprise visit at Mar-a-Lego

I have a feeling the Deep State is not going to be happy with this dynamic duo doing everything together ",15999,1159,45,213,12
2024-11-13T12:54:16.000Z,brookstweetz,True,False,Donald Trump announces Baron Harkonnen will head spice production on the planet of Arrakis,4933123,153055,685,12046,4535
2024-11-09T08:37:26.000Z,ByDonkeys,True,False,"How Musk broke Twitter and helped elect Trump
(Location: Tesla European HQ, Amsterdam)",4007214,50984,3036,24390,14219
2024-11-13T15:55:26.000Z,DisavowTrump20,True,False,"This is General Charles Q. Brown, the Chairman of the Joint Chiefs of Staff. In 68 days, he will become the most important man in America: tasked with safeguarding our military from Donald Trump’s worst instincts.

RETWEET to thank General Brown for his service to our nation!",92823,8491,590,3085,87
2024-11-13T23:41:08.000Z,dannydanon,True,False,"A moving day at the UN: I delivered a media statement together with Ayelet Samerano, the mother of Yonatan who was kidnapped by an UNRWA employee on October 7. Together we called on the UNRWA Commissioner-General to resign. Ayelet, your courage is inspiring. We will continue the",8863,487,18,170,16
2024-11-14T02:00:01.000Z,LaraLeaTrump,True,False,Join us for Episode 90 and leave a comment with a question you’d like answered in future episodes!,5732,185,16,23,11
2024-11-14T01:59:10.000Z,mazemoore,True,False,How can the incoming Trump administration ever compete with this?,3754,170,25,63,21
2024-11-14T01:29:44.000Z,JackPosobiec,True,False,"BREAKING: President Trump and Elon Musk make surprise appearance at 
@A1Policy
 event here at Mar a Lago",129266,7941,144,1281,187
2024-11-14T00:23:12.000Z,CollinRugg,True,False,"JUST IN: Matt Gaetz has resigned from Congress catching Speaker Johnson ""by surprise,"" after Trump nominated Gaetz to be the next Attorney General.

""[Gaetz] issued his resignation letter effective immediately...""

""That caught us by surprise a little bit, but I asked him what",1519594,15481,386,2390,812
2024-11-11T21:13:04.000Z,NewEmergingKing,True,False,"Why are you so angry over my pick for President? 

Don’t become what you accuse the others of being. This goes to show how much people truly worship politicians. 

Do we even trust God anymore?

#DonaldTrump #Trump #KamalaHarris #Kamala #Project2025 #Agenda47",33319264,118067,4395,34934,18512
2024-11-13T21:22:21.000Z,trumprealparody,True,False,"Give me a Thumbs-up ,if you support Matt Gaetz as our next attorney general.",123250,13948,3245,1601,37
2024-11-13T13:34:45.000Z,LDLC,False,False," CONCOURS 

Chose promise, chose due ! 

Un PC Bazooka RGB et un paquet de chips de la saveur de votre choix à gagner. 

Pour participer : 
 RT ce tweet 
 Postez en commentaire le parfum de chips voulu

Le PC : ",625825,7873,14075,14910,512
2024-11-13T12:26:41.000Z,catturd2,True,False,"To all you Democrats freaking out over Trump's pics ...

We're laughing at you. ",1038742,56250,1529,13185,1227
2024-11-14T01:23:03.000Z,mingifeeds,True,False,#MINGI DAZED Korea,7742,1127,3,337,69
