timestamp,username,icon-verified,fact-checked,text,views,likes,replies,reposts,bookmarks
2024-11-12T15:56:11.000Z,Sassafrass_84,True,False,"She's right. Melania Trump is one of the most bullied people in the world. She never got a fair chance with the media. They did her dirty. This time around, we have X. And we can spread her messages and her good deeds. Msm is dead. Drop a heart if you support our Flotus. ",2657176,130264,10582,17454,2735
2024-11-13T05:28:54.000Z,amerix,True,False,"President Trump has picked Elon Musk and Vivek Ramaswamy to lead The Department of Government Efficiency (DOGE)

This department is tasked with ending wastage of taxpayers' money and draining the swamp.

America has Vivek, Kenya has David Ndii.

Kenya is led by fools.",152244,3946,250,1359,124
2024-11-12T22:52:22.000Z,giraltpablo,True,False,"Tremendo testimonio de Adriano Ribeiro en The Players Tribune:

""Sé lo que se siente ser una promesa, incluyendo una promesa incumplida. El mayor desperdicio del fútbol: yo. Me gusta esa palabra porque estoy obsesionado con desperdiciar mi vida. Estoy bien así, en un desperdicio",1031159,17625,474,3240,1575
2024-11-11T21:38:19.000Z,The_Trump_Train,True,False,GIVE ME A  IF YOU SUPPORT OUR NEW BORDER CZAR TOM HOOMAN!,1845803,147451,21627,17177,1783
2024-11-07T22:21:39.000Z,jakepaul,True,False,"Trump 48 hours not even in office

1. Call with Putin to end Russia Ukraine war 
2. Cease fire in Iran 
3. Hamas calls for “immediate end to war”
4. China hopes for peaceful coexistence with America 

Kamala Harris 4 years as VP

1. ____________________",7439914,194640,5038,25568,8991
2024-11-07T10:35:57.000Z,krassenstein,True,False,"An Anti-Trump protest in Chicago. 

These should be peacefully taking place all over the country. 

This is what democracy is about, not storming Capitol buildings. Right MAGA?",5120898,114098,14340,17499,4013
2024-11-13T07:49:02.000Z,mhdksafa,True,False,"Elon Musk accused me that my followers are bots, which is why I lost over 100k followers in 48h and get censored here. If you're not a bot, reply with . I’m trying to prove a point to Elon who claims you’re bots.

You can silence me at X, but you can't silence me at the UN.",49797,3931,1399,1079,44
2024-11-10T12:35:43.000Z,krassenstein,True,False,"SICK!  

Donald Trump  Jr., the kid born with a diamond spoon in his mouth, just posted this video, mocking Zelensky. 

FACTS:

- Russia has killed over 600 children in Ukraine. 
- Russia has killed over 10,000 civilians in Ukraine. 
- Russia has stolen their sovereign land 

And",2481574,25816,4715,5343,1416
2024-11-12T19:40:26.000Z,RealAlexJones,True,False,"Trump Pledges To Declare War On Drug Cartels Which Ship Fentanyl, Engage In Human Trafficking, And Organized Crime That Is Destroying Our Country From Within.

Watch and Spread This LiveStream:
https://x.com/i/broadcasts/1mrxmMZPykMxy…",17521850,155356,3406,27800,5963
2024-11-07T20:12:59.000Z,MTGrepp,True,False,"HOLY SH*T  Trump’s Lawyer, Mike Davis, just dropped the  and ended Letitia James career

He said if she continues with the lawfare “We will put your fat*ss in prison” LET’S GO  

THIS IS THE ENERGY I LIKE ",2855332,97880,2917,24540,6930
2024-11-11T23:36:55.000Z,Chicago1Ray,True,False,"Charlie Kirk went to these campuses and turned a lot of the youth vote in critical states like (MI) (PA) for President Trump 

Can I get a like for Charlie Kirk ",874046,83763,3241,9402,776
2024-11-12T21:52:14.000Z,TONYxTWO,True,False,"Alina Habba appears to be the Front Runner for Trump’s Press Secretary Position 

Let’s make this happen!!!",487936,24996,530,3705,790
2024-11-13T11:02:38.000Z,Gaules,True,False,"Vai ter MIBR no Major da China!!
O primeiro representante brasileiro classificado tem nome!!!
VAMOOOO!!!!!",0,65,2,10,295
2024-11-13T08:17:23.000Z,victoriaslog,True,False,"Russia launched nearly 100 drones, cruise missiles, and ballistic missiles at Ukrainian civilians this morning. Russians celebrated burning houses in Kyiv.

It was a grim and heavy start to the day. But life goes on.",4449,152,9,85,7
2024-11-12T22:39:01.000Z,realDonaldTrump,True,False,N/A,13553130,299545,6025,32052,7873
2024-11-13T09:48:15.000Z,el_pais,True,False," TV en DIRECTO | Rufián: ""Hay un poder más poderoso que el ejecutivo, legislativo o judicial. Es el poder digital [...]. No debería ser posible que se diga de forma gratuita que el Gobierno esconde 900 cadáveres en un garaje [...]. Multas a quien mienta"" https://tinyurl.com/smvmahar",62339,2012,97,746,50
2024-11-13T08:38:46.000Z,presidentaz,True,False,"President Ilham Aliyev: “As the President of COP29, Azerbaijan will do its best to find a common understanding between developed and developing countries, between the Global South and the Global North.”

#COP29 #COP29Azerbaijan",0,1,27,114,1696
2024-11-13T08:40:26.000Z,KyivPost,True,False,"In Russian occupied Crimea, a Captain of 1st rank of Russia's Black Sea Fleet has been blown up in his car.A local reporter has suggested that ""Ukraine's version of Mossad will eventually make Mossad look like the Teletubbies"".",9765,404,11,100,7
2024-11-07T19:29:17.000Z,MTGrepp,True,False,"HOLY SH*T  Robert F. Kennedy Jr. EXPOSED Democrats for poisoning our kids’ food and says

“President Trump and I are going to STOP the mass poisoning of American children”

MASSIVE NEWS ",4467415,109762,1338,22855,12691
2024-11-09T19:35:37.000Z,KoryYeshua,True,False,Young Trump supporter stands his ground while debating the Teacher and his classmates at a high school in Chicago.,7592697,179075,12444,31257,20988
2024-11-12T01:37:00.000Z,DisavowTrump20,True,False,"This is former GOP Rep. Michael Grimm. He was recently involved in a tragic accident that has left him paralyzed and is seeking $2.5 million on GoFundMe to cover his expenses.

Grimm voted against the Affordable Care Act to block health care access for millions of Americans.",5816696,118932,7571,19199,5604
2024-11-13T02:02:07.000Z,BehizyTweets,True,False,"President Donald J. Trump just changed the course of American history forever by appointing Elon Musk & Vivek Ramaswamy to lead the Department of Government Efficiency.

The deep state is panicking right now.

SHUT IT DOWN!",174456,9408,178,1405,178
2024-11-07T15:25:06.000Z,RpsAgainstTrump,True,False,"Jimmy Kimmel: “It was a terrible night for women for children…For our allies in Ukraine for NATO…a terrible night for everyone who voted against him, and guess what? It was a bad night for everyone who voted for him too. You just don't realize it yet”",2289339,69822,2583,13561,2156
