timestamp,username,icon-verified,fact-checked,text,views,likes,replies,reposts,bookmarks
2024-11-13T05:28:54.000Z,amerix,True,False,"President Trump has picked Elon Musk and Vivek Ramaswamy to lead The Department of Government Efficiency (DOGE)

This department is tasked with ending wastage of taxpayers' money and draining the swamp.

America has Vivek, Kenya has David Ndii.

Kenya is led by fools.",62190,1871,162,717,52
2024-11-12T15:56:11.000Z,Sassafrass_84,True,False,"She's right. Melania Trump is one of the most bullied people in the world. She never got a fair chance with the media. They did her dirty. This time around, we have X. And we can spread her messages and her good deeds. Msm is dead. Drop a heart if you support our Flotus. ",2387288,123540,10149,16667,2496
