timestamp,username,icon-verified,fact-checked,text,views,likes,replies,reposts,bookmarks
2024-11-12T15:56:11.000Z,Sassafrass_84,True,False,"She's right. Melania Trump is one of the most bullied people in the world. She never got a fair chance with the media. They did her dirty. This time around, we have X. And we can spread her messages and her good deeds. Msm is dead. Drop a heart if you support our Flotus. ",3231730,150898,12261,19890,3155
2024-11-13T19:03:21.000Z,nicksortor,True,False," #BREAKING: The official X page for Trump and Elon’s Department of Government Efficiency (
@DOGE
) is now LIVE

LFG!",544,82,10,35,2
2024-11-07T15:01:50.000Z,MAGAResource,True,False,"Donald Trump has only been elected for 2 days and RFK Jr is already working on making America healthy again. 

God bless him.",17505780,481468,6819,90551,61331
2024-11-13T18:36:57.000Z,DanScavino,True,False,"11/13/2024—President Trump’s historic journey to the White House this afternoon in Washington, D.C.",60019,5501,195,1491,233
2024-11-13T13:17:10.000Z,realDonaldTrump,True,False,Thank you — So beautiful!!!,8616299,233895,5967,18684,1296
2024-11-13T02:06:47.000Z,TONYxTWO,True,False,"This is so good 

“I’m getting a little tired of some Christians asking me why I voted for Donald Trump. Because I’m a Christian. That’s why I voted for him. But now let me turn that same question back on you. You are a Christian. Why did you vote for Kamala Harris?” 

WATCH ",842928,45896,1879,11052,3199
2024-11-09T16:30:02.000Z,DonaldTNews,True,False,"Novak Djokovic showing his Christian Cross after his victory.

The mainstream media censored this! Let's make it go VIRAL!",3174510,110240,836,23227,1422
2024-11-13T18:52:11.000Z,BowesChay,True,False,"Another British Challenger 2 tank was destroyed by Russian forces. 

While British Prine Minister  Kier Starmer reduces payments for Pensioners winter fuel 

Another £4,217,000 worth of British donated scrap burns in Ukraine. 

Priorities.",2765,94,4,39,1
2024-11-13T13:16:54.000Z,ceciarmy,True,False,Un estudiante se graduó junto a la cama del hospital de su madre el martes por la mañana. Ella falleció al día siguiente.,422150,27698,151,1727,715
2024-11-13T11:16:08.000Z,Newzroom405,True,False,"[WATCH] ""We will smoke them out."" Minister in the Presidency Khumbudzo Ntshavheni says the government will not be sending any help for scores of illegal miners trapped underground in Stilfontein, North West. 

#Newzroom405",1157121,4376,1103,1875,445
2024-11-13T19:00:49.000Z,CalltoActivism,True,False,"MAJOR BREAKING NEWS:

In an absolutely stunning and disqualifying resurfaced clip, Trump’s selection for Secretary of Defense Pete Hegseth said America “should not have women in combat roles.”

RT so every American sees how awful Donald Trump’s decisions are.",3120,85,17,52,7
2024-11-13T18:48:09.000Z,RepMTG,True,False,"I’m so excited for the opportunity to begin implementing President Trump’s America First agenda.

I’ve spoken to President Trump and Elon Musk on the phone, and a priority in the next administration will be putting an end to the war in Ukraine.

It’s going to end very soon.",25012,1109,135,152,10
2024-11-13T15:34:02.000Z,creation247,True,False,This is Pete Hegseth - Trump's pick for Defense Secretary. He has a Jerusalem Cross and Deus Vult tattoos. I’ve never been more optimistic for America,137946,4118,136,314,354
2024-11-13T14:40:47.000Z,TrumpWarRoom,True,False," PRESIDENT DONALD J. TRUMP MAKES HIS TRIUMPHANT RETURN TO WASHINGTON, D.C.",494671,13339,347,2017,296
2024-11-13T15:42:23.000Z,DonaldTNews,True,False,"Do you agree that Trump should release the full Diddy and Epstein client lists on day one of his presidency?

YES or NO?

If YES, I will follow you back ",177516,12824,4658,1960,75
2024-11-11T23:36:55.000Z,Chicago1Ray,True,False,"Charlie Kirk went to these campuses and turned a lot of the youth vote in critical states like (MI) (PA) for President Trump 

Can I get a like for Charlie Kirk ",949856,92412,3742,10289,878
2024-11-12T22:39:01.000Z,realDonaldTrump,True,False,N/A,17579050,356972,6643,37967,9307
2024-11-13T11:28:57.000Z,MichelleMaxwell,True,False,Now that he addressed it I am going to choose to take him at his word. No one is perfect. When we are attacked for supporting President Trump we recognize the fact that he says and does things at times that we might not agree with but we see the bigger picture. We all make,255895,4158,855,698,293
2024-11-13T16:21:19.000Z,TrumpWarRoom,True,False,WATCH: President Donald J. Trump and President Biden meet in the Oval Office,596493,8042,514,1913,724
2024-11-13T17:00:28.000Z,NoahRyanCo,True,False,"Stole this one from the Korean Olympic wrestling team 

Becoming un-armbar-able",61292,746,17,27,658
