timestamp,username,icon-verified,fact-checked,text,views,likes,replies,reposts,bookmarks
2024-11-11T16:45:44.000Z,CilComLFC,True,False,"Marine Le Pen: “The same people who say I have no chance of winning said Donald Trump couldn’t become President of the United States.

Those in power do not understand what is happening: people are taking their Countries back.”

She has said the actual truth! ",1028478,54602,394,10856,923
2024-11-12T11:00:46.000Z,TheDamiForeign,True,False,"100k giveaway

5k naira to 20 people

To participate:

: Like & repost
: Follow 
@LuxuryQuotes01
 & 
@sopuru000
  turn on their post notifications 
: Drop screenshot & account details 

GOOD LUCK",399,77,70,56,3
2024-11-12T00:26:18.000Z,RealAlexJones,True,False,"Economic Bombshell President Trump Announces Ban On Credit Card Interest Rates Above 10%!

DJT Renewed His Pledge To Get American Out Of Debt And Make America Wealthy Again

Watch And Share My Live Stream Here:
https://x.com/i/broadcasts/1eaJbaqnlgvGX…",14749140,165052,4054,29017,10278
2024-11-08T02:38:00.000Z,dom_lucre,True,False,BREAKING NEWS: I am resurfacing that The Simpsons predicted all 3 of Donald Trump presidencies in their 2015 episode Trumptastic Voyage. I hope everyone has been enjoy this show. The world stage is coming to an end.,21656989,109065,945,10800,29712
2024-11-09T16:30:02.000Z,DonaldTNews,True,False,"Novak Djokovic showing his Christian Cross after his victory.

The mainstream media censored this! Let's make it go VIRAL!",3120204,109741,815,23119,1410
2024-11-12T08:55:19.000Z,EyeonPalestine,True,False,"A little girl lost her slipper whilst fleeing with her family from Beit Hanoun, north of Gaza. The Israeli occupation forces besieged the shelters of displaced Palestinians and forced them to move to the south of Gaza.",5016,467,23,351,26
2024-11-11T21:44:42.000Z,AlexSofamous,True,False,L’élection de #Trump : Un espoir pour la #France face a la Tyrannie de l’Union Européenne ! ,53650,4118,125,1616,333
2024-11-11T18:25:04.000Z,realDonaldTrump,True,False,N/A,25508833,590532,16476,60007,4582
2024-11-12T00:57:33.000Z,WatcherGuru,True,False,"JUST IN:  President-elect Trump to appoint pro-crypto cabinet members to fulfill his promise of making the US the ""crypto capital of the planet.""",811726,24791,785,4193,674
2024-11-09T14:11:28.000Z,amuse,True,False,"RACISM: Over 75% of Democrat voters believe that Trump refuses to condemn white supremacy, racism, and the kkk. Watch 4 minutes of Trump condemning it and Democrats lying about it.",72961032,77712,2662,25533,37302
2024-11-12T07:47:04.000Z,BeckettUnite,True,False,"UN Special Rapporteur Francesca Albanese should be applauded:

“It is the impunity given to Israel  that has allowed it to become a serial violator of International Law [which is the reason why]…..I am recommending the suspension of its credentials as a member of the UN”",7823,798,9,370,25
2024-11-12T08:57:40.000Z,DiscoverGuangxi,True,False,"Hey, have you all caught the series “#TheStoryOfPearlGirl”? The story is based on the pearl diving in Hepu, Beihai City, Guangxi. #ZhaoLusi

The lead actress, Duanwu, collects these Nanzhu #pearls, also known as “Hepu Pearls.” They're of top quality, with a delicate",3932,194,10,110,18
2024-11-11T22:03:27.000Z,maddenifico,True,False,This is heartbreaking. Fuck Trump and fuck every parent that voted for him. ,1005280,19457,2369,6325,3185
2024-11-10T20:35:11.000Z,charliekirk11,True,False,"Remember when they said $15 billion was too expensive for a border wall and then turned around and spent $7 trillion including $200 billion for Ukraine without a second thought? Let’s be clear…

THERE IS NO PRICE TAG. MASS DEPORTATIONS ARE HAPPENING.",4197623,120686,1622,24428,3865
2024-11-11T22:53:25.000Z,Ultrafrog17,True,False,"Trump's top contender for head of the CIA, Kash Patel:
-Wants to implement a 24/7 declassification office releasing files about JFK and 9/11.
-On day one, he wants to bring out Jeffrey Epstein's black book of names that were being blackmailed.
-He wants to bring out all the",2313693,45345,955,11944,7354
2024-11-12T00:43:19.000Z,liz_churchill10,True,False,"WINNING. President Trump’s TOP CHOICE for CIA Director is Kash Patel. 

He wants to IMMEDIATELY release files about JFK and 9/11, Jeffrey Epstein's Book of Blackmail, the Russia Gate files, and the truth about the J6 pipe bomber.",2175140,84131,1865,15699,3512
2024-11-12T07:49:38.000Z,MrStevenSteele,True,False,"What we’ve built with $TRUMP is unprecedented. Even after the post election PolitiFi CRASH, $TRUMP IS STILL THE #1 BLUE CHIP & PIONEER OF THE SECTOR. 

There’s a new energy happening that’s going to blow your mind.. ",6235,176,42,59,22
2024-11-09T14:44:58.000Z,ScottPresler,True,False,"This is the moment that changed my life. 

Thank you, 
@LaraLeaTrump
, for giving me the opportunity to speak before 80,000 people at Trump’s triumphant return to Butler, Pennsylvania. 

What an honor.",2705546,148324,3235,20543,3635
2024-11-11T19:57:27.000Z,RealAlexJones,True,False,"ELECTION BOMBSHELL: Democrats Tried To Steal The 2024 Election & Failed—

Trump Must Launch An Election Integrity Commission, Says The Head Rasmussen Polling
@Mark_R_Mitchell
Watch/Share The LIVE SHOW here:
https://x.com/i/broadcasts/1eaJbaqnlgvGX…",10352807,133364,3375,41564,11958
2024-11-12T09:46:45.000Z,lBattleRhino,True,False,"Btc down to 88k, this entire industry is a fucking sham, I can’t believe the racist trump voters did this to me",4825,178,9,6,1
2024-11-12T10:10:56.000Z,jcokechukwu,True,False,The Indonesian President records himself congratulating Donald Trump on the phone.  See how the world values this guy? He looks so excited talking to Trump. You can tell they’ve all been praying for him to win. America will be feared and respected again.,1968,148,10,55,12
