timestamp,username,icon-verified,fact-checked,text,views,likes,replies,reposts,bookmarks
2024-11-12T02:55:51.000Z,TheBTCTherapist,True,False,"HOLY SHIT. This may be the most bullish video I’ve ever seen for #Bitcoin.

This woman manages a fund for people with a net worth of over $100M and she is convinced Trump will raise US bitcoin holdings to 1M coins and create a strategic reserve.",76042,1754,36,247,338
2024-11-12T08:00:01.000Z,esquirekr,False,False,"이창섭의 핀온더맵을 공개합니다. 구리와 함께 가기 좋았던 캠핑장부터 떠나고 싶은 휴가 스팟까지! 그리고 오는 30일에 열리는 단독 콘서트의 스포 정보도 담아왔으니 아래 링크에서 확인해 보세요!
https://youtu.be/c4QDVI7sgqQ
-
@OFFICIALBTOB
 #이창섭 #비투비 #Leechangsub #BTOB #에스콰이어",0,20,155,290,1066
2024-11-12T07:25:41.000Z,GONOGO_Korea,True,False,"도지코인, 공화당 스윕 소식에 이제 일론 머스크가 그동안 꿈 꿔오던 각종 도지코인 결제 접목 청사진 기대감에 개같이 폭등중.",8986,195,22,13,7
2024-11-11T14:08:27.000Z,ScottforFlorida,True,False,"I’m committed to getting President Trump’s nominees confirmed by the Senate immediately.

Democrats will do everything they can to stonewall the Trump agenda, and we need a Senate Majority Leader who will fight to get it done.",1089783,72954,1653,17167,544
2024-11-06T06:56:01.000Z,w_terrence,True,False," I CAN CRY! Donald Trump  was elected and will be the next President of these United States of America. 

This was an emotional roller coaster. We almost lost our country . 

I’m a proud American and yes proud Black American who fully supports Trump. 

Trump was impeached,",5891893,345228,13414,54495,8413
2024-11-10T22:26:00.000Z,MAGA__Patriot,True,False,That's the President America won back this week! ,15184854,193280,1306,18572,6385
2024-11-08T02:38:00.000Z,dom_lucre,True,False,BREAKING NEWS: I am resurfacing that The Simpsons predicted all 3 of Donald Trump presidencies in their 2015 episode Trumptastic Voyage. I hope everyone has been enjoy this show. The world stage is coming to an end.,21654955,109055,945,10800,29714
2024-11-09T09:01:30.000Z,stillgray,True,False,Japanese Trump memes are truly next level.,4215420,72942,711,9811,15761
2024-11-11T12:24:12.000Z,mkolken,True,False,"Loving that Gen X is the only generation with a majority who voted for Trump. 

To my Gen X brothers and sisters:",779703,51812,2297,5327,658
2024-11-11T18:25:04.000Z,realDonaldTrump,True,False,N/A,22886514,559181,15434,57434,4279
2024-11-12T03:36:05.000Z,MarinaMedvin,True,False,Trump’s new administration is shaping up to make Netanyahu look liberal and I’m here for it.,10760,683,16,39,6
2024-11-12T04:28:11.000Z,HalalNation_,True,False,Islam in Korea  ,4749,872,7,54,21
2024-11-12T03:39:23.000Z,UNFCCC,True,False,"Day 1 at #COP29 is a wrap! 

Over the next two weeks, delegates from 198 Parties will tackle critical climate issues at the world’s largest climate summit.

Much is at stake.

It’s time to stand and deliver.",16310,318,84,176,15
2024-11-08T00:44:43.000Z,stclairashley,True,False,How Trump’s New America feels,3594696,81674,942,12003,10519
2024-11-11T16:19:10.000Z,narendramodi,True,False,Glad to meet Russia’s First Deputy PM Denis Manturov today. Happy to see that teams on both sides are working together to implement decisions taken during my recent visits and meetings with President Putin to further strengthen India-Russia Special and Privileged Strategic,1477133,48173,907,5917,283
2024-11-12T07:57:39.000Z,XHNews,True,False,"China's auto market maintained its steady expansion in October, indicating improvements in economic operations as pro-growth policy measures take effect, industrial data showed on Monday. #XinhuaNews",0,2,1,2,950
2024-11-11T22:05:21.000Z,RealSeq16,True,False,"Indonesian President, Prabowo Subianto, released this video of him calling Trump to congratulate him on his win!  What an uplifting conversationl!!

Leaders from all around the globe are excited about Trump’s win!! ",151845,15574,200,3512,1164
2024-11-09T00:16:58.000Z,WallStreetApes,True,False,"This is so epic. Elon Musk actually transported the Amish in vans to the polls to vote for Donald Trump

“We're happy to transport you — They're allowed to ride in vans, as long as they're not driving the van. So, you know, we're just making sure we bring them to the polls and",4369509,105111,1235,20845,8001
2024-11-11T22:53:25.000Z,Ultrafrog17,True,False,"Trump's top contender for head of the CIA, Kash Patel:
-Wants to implement a 24/7 declassification office releasing files about JFK and 9/11.
-On day one, he wants to bring out Jeffrey Epstein's black book of names that were being blackmailed.
-He wants to bring out all the",2004404,41049,888,10947,6507
2024-11-10T16:44:55.000Z,krassenstein,True,False,"This is Russia’s state-run media airing salacious pictures of the future First Lady, Melania Trump. 

This is Putin letting Trump know that he is in charge.  

Watch as Trump rolls over.",9149825,45998,8987,15567,10423
2024-11-07T14:33:23.000Z,Jessica_4_Trump,True,False,My sister sent me this from Vegas,5745487,263575,934,20552,6196
