timestamp,username,icon-verified,fact-checked,text,views,likes,replies,reposts,bookmarks
2024-11-12T09:30:09.000Z,GoldingBF,True,False,"The people of Iran are turning away from Islam in their droves.
They are even attacking mosques across their country.
The despotic Iranian regime cannot last much longer ",121554,7086,362,2017,253
2024-11-12T18:00:51.000Z,SpiritofHo,True,False,"Marco Rubio 

Elise Stefanik

Mike Waltz

Welcome to Trump’s AIPAC-owned administration of warmongers.

The question is, will it be war with Iran first? War with China? Don’t forget Russia.

These neocons have a lust for all three.",0,17,2,4,223
2024-11-11T14:08:27.000Z,ScottforFlorida,True,False,"I’m committed to getting President Trump’s nominees confirmed by the Senate immediately.

Democrats will do everything they can to stonewall the Trump agenda, and we need a Senate Majority Leader who will fight to get it done.",1233756,80527,1840,19131,604
2024-11-11T17:17:35.000Z,richplow,False,False,Trump has officially announced he’s getting rid of the Department of Education. Honestly this is what’s done it for me. You’re an imbecile if you didn’t vote against this dude. Fucking idiots. Y’all have no clue of the ramifications. No fucking idea. Assholes man. Poor kids,16833824,278098,13676,30848,15303
2024-11-12T00:03:56.000Z,igorsushko,True,False, BREAKING: Putin's spy chief Nikolay Patrushev says Russia helped Trump win the Presidential election and makes a veiled threat that Trump must now deliver the agreed-upon quid pro quo.,1746335,27034,2364,12583,4784
2024-11-10T23:46:08.000Z,DarrigoMelanie,True,False,"Trump's 10 point plan for education:

- eliminate the Dept. of Education
- cut federal funding
- promote Christian Nationalism
- attack teacher's unions
- give public money to for-profit private schools

He warned us, and you voted for him anyway.",14101432,111396,14586,21688,14911
2024-11-12T00:03:56.000Z,igorsushko,True,False, BREAKING: Putin's spy chief Nikolay Patrushev says Russia helped Trump win the Presidential election and makes a veiled threat that Trump must now deliver the agreed-upon quid pro quo.,1746335,27034,2364,12584,4784
2024-11-10T22:26:00.000Z,MAGA__Patriot,True,False,That's the President America won back this week! ,16650164,211962,1469,20294,6959
2024-11-12T14:15:58.000Z,Guillaume_Bigot,True,False,"Non, monsieur Barnier, les 2 drapeaux ne vont pas « ensemble ». Nous vous saurions gré d'éviter d'endoctriner des enfants avec votre idéologie responsable du déclin de la France. Surtout un #11novembre !",19295,2007,129,846,13
2024-11-12T05:58:41.000Z,BRICSinfo,True,False," St. Petersburg, Russia 

What do you notice?",556120,13140,1049,1956,1083
2024-11-12T07:00:03.000Z,TaraBull808,True,False,BREAKING: President Trump has selected South Dakota Governor Kristi Noem as Homeland Security Secretary.,3163249,68089,2813,7509,1648
2024-11-12T00:57:33.000Z,WatcherGuru,True,False,"JUST IN:  President-elect Trump to appoint pro-crypto cabinet members to fulfill his promise of making the US the ""crypto capital of the planet.""",978241,27915,826,4660,776
2024-11-11T04:45:55.000Z,WallStreetApes,True,False,"WOAH, This is a man still on the ground in Western North Carolina after Hurricane Helene. He’s talking to victims and they’re having their land purchased out from under them for $2,500

He says it’s definitely a land grab for the lithium and quartz mining

“Buying the land",1186203,33969,1468,23839,7638
2024-11-12T15:11:40.000Z,The_Trump_Train,True,False,"BREAKING: Judge Merchan has granted a request from the defense to pause Trump's sentencing date of November 26th.

More proof this was a witch hunt from the beginning!",5983,315,44,96,4
2024-11-10T05:14:06.000Z,justin_hart,True,False,This is one of the funniest sets I’ve seen on SNL. Bill Burr talks about Trump’s big win.,15361376,96230,3493,10199,45323
2024-11-11T18:25:04.000Z,realDonaldTrump,True,False,N/A,32425680,672886,20434,65951,5380
2024-11-12T13:44:52.000Z,DEFendFURiously,False,False,"Judge Merchan can not dismiss the case against Donald Trump. He was convicted of 34 charges by a jury of his peers. To do that would be an insult to them and to the rule of law. 

I don't give a shit if he was elected ... he's guilty, so sentence him!",110497,6651,997,1571,47
2024-11-11T22:53:25.000Z,Ultrafrog17,True,False,"Trump's top contender for head of the CIA, Kash Patel:
-Wants to implement a 24/7 declassification office releasing files about JFK and 9/11.
-On day one, he wants to bring out Jeffrey Epstein's black book of names that were being blackmailed.
-He wants to bring out all the",3355631,59212,1171,15275,9603
2024-11-08T01:16:16.000Z,alifarhat79,True,False,Trump immediately after taking office,10253206,138315,1355,19319,29222
2024-11-12T17:57:22.000Z,ZelenskyyUa,True,False,"Today, new ambassadors from Greece, Albania, Japan, and Egypt began their diplomatic missions in Ukraine. I received their letters of credence and discussed our bilateral relations with each of them.

I am grateful for their cooperation and support for Ukraine. We will work",15284,413,30,79,5
2024-11-12T14:52:34.000Z,BRICSinfo,True,False,JUST IN:  China unveils its 6th-generation stealth fighter jet.,383504,8827,466,1337,620
2024-11-11T14:16:11.000Z,SenRickScott,True,False,"The American people gave Republicans a clear mandate to enact President Trump’s agenda. 

I’ve spent my career making a plan and ensuring it gets done, and this is no different. It’s time to secure our borders, confirm Trump’s nominees and Make America Great Again!",1150369,66030,2247,17356,604
2024-11-08T21:24:17.000Z,BehizyTweets,True,False,"I pray one of Trump's first of many pardons is for Bevelyn Beatty Williams, who got sentenced to serve three years in prison for being a pro-life warrior.

Before they threw her in the dungeon, she early voted for Trump and urged others to do the same.",2443836,116918,4447,32013,2439
2024-11-09T14:44:58.000Z,ScottPresler,True,False,"This is the moment that changed my life. 

Thank you, 
@LaraLeaTrump
, for giving me the opportunity to speak before 80,000 people at Trump’s triumphant return to Butler, Pennsylvania. 

What an honor.",2707661,148370,3236,20551,3635
