timestamp,username,icon-verified,fact-checked,text,views,likes,replies,reposts,bookmarks
2024-11-12T15:56:11.000Z,Sassafrass_84,True,False,"She's right. Melania Trump is one of the most bullied people in the world. She never got a fair chance with the media. They did her dirty. This time around, we have X. And we can spread her messages and her good deeds. Msm is dead. Drop a heart if you support our Flotus. ",1594947,89826,7695,12811,1711
2024-11-12T21:33:02.000Z,TONYxTWO,True,False,"“Donald Trump has done way more in these last 5 days than Kamala Harris has done in her last 4 years.”

“This is exactly why America voted for him!”

SPOT ON ",171930,22696,238,4264,604
2024-11-11T21:38:19.000Z,The_Trump_Train,True,False,GIVE ME A  IF YOU SUPPORT OUR NEW BORDER CZAR TOM HOOMAN!,1653941,132163,19587,15693,1561
2024-11-07T15:01:50.000Z,MAGAResource,True,False,"Donald Trump has only been elected for 2 days and RFK Jr is already working on making America healthy again. 

God bless him.",17465430,481320,6808,90518,61427
2024-11-13T00:54:05.000Z,TheChiefNerd,True,False,"Meet Trump’s New Sec. of Defense 
@PeteHegseth
 

Say goodbye to wokeness in the military",16619,556,22,105,77
2024-11-13T00:18:39.000Z,Voz_US,True,False," #BREAKING | President Trump has nominated 
@PeteHegseth
 as U.S. secretary of defense.

 He was a member of UANI's veteran's advisory council",27941,619,34,177,15
2024-11-12T20:31:29.000Z,hawk_lovr,False,False,BREAKING: Trump names Casey Anthony as Director of the Department of Child and Family Services.,409026,17023,234,1775,311
2024-11-12T22:11:33.000Z,RonPaul,True,False,"Yesterday was a bad day for those who endorse ""America First"" in our foreign policy. 

With reported Trump appointments of neocons Elise Stefanik (UN Ambassador), Mike Waltz (National Security Advisor), and...Marco Rubio (Secretary of State), many who hoped that Trump 2.0 would",300674,7441,549,2042,660
2024-11-10T19:18:55.000Z,EndWokeness,True,False,"""DONALD TRUMP WILL NEVER EVER BE PRESIDENT"" montages never get old:",8725599,123739,3534,24509,26730
2024-11-12T23:06:03.000Z,ricky_martin,True,False,Tengo varios años queriendo hacer un videito de estos con mi hijo y finalmente el jr. accedió. ,80659,2949,94,189,51
2024-11-13T01:03:31.000Z,charliekirk11,True,False,"BREAKING: President Trump to appoint South Dakota Governor Kristi Noem to serve as Secretary of the Department of Homeland Security. 

Congratulations to 
@KristiNoem
!!",2326,299,32,41,3
2024-11-13T00:13:08.000Z,CalltoActivism,True,False,Trump cabinet walking into the White House ,58280,3646,124,1034,110
2024-11-12T22:31:44.000Z,saras76,True,False,"Trump lawyer Alina Habba has emerged as a front runner for White House Press Secretary, per Mediate. 

Strong, smart, takes no sht, badass, and gorgeous? 

I say HELL yes!! ",90698,4804,567,546,114
2024-11-12T23:04:26.000Z,gregg_re,True,False,"one of John Ratcliffe's best moments was demolishing Peter Strzok, the FBI head of counterintelligence who colluded to destroy Donald Trump

Critical to have someone like this at CIA director, to stop the next russiagate 2.0 hoax",118810,4102,96,1068,347
2024-11-09T04:16:46.000Z,TiffanyFong_,True,False,"Donald Trump announces he will “ask Congress to pass a bill establishing that the only genders recognized by the U.S. government are male and female, and they are assigned at birth.” Based.",38066052,456324,12214,62740,41655
2024-11-12T21:58:28.000Z,MTGrepp,True,False,"WE NEED ALL OF TRUMP’S CABINET MEMBERS TO BE AS LOYAL AS ALINA HABBA. LET’S GO 

ALINA HABBA IS FIERCE ",95206,5481,104,828,139
2024-11-11T22:03:56.000Z,MeidasTouch,True,False,Latino Trump voter believes Trump will not deport “family oriented” Latinos since that would be “unfair.”,11502929,55302,10315,10613,7305
2024-11-12T18:17:25.000Z,bennyjohnson,True,False,"BREAKING: Sen. Ron Johnson announces he will push for a delay in the Senate Leader vote as Trump set to visit Capitol Hill tomorrow:

""It's grotesque. McConnell figured he has whoever he wants to grease the skids... If nobody else proposes a delay, I will.""",1463314,47444,860,12815,841
2024-11-12T20:51:44.000Z,MelaniaTrumpo,True,False,"JUST IN: Melania Trump has rejected First Lady Jill Biden’s invitation for an official White House meeting.

Does Melania have your FULL support on this?

A. YES
B. NO",70137,7173,3594,684,16
2024-11-11T21:57:16.000Z,TiffanyFong_,True,False,Donald Trump wanted Elon Musk to join his family photo. I love their friendship. ,5358798,133099,1245,10598,5970
