timestamp,username,icon-verified,fact-checked,text,views,likes,replies,reposts,bookmarks
2024-11-10T23:46:08.000Z,DarrigoMelanie,True,False,"Trump's 10 point plan for education:

- eliminate the Dept. of Education
- cut federal funding
- promote Christian Nationalism
- attack teacher's unions
- give public money to for-profit private schools

He warned us, and you voted for him anyway.",6603183,58498,6822,11291,7953
2024-11-11T16:19:10.000Z,narendramodi,True,False,Glad to meet Russia’s First Deputy PM Denis Manturov today. Happy to see that teams on both sides are working together to implement decisions taken during my recent visits and meetings with President Putin to further strengthen India-Russia Special and Privileged Strategic,218489,15820,578,1924,94
2024-11-11T14:39:00.000Z,IranObserver0,True,False,"JUST IN

Iranian hackers broke into the phone of former Israeli Defense Minister Benny Gantz, revealing his sex scandal with Netanyahu's personal physician

The images are now being widely circulated on social media",296254,9649,447,2546,555
2024-11-11T14:38:25.000Z,LadyofCrypto1,True,False,"Everyone is asking about retail coming back.

You've not seen anything yet.

This is just the first wave.

The tsunami comes in Jan when Trump becomes U.S. president and is shilling crypto.

BIGGEST. BULL. RUN. EVER.",25593,1101,97,102,20
2024-11-11T16:45:44.000Z,CilComLFC,True,False,"Marine Le Pen: “The same people who say I have no chance of winning said Donald Trump couldn’t become President of the United States.

Those in power do not understand what is happening: people are taking their Countries back.”

She has said the actual truth! ",4413,643,13,171,11
2024-11-08T19:29:50.000Z,amuse,True,False,Whenever I see Jimmy Kimmel complaining about President Trump I can't help but recall this video:,42717263,226178,8034,53170,45090
2024-11-11T17:01:00.000Z,AnnasGiveaway,True,False,"With the recent Donald Trump election and the bullish momentum, I’m feeling generous! 

I’m giving away 1 $BTC (worth $85,000) to one lucky follower!

To enter:
- Follow me
- Like this post
- Comment below

Let’s ride this wave together! GoodLuck.",318,59,54,39,7
2024-11-11T07:00:32.000Z,libsoftiktok,True,False,"Meet Trump’s pick for border czar.

We are so back! ",6444237,111023,2340,12599,12810
2024-11-09T16:30:02.000Z,DonaldTNews,True,False,"Novak Djokovic showing his Christian Cross after his victory.

The mainstream media censored this! Let's make it go VIRAL!",3081697,109061,798,23001,1394
2024-11-11T10:02:26.000Z,EuropeInvasions,True,False,"BREAKING NEWS

Donald Trump will deploy the military for mass deportations.",256054,15103,318,1562,221
2024-11-11T07:16:08.000Z,RadioGenoa,True,False,"""We will put an end to green scam."" Do you agree with Trump?",133542,12262,407,1474,120
2024-11-10T22:26:00.000Z,MAGA__Patriot,True,False,That's the President America won back this week! ,7749582,110591,741,10721,3515
2024-11-10T22:07:46.000Z,FearedBuck,True,False,"Johnny Somali faces up to 7 years in jail in South Korea for using AI to create a deepfake video showing a Korean woman as his girlfriend. 

With additional charges, he could face a combined 17 years and is currently banned from leaving South Korea ",5144912,64610,1480,2988,4011
2024-11-11T05:15:54.000Z,BlackKnight10k,True,False,"Breaking: Trump has announced that he's appointing Tom Homan as his border Czar.

For all of you Latinos for Trump that were worried that you'd be separated from your families, fear not. He says you will deported too.",3671566,49120,2462,12526,7343
2024-11-10T20:35:11.000Z,charliekirk11,True,False,"Remember when they said $15 billion was too expensive for a border wall and then turned around and spent $7 trillion including $200 billion for Ukraine without a second thought? Let’s be clear…

THERE IS NO PRICE TAG. MASS DEPORTATIONS ARE HAPPENING.",3206543,97013,1270,19377,3029
2024-11-10T02:19:55.000Z,Sadie_NC,True,False,She is right. We voted for Trump. Now when are we gonna get what we voted for?,2804931,128427,7316,26566,8971
2024-11-10T19:17:04.000Z,AdamParkhomenko,True,False,"Rand Paul, who hand delivered a note from Trump to Putin with unknown contents, wanted to get rid of the espionage act. Here is a reminder from Senator John McCain that Rand Paul and Donald Trump work for Vladimir Putin.",1393233,19501,768,7092,1731
2024-11-11T16:10:56.000Z,TrumpjrJohn,True,False,"FINALLY MADE THREE MILLION DOLLARS FROM SOLANA MEMECOINS

As promised,
I want to change someone's life and send 100 $Sol (~$21,800) to one person by tomorrow. 

Just like, retweet and comment 'done'. 
Random winner in 15 hrs

Join my tg for next big move: https://t.me/solanaalliance",6376,142,128,109,3
2024-11-08T04:58:11.000Z,RogerJStoneJr,True,False,"POMPEO DOES NOT WANT YOU TO SEE THIS VIDEO

Mike Pompeo Supported Mar-a-Lago Raid & Jack Smith’s Probe Into Trump in Phony Documents Case",1459826,38690,2162,22533,1812
2024-11-11T14:11:03.000Z,DC_Draino,True,False,"The Visa/MC credit card monopoly has put Americans into excessive debt with usurious interest rates at 25%+

President Trump wants a 10% cap on all credit card interest rates

JD Vance co-sponsored the Credit Card Competition act which fights the 2-4% hidden tax you pay every",613739,27695,545,6714,1026
2024-11-11T16:52:07.000Z,BowesChay,True,False,"In Kursk, Russian Paratroopers took another American MaxxPro trophy. 

Another donation to the Russian War effort courtesy of the hard pressed US Taxpayer. 

Meanwhile, Biden is ""Rushing"" to send Billions more to the Dictator in Kiev before Trump takes over.",0,66,4,17,1618
