timestamp,username,icon-verified,fact-checked,text,views,likes,replies,reposts,bookmarks
2024-11-11T09:00:00.000Z,SpotifyKR,True,False,"빛나는 엔하이픈 비주얼은 no doubt
https://spotify.link/8jmQkZpRHNb
@ENHYPEN
 #스포티파이 #ENHYPEN #엔하이픈 
#ROMANCE_UNTOLD_daydream #NoDoubt",31731,2155,12,1248,184
2024-11-07T17:47:16.000Z,ScottPresler,True,False,"This is the video that changed my life. 

4 years later, so much has changed, but I’m still the same. 

I voted for Trump b/c I believe in putting Americans first.",2760479,158258,4347,25852,9660
2024-11-07T20:38:05.000Z,cb_doge,True,False,BREAKING: Argentina President Milei to meet with Elon Musk and Trump next week in the US. ,4389909,232027,2569,32412,5638
2024-11-10T23:46:08.000Z,DarrigoMelanie,True,False,"Trump's 10 point plan for education:

- eliminate the Dept. of Education
- cut federal funding
- promote Christian Nationalism
- attack teacher's unions
- give public money to for-profit private schools

He warned us, and you voted for him anyway.",1923715,24323,2104,5318,3189
2024-11-10T01:14:14.000Z,thinktankfranks,True,False,"BREAKING 

Trump announces full conceal carry reciprocity

WHAT THIS MEANS:
No matter which state you’re in, if you’ve got your concealed carry license, each state will still have to honor it - for example, you have a Florida concealed carry permit - California would have to",10552671,164090,5120,30689,15712
2024-11-08T02:38:00.000Z,dom_lucre,True,False,BREAKING NEWS: I am resurfacing that The Simpsons predicted all 3 of Donald Trump presidencies in their 2015 episode Trumptastic Voyage. I hope everyone has been enjoy this show. The world stage is coming to an end.,21582520,108989,944,10762,29784
2024-11-09T04:16:46.000Z,TiffanyFong_,True,False,"Donald Trump announces he will “ask Congress to pass a bill establishing that the only genders recognized by the U.S. government are male and female, and they are assigned at birth.” Based.",35913919,452197,11869,61599,40985
2024-11-10T22:19:39.000Z,YourAnonCentral,True,False,"Zelenskyy: ""We are not ready to give our freedom to this fucking terrorist Putin"".

Zelenskyy will be studied as a hero, not only for Ukraine, but our current moment in time for generations.",252909,10815,359,1639,208
2024-11-10T22:26:00.000Z,MAGA__Patriot,True,False,That's the President America won back this week! ,1105478,32989,208,3785,1140
2024-11-07T23:08:36.000Z,bennyjohnson,True,False,"Activist Scott Pressler reveals gameplan to turn Pennsylvania into a Republican stronghold after delivering Trump victory in 2024:

""We are not stopping for a second. I am more emboldened than ever and my goal is to 'Florida' Pennsylvania within the next few years.""",3812203,94320,1301,13459,3090
2024-11-10T04:50:22.000Z,BRICSinfo,True,False,"Russia's gold reserves surpass $200 billion for the first time, now 32.9% of total international assets.",564178,20328,434,3373,703
2024-11-06T21:56:48.000Z,RobertKennedyJr,True,False,"President Trump has asked me to do three things: 
1. Clean up the corruption in our government health agencies. 
2. Return those agencies to their rich tradition of gold-standard, evidence-based science. 
3. Make America Healthy Again by ending the chronic disease epidemic.",12700410,413394,14834,68810,13672
2024-11-11T05:11:04.000Z,Cointelegraph,True,False," WOOD: The ""deregulation"" of the SEC and other agencies under the Trump administration could help spur ""one of the biggest runs"" of innovation in history.",29936,508,69,101,33
2024-11-11T09:19:26.000Z,SaulStaniforth,False,False,"""36 members of one family were killed in a single strike in the north of the strip. The attack targeted a building housing displaced Palestinians. Most of the victims were women & children""

Sky News lead with Russia killing 6 people in Ukraine. They don't mention Israel or Gaza",1490,31,2,23,4
2024-11-11T08:01:24.000Z,Portes_Thomas,True,False,"300.000 personnes dorment à la rue. 

10 millions de pauvres.

1 français sur 2 a du mal à régler ses factures d’électricité

1 français sur trois se prive d’un repas 

Cela n’intéresse pas l’extrême droite. 

Leur seule boussole c’est la haine des étrangers ",9793,677,165,317,10
2024-11-10T18:29:15.000Z,BRICSinfo,True,False,"JUST IN: Trade between Russia and African countries reaches $24.5 billion, a new all-time high.",274988,14255,225,2677,272
2024-11-11T02:14:54.000Z,NewsLiberdade,True,False,"AGORA - Ana Paula Henkel detona a Globo por não ter mencionado nenhuma vez a eleição americana no Fantástico

“Trump levou o voto popular, levou a câmara, levou o senado, levou absolutamente tudo e o programa Fantástico não mencionou não mencionou sequer uma vírgula”",91834,9352,224,1830,123
2024-11-08T07:45:36.000Z,DisrespectedThe,True,False,The world is celebrating a Trump victory!,740088,80498,983,16743,6065
2024-11-08T13:10:33.000Z,alx,True,False,"Anthony Scaramucci just got destroyed by Squawk Box’s Joe Kernen on CNBC:

“You will always be welcome at the table of legacy media and have people nodding as you trash Trump… but aren’t you the slightest bit embarrassed or at least humbled about how wrong you were…?”",2713892,35159,2029,7201,4209
2024-11-10T13:10:00.000Z,EndWokeness,True,False,Trump is already bringing down prices,3285865,71008,1765,8771,2016
2024-11-11T02:04:29.000Z,DefiyantlyFree,True,False,"The reason why Thune and Cornyn are a no go (leaving aside all of their Trump hatred and intentional sabotage) is that they have voted for every single 1,000 page pork filled spending bill since they came to Congress.

Their voting history shows that there has not been a foreign",41880,5485,136,2590,83
2024-11-10T01:52:48.000Z,wikileaks,True,False,Video showing former CIA director Mike Pompeo dancing with Israeli soldiers - help identify the foreign flag he's wearing.,992965,17117,458,6331,1763
2024-11-10T05:29:30.000Z,PopFlopHQ,True,False,California police will block any attempts by Donald Trump to restrict abortion rights for women within the state.,2959593,131030,2140,8750,3339
