timestamp,username,icon-verified,fact-checked,text,views,likes,replies,reposts,bookmarks
2024-11-10T22:26:00.000Z,MAGA__Patriot,True,False,That's the President America won back this week! ,5720931,86822,577,8485,2782
2024-11-11T05:28:33.000Z,ImMeme0,True,False,"BREAKING: President Trump selects former ICE Director Tom Homan as Border Czar for the upcoming administration, tasked with overseeing the largest mass deportation operation in U.S. history.",1949129,75617,1300,15117,8107
2024-11-08T18:29:05.000Z,itzjoshuajake,True,False,The Trump Effect Is Insane ,86511243,294554,5746,79532,86992
2024-11-10T22:19:39.000Z,YourAnonCentral,True,False,"Zelenskyy: ""We are not ready to give our freedom to this fucking terrorist Putin"".

Zelenskyy will be studied as a hero, not only for Ukraine, but our current moment in time for generations.",560181,16660,906,2379,326
2024-11-11T15:00:12.000Z,realTrumpNewsX,True,False,"Simple YES or NO poll. Do you support Elon Musk having a role in Trump's Administration? 

A. Yes 
B. No",0,113,76,14,1436
2024-11-11T04:10:03.000Z,iAnonPatriot,True,False,"Donald Trump is closing up the corrupt Department of Education

This is HUGE! ",734124,26294,454,4498,1723
2024-11-11T05:15:54.000Z,BlackKnight10k,True,False,"Breaking: Trump has announced that he's appointing Tom Homan as his border Czar.

For all of you Latinos for Trump that were worried that you'd be separated from your families, fear not. He says you will deported too.",2452945,35969,1871,9542,5314
2024-11-11T07:16:08.000Z,RadioGenoa,True,False,"""We will put an end to green scam."" Do you agree with Trump?",98962,9264,292,1080,97
2024-11-11T14:10:56.000Z,Trump_Fact_News,True,False,Viktor Orbán dévoile le plan extrêmement bien financé de George Soros visant à inonder l'Europe de migrants et de « réfugiés économiques » afin de saper la souveraineté des nations européennes.,5101,385,13,257,36
2024-11-10T19:17:04.000Z,AdamParkhomenko,True,False,"Rand Paul, who hand delivered a note from Trump to Putin with unknown contents, wanted to get rid of the espionage act. Here is a reminder from Senator John McCain that Rand Paul and Donald Trump work for Vladimir Putin.",1240582,17916,668,6495,1594
2024-11-10T16:35:27.000Z,DogRightGirl,True,False,"“How can people choose to vote for a convicted felon?!”

Psst…. Trump has never been convicted of anything. 
@megynkelly
 educates by explaining the law",1951434,54324,617,12209,15751
2024-11-06T21:56:48.000Z,RobertKennedyJr,True,False,"President Trump has asked me to do three things: 
1. Clean up the corruption in our government health agencies. 
2. Return those agencies to their rich tradition of gold-standard, evidence-based science. 
3. Make America Healthy Again by ending the chronic disease epidemic.",12708708,413512,14836,68854,13675
2024-11-11T12:24:08.000Z,swilkinsonbc,True,False,"The UN doesn’t take food into Gaza, nor medicine or aid, it takes shrouds, because the only thing that’s going to happen is death — read the clues",8727,516,20,417,23
2024-11-11T14:50:36.000Z,ArtCandee,True,False,"President Zelensky is not having any of the idea of a ceasefire with Russia. 

""It's very dangerous for Ukrainians...it would be irresponsible.""",1435,108,4,19,1
2024-11-11T12:08:37.000Z,Krishank_BRS,True,False,"Crackers from South Korea went thusss
But Shodha Cracker will make a BLAST",0,346,8,71,5663
2024-11-06T08:16:07.000Z,FFT1776,True,False,"Who did this!?!?
OMFG

Parody!!!

“Biden congratulating the DNC for losing another election to Donald Trump”",8865886,119562,3497,30846,23914
2024-11-11T12:28:08.000Z,TRUMP_ARMY_,True,False,This is really awesome!!  watch till the end.,30668,1990,85,583,167
2024-11-08T00:44:43.000Z,stclairashley,True,False,How Trump’s New America feels,3587444,81664,941,12009,10542
2024-11-09T00:16:58.000Z,WallStreetApes,True,False,"This is so epic. Elon Musk actually transported the Amish in vans to the polls to vote for Donald Trump

“We're happy to transport you — They're allowed to ride in vans, as long as they're not driving the van. So, you know, we're just making sure we bring them to the polls and",4359690,105055,1228,20837,8019
2024-11-11T15:03:14.000Z,ChinaScience,True,False,"Construction of a #maglev express line linking the cities of Changsha and Liuyang in C China's Hunan Province started on Monday, according to local sources. The maglev express line, with a designed speed of 160 km/h, stretches 48.73 km.",25,1,1,1,1
