timestamp,username,icon-verified,fact-checked,text,views,likes,replies,reposts,bookmarks
2024-11-11T09:00:00.000Z,SpotifyKR,True,False,"빛나는 엔하이픈 비주얼은 no doubt
https://spotify.link/8jmQkZpRHNb
@ENHYPEN
 #스포티파이 #ENHYPEN #엔하이픈 
#ROMANCE_UNTOLD_daydream #NoDoubt",44557,2913,15,1569,243
2024-11-11T10:31:02.000Z,VictorSinclair3,False,False,"On récapitule.
La France de Macron c’est :
- pays le plus taxé du monde
- 3000 milliards de dette
- 2e plus gros vendeur d’armes du monde
- 2e plus gros consommateur de sites pédophiles.
C’est fou !
Il suffit d’un seul homme pour enlaidir un pays...
( mon ami 
@JANVIERClaude1
 )",2650,234,11,151,8
2024-11-11T04:45:55.000Z,WallStreetApes,True,False,"WOAH, This is a man still on the ground in Western North Carolina after Hurricane Helene. He’s talking to victims and they’re having their land purchased out from under them for $2,500

He says it’s definitely a land grab for the lithium and quartz mining

“Buying the land",85407,4997,332,3912,1112
2024-11-11T04:51:59.000Z,MaxBlumenthal,True,False,"Local Amsterdam residents tell 
@LeftLaser
 how they were assaulted and menaced by Tel Maccabi hooligans hunting for anyone displaying pro-Palestine symbols

Why should decent people have to put up with a hostile invasion of foreign Zionist goon squad members?",244267,11551,168,4978,1228
2024-11-11T10:58:03.000Z,bayraktar_1love,True,False,"One of Shahed kamikaze drones launched by Russians failed to reach the Ukrainian border and fell on a building in Belgorod, Russia. 5th of November.",2485,336,24,66,23
2024-11-10T16:20:31.000Z,SUBRATA30016572,True,False,Drop a  if you’re a fan of JD Vance!,741945,83898,4346,3010,162
2024-11-10T05:14:06.000Z,justin_hart,True,False,This is one of the funniest sets I’ve seen on SNL. Bill Burr talks about Trump’s big win.,13177965,90212,3267,9508,45166
2024-11-11T10:35:27.000Z,MFA_China,True,False,"China and Pakistan have the resolve & capability to foil any attempt to sabotage our ties, and make sure the terrorists will pay the price.",0,17,6,5,1283
2024-11-09T09:01:30.000Z,stillgray,True,False,Japanese Trump memes are truly next level.,4185943,72592,708,9752,15742
2024-11-08T14:54:53.000Z,ceciarmy,True,False,"Un grupo de senegaleses ha ido a un pueblo de Valencia y están quitando todos los escombros sin descanso

Gente del propio pueblo dice que apenas descansan, que suben y bajan las calles quitando el barro mientras cantan y animan a al resto de la gente.",6181384,148776,2166,24261,6424
2024-11-08T11:37:40.000Z,HSajwanization,True,False,"7 years ago ….  UAE Foreign Minister Sheikh Abdullah bin Zayed warned the world … 

Today it happened on the streets of Amsterdam !",1073781,32294,791,9721,3899
2024-11-11T07:08:55.000Z,Jowita_W,True,False,"Załgany Dupiarzu. Premier 
@MorawieckiM
 odwiedził w listopadzie 2021 roku 11 państw w 6 dni ostrzegając Europę przed planowaną inwazją Putina na Ukrainę. Ze wszystkimi najważniejszymi sojusznikami ustalał strategię na wypadek realizacji najczarniejszych scenariuszy. 
""Mateusz",22100,1194,43,505,60
2024-11-11T05:52:45.000Z,archeohistories,True,False,"A Cherokee Woman in 1860's CE :

Long before the arrival of the white man, women enjoyed a major role in family life, economy and government of Cherokee Indians. Cherokees originally lived in villages built along the rivers of western North Carolina, northwestern South Carolina,",21774,414,8,102,55
2024-11-11T02:42:59.000Z,nadiedicenada_,False,False,SE NOS CASA MOMIIIII  Meme le propuso casamiento en un Antel Arena lleno KEEEE??????,288050,13565,140,1193,453
2024-11-11T07:16:08.000Z,RadioGenoa,True,False,"""We will put an end to green scam."" Do you agree with Trump?",49208,4447,151,530,67
2024-11-11T05:47:10.000Z,WaifuInvoker,False,False,Nejire Hado | Un🅳ressing Challenge,83479,3756,7,426,1491
2024-11-11T07:16:06.000Z,KTHopkins,True,False,"How does it feel 
@DavidLammy
 and 
@MayorofLondon
? 

To be on your knees, gobbling away on Trump…. 

Gobble gobble gobble boys. He owns you now.",147087,7764,367,1510,257
2024-11-11T10:26:14.000Z,IreneMontero,True,False,"Hoy presento mi primer libro, ""Algo habremos hecho"", a las 19.00h en La Casa Encendida. No es un libro para saldar cuentas, ni para la resignación, sino, al contrario, para la esperanza. Nos dijeron que fuimos muy lejos, pero vamos a ir mucho más lejos ",16465,747,125,320,10
2024-11-08T00:44:43.000Z,stclairashley,True,False,How Trump’s New America feels,3584858,81631,941,12002,10537
2024-11-09T22:57:20.000Z,PopFlopHQ,True,False,"New York State has found a legal loophole that would force Trump to serve his prison sentence for the entire 4 years of his Presidency.

-Keep in mind Trump is sentenced on Nov.26, that is before he’s sworn into office and even then cannot be pardoned from a state case.",18830782,309560,7009,27258,24367
2024-11-08T04:58:11.000Z,RogerJStoneJr,True,False,"POMPEO DOES NOT WANT YOU TO SEE THIS VIDEO

Mike Pompeo Supported Mar-a-Lago Raid & Jack Smith’s Probe Into Trump in Phony Documents Case",1457881,38672,2161,22517,1812
2024-11-11T11:00:02.000Z,PDChina,True,False,"One more river-drifting experience! Raft down the rapids at the Basomtso scenic area and enjoy the thrilling journey through the ravishing landscape in Nyingchi, southwest China's Xizang. #Travel #rafting",0,0,1,580,0
2024-11-09T14:29:14.000Z,ScottforFlorida,True,False,"I am running for Senate Republican leader because I believe now is a moment we need dramatic change in Washington to upend the status quo & make sure President Trump’s agenda gets done. 

Read the letter I wrote to my colleagues back in May",2465753,119707,4089,29787,1734
2024-11-08T20:45:38.000Z,BehizyTweets,True,False,"Trump plans to redirect the money being spent on Ukraine towards a nationwide initiative to get the homeless off the streets by building ""tent cities"" where they can be relocated.

His plan includes banning urban camping & arresting violators while empowering rehab organizations.",6606679,93121,2441,18479,13458
2024-11-09T04:00:36.000Z,liz_churchill10,True,False,"“The World Health Organization has become nothing more than a corrupt Globalist scam…paid for by the United States, but owned and controlled by China…” -President Trump. It’s OVER for the WHO.",2787007,84865,2161,24596,8065
