timestamp,username,icon-verified,fact-checked,text,views,likes,replies,reposts,bookmarks
2024-11-10T22:26:00.000Z,MAGA__Patriot,True,False,That's the President America won back this week! ,703138,25032,153,3033,854
2024-11-10T21:44:26.000Z,KaiTrumpGolfs,True,False,Sundays with Grandpa ,15516438,382960,5074,19899,8101
2024-11-11T04:45:55.000Z,WallStreetApes,True,False,"WOAH, This is a man still on the ground in Western North Carolina after Hurricane Helene. He’s talking to victims and they’re having their land purchased out from under them for $2,500

He says it’s definitely a land grab for the lithium and quartz mining

“Buying the land",50809,3509,252,2807,783
2024-11-08T19:41:21.000Z,EuropeInvasions,True,False,"BREAKING NEWS

Donald Trump: 

“I will cut federal funding from all schools that teach our children inappropriate sexual material and transgender craze.”",26231624,551162,9363,59160,16822
2024-11-10T02:19:55.000Z,Sadie_NC,True,False,She is right. We voted for Trump. Now when are we gonna get what we voted for?,2657074,117238,6648,24406,8265
2024-11-11T07:55:00.000Z,UN_HRC,True,False,"NOW at #UPR47

Examination of the human rights record of #CostaRica by the 
@UN
 Human Rights Council’s Universal Periodic Review (UPR) Working Group",0,468,2,5,0
2024-11-08T20:45:38.000Z,BehizyTweets,True,False,"Trump plans to redirect the money being spent on Ukraine towards a nationwide initiative to get the homeless off the streets by building ""tent cities"" where they can be relocated.

His plan includes banning urban camping & arresting violators while empowering rehab organizations.",6604790,93123,2441,18478,13459
2024-11-07T20:38:05.000Z,cb_doge,True,False,BREAKING: Argentina President Milei to meet with Elon Musk and Trump next week in the US. ,4389574,232036,2570,32420,5639
2024-11-07T17:47:16.000Z,ScottPresler,True,False,"This is the video that changed my life. 

4 years later, so much has changed, but I’m still the same. 

I voted for Trump b/c I believe in putting Americans first.",2760117,158268,4347,25857,9661
2024-11-10T01:14:14.000Z,thinktankfranks,True,False,"BREAKING 

Trump announces full conceal carry reciprocity

WHAT THIS MEANS:
No matter which state you’re in, if you’ve got your concealed carry license, each state will still have to honor it - for example, you have a Florida concealed carry permit - California would have to",10435131,162683,5065,30415,15531
2024-11-10T20:35:11.000Z,charliekirk11,True,False,"Remember when they said $15 billion was too expensive for a border wall and then turned around and spent $7 trillion including $200 billion for Ukraine without a second thought? Let’s be clear…

THERE IS NO PRICE TAG. MASS DEPORTATIONS ARE HAPPENING.",2184344,73793,975,14855,2153
2024-11-11T07:33:00.000Z,XHNews,True,False,"Meet ""Orca,"" formally known as China's large unmanned combat vessel JARI-USV-A, which is making its global debut at the 15th #AirshowChina in Zhuhai! You won't want to miss this multifunctional masterpiece of engineering.",2762,6,1,3,3
2024-11-10T18:00:28.000Z,itsdeaann,True,False,"I’m sure you’re all aware of Nick Fuentes the “Your Body, My Choice” guy.

I debated him 3 months ago. He told me he would prefer Hitler to be president over any woman.

Trump had a private dinner with him in 2022.",3536576,150963,1287,9365,4576
2024-11-10T22:19:39.000Z,YourAnonCentral,True,False,"Zelenskyy: ""We are not ready to give our freedom to this fucking terrorist Putin"".

Zelenskyy will be studied as a hero, not only for Ukraine, but our current moment in time for generations.",182092,8689,239,1386,162
2024-11-11T04:00:36.000Z,philstarlife,True,False,"A WIN FOR THE NATION'S GIRL GROUP 

#BINI on Monday (Philippine time) won the ""Best Asia Act"" award in the 2024 MTV Europe Music Awards (EMA), beating South Korea's ILLIT, Indonesia's Mahalini, Malaysia's MASDO, and Japan's Sakurazaka46.

READ: https://tinyurl.com/yfaj3x3s",15035,2339,1,501,17
2024-11-11T02:10:37.000Z,soompi,True,False,"“#PROJECT7” Top 70 Contestants Confirmed To Perform At 1st Korea Grand Music Awards (#KGMA)
https://soompi.com/article/1684436wpp/1st-korea-grand-music-awards-announces-mc-and-artist-lineup…",0,15,97,310,24776
2024-11-11T04:54:06.000Z,seanfeucht,True,False,"Trump giving thanks to GOD is the best! 

He knows where the help came from! ",6978,1135,22,226,12
2024-11-11T05:04:39.000Z,godmitzu,True,False,TWICE DOING TWO POP-UPS FOR 'STRATEGY' ONE IN LOS ANGELES AND ONE IN KOREA,38997,3552,12,973,87
2024-11-11T02:43:11.000Z,ikeTrump555,True,False,トランプ大統領当選してから、アメリカでトランプダンスが大流行,176121,4789,59,913,261
2024-11-10T16:20:31.000Z,SUBRATA30016572,True,False,Drop a  if you’re a fan of JD Vance!,673184,78345,4132,2796,137
2024-11-07T14:10:49.000Z,leslibless,True,False,"Trump wants the resignations of every military leader involved with the horrendous Afghanistan withdrawal, on his desk, on DAY ONE!",2621454,125146,1560,24941,3829
