timestamp,username,icon-verified,fact-checked,text,views,likes,replies,reposts,bookmarks
2024-11-12T15:56:11.000Z,Sassafrass_84,True,False,"She's right. Melania Trump is one of the most bullied people in the world. She never got a fair chance with the media. They did her dirty. This time around, we have X. And we can spread her messages and her good deeds. Msm is dead. Drop a heart if you support our Flotus. ",590224,43035,3913,6720,713
2024-11-12T14:30:30.000Z,EricLDaugh,True,False," BREAKING: Senator Rick Scott warns that if an establishment Republican becomes Senate Majority Leader, Trump's MANDATE FROM THE PEOPLE will not be honored.

""I am absolutely COMMITED to get his nominees confirmed and get his agenda passed.""

""All the things that Donald Trump",330975,14836,215,4081,137
2024-11-12T12:48:55.000Z,MarioNawfal,True,False,"INFLUENCER GONE ROGUE

""I'm no longer the stupid brainwashed liberal I used to be when I was 19.

I don't give a f*** about your identity politics.

I voted for Trump... and I hate fat people.""",2327800,38239,1601,2879,3940
2024-11-12T18:12:52.000Z,ElHuffPost,True,False,"Teresa Ribera, a Jorge Buxadé: ""No hay nada más peligroso que cuestionar y minar la credibilidad de las instituciones que nos alertan y este es un buen ejemplo de lo que ocurre""",13544,919,24,305,7
2024-11-12T17:21:04.000Z,lachainelequipe,True,False,"II JEU CONCOURS II À l'occasion de la sortie du film Gladiator II : 

 RT + Follow 
@lachainelequipe
 pour tenter de remporter un voyage exceptionnel à Rome en mode Gladiator et des goodies du film ! 

#GladiatorII 
@paramountfr",49223,736,249,1563,32
2024-11-12T15:04:44.000Z,SecGenNATO,False,False,"Russia continues its onslaught against Ukraine, all the while drawing ever closer to its allies, China, and Iran, and North Korea.

So, we must stand together – Europe, North America and our global partners - to keep our people safe and prosperous.",113881,4286,788,1184,106
2024-11-12T18:02:43.000Z,gwayupdates,False,False,MY CHEMICAL ROMANCE LONG LIVE THE BLACK PARADE NORTH AMERICAN TOUR DATES 2025,237906,6589,60,2979,386
2024-11-12T14:32:16.000Z,Liz_Wheeler,True,False,"RFK Jr. says his opinion of Trump has completely changed. “I’ve been convinced that this guy that I had such contempt for, such disdain for, is actually a really extraordinary leader that could be one of the great Presidents in history.”",613929,33991,258,6344,1034
2024-11-12T16:57:28.000Z,The_Trump_Train,True,False,GIVE ME A  IF YOU WANT A FULL SCALE INVESTIGATION OF FEMA FOR DISCRIMINATING AGAINST TRUMP SUPPORTERS!,41910,5873,1414,1543,47
2024-11-12T18:36:01.000Z,RepLuna,True,False,"The FEMA official fired for telling workers to avoid homes with Trump signs in FL said this transpires in other states, including the Carolinas. People's lives were on the line. FEMA chose to discriminate against Americans for their beliefs. We will get to the bottom of this!",13784,1107,92,340,27
2024-11-09T08:37:26.000Z,ByDonkeys,True,False,"How Musk broke Twitter and helped elect Trump
(Location: Tesla European HQ, Amsterdam)",3857532,50725,3011,24108,14092
2024-11-12T00:38:05.000Z,AZ_Brittney,True,False,"Melania Trump has refused an invitation to meet with Jill Biden at the White House. 

First Lady Doctor Jill Biden is classier, smarter and kinder than Melania by a long shot! 

Who agrees? ",1434240,43639,9668,6074,311
2024-11-11T23:24:37.000Z,DisavowTrump20,True,False,"NEW: Melania Trump has rejected First Lady Jill Biden’s invitation for an official White House meeting. This is a decades-long tradition that was broken in 2020 by Melania refusing to meet with Dr. Biden. 

RETWEET if you are proud to call Dr. Biden our First Lady!",3216843,80004,7978,14820,1455
2024-11-12T18:05:28.000Z,ScottforFlorida,True,False,"Our mandate could not be more clear - get President Trump’s agenda done.

As Senate Majority Leader, I’ll do just that.",29852,3955,110,982,34
2024-11-12T19:15:20.000Z,Crypto__Goku,True,False,"[GIVEAWAY]

 Pour fêter le passage les 16k sur mon canal telegram gratuit

 1 Pack de cartes ""Currency Trading Cards Series 3"" à gagner !

Pour ceux qui ne connaissent pas, il s'agit d'un pack de cartes à collectionner.
Des cartes spéciales rares peuvent être présentes à",6982,177,143,162,13
2024-11-11T03:13:42.000Z,charliekirk11,True,False,"John Thune on whether he would support Trump running for President: 

“I’m hoping we get other options.” 

Would be a shame if this went viral.",1658989,44959,1944,30258,840
2024-11-10T19:18:55.000Z,EndWokeness,True,False,"""DONALD TRUMP WILL NEVER EVER BE PRESIDENT"" montages never get old:",8524697,120160,3212,23305,25783
2024-11-06T18:38:11.000Z,bennyjohnson,True,False,JUST IN: Jack Smith will be gone from his post as Special Counsel before Trump takes office resulting in all of Trump's legal cases being DROPPED,2657655,83749,2009,14669,2840
2024-11-12T13:50:11.000Z,CENTCOM,True,False,Aircraft from USS Abraham Lincoln (CVN 72) support operations against Iran-backed Houthis in the U.S. Central Command area of responsibility.,245616,3862,198,782,203
2024-11-08T22:14:10.000Z,CalltoActivism,True,False,"BREAKING NEWS:

Donald Trump says he will end automatic citizenship for the children of undocumented immigrants. 

Since Trump's family is of German descent, and not Native American, we can deport him and his family to Germany.",8457138,112900,8713,16985,6510
2024-11-12T02:49:07.000Z,CollinRugg,True,False,"NEW: Donald Trump’s ‘Border Czar’ Tom Homan says they are going to use US Special Operations to wipe cartels off the face of the Earth.

“The illegal animals coming across the border... 31% of women that make their journey get r*ped by criminal cartels.”

“Children get r*ped.",4501186,71874,1518,11971,5276
2024-11-10T22:26:00.000Z,MAGA__Patriot,True,False,That's the President America won back this week! ,16930799,216676,1512,20783,7134
