timestamp username icon:verified fact:checked text views likes replies reposts bookmarks   :   :            :   :
2024:11:02T08:10:54.000Z,mollie_don,True,False,"Trump's economic policies, including tariffs, tax cuts, and immigration control, aim to address inflation and stimulate economic growth. Supporters believe his straightforward approach could eliminate bureaucratic hurdles and stimulate immediate economic activity.,,,,:,,,:
,,,,,,,,,,,,:,,,:
If we want to",8847,270,14,208,3,,,,,,,:,,,:
2024:11:17T18:25:43.000Z,CalltoActivism,True,False,"BREAKING NEWS:,,,,,,,,:,,,:
,,,,,,,,,,,,:,,,:
Former federal prosecutor Randall Eliason says Trump's New York hush money case sentencing should still move forward.,,,,,,,,,,,,:,,,:
,,,,,,,,,,,,:,,,:
He argues the election did not wipe the slate clean, and the state jury’s decision stands. ,,,,,,,,,,,:,,,:
,,,,,,,,,,,,:,,,:
Who else agrees Trump must be sentenced?",498661,32507,2444,6004,204,,,,,,,:,,,:
2024:11:14T16:41:03.000Z,SimplyBitcoinTV,True,False,BULLISH: President Trump is considering 0% capital gains tax on #Bitcoin and crypto. ,176530,5901,150,861,108,,,:,,,:
2024:11:12T02:27:02.000Z,abcnews,True,False,"“Trump is waging a war on trade itself”: Malcolm Turnbull says if Anthony Albanese wants to protect Australia’s economic interests, he has to level directly with Donald Trump.,,,,,,,:,,,:
,,,,,,,,,,,,:,,,:
Catch up on #QandA on iview: https://ab.co/2E7R5d9",34307,112,128,29,16,,,,,,,:,,,:
2024:11:11T18:15:12.000Z,KristiNoem,True,False,"The American people know how to spend their own money. By eliminating government waste and focusing federal spending on the core functions of government, President Trump will deal with the debt and unleash economic growth. That’s what we did in South Dakota!",166184,3308,238,544,65,,:,,,:
2024:11:11T18:25:24.000Z,kayleighmcenany,True,False,"THE TRUMP EFFECT,,,,,,,,:,,,:
,,,,,,,,,,,,:,,,:
In just a few days and before he is even President ,,,,,,,,,,,,:,,,:
,,,,,,,,,,,,:,,,:
 First female Chief of Staff appointed,,,,,,,,,,,,:,,,:
 Stock market hitting all:time:highs,,,,,,,,,,,,:,,,:
 Newest migrant caravan breaking up,,,,,,,,,,,,:,,,:
 NYC to stop giving debit cards to illegal immigrants,,,,,,,,,,,,:,,,:
 EU wants to buy US gas, not",815816,23242,461,4660,1626,,,,,,:,,,:
2024:11:14T03:08:52.000Z,MemeNonLibs,True,False,"“You f**king b**ches elected Trump into office”,,,,,,,,:,,,:
,,,,,,,,,,,,:,,,:
You’d think a week would be enough time for these liberals to calm down ,,,,,,,,,,,,:,,,:
,,,,,,,,,,,,:,,,:
Do we really care that much more about “the economy” over “women’s rights?”",151552,793,964,220,119,,,,,,,:,,,:
2024:11:14T02:37:17.000Z,w_terrence,True,False,"KAMALAAAAAAAA CALL ME!!!!!!,,,,,,,,:,,,:
,,,,,,,,,,,,:,,,:
Send this to ,,,,,,,,,,,,:,,,:
@KamalaHarris,,,,,,,,,,,,:,,,:
 ,,,,,,,,,,,,:,,,:
,,,,,,,,,,,,:,,,:
You raised $1 BILLION and now you are negative $20 million dollars, you can’t pay people or the vendors BUT you were going to fix the Economy over night!,,,,,,,,,,,:,,,:
,,,,,,,,,,,,:,,,:
Trump offered to help so I have some coins I would like to give you",294862,6510,398,1527,217,,,,,,,:,,,:
2024:11:17T20:56:05.000Z,CubanOnlyTrump,True,False,"Joe Biden admin a month ago: Sorry, we don't have enough money to help American hurricane victims. $750 is all she had for North Carolinians that had their lives ruined.,,,,,,,:,,,:
,,,,,,,,,,,,:,,,:
Biden admin yesterday: We are building a passenger train in Lima, Peru and now He's leading us into WWIII",38579,925,67,451,70,,,,,,:,,,:
2024:11:12T21:31:15.000Z,TrueJMitchell,True,False,"This lady says:Says the boom you felt during Donald Trump's first term was because of Obama, not Trump.,,,,,,,:,,,:
,,,,,,,,,,,,:,,,:
She goes on to say that the last 4 years of inflation and high prices are because of Donald Trump, not Biden.,,,,,,,,,,,:,,,:
,,,,,,,,,,,,:,,,:
Jeff brings the facts.",18500,453,66,255,45,,,,,,,:,,,:
2024:11:14T13:00:00.000Z,brutamerica,True,False,"Trump’s proposals for the economy are sparking debates. But economists warn his tariffs could lead to higher prices for consumers, and his tax cuts might mainly benefit the wealthy. ,,,,,,,:,,,:
#ElectionEconomics #Trump2024 #EconomicPolicy",0,3,1,1,179,,,,,,,:,,,:
2024:11:12T15:47:33.000Z,RealAmVoice,True,False,"CONVERSATIONS ARE NOT ALLOWED: Judge Merchon delayed the Trump immunity decision in the NY hush:money case. ""Now, he has to declare a mistrial. No need for another delay. Does he really think he's going to send President:Elect Trump to Rikers?"",,,,,,,:,,,:
@mrddmia,,,,,,,,,,,,:,,,:
 @Bannons_WarRoom,,,,,,,,,,,,:,,,:
 #WarRoom",28068,684,20,274,31,,,,,,,:,,,:
2024:11:11T23:15:47.000Z,realDailyWire,True,False,"""The time of concessions, the time of weakness is over. The time of the strength that President Trump brings back to the office has returned."",,,,,,,:,,,:
@BenShapiro,,,,,,,,,,,,:,,,:
 on what the Iranian economy could look like with President Trump back in office,,,,,,,,,,,,:,,,:
@FoxBusiness",256431,1456,34,137,49,,,,,,,:,,,:
2024:11:17T00:01:00.000Z,RBReich,False,False,"Trump wants to cut the corporate tax rate to 15%. This would give...,,,,,,,,:,,,:
,,,,,,,,,,,,:,,,:
:The 5 largest banks a $4.1B tax cut,,,,,,,,,,,,:,,,:
:The 5 largest drug makers a $3.1B tax cut,,,,,,,,,,,,:,,,:
:The 5 largest US oil companies a $2.5B tax cut,,,,,,,,,,,,:,,,:
:The 5 largest grocery stores a $1.7B tax cut,,,,,,,,,,,,:,,,:
,,,,,,,,,,,,:,,,:
Some populist, huh?",599715,15052,2850,6344,754,,,,,,:,,,:
2024:11:15T15:12:21.000Z,DeanObeidallah,True,False,Today's stock market crash is 100% brought to you by Donald Trump and his extreme cabinet choices.,15223,1035,31,342,9,,,:,,,:
2024:11:15T22:32:05.000Z,TrumpBaroon,True,False,"Most of time Dad keeps telling me that he will do the best for USA in matters developments, economy growth and it’s Sustainability.,,,,,,,:,,,:
,,,,,,,,,,,,:,,,:
Pray for Him, because he loves United States of America so much",100279,8363,542,997,38,,,,,,:,,,:
2024:11:09T14:01:39.000Z,Bubblebathgirl,True,False,"First 100 days of Trump Part 2 is going to be EPIC:,,,,,,,,:,,,:
,,,,,,,,,,,,:,,,:
Close border,,,,,,,,,,,,:,,,:
Resume border wall construction,,,,,,,,,,,,:,,,:
Mass deportation,,,,,,,,,,,,:,,,:
Unleash oil production,,,,,,,,,,,,:,,,:
Leave Paris Climate Agreement,,,,,,,,,,,,:,,,:
End Ukraine/Russia War,,,,,,,,,,,,:,,,:
End Israel/Hamas War,,,,,,,,,,,,:,,,:
Save US economy",9092,730,34,221,16,,,,,,,:,,,:
2024:11:11T11:29:07.000Z,SquawkCNBC,True,False,"""Instead of criticizing Jay Powell, I think Trump should thank Jay Powell because his overly easy policy during the Biden administration causing all that inflation was certainly one of the reasons Trump won the election,"" says ,,,,,,:,,,:
@Wharton,,,,,,,,,,,,:,,,:
's Jeremy Siegel.",129744,748,73,101,103,,,,,,,:,,,:
2024:11:11T20:53:13.000Z,treasonstickers,False,False,"Trump is dismantling the department of education for 4 reasons:,,,,,,,,:,,,:
,,,,,,,,,,,,:,,,:
1. Uneducated people vote for republicans,,,,,,,,,,,,:,,,:
,,,,,,,,,,,,:,,,:
2. To allow red states to white wash history,,,,,,,,,,,,:,,,:
,,,,,,,,,,,,:,,,:
3. To funnel tax dollars into private for:profit Christian schools that promote the patriarchy,,,,,,,,,,,,:,,,:
,,,,,,,,,,,,:,,,:
4. Project 2025 said to do it",1457179,62930,5484,14107,2687,,,,,,,:,,,:
2024:11:18T00:12:36.000Z,bySukie,True,False,"Kaspa is going to surpass $100B MC,,,,,,,,:,,,:
,,,,,,,,,,,,:,,,:
Why?,,,,,,,,,,,,:,,,:
,,,,,,,,,,,,:,,,:
Money is energy & Kaspa is one of the hardest currencies out there next to $BTC,,,,,,,,,,,,:,,,:
,,,,,,,,,,,,:,,,:
$KAS is a blackhole, absorbing liquidity from all Cryptos as more people find out about it,,,,,,,,,,,:,,,:
,,,,,,,,,,,,:,,,:
People like Elon, ",4285,102,11,20,11,,,,,,:,,,:
2024:11:15T02:23:31.000Z,TimRunsHisMouth,True,False,"Biden's Secretary of State, Antony Blinken, announces that they're going to launder as much money as possible through Ukraine before Trump takes office...,,,,,,:,,,:
,,,,,,,,,,,,:,,,:
I mean... send support to Ukraine.",54733,3391,108,767,39,,,,,,,:,,,:
