timestamp username icon:verified fact:checked text views likes replies reposts bookmarks   :   :            :   :
2024:11:13T05:28:54.000Z,amerix,True,False,"President Trump has picked Elon Musk and Vivek Ramaswamy to lead The Department of Government Efficiency (DOGE),,,,,,,,:,,,:
,,,,,,,,,,,,:,,,:
This department is tasked with ending wastage of taxpayers' money and draining the swamp.,,,,,,,,,,,,:,,,:
,,,,,,,,,,,,:,,,:
America has Vivek, Kenya has David Ndii.,,,,,,,,,,,:,,,:
,,,,,,,,,,,,:,,,:
Kenya is led by fools.",264198,6009,298,1935,208,,,,,,,:,,,:
2024:11:10T05:21:30.000Z,Poe_Ether,True,False,"FELLERS WE ARE GOING INTO A PRO CRYPTO GOVERNMENT ELECT ,,,,,,,,:,,,:
,,,,,,,,,,,,:,,,:
THE 47TH PRESIDENT TO BE,,,,,,,,,,,,:,,,:
,,,,,,,,,,,,:,,,:
DONALD J TRUMP,,,,,,,,,,,,:,,,:
,,,,,,,,,,,,:,,,:
HIS STOCK MARKET TICKER IS $DJT,,,,,,,,,,,,:,,,:
,,,,,,,,,,,,:,,,:
HIS SHIT COIN TICKER IS $DJT4700 #DJT4700",17042,225,157,100,25,,,,,,,:,,,:
2024:11:07T23:06:28.000Z,RealAmVoice,True,False,"BIDEN SIGNS EXECUTIVE ORDER RESTRICTING EVEN MORE ALASKA RESERVES,,,,,,,,:,,,:
@JSolomonReports,,,,,,,,,,,,:,,,:
 says Biden is just adding to inflation with this move and is just another last minute move to hurt Trump.,,,,,,,,,,,,:,,,:
@AmandaHead",34232,676,46,590,62,,,,,,,:,,,:
2024:11:12T15:58:44.000Z,SenatorLankford,True,False,"Next year, the Trump tax cuts are set to expire, and we must take action. Otherwise, Americans—including Oklahomans—could face tax hikes. We need to get to work to keep taxes low and support hardworking families.",27283,540,515,84,:,,,:
2024:11:12T21:31:15.000Z,TrueJMitchell,True,False,"This lady says:Says the boom you felt during Donald Trump's first term was because of Obama, not Trump.,,,,,,,:,,,:
,,,,,,,,,,,,:,,,:
She goes on to say that the last 4 years of inflation and high prices are because of Donald Trump, not Biden.,,,,,,,,,,,:,,,:
,,,,,,,,,,,,:,,,:
Jeff brings the facts.",17594,447,66,249,44,,,,,,,:,,,:
2024:11:08T13:21:02.000Z,YourAnonCentral,True,False,"""the very best thing Trump could do is nothing at all. Go play golf and take credit for the economic trends that we already have. Just take credit for the economy he inherited and do nothing else and that is the best possible outcome we could hope for.""",149692,1114,18,176,67,,,:,,,:
2024:11:13T15:40:35.000Z,DineshDSouza,True,False,"Trump’s going to not only tax, but confiscate the endowments of every university that the Department of Justice finds has engaged in illegal discrimination under the guise of ""equity"". ,,,,,,,:,,,:
,,,,,,,,,,,,:,,,:
We are witnessing one of the strongholds of the left crumble in real time.",117847,8354,113,1695,139,,,,,,,:,,,:
2024:11:07T15:18:31.000Z,Yeahaboutthat3,True,False,"How Trump's Tariffs would work and how getting rid of the Income Tax would benefit you,,,,,,,,:,,,:
,,,,,,,,,,,,:,,,:
What would you do if your family kept an extra $15k : $30k annually?",2143930,39957,756,13976,17109,,,,,,,:,,,:
2024:11:06T10:48:34.000Z,Fidias0,True,False,What Trump's Victory Means For European Economy,87867,1892,179,237,394,,,:,,,:
2024:11:13T14:39:35.000Z,Bubblebathgirl,True,False,"Chuck Schumer scolds Republicans and says, “Do not abandon the need for bipartisanship.”,,,,,,,:,,,:
,,,,,,,,,,,,:,,,:
Democrat policies under Joe Biden ruined our border and economy while escalating war.,,,,,,,,,,,,:,,,:
,,,,,,,,,,,,:,,,:
America voted for that to end.,,,,,,,,,,,,:,,,:
,,,,,,,,,,,,:,,,:
Dem lawmakers need to now follow Trump’s lead.",14528,1135,340,290,12,,,,,,,:,,,:
2024:11:07T18:20:55.000Z,mtgreenee,True,False,"I lived in Georgia my entire life, and I knew early on that President Trump was going to win my home state in a landslide.,,,,,,,:,,,:
,,,,,,,,,,,,:,,,:
Suburban woman were concerned by the price of milk and eggs every time they went to the grocery store, not abortion like the Democrats were selling.",88253,3986,237,583,31,,,,,,:,,,:
2024:11:10T02:18:00.000Z,Bubblebathgirl,True,False,"Kamala Harris supporter at Women’s March in DC says Kamala lost because of sexism and racism.,,,,,,,,:,,,:
,,,,,,,,,,,,:,,,:
Completely ignores that Kamala cancels women by saying men can be them.,,,,,,,,,,,,:,,,:
,,,,,,,,,,,,:,,,:
Also ignores the border and economic issues that people voted for Trump to address.",13444,472,93,118,11,,,,,,,:,,,:
2024:11:13T16:26:54.000Z,JavonAPrice,True,False,"Notice how President Trump sits beneath a portrait of Abraham Lincoln—the first Republican president, who also faced a hostile media & unfortunately lost his life from an assassin. Yet, both transformed our nation for the better in just four years.,,,,,,:,,,:
,,,,,,,,,,,,:,,,:
Godspeed, President Trump! ",7324,600,25,111,9,,,,,,:,,,:
2024:11:13T18:11:00.000Z,SantaSurfing,True,False,"DEEP IN THE HEART OF TEXAS!!!,,,,,,,,:,,,:
What's up with Texas?  ,,,,,,,,,,,,:,,,:
:  X moved to Texas,,,,,,,,,,,,:,,,:
:  Elon's business moved to Texas,,,,,,,,,,,,:,,,:
:  Texas will have its own Stock Exchange,,,,,,,,,,,,:,,,:
:  Trump announced moving federal agencies to parts of the country outside of Washington DC....where there are Patriots that love",3564,156,20,54,9,,,,,,,:,,,:
2024:11:11T04:30:14.000Z,MarioNawfal,True,False,"CATHIE WOOD: TRUMP’S POLICIES COULD FUEL AN INNOVATION BOOM,,,,,,,,:,,,:
,,,,,,,,,,,,:,,,:
Cathie Wood, the innovative mind behind ARK Invest, paints a compelling picture of the investment landscape following the election, highlighting parallels to the economic shifts of the Reagan era. ,,,,,,,,,:,,,:
,,,,,,,,,,,,:,,,:
Just as Reagan’s",124610,754,34,177,82,,,,,,,:,,,:
2024:11:07T02:41:46.000Z,Damondyor,False,False,"Since Donald Trump is the 47th president, I will be giving away $47,000 to someone that engages. ,,,,,,:,,,:
,,,,,,,,,,,,:,,,:
I have no reason to lie, we all just made so much money yesterday. TRY ME.",188077,4010,1606,1081,80,,,,,,:,,,:
2024:11:13T19:38:15.000Z,Ilhan,True,False,"Trump’s mass deportation agenda sends a chilling message about what we can expect in the coming years: a ramped:up assault on immigrant communities and workers that threatens our economy.,,,,,,,,:,,,:
,,,,,,,,,,,,:,,,:
This isn’t about “security” or “economic growth”. It’s a plan rooted in fear, not facts.",24028,274,527,71,8,,,,,,:,,,:
2024:11:13T01:18:12.000Z,Bitcoin_Teej,True,False,"Trump and Elon pushing the coin right in your face! ,,,,,,,,:,,,:
,,,,,,,,,,,,:,,,:
$DOGE to $1",58150,556,16,79,119,,,,,,,:,,,:
2024:11:12T15:37:09.000Z,Bubblebathgirl,True,False,"Even if the hush money case against Trump gets dismissed, that doesn’t mean the lawfare against him is forgotten.,,,,,,,:,,,:
,,,,,,,,,,,,:,,,:
Our government, DAs, and judges abused our judicial system in order to interfere in the 2024 presidential election.,,,,,,,,,,:,,,:
,,,,,,,,,,,,:,,,:
They need to face legal consequences.",16165,1845,53,719,14,,,,,,,:,,,:
2024:11:10T22:00:02.000Z,MarioNawfal,True,False," RICK SCOTT PITCHES HIMSELF AS SENATE GOP “CHANGE” CANDIDATE,,,,,,,,:,,,:
,,,,,,,,,,,,:,,,:
Florida Senator Rick Scott positioned himself as the “change” candidate in the Senate GOP leadership race, vowing to advance Trump’s agenda on border security, military strength, and economic reform. ,,,,,,,,,:,,,:
,,,,,,,,,,,,:,,,:
He emphasized",126435,1032,55,226,23,,,,,,,:,,,:
2024:11:08T13:39:23.000Z,weeklyshowpod,True,False,"“You can get people to vote away their democracy… as long as you create a false world for them to believe in.” : ,,,,,,,,:,,,:
@HC_Richardson,,,,,,,,,,,,:,,,:
 on how fear and disinformation helped shape this election. #TheWeeklyShow #JonStewart #Trump #Economy",1150174,9134,1138,3392,1773,,,,,,,:,,,:
2024:11:06T13:30:31.000Z,RollingStone,True,False,"Donald Trump — the twice impeached former president, Jan. 6 coup leader, convicted felon, adjudicated sexual abuser, and man who mismanaged the 2020 economic implosion and coronavirus disaster that killed more than 1 million people in this country — has convinced American voters",11627148,241233,12792,:,13626,,:
2024:11:06T14:47:11.000Z,TrumpWarRoom,True,False,".,,,,,,,,:,,,:
@JasonMillerinDC,,,,,,,,,,,,:,,,:
: ""That, I think was one of the key value propositions of why voters look to President Trump — because they've seen him do it before... President Trump built the greatest economy we ever had. We had a secure border. He can put that back in place...""",117891,2775,112,572,56,,,,,,:,,,:
