timestamp username icon:verified fact:checked text views likes replies reposts bookmarks   :   :            :   :
2024:11:17T21:01:38.000Z,SpeakerJohnson,True,False,"With President Trump back in the White House and Republicans in control of Congress, we'll grow the economy and lower costs.,,,,,,,:,,,:
 ,,,,,,,,,,,,:,,,:
How?,,,,,,,,,,,,:,,,:
 ,,,,,,,,,,,,:,,,:
By preventing the largest tax hike in US history, cutting reckless spending, and incentivizing companies to invest in America and create new jobs.",92188,3892,646,648,49,,,,,:,,,:
2024:11:10T20:41:05.000Z,greg_price11,True,False,"Bosa and the Niners D just hit the Trump dance after a sack ,,,,,,,,:,,,:
,,,,,,,,,,,,:,,,:
The NFL can't fine him for that. ",1954802,38476,442,4780,1082,,,,,,,:,,,:
2024:11:10T20:01:28.000Z,JohnBasham,True,False,"FACT: EVERY CELEBRITY (Including Oprah) OR LEFT:WING PODCASTER Who Took Money From The ,,,,,,,,:,,,:
@KamalaHarris,,,,,,,,,,,,:,,,:
 Campaign AND DID NOT DISCLOSE THEY WERE A PAID POLITICAL ADVERTISEMENT, BROKE FEDERAL LAW!,,,,,,,,,,,:,,,:
Get A Lawyer Now!,,,,,,,,,,,,:,,,:
The Law Applies To Both Parties & A Trump DOJ MUST Investigate.",3172108,104395,1041,32242,5757,,,,,,,:,,,:
2024:11:16T13:19:58.000Z,iamnot_elon,True,False,"Good morning 𝕏! President Trump and I are having coffee here at Mar:a:lago on a beautiful Saturday morning. We're going through plans to delete the IRS and majorly simplify the tax code. We think you should just be able to log into a website, it tells you exactly how much you",2977558,70473,6319,9344,2072,,:,,,:
2024:11:10T18:59:56.000Z,Jeremyybtc,True,False,"doge will be the biggest runner of this bull run,,,,,,,,:,,,:
,,,,,,,,,,,,:,,,:
elon musk publicly comes out as the co founder of dogecoin,,,,,,,,,,,,:,,,:
,,,,,,,,,,,,:,,,:
trump and elon both mentioned integrating dogecoin as a big part of america's economy,,,,,,,,,,,,:,,,:
,,,,,,,,,,,,:,,,:
1 $doge = $1",155516,863,96,155,43,,,,,,,:,,,:
2024:11:17T04:24:52.000Z,TrumpjrJohn,True,False,"As promised,,,,,,,,:,,,:
I want to change someone's life and send 100 $Sol (~$22,500) to one person by tomorrow. ,,,,,,,,,,,:,,,:
,,,,,,,,,,,,:,,,:
Just like, retweet and comment 'done'.,,,,,,,,,,,:,,,:
,,,,,,,,,,,,:,,,:
I DIDNT MISS $PNUT ,,,,,,,,,,,,:,,,:
I DIDNT MISS $BITCAT,,,,,,,,,,,,:,,,:
I DIDNT MISS $BARSIK",138151,679,548,476,51,,,,,,,:,,,:
2024:11:09T22:08:54.000Z,DanCrenshawTX,True,False,"This video is for Bernie Bro ,,,,,,,,:,,,:
@cenkuygur,,,,,,,,,,,,:,,,:
. Perhaps it will help him begin his journey to economic literacy.,,,,,,,,,,,,:,,,:
,,,,,,,,,,,,:,,,:
During our debate on ,,,,,,,,,,,,:,,,:
@PiersUncensored,,,,,,,,,,,,:,,,:
, he had a near emotional breakdown about Trump’s corporate tax cuts, reciting the same old tired talking points about “helping your",65441,796,49,181,141,,,,,:,,,:
2024:11:11T20:53:13.000Z,treasonstickers,False,False,"Trump is dismantling the department of education for 4 reasons:,,,,,,,,:,,,:
,,,,,,,,,,,,:,,,:
1. Uneducated people vote for republicans,,,,,,,,,,,,:,,,:
,,,,,,,,,,,,:,,,:
2. To allow red states to white wash history,,,,,,,,,,,,:,,,:
,,,,,,,,,,,,:,,,:
3. To funnel tax dollars into private for:profit Christian schools that promote the patriarchy,,,,,,,,,,,,:,,,:
,,,,,,,,,,,,:,,,:
4. Project 2025 said to do it",1456501,63017,5484,14105,2690,,,,,,,:,,,:
2024:11:11T14:11:03.000Z,DC_Draino,True,False,"The Visa/MC credit card monopoly has put Americans into excessive debt with usurious interest rates at 25%+,,,,,,,,:,,,:
,,,,,,,,,,,,:,,,:
President Trump wants a 10% cap on all credit card interest rates,,,,,,,,,,,,:,,,:
,,,,,,,,,,,,:,,,:
JD Vance co:sponsored the Credit Card Competition act which fights the 2:4% hidden tax you pay every",5509783,88981,2027,21082,5495,,,,,,,:,,,:
2024:11:09T17:42:01.000Z,katiephangshow,True,False,"""There's no reason that sentencing can't move forward..."" ,,,,,,,,:,,,:
@JoyceWhiteVance,,,,,,,,,,,,:,,,:
 talks about what to expect this week from Trump's NY election interference/hush money trial.",186401,4919,266,1578,123,,,,,,,:,,,:
2024:11:09T22:15:00.000Z,abcnews,True,False,"WATCH: Donald Trump returns to the White House on a wave of cost:of:living anger. In Australia, both sides of politics are preparing for a similar contest over inflation at next year's election. #auspol #ABCInsiders",32143,93,119,30,2,,:,,,:
2024:11:17T20:06:19.000Z,greg_price11,True,False,Brock Bowers scored a TD and hit the Trump dance ,132253,1595,34,198,59,,,:,,,:
2024:11:15T03:56:23.000Z,TheDemCoalition,True,False,"Yet another stat to bookmark for when Trump tries to take credit for the great economy that the Biden:Harris administration rebuilt after Mango Mussolini left a steaming pile for them in January 2021 following his disastrous mismanagement of the COVID pandemic.,,,,,,,,:,,,:
,,,,,,,,,,,,:,,,:
Read more here:",10092,468,14,307,40,,,,,,,:,,,:
2024:11:15T20:59:12.000Z,renoomokri,True,False,How We Will Keep Making Money In The Trump Era,24066,277,19,56,57,,,:,,,:
2024:11:17T18:25:43.000Z,CalltoActivism,True,False,"BREAKING NEWS:,,,,,,,,:,,,:
,,,,,,,,,,,,:,,,:
Former federal prosecutor Randall Eliason says Trump's New York hush money case sentencing should still move forward.,,,,,,,,,,,,:,,,:
,,,,,,,,,,,,:,,,:
He argues the election did not wipe the slate clean, and the state jury’s decision stands. ,,,,,,,,,,,:,,,:
,,,,,,,,,,,,:,,,:
Who else agrees Trump must be sentenced?",299643,21010,1594,3983,121,,,,,,,:,,,:
2024:11:10T15:19:20.000Z,ByronYork,True,False,"Michael Cohen is so funny. After all he has done and said, he now wants Donald Trump to rise above 'retribution' and seek 'unity' with him. But Cohen can't even get through that without flying into a rage about his punishment for tax evasion.",163566,1767,300,362,115,,:,,,:
2024:11:16T00:56:59.000Z,xMarketNews,True,False,"JUST IN FORMER OVERSTOCK CEO PATRICK BYRNE STATES HE WOULD TAKE AN OFFER TO BE THE SEC CHAIRMAN,,,,,,,,:,,,:
,,,,,,,,,,,,:,,,:
X User: “We need Patrick Byrne to chair the SEC for the first 100 days of the Trump administration. That’s all the time he would need to clean it up and stop naked shorting.”",82620,2048,100,626,55,,,,,,,:,,,:
2024:11:13T20:27:46.000Z,ibramxk,True,False,"How much money have Trump Republicans “race hustled” out of you for their campaigns? How much money have they hustled out of you by manipulating you into believing that the COVID:19 was the “China virus,” or the 2020 election was stolen by Black voters, or Black prosecutors were",95357,499,283,104,33,:,,,:
2024:11:11T22:45:49.000Z,trumprealparody,True,False,"BREAKING: Speaker Mike Johnson says there won’t be a vote to send more money to Ukraine until the border is secure. ,,,,,,,,:,,,:
,,,,,,,,,,,,:,,,:
Do you support this?,,,,,,,,,,,,:,,,:
,,,,,,,,,,,,:,,,:
A. Yes ,,,,,,,,,,,,:,,,:
B. No",255797,21317,6331,2273,61,,,,,,,:,,,:
2024:11:09T00:43:59.000Z,JustTheNews,True,False,Mike Davis: Judge Merchan should declare mistrial in Trump hush money case,20288,387,15,77,8,,,:,,,:
2024:11:14T18:15:26.000Z,Reuters,True,False,"Exclusive: President:elect Donald Trump's transition team is planning to kill the $7,500 consumer tax credit for electric:vehicle purchases as part of broader tax:reform legislation, two sources with direct knowledge of the matter told Reuters",79197,82,30,51,6,:,,,:
2024:11:14T18:22:22.000Z,bitcoinlfgo,True,False,"BIG BREAKING  ,,,,,,,,:,,,:
,,,,,,,,,,,,:,,,:
PRO : #BITCOIN President Trump is considering 0% capital gains tax on #Bitcoin and cryptocurrency! ",232243,7239,214,1272,125,,,,,,,:,,,:
2024:11:15T00:35:00.000Z,its_The_Dr,True,False,DO YOU THINK PRESIDENT TRUMP IS RIGHT TO SAY SENIORS SHOULDN’T PAY TAX ON SOCIAL SECURITY?,20335,1793,255,240,9,,,:,,,:
2024:11:13T14:00:38.000Z,CoinMarketCap,True,False," Week in Solana: Trump Election Win Makes SOL Soar and Flip BNB.,,,,,,,,:,,,:
,,,,,,,,,,,,:,,,:
$SOL surges 15% to $187!,,,,,,,,,,,,:,,,:
Flips BNB for #4 spot!,,,,,,,,,,,,:,,,:
DApp investments hit $173M!,,,,,,,,,,,,:,,,:
,,,,,,,,,,,,:,,,:
Let's unpack Solana's week ,,,,,,,,,,,,:,,,:
,,,,,,,,,,,,:,,,:
1/6",252610,214,76,62,13,,,,,,,:,,,:
