timestamp username icon:verified fact:checked text views likes replies reposts bookmarks   :   :            :   :
2024:11:19T21:36:34.000Z,SpeakerJohnson,True,False,".,,,,,,,,:,,,:
@HouseGOP,,,,,,,,,,,,:,,,:
 is committed to working with President Trump and ,,,,,,,,,,,,:,,,:
@SenateGOP,,,,,,,,,,,,:,,,:
 to boost the economy, combat inflation, restore the border, reestablish America's energy dominance, provide educational freedom, and dismantle the Deep State.,,,,,,,:,,,:
,,,,,,,,,,,,:,,,:
We’ll get it done for the American people.",48181,1728,323,278,26,,,,,,,:,,,:
2024:11:19T22:01:35.000Z,howardlutnick,True,False,"Thank you, President Trump for your trust in me to help Make America Great Again. As the next Secretary of Commerce, I will join the best administration the US has ever seen and unleash our full economic potential.",316041,6299,289,834,106,:,,,:
2024:11:12T02:27:02.000Z,abcnews,True,False,"“Trump is waging a war on trade itself”: Malcolm Turnbull says if Anthony Albanese wants to protect Australia’s economic interests, he has to level directly with Donald Trump.,,,,,,,:,,,:
,,,,,,,,,,,,:,,,:
Catch up on #QandA on iview: https://ab.co/2E7R5d9",34373,112,128,29,16,,,,,,,:,,,:
2024:11:12T15:22:05.000Z,DixiDarlen,True,False,"It seems these entertainers that took money from the Kamala campaign to twerk, sing, dole out endorsements, whatever, were actually paid advertisements—if they didn’t disclose that— they broke federal law.",12807,642,19,:,13,,:
2024:11:17T19:28:02.000Z,TrumpjrJohn,True,False,"I'm printing money with #Memecoins. ,,,,,,,,:,,,:
,,,,,,,,,,,,:,,,:
If you see this, like, retweet, and follow.,,,,,,,,,:,,,:
,,,,,,,,,,,,:,,,:
I might just change your life.",104121,609,228,348,22,,,,,,,:,,,:
2024:11:17T15:52:01.000Z,RpsAgainstTrump,True,False,"This is what a Banana Republic looks like: an oligarch with an enormous economic stake controls the president and dictates policy. ,,,,,,,,:,,,:
,,,,,,,,,,,,:,,,:
Well done, everyone.",902606,16340,861,4196,776,,,,,,:,,,:
2024:11:17T23:39:14.000Z,sjredmond,True,False,"Ask not why they didn't vote for Harris Bill Shatner, ask why they believed one word Trump was saying. Not one of his economic ""promises"" will be kept, except the ones that screw the bottom half of America.",96354,1399,68,264,113,:,,,:
2024:11:11T18:25:24.000Z,kayleighmcenany,True,False,"THE TRUMP EFFECT,,,,,,,,:,,,:
,,,,,,,,,,,,:,,,:
In just a few days and before he is even President ,,,,,,,,,,,,:,,,:
,,,,,,,,,,,,:,,,:
 First female Chief of Staff appointed,,,,,,,,,,,,:,,,:
 Stock market hitting all:time:highs,,,,,,,,,,,,:,,,:
 Newest migrant caravan breaking up,,,,,,,,,,,,:,,,:
 NYC to stop giving debit cards to illegal immigrants,,,,,,,,,,,,:,,,:
 EU wants to buy US gas, not",817054,23234,460,4652,1624,,,,,,:,,,:
2024:11:17T21:01:38.000Z,SpeakerJohnson,True,False,"With President Trump back in the White House and Republicans in control of Congress, we'll grow the economy and lower costs.,,,,,,,:,,,:
 ,,,,,,,,,,,,:,,,:
How?,,,,,,,,,,,,:,,,:
 ,,,,,,,,,,,,:,,,:
By preventing the largest tax hike in US history, cutting reckless spending, and incentivizing companies to invest in America and create new jobs.",547446,11141,1600,1542,144,,,,,:,,,:
2024:11:14T13:00:00.000Z,brutamerica,True,False,"Trump’s proposals for the economy are sparking debates. But economists warn his tariffs could lead to higher prices for consumers, and his tax cuts might mainly benefit the wealthy. ,,,,,,,:,,,:
#ElectionEconomics #Trump2024 #EconomicPolicy",0,3,1,1,203,,,,,,,:,,,:
2024:11:14T23:11:02.000Z,Barchart,True,False,"Tesla $TSLA declines almost 6% after President Trump proposes removing the $7,500 EV Tax Credit",80697,590,47,115,35,,:,,,:
2024:11:18T15:52:47.000Z,patrickbetdavid,True,False,"Capitalism is FORCING MSNBC to set their egos aside and meet with Trump.  ,,,,,,,,:,,,:
,,,,,,,,,,,,:,,,:
If they don’t, they’re DONE.  ,,,,,,,,,,,:,,,:
,,,,,,,,,,,,:,,,:
The market has spoken and they’re sick of their fear porn.  ,,,,,,,,,,,,:,,,:
,,,,,,,,,,,,:,,,:
Good on them to meet with Trump.  ,,,,,,,,,,,,:,,,:
Good on Trump for accepting their offer.",412842,7412,848,885,528,,,,,,,:,,,:
2024:11:17T22:47:05.000Z,thebearablebull,True,False,"US Based Cryptos Are Outperforming The Market & Will ABSOLUTELY THRIVE!!!!,,,,,,,,:,,,:
,,,,,,,,,,,,:,,,:
Think XRP, XLM, HBAR, ADA, ALGO, DAG, PROPY & Many More,,,,,,:,,,:
,,,,,,,,,,,,:,,,:
Ladies & Gentlemen Everything Has Changed Since Trump Got Elected!!!,,,,,,,,,,,,:,,,:
,,,,,,,,,,,,:,,,:
This Cycle Will Be Completely Different From 2021",150576,2441,82,464,213,,,,,,,:,,,:
2024:11:18T18:05:03.000Z,TheTNHoller,True,False,"As the ,,,,,,,,:,,,:
@WSJ,,,,,,,,,,,,:,,,:
 editorial board warns Musk/Trump’s “blow:it:all:up” ideas could devastate the economy, worth keeping in mind ,,,,,,,,,,,:,,,:
@davetroy,,,,,,,,,,,,:,,,:
’s warnings this is actually a feature not a bug, spiking crypto and steering the world away from  and the dollar. https://rawstory.com/wsj:editorial:warns:elon:musks:blow:it:all:up:ideas:will:devastate:u:s:economy/…",8108,258,14,172,17,,,,,,:,,,:
2024:11:11T21:01:02.000Z,CNBCClosingBell,True,False,"#Tesla popping again today, with the stock seeing a more than 40% gain since the election. ,,,,,,,:,,,:
@DivesTech,,,,,,,,,,,,:,,,:
, who is raising his price target to $400 from $300, calls president:elect Trump's victory a ""game changer"" for Tesla:",401834,303,24,86,33,,,,,:,,,:
2024:11:13T03:53:17.000Z,TheThe1776,True,False,"This young lady has been dating a guy for 5:6 years.  He’s from Algeria and been in the states for over 10 years and after paying lots of money and going through the legal process, he got his citizenship over the summer and she agrees with President Trump strict immigration",22467,837,33,308,63,,:,,,:
2024:11:19T15:44:03.000Z,BehizyTweets,True,False,"BREAKING: President Trump is expected to name Howard Lutnick as Secretary of Commerce. Lutnick is one of the founding members of D.O.G.E alongside Elon Musk.,,,,,,,,:,,,:
,,,,,,,,,,,,:,,,:
Lutnick previously said America was great when ""we had NO income tax."" ,,,,,,,,,,,,:,,,:
,,,,,,,,,,,,:,,,:
He also helped rescue free speech by taking",77874,4200,68,1031,144,,,,,,,:,,,:
2024:11:19T10:10:00.000Z,MoneyRadar_FR,True,False,Vous avez vu cette vidéo de Trump ? ,57579,563,34,192,206,,,:,,,:
2024:11:11T14:20:40.000Z,MAGA__Patriot,True,False,We must NEVER FORGET the high price paid for the freedom we enjoy. Thank you Veterans! ,14337,796,35,417,14,,,:,,,:
2017:11:01T22:27:54.000Z,mikandynothem,True,False,"Trump's ECONOMY is a train that is rolling full steam ahead with no brakes to stop it! ,,,,,,,,:,,,:
*3% GDP growth.,,,,,,,,,,,,:,,,:
*Stock Market breaking record highs weekly.,,,,,,,,,,,,:,,,:
*Unemployment at record lows.,,,,,,,,,,,,:,,,:
...and much more!,,,,,,,,,,,,:,,,:
Jump on board or get the hell out of the way! ,,,,,,,,,,,,:,,,:
#WednesdayWisdom #MAGA #tcot #FoxNews",0,478,42,298,0,,,,,,,:,,,:
