timestamp username icon:verified fact:checked text views likes replies reposts bookmarks   :   :            :   :
2024:11:02T08:10:54.000Z,mollie_don,True,False,"Trump's economic policies, including tariffs, tax cuts, and immigration control, aim to address inflation and stimulate economic growth. Supporters believe his straightforward approach could eliminate bureaucratic hurdles and stimulate immediate economic activity.,,,,:,,,:
,,,,,,,,,,,,:,,,:
If we want to",8896,270,14,208,3,,,,,,,:,,,:
2024:11:17T15:52:01.000Z,RpsAgainstTrump,True,False,"This is what a Banana Republic looks like: an oligarch with an enormous economic stake controls the president and dictates policy. ,,,,,,,,:,,,:
,,,,,,,,,,,,:,,,:
Well done, everyone.",906027,16371,867,4210,784,,,,,,:,,,:
2024:11:19T10:10:00.000Z,MoneyRadar_FR,True,False,Vous avez vu cette vidéo de Trump ? ,84587,877,45,318,280,,,:,,,:
2024:11:21T12:29:29.000Z,DanielTurnerPTF,True,False,"Politico is reporting that President Trump aims to revive the Keystone XL pipeline.,,,,,,,,:,,,:
,,,,,,,,,,,,:,,,:
Here's what some of the pipeline workers Joe Biden laid off have to say:,,,,,,,,,,,,:,,,:
,,,,,,,,,,,,:,,,:
""Put us to work right now” and you will see the price of everything go down.",28347,1789,30,493,25,,,,,,,:,,,:
2024:11:15T18:40:39.000Z,TheUSASingers,False,False,Donald Trump is already crashing the stock market because he’s an unhinged fascist traitor moron.,24361,1328,44,662,36,,,:,,,:
2024:11:19T15:41:21.000Z,WallStreetApes,True,False,"Republican RINOs want to release bogus ethics reports to discredit Donald Trump’s picks and Attorney General Matt Gaetz,,,,,,,,:,,,:
,,,,,,,,,,,,:,,,:
These same reps refuse to release the records on “Congress has paid over $17 million in hush money for sexual misconduct”,,,,,,,,,,,,:,,,:
,,,,,,,,,,,,:,,,:
That’s a secret they can keep, “Who",42688,3247,103,1773,276,,,,,,:,,,:
2024:11:14T02:37:17.000Z,w_terrence,True,False,"KAMALAAAAAAAA CALL ME!!!!!!,,,,,,,,:,,,:
,,,,,,,,,,,,:,,,:
Send this to ,,,,,,,,,,,,:,,,:
@KamalaHarris,,,,,,,,,,,,:,,,:
 ,,,,,,,,,,,,:,,,:
,,,,,,,,,,,,:,,,:
You raised $1 BILLION and now you are negative $20 million dollars, you can’t pay people or the vendors BUT you were going to fix the Economy over night!,,,,,,,,,,,:,,,:
,,,,,,,,,,,,:,,,:
Trump offered to help so I have some coins I would like to give you",297371,6517,398,1526,214,,,,,,,:,,,:
2024:11:17T21:01:38.000Z,SpeakerJohnson,True,False,"With President Trump back in the White House and Republicans in control of Congress, we'll grow the economy and lower costs.,,,,,,,:,,,:
 ,,,,,,,,,,,,:,,,:
How?,,,,,,,,,,,,:,,,:
 ,,,,,,,,,,,,:,,,:
By preventing the largest tax hike in US history, cutting reckless spending, and incentivizing companies to invest in America and create new jobs.",551206,11172,1617,1551,141,,,,,:,,,:
2024:11:15T12:34:37.000Z,LanceRoberts,True,False,"#President #Trump is walking into an #economy and #market that has a vastly different setup than when elected in 2016. ,,,,,,,,:,,,:
@thedailyshot",32332,320,21,86,126,,,,,,,:,,,:
2024:11:21T16:58:09.000Z,jimmymmounis,True,False,"STOP COMPARING #BITCOIN CHARTS FOM 2012 : 2016 : 2020 . ,,,,,,,,:,,,:
#BTC NOW HAS COMPLAITELLY DIFFERENT  ECOSYSTEM THAN EVER BEFORE. Institutional money , #Trump new government Support . ETFs , OPTIONS ETFs plus more new Buyers coming after #BTC hits $100k",0,0,2,35,0,,,,,:,,,:
2024:11:19T23:01:08.000Z,CBSNews,True,False,"Lawyers for Manhattan DA Alvin Bragg are urging Justice Juan Merchan that Trump should not be sentenced for his crimes in his New York ""hush money"" case until after he completes his second term in office. ""We've never been here before,"" says CBS News legal contributor Jessica",68559,116,100,44,12,,:,,,:
2024:11:21T14:29:42.000Z,WHGrampa0,True,False,"BE HONEST:,,,,,,,,:,,,:
,,,,,,,,,,,,:,,,:
Do you Agree with Trump that Retired people should be completely tax Exempt, they have already paid their dues?,,,,,,,,,,,:,,,:
,,,,,,,,,,,,:,,,:
A. YES,,,,,,,,,,,,:,,,:
B. NO,,,,,,,,,,,,:,,,:
,,,,,,,,,,,,:,,,:
Follow  W.H.G",2536,234,57,35,2,,,,,,,:,,,:
2024:11:14T09:00:17.000Z,Cointelegraph,True,False,"  Analysis: How a new SEC chair can boost Ether price and ETF inflows,,,,,,,,:,,,:
,,,,,,,,,,,,:,,,:
With Donald Trump’s election, a crypto:friendly regulator may replace SEC Chair Gensler, opening the door for staking rewards on spot ETH ETFs.",44685,488,32,123,21,,,,,:,,,:
2024:11:20T02:07:15.000Z,TiffanyFong_,True,False,There’s a Cybertruck in Donald Trump’s motorcade. No amount of money could produce a car ad cooler than this. ,57886,2142,159,190,68,,,:,,,:
2024:11:12T22:52:58.000Z,AP,True,False,A judge postponed a decision on whether to undo President:elect Donald Trump’s conviction in his hush money case as prosecutors consider how to proceed in light of last week's election.,106041,79,43,41,3,,,:,,,:
2024:11:15T15:23:34.000Z,MAGAResource,True,False,"Just In: New Trump Attorney General Matt Gaetz refuses to take money from Lobbyists and PACs. ,,,,,,,,:,,,:
,,,,,,,,,,,,:,,,:
That’s why the deep state uniparty establishment hates him.",55794,2902,44,659,52,,,,,,,:,,,:
2024:11:13T03:23:49.000Z,AutismCapital,True,False," HOROWITZ: ""Within 24 hours of Trump being elected, the stock market had its 5th biggest day in history. No economic news, no 'the economy is going well,’ no nothing. The Crypto markets went way beyond that. All fintech went up. Just the fact that it wasn't going to be the",129224,1874,36,212,:,,,:
2019:06:02T05:46:15.000Z,OMGno2trump,False,False,"There is only one thing you need to know about Trump & economics.  Trump doesn't understand economics!  Zilch, nada, zero.  He doesn't get it and is constantly hurting the US economy.  He's an economic idiot. But Fox won't tell #MAGA.  They're idiots too.",0,376,24,264,0,:,,,:
2024:11:21T17:03:21.000Z,Paula_White,True,False,"From day 1 of his first administration ,,,,,,,,:,,,:
@realdonaldtrump,,,,,,,,,,,,:,,,:
 fought for, defended, honored and stood relentlessly for people of faith! His administration this time will only be stronger and more impactful in every area! Thank you President Trump for the price you have paid to make",0,14,2,4,72,,,,,:,,,:
2024:11:20T21:02:18.000Z,realTrumpNewsX,True,False,"DO YOU THINK PRESIDENT TRUMP IS RIGHT TO SAY SENIORS SHOULDN’T PAY TAX ON SOCIAL SECURITY?,,,,,,,,:,,,:
,,,,,,,,,,,,:,,,:
A. YES,,,,,,,,,,,,:,,,:
B. NO",43726,2106,1136,371,21,,,,,,,:,,,:
2024:11:20T00:12:39.000Z,TONYxTWO,True,False,"This clip of Donald Trump’s Parents is so wholesome!! They said he loved playing monopoly growing up and building blocks!! ,,,,,,,,:,,,:
,,,,,,,,,,,,:,,,:
Makes a whole lot of sense why he became such a successful businessman building buildings and making money ,,,,,,,,,,,,:,,,:
,,,,,,,,,,,,:,,,:
Love this!!  ,,,,,,,,,,,,:,,,:
@realDonaldTrump",54395,3824,40,820,356,,,,,,,:,,,:
2024:11:21T14:48:27.000Z,highbrow_nobrow,True,False,"Lara Trump: “I’m here is to assure people who ever had any question as to how their money is being spent...Trust me, I’m the daughter:in:law of Donald Trump.” (March 2024) ,,,,,,,:,,,:
@AccountableGOP",16804,181,167,35,11,,,,,,,:,,,:
2024:11:19T15:44:03.000Z,BehizyTweets,True,False,"BREAKING: President Trump is expected to name Howard Lutnick as Secretary of Commerce. Lutnick is one of the founding members of D.O.G.E alongside Elon Musk.,,,,,,,,:,,,:
,,,,,,,,,,,,:,,,:
Lutnick previously said America was great when ""we had NO income tax."" ,,,,,,,,,,,,:,,,:
,,,,,,,,,,,,:,,,:
He also helped rescue free speech by taking",95422,4558,72,1107,161,,,,,,,:,,,:
