timestamp username icon:verified fact:checked text views likes replies reposts bookmarks   :   :            :   :
2024:11:13T05:28:54.000Z,amerix,True,False,"President Trump has picked Elon Musk and Vivek Ramaswamy to lead The Department of Government Efficiency (DOGE),,,,,,,,:,,,:
,,,,,,,,,,,,:,,,:
This department is tasked with ending wastage of taxpayers' money and draining the swamp.,,,,,,,,,,,,:,,,:
,,,,,,,,,,,,:,,,:
America has Vivek, Kenya has David Ndii.,,,,,,,,,,,:,,,:
,,,,,,,,,,,,:,,,:
Kenya is led by fools.",327914,6597,317,2106,229,,,,,,,:,,,:
2024:11:10T18:59:56.000Z,Jeremyybtc,True,False,"doge will be the biggest runner of this bull run,,,,,,,,:,,,:
,,,,,,,,,,,,:,,,:
elon musk publicly comes out as the co founder of dogecoin,,,,,,,,,,,,:,,,:
,,,,,,,,,,,,:,,,:
trump and elon both mentioned integrating dogecoin as a big part of america's economy,,,,,,,,,,,,:,,,:
,,,,,,,,,,,,:,,,:
1 $doge = $1",149209,860,96,154,41,,,,,,,:,,,:
2024:11:13T13:30:00.000Z,profstonge,True,False,"Can Trump fire Jerome Powell?,,,,,,,,:,,,:
,,,,,,,,,,,,:,,,:
Powell says no — the Fed can ignore Trump just like it ignores Congress.,,,,,,,,,,,,:,,,:
,,,,,,,,,,,,:,,,:
If our economic overlords really are independent of voters, we are living under occupation.",219139,3606,188,1119,289,,,,,,:,,,:
2024:11:13T15:40:35.000Z,DineshDSouza,True,False,"Trump’s going to not only tax, but confiscate the endowments of every university that the Department of Justice finds has engaged in illegal discrimination under the guise of ""equity"". ,,,,,,,:,,,:
,,,,,,,,,,,,:,,,:
We are witnessing one of the strongholds of the left crumble in real time.",218275,13203,161,2545,236,,,,,,,:,,,:
2024:11:12T17:21:17.000Z,kurtbardella,True,False,"First off, I’m not sure how the economy gets to where we want it to go if the first move is to deport everyone who does the hard labor (for menial wages). The Trump economy means the rich get richer and everyone else gets left behind.",39263,1060,72,358,33,,:,,,:
2024:11:12T15:58:44.000Z,SenatorLankford,True,False,"Next year, the Trump tax cuts are set to expire, and we must take action. Otherwise, Americans—including Oklahomans—could face tax hikes. We need to get to work to keep taxes low and support hardworking families.",28194,548,514,87,:,,,:
2024:11:08T00:32:06.000Z,LeadingReport,True,False,"BREAKING: Trump said his administration will have “no choice” but to carry out his mass deportation plan, and that there is “no price tag.”",856071,42938,2417,4696,775,,:,,,:
2024:11:13T01:25:54.000Z,3orovik,True,False,"Trump literally just named a government department after a memecoin,,,,,,,,:,,,:
,,,,,,,,,,,,:,,,:
You’re not ready for this bull market",225957,9035,237,927,180,,,,,,,:,,,:
2024:11:11T18:15:12.000Z,KristiNoem,True,False,"The American people know how to spend their own money. By eliminating government waste and focusing federal spending on the core functions of government, President Trump will deal with the debt and unleash economic growth. That’s what we did in South Dakota!",148653,3294,237,539,64,,:,,,:
2024:11:14T04:01:12.000Z,3orovik,True,False,"HUGE RUMOR: Trump considering 0% capital gains tax on Crypto,,,,,,,,:,,,:
,,,,,,,,,,,,:,,,:
THIS WOULD BE MEGA BULLISH!!",407730,12285,448,1233,198,,,,,,,:,,,:
2024:11:09T19:55:38.000Z,TheTNHoller,True,False,"WATCH: ,,,,,,,,:,,,:
@Matthewcanwrite,,,,,,,,,,,,:,,,:
 on the OPEC 2020 deal by TRUMP— Russia & Saudi Arabia cut oil for 2 years, spiking oil prices and the cost of EVERYTHING (aka “INFLATION”) enriching Saudi Aramco,,,,,,,,,,,:,,,:
,,,,,,,,,,,,:,,,:
Trump’s son:in:law Kushner then got $2 BILLION from the Saudis. (Hunter hunters don’t care)",142000,3739,73,2315,1081,,,,,,,:,,,:
2024:11:14T15:26:02.000Z,BullNakedCrypto,True,False,"Thats crazy,,,,,,,,:,,,:
,,,,,,,,,,,,:,,,:
I live in a timeline,,,,,,,,,,,,:,,,:
,,,,,,,,,,,,:,,,:
Where TRUMP IS A FUCKING $LINK MARINE,,,,,,,,,,,,:,,,:
,,,,,,,,,,,,:,,,:
ofcourse the market dumps on this news to supress chainlinks price.,,,,,,,,,,,,:,,,:
,,,,,,,,,,,,:,,,:
they dont want you to make it",13777,234,9,23,4,,,,,,,:,,,:
2024:11:12T15:22:05.000Z,DixiDarlen,True,False,"It seems these entertainers that took money from the Kamala campaign to twerk, sing, dole out endorsements, whatever, were actually paid advertisements—if they didn’t disclose that— they broke federal law.",12130,641,18,:,13,,:
2024:11:13T18:04:01.000Z,piyushmittal,False,False,Trump’s promise of removing overtime tax is a scam like everything else he does,228651,4498,386,1194,928,,,:,,,:
2024:11:14T23:21:06.000Z,Barchart,True,False,President Donald Trump proposes eliminating capital gains tax on U.S.:made cryptocurrencies ,18135,309,23,69,26,,,:,,,:
2024:11:08T22:43:12.000Z,TheThe1776,True,False,"This lady said she sees alot of Black women making videos talking down to Black men for voting Trump and she wants to thank all the Black men who voted for Trump because they voted for:,,,,,,,,:,,,:
◦Secure our borders, so women and children can be safe.,,,,,,,,,,,:,,,:
◦Strong economy, so women and",33552,1611,68,451,53,,,,,,:,,,:
2024:11:14T21:56:01.000Z,danielsgoldman,True,False,"Trump voters chose him because of the economy and the border. ,,,,,,,,:,,,:
,,,,,,,,,,,,:,,,:
They didn’t choose him to put an unqualified sycophant as SecDef, a possible Russian agent as DNI, the target of a DOJ investigation as AG, or a vaccine denier as Sec HHS. ,,,,,,,,,:,,,:
,,,,,,,,,,,,:,,,:
The Senate must do its job properly.",103119,4169,1483,1294,61,,,,,,,:,,,:
2024:11:10T20:41:05.000Z,greg_price11,True,False,"Bosa and the Niners D just hit the Trump dance after a sack ,,,,,,,,:,,,:
,,,,,,,,,,,,:,,,:
The NFL can't fine him for that. ",1947771,38465,441,4789,1088,,,,,,,:,,,:
2024:11:09T21:40:34.000Z,TimOBrien,True,False,"Trump hasn’t and won’t do a thing that benefits working class and middle class Americans. But those voters bought Trump’s carny act. Because, indeed, it’s the economy, stupid:",79663,2592,358,1010,:,,,:
2024:11:14T12:34:06.000Z,realTrumpNewsX,True,False,"DO YOU THINK PRESIDENT TRUMP IS RIGHT TO SAY SENIORS SHOULDN’T PAY TAX ON SOCIAL SECURITY?,,,,,,,,:,,,:
,,,,,,,,,,,,:,,,:
A. YES,,,,,,,,,,,,:,,,:
B. NO",49531,2537,1248,361,21,,,,,,,:,,,:
2024:11:07T17:45:38.000Z,1MarkMoss,True,False," You’re NOT ready for what’s coming next ,,,,,,,,:,,,:
,,,,,,,,,,,,:,,,:
Bitcoin just broke $75,000—but that’s only the beginning. ,,,,,,,,,,,:,,,:
,,,,,,,,,,,,:,,,:
A Trump landslide win has set the stage for a massive shift setting the stage for the U.S. and other major powers jumping in to stockpile BTC.,,,,,,,,,,,,:,,,:
,,,,,,,,,,,,:,,,:
This isn’t just a price",80647,1673,75,336,401,,,,,,,:,,,:
2024:11:12T02:27:02.000Z,abcnews,True,False,"“Trump is waging a war on trade itself”: Malcolm Turnbull says if Anthony Albanese wants to protect Australia’s economic interests, he has to level directly with Donald Trump.,,,,,,,:,,,:
,,,,,,,,,,,,:,,,:
Catch up on #QandA on iview: https://ab.co/2E7R5d9",33966,112,128,30,17,,,,,,,:,,,:
