timestamp username icon:verified fact:checked text views likes replies reposts bookmarks   :   :            :   :
2024:11:17T19:28:02.000Z,TrumpjrJohn,True,False,"I'm printing money with #Memecoins. ,,,,,,,,:,,,:
,,,,,,,,,,,,:,,,:
If you see this, like, retweet, and follow.,,,,,,,,,:,,,:
,,,,,,,,,,,,:,,,:
I might just change your life.",109820,626,237,347,22,,,,,,,:,,,:
2024:11:02T08:10:54.000Z,mollie_don,True,False,"Trump's economic policies, including tariffs, tax cuts, and immigration control, aim to address inflation and stimulate economic growth. Supporters believe his straightforward approach could eliminate bureaucratic hurdles and stimulate immediate economic activity.,,,,:,,,:
,,,,,,,,,,,,:,,,:
If we want to",8905,268,14,208,3,,,,,,,:,,,:
2024:11:21T20:28:20.000Z,AFLCIO,True,False,"Despite Trump and past administrations trying multiple times, giving tax cuts to billionaires has NEVER helped working people.,,,,,,,:,,,:
,,,,,,,,,,,,:,,,:
It is insane to keep trying to do it and expecting different results.",2750,74,5,42,2,,,,,,,:,,,:
2024:11:17T15:52:01.000Z,RpsAgainstTrump,True,False,"This is what a Banana Republic looks like: an oligarch with an enormous economic stake controls the president and dictates policy. ,,,,,,,,:,,,:
,,,,,,,,,,,,:,,,:
Well done, everyone.",906415,16369,866,4212,784,,,,,,:,,,:
2024:11:17T23:36:29.000Z,AaronParnas,True,False,"President Biden is right: he is leaving Donald Trump with a booming economy and a country that has made it out of a pandemic. Thank you, President Biden.",1511918,30916,8267,5814,479,,:,,,:
2024:11:21T18:09:35.000Z,realMikeLindell,True,False,"Who's ready for a thriving economy again?,,,,,,,,:,,,:
Reminder that under Trump's last term, Gold went up in value over 50%, and Silver a whopping 53%! For a Limited time, my gold partner is offering up to $15,000 in FREE SILVER! Visit: https://link.goldco.com/lindell and request your FREE gold and",11256,186,14,37,2,,,:,,,:
2024:11:17T22:47:05.000Z,thebearablebull,True,False,"US Based Cryptos Are Outperforming The Market & Will ABSOLUTELY THRIVE!!!!,,,,,,,,:,,,:
,,,,,,,,,,,,:,,,:
Think XRP, XLM, HBAR, ADA, ALGO, DAG, PROPY & Many More,,,,,,:,,,:
,,,,,,,,,,,,:,,,:
Ladies & Gentlemen Everything Has Changed Since Trump Got Elected!!!,,,,,,,,,,,,:,,,:
,,,,,,,,,,,,:,,,:
This Cycle Will Be Completely Different From 2021",157392,2471,83,476,215,,,,,,,:,,,:
2024:11:20T02:07:15.000Z,TiffanyFong_,True,False,There’s a Cybertruck in Donald Trump’s motorcade. No amount of money could produce a car ad cooler than this. ,58862,2156,158,190,68,,,:,,,:
2024:11:21T21:21:34.000Z,greg_ip,True,False,"Trump's 2 key economic planks, tax cuts/deregulation to bolster  growth; and tariffs to reduce trade deficit & bring back factory jobs, are in conflict.  What his Treasury pick means for how it gets resolved. My column.",8504,34,4,18,10,:,,,:
2024:11:21T14:25:02.000Z,trumprealparody,True,False,"BE HONEST:,,,,,,,,:,,,:
,,,,,,,,,,,,:,,,:
Do you Agree with Trump that Retired people should be completely tax Exempt, they have already paid their dues?,,,,,,,,,,,:,,,:
,,,,,,,,,,,,:,,,:
A. YES,,,,,,,,,,,,:,,,:
B. NO",36131,2840,1803,425,9,,,,,,,:,,,:
2024:11:20T22:42:36.000Z,SaveAmericaNew,True,False,"DO YOU THINK PRESIDENT TRUMP IS RIGHT TO SAY SENIORS SHOULDN’T PAY TAX ON SOCIAL SECURITY?,,,,,,,,:,,,:
,,,,,,,,,,,,:,,,:
A. YES,,,,,,,,,,,,:,,,:
B. NO",335422,20962,10431,1470,58,,,,,,,:,,,:
2024:11:17T18:45:26.000Z,BenBayer,True,False,A leading GOP senator gets on board with a socialist’s endorsement of Trump’s promise to impose price controls on credit cards. The GOP has abandoned free markets.,36316,573,101,119,29,,,:,,,:
2024:11:19T21:52:00.000Z,tpvsean,True,False," WEF Insider: Elite Planning WW3 'Within Weeks' To Rebuild World From Nuclear Ashes,,,,,,,,:,,,:
,,,,,,,,,,,,:,,,:
The stakes have never been higher. The global elite : who know their days are numbered following Trump’s election win : are pushing us toward World War 3, all to protect their money laundering",140738,3097,170,2122,979,,,,,,:,,,:
2024:11:22T01:59:32.000Z,highbrow_nobrow,True,False,"Donald Trump: A tariff is a tax on a foreign country. A lot of people like to say it’s a tax on us. No… It’s is a tax that doesn’t affect our country. ,,,,,,,,:,,,:
@Acyn,,,,,,,,,,,,:,,,:
Fact:check: Wrong. (September)",11370,297,52,48,12,,,,,,,:,,,:
2024:11:21T07:55:47.000Z,iam_smx,True,False,"Elon Musk just learned tonight at Mar:a:Lago that Jeff Bezos was reportedly telling people to bet against Donald Trump and sell all their Tesla and SpaceX stock, confident Trump would lose.,,,,,,,:,,,:
,,,,,,,,,,,,:,,,:
""Jeff who?"" ",26345,580,57,147,42,,,,,,,:,,,:
2017:11:01T22:27:54.000Z,mikandynothem,True,False,"Trump's ECONOMY is a train that is rolling full steam ahead with no brakes to stop it! ,,,,,,,,:,,,:
*3% GDP growth.,,,,,,,,,,,,:,,,:
*Stock Market breaking record highs weekly.,,,,,,,,,,,,:,,,:
*Unemployment at record lows.,,,,,,,,,,,,:,,,:
...and much more!,,,,,,,,,,,,:,,,:
Jump on board or get the hell out of the way! ,,,,,,,,,,,,:,,,:
#WednesdayWisdom #MAGA #tcot #FoxNews",0,479,42,297,0,,,,,,,:,,,:
2024:11:17T22:08:45.000Z,StockSavvyShay,True,False,"TRUMP’S TRANSITION TEAM PLANS TO PRIORITIZE A FEDERAL FRAMEWORK FOR AUTONOMOUS VEHICLES UNDER THE DEPARTMENT OF TRANSPORTATION,,,,,,,,:,,,:
,,,,,,,,,,,,:,,,:
ABSOLUTELY BULLISH FOR $TSLA  ",45331,436,22,54,33,,,,,,,:,,,:
2024:11:19T23:04:11.000Z,SenTuberville,True,False,"Howard Lutnick will do great work leading the Commerce Department.,,,,,,,,:,,,:
,,,,,,,,,,,,:,,,:
He’s one of the most successful guys on Wall Street, and nobody is better suited to represent America abroad than Howard.,,,,,,,,,,,:,,,:
,,,,,,,,,,,,:,,,:
He’s fully behind President Trump’s America First tariff policy and will get us back on",5142,250,20,50,6,,,,,,,:,,,:
2024:11:16T00:45:46.000Z,Chicago1Ray,True,False,"INCREDIBLE ,,,,,,,,:,,,:
,,,,,,,,,,,,:,,,:
Chicago City Council votes unanimously against a property tax increase (50:0) ,,,,,,,,,,,,:,,,:
,,,,,,,,,,,,:,,,:
You seen the videos of Chicagoans yelling directly at Brandon Johnson, he's a one term Mayor for letting all these Illegals into Chgo ,,,,,,,,,,,:,,,:
,,,,,,,,,,,,:,,,:
Trump Effect ",19356,955,19,240,14,,,,,,,:,,,:
2024:11:20T14:41:19.000Z,IvankaNews_,True,False,"HONEST QUESTION:,,,,,,,,:,,,:
,,,,,,,,,,,,:,,,:
If Elon Musk come up with an 𝕏 phone to compete in the market, would you choose it over Apple and Android?,,,,,,,,,,,:,,,:
,,,,,,,,,,,,:,,,:
A.  YES ,,,,,,,,,,,,:,,,:
B.   NO",259147,10188,5682,985,91,,,,,,,:,,,:
2024:11:14T21:45:00.000Z,1zzyzyx1,True,False,"I hope people are ready for what is coming, as the destruction of our government and economic system is starting as Trump isn’t even in power yet. The MSM is normalizing him. People need to listen to ,,,,,,,:,,,:
@ruthbenghiat,,,,,,,,,,,,:,,,:
.,,,,,,,,,,,,:,,,:
#DemVoice1 #DemsUnited",154359,4943,162,2828,646,,,,,,,:,,,:
