timestamp username icon:verified fact:checked text views likes replies reposts bookmarks   :   :            :   :
2024:11:02T08:10:54.000Z,mollie_don,True,False,"Trump's economic policies, including tariffs, tax cuts, and immigration control, aim to address inflation and stimulate economic growth. Supporters believe his straightforward approach could eliminate bureaucratic hurdles and stimulate immediate economic activity.,,,,:,,,:
,,,,,,,,,,,,:,,,:
If we want to",8901,270,14,208,3,,,,,,,:,,,:
2024:11:15T18:22:00.000Z,RepTenney,True,False,". ,,,,,,,,:,,,:
@HouseGOP,,,,,,,,,,,,:,,,:
 is committed to working with President Trump to implement his America First agenda.,,,,,,,,,,,,:,,,:
,,,,,,,,,,,,:,,,:
This includes preserving and expanding the important Tax Cuts and Jobs Act to lower taxes for hardworking Americans!",11787,172,45,46,2,,,,,,,:,,,:
2024:11:19T10:10:00.000Z,MoneyRadar_FR,True,False,Vous avez vu cette vidéo de Trump ? ,85258,892,45,325,279,,,:,,,:
2024:11:17T15:52:01.000Z,RpsAgainstTrump,True,False,"This is what a Banana Republic looks like: an oligarch with an enormous economic stake controls the president and dictates policy. ,,,,,,,,:,,,:
,,,,,,,,,,,,:,,,:
Well done, everyone.",906185,16369,866,4210,783,,,,,,:,,,:
2024:11:15T18:40:39.000Z,TheUSASingers,False,False,Donald Trump is already crashing the stock market because he’s an unhinged fascist traitor moron.,24373,1327,44,662,36,,,:,,,:
2024:11:19T15:41:21.000Z,WallStreetApes,True,False,"Republican RINOs want to release bogus ethics reports to discredit Donald Trump’s picks and Attorney General Matt Gaetz,,,,,,,,:,,,:
,,,,,,,,,,,,:,,,:
These same reps refuse to release the records on “Congress has paid over $17 million in hush money for sexual misconduct”,,,,,,,,,,,,:,,,:
,,,,,,,,,,,,:,,,:
That’s a secret they can keep, “Who",43088,3251,103,1775,276,,,,,,:,,,:
2024:11:19T21:36:34.000Z,SpeakerJohnson,True,False,".,,,,,,,,:,,,:
@HouseGOP,,,,,,,,,,,,:,,,:
 is committed to working with President Trump and ,,,,,,,,,,,,:,,,:
@SenateGOP,,,,,,,,,,,,:,,,:
 to boost the economy, combat inflation, restore the border, reestablish America's energy dominance, provide educational freedom, and dismantle the Deep State.,,,,,,,:,,,:
,,,,,,,,,,,,:,,,:
We’ll get it done for the American people.",118859,4278,860,665,59,,,,,,,:,,,:
2024:11:20T00:09:05.000Z,RepMTG,True,False," I just confronted FEMA Administrator Criswell ,,,,,,,,:,,,:
,,,,,,,,,,,,:,,,:
Criswell prioritized equity programs and politics over providing aid to Americans in need after historic natural disasters—simply because they supported President Trump.,,,,,,,,,,,,:,,,:
,,,,,,,,,,,,:,,,:
Meanwhile, FEMA had plenty of money and resources to",815513,39495,1436,13715,1336,,,,,,:,,,:
2024:11:15T15:23:34.000Z,MAGAResource,True,False,"Just In: New Trump Attorney General Matt Gaetz refuses to take money from Lobbyists and PACs. ,,,,,,,,:,,,:
,,,,,,,,,,,,:,,,:
That’s why the deep state uniparty establishment hates him.",55828,2902,44,659,52,,,,,,,:,,,:
2024:11:14T15:36:44.000Z,ChainLinkGod,True,False,">it was real,,,,,,,,:,,,:
,,,,,,,,,,,,:,,,:
.,,,,,,,,,,,,:,,,:
@worldlibertyfi,,,,,,,,,,,,:,,,:
, the DeFi protocol supported by ,,,,,,,,,,,:,,,:
@realDonaldTrump,,,,,,,,,,,,:,,,:
 and the Trump family, is adopting the #Chainlink standard,,,,,,,,,,,:,,,:
,,,,,,,,,,,,:,,,:
Price Feeds will secure WLFI’s Aave V3 deployment, while CCIP and PoR will support future protocol expansions",33199,607,32,101,26,,,,,,:,,,:
2024:11:20T21:06:15.000Z,highbrow_nobrow,True,False,"In this video, The Intellectualist explores how Walmart and Lowe’s warn Trump’s proposed tariffs could spike inflation and force price hikes. With 40% of goods sourced internationally, retailers brace for economic fallout that could hurt U.S. consumers.",14620,165,11,101,16,:,,,:
2024:11:15T01:11:20.000Z,RealAmVoice,True,False,"""I'D LIKE TO SEE $2 GASOLINE, ZERO INFLATION, THE BORDER CLOSED, AND TO DEPORT ALL OF THE CRIMINALS AND THE TERRORISTS!"" ,,,,,:,,,:
@larry_kudlow,,,,,,,,,,,,:,,,:
 is only asking for a few things of the Trump Administration as they take back the White House in 2025. ,,,,,,,,,,,,:,,,:
@A1Policy",22884,809,6,206,33,,,,,,,:,,,:
2024:11:15T20:20:58.000Z,nypost,True,False,"Trump eyeing Fox Business host Larry Kudlow for Treasury, National Economic Council https://trib.al/PbP7rJX",37400,691,50,88,12,,:,,,:
2024:11:19T15:39:32.000Z,EricLDaugh,True,False," BREAKING: Trump has selected Howard Lutnick as his Commerce Secretary : Punchbowl News,,,,,,,,:,,,:
,,,,,,,,,,,,:,,,:
Lutnick SUPPORTS Trump's efforts to bring companies back to the USA.,,,,,,,,,,,,:,,,:
,,,,,,,,,,,,:,,,:
,,,,,,,,,,,,:,,,:
,,,,,,,,,,,,:,,,:
""Come to America, build in America."",,,,,,,,,,,:,,,:
,,,,,,,,,,,,:,,,:
""Put a tariff out, and say to the company : if you come to America and you",178340,3448,74,765,151,,,,,,:,,,:
2024:09:02T16:18:21.000Z,DavidCayJ,True,False,"Not only is Trump, who was given an economics degree by ,,,,,,,:,,,:
@Penn,,,,,,,,,,,,:,,,:
, full of nonsense, but his plan is inflationary.,,,,,,,,,,:,,,:
,,,,,,,,,,,,:,,,:
Why? Consumers pay the tariff, while domestic firms can raise prices to 99.9% of import + tariff and not lose market share.,,,,,,,,,,,:,,,:
Trump, as always, is for the already rich.",12143,306,35,125,7,,,,,:,,,:
2024:11:15T18:46:07.000Z,slayer_agolf,True,False,"Stock market today: Dow, S&P 500, and Nasdaq sink as post:election rally fades, Investors now realizing how badly Trump and his teams will Fuck up the Markets and the Economy!",3985,269,17,155,:,,,:
2024:11:21T17:03:47.000Z,MAGA__Patriot,True,False,"Now, he lives in a tax funded jail. IT'S CHEAPER TO DEPORT THAN SUPPORT!",6701,234,31,201,9,,:,,,:
2024:11:21T20:06:18.000Z,RadarHits,True,False,"JUST IN:  ,,,,,,,,:,,,:
,,,,,,,,,,,,:,,,:
Trump Media filed a trademark for the name “TruthFi” which will offer digital wallets, crypto payments, and financial services.,,,,,,,,,,:,,,:
,,,,,,,,,,,,:,,,:
 MULTI YEAR BULL MARKET",56552,1308,70,238,63,,,,,,,:,,,:
2024:11:20T12:50:20.000Z,DeanObeidallah,True,False,Trump and The GOP have ZERO plan to reduce inflation.  Period.,7076,662,60,238,2,,,:,,,:
2024:11:15T13:45:49.000Z,bungarsargon,True,False,"The much ballyhooed ad Trump ran about Harris supporting taxpayer dollars going to trans surgeries for inmates has a lot of people thinking the trans issue won Trump the election. But that video was making an economic point, perhaps even more than a cultural one.",42265,278,21,42,23,,:,,,:
2024:11:13T16:26:54.000Z,JavonAPrice,True,False,"Notice how President Trump sits beneath a portrait of Abraham Lincoln—the first Republican president, who also faced a hostile media & unfortunately lost his life from an assassin. Yet, both transformed our nation for the better in just four years.,,,,,,:,,,:
,,,,,,,,,,,,:,,,:
Godspeed, President Trump! ",8596,651,26,116,10,,,,,,:,,,:
2024:11:12T23:11:30.000Z,CBSNews,True,False,"The Dow and S&P 500 have set new records as post:election optimism about President:elect Trump's victory drives a market surge, but Wednesday's inflation report could have a negative impact. Looking forward, ,,,,,,:,,,:
@TheKellyOGrady,,,,,,,,,,,,:,,,:
 analyzes the economic impact Trump's administration",32283,45,45,17,3,,,,,,,:,,,:
