timestamp username icon:verified fact:checked text views likes replies reposts bookmarks   :   :            :   :
2024:11:13T05:28:54.000Z,amerix,True,False,"President Trump has picked Elon Musk and Vivek Ramaswamy to lead The Department of Government Efficiency (DOGE),,,,,,,,:,,,:
,,,,,,,,,,,,:,,,:
This department is tasked with ending wastage of taxpayers' money and draining the swamp.,,,,,,,,,,,,:,,,:
,,,,,,,,,,,,:,,,:
America has Vivek, Kenya has David Ndii.,,,,,,,,,,,:,,,:
,,,,,,,,,,,,:,,,:
Kenya is led by fools.",136196,3575,241,1220,112,,,,,,,:,,,:
2024:11:10T18:59:56.000Z,Jeremyybtc,True,False,"doge will be the biggest runner of this bull run,,,,,,,,:,,,:
,,,,,,,,,,,,:,,,:
elon musk publicly comes out as the co founder of dogecoin,,,,,,,,,,,,:,,,:
,,,,,,,,,,,,:,,,:
trump and elon both mentioned integrating dogecoin as a big part of america's economy,,,,,,,,,,,,:,,,:
,,,,,,,,,,,,:,,,:
1 $doge = $1",116881,766,93,133,31,,,,,,,:,,,:
2024:11:07T17:45:38.000Z,1MarkMoss,True,False," You’re NOT ready for what’s coming next ,,,,,,,,:,,,:
,,,,,,,,,,,,:,,,:
Bitcoin just broke $75,000—but that’s only the beginning. ,,,,,,,,,,,:,,,:
,,,,,,,,,,,,:,,,:
A Trump landslide win has set the stage for a massive shift setting the stage for the U.S. and other major powers jumping in to stockpile BTC.,,,,,,,,,,,,:,,,:
,,,,,,,,,,,,:,,,:
This isn’t just a price",80415,1673,75,337,401,,,,,,,:,,,:
2024:11:09T19:51:55.000Z,kbyrd2_,False,False,"Kamala literally said i will give yall a $6000 tax credit for the first year of your child’s life & $25,000 the first time you buy a home.,,,,,,,:,,,:
,,,,,,,,,,,,:,,,:
And people said Trump, who wants to lower taxes for the wealthiest earners, is going to make them rich again. You can’t make this up.",9416809,275479,18301,37508,11625,,,,,:,,,:
2024:11:07T23:22:11.000Z,kbyrd2_,False,False,Trump got all the credit for Obama’s economy. Just for America to turn around & blame Biden for Trump’s economy.,8248500,240002,3718,28459,7390,,,:,,,:
2024:11:10T05:21:30.000Z,Poe_Ether,True,False,"FELLERS WE ARE GOING INTO A PRO CRYPTO GOVERNMENT ELECT ,,,,,,,,:,,,:
,,,,,,,,,,,,:,,,:
THE 47TH PRESIDENT TO BE,,,,,,,,,,,,:,,,:
,,,,,,,,,,,,:,,,:
DONALD J TRUMP,,,,,,,,,,,,:,,,:
,,,,,,,,,,,,:,,,:
HIS STOCK MARKET TICKER IS $DJT,,,,,,,,,,,,:,,,:
,,,,,,,,,,,,:,,,:
HIS SHIT COIN TICKER IS $DJT4700 #DJT4700",16822,224,157,99,25,,,,,,,:,,,:
2024:11:07T00:04:13.000Z,Ostrov_A,True,False,"A warning from President:elect #Trump to Hamas:,,,,,,,,:,,,:
,,,,,,,,,,,,:,,,:
""We want our hostages back and they better be back before I assume office, or you will be paying a very big price!"",,,,,,,,,,,:,,,:
,,,,,,,,,,,,:,,,:
There are still 4 American nationals being held captive in Gaza and the remains of 3 others.",24182,1028,39,237,29,,,,,,,:,,,:
2024:11:08T20:45:38.000Z,BehizyTweets,True,False,"Trump plans to redirect the money being spent on Ukraine towards a nationwide initiative to get the homeless off the streets by building ""tent cities"" where they can be relocated.,,,,,,,,:,,,:
,,,,,,,,,,,,:,,,:
His plan includes banning urban camping & arresting violators while empowering rehab organizations.",6637264,93189,2436,18523,13403,,,,,,,:,,,:
2024:11:07T02:41:46.000Z,Damondyor,False,False,"Since Donald Trump is the 47th president, I will be giving away $47,000 to someone that engages. ,,,,,,:,,,:
,,,,,,,,,,,,:,,,:
I have no reason to lie, we all just made so much money yesterday. TRY ME.",187903,4012,1609,1079,80,,,,,,:,,,:
2024:11:05T21:32:40.000Z,KamalaHQ,True,False,"Wisconsin voter: I agree with Kamala Harris. Her housing plan and her tax plan are going to help the middle class, and Donald Trump's is not",642018,11844,456,1925,122,,:,,,:
2024:11:10T14:55:29.000Z,TrumpWarRoom,True,False,"President Trump on his plan for mass deportations of criminal illegal aliens: ""When people have killed and murdered ... they're not staying here. There is no price tag.""",144215,3843,226,834,97,,,:,,,:
2024:11:09T16:05:45.000Z,owenslindsay1,False,False,"There are many unknowns about exactly how a second Trump term will play out and precisely which types of chaos it will bring about. ,,,,,,,,:,,,:
,,,,,,,,,,,,:,,,:
One thing is certain: it will start with tax cuts for Musk and his billionaire boys club. My latest for ,,,,,,,,,,,,:,,,:
@RollingStone,,,,,,,,,,,,:,,,:
.",179248,1065,303,462,89,,,,,,,:,,,:
2024:11:08T17:11:08.000Z,robbystarbuck,True,False,"This is where things get really dangerous for Democrats. Their soft voters are going to see that they lied about Trump being Hitler. If Trump boosts the economy, even more minority voters will shift to voting Republican going forward.",74034,4204,90,666,119,,:,,,:
2024:11:12T15:22:05.000Z,DixiDarlen,True,False,"It seems these entertainers that took money from the Kamala campaign to twerk, sing, dole out endorsements, whatever, were actually paid advertisements—if they didn’t disclose that— they broke federal law.",11157,616,17,:,11,,:
2024:11:10T23:14:58.000Z,CryptoHayes,True,False,"Some of y'all don't believe Trump is about to trash the $ and print money. $BTC disagrees. Here is #Bitcoin leading vs. my new money supply indicator US Bank Credit. The market is speaking, listen up.,,,,,,,:,,,:
,,,,,,,,,,,,:,,,:
More explanation in my essay ""Black or White"" that drops tom.",151393,2115,154,207,283,,,,,,,:,,,:
2024:11:09T15:34:23.000Z,xMarketNews,True,False,"DEVELOPINGDONALD TRUMP ANNOUNCED HE’S GOING TO INVESTIGATE MARKET MANIPULATORS,,,,,,,,:,,,:
,,,,,,,,,,,,:,,,:
Can Ken Griffin be one of them? ,,,,,,,,,,,,:,,,:
,,,,,,,,,,,,:,,,:
“Ken Griffin was counting on trump losing the election and was going to naked short trump media into oblivion and never close.” $DJT $GME",60690,1997,93,584,63,,,,,,,:,,,:
2024:11:07T15:18:31.000Z,Yeahaboutthat3,True,False,"How Trump's Tariffs would work and how getting rid of the Income Tax would benefit you,,,,,,,,:,,,:
,,,,,,,,,,,,:,,,:
What would you do if your family kept an extra $15k : $30k annually?",2142201,39950,756,13975,17117,,,,,,,:,,,:
2024:11:12T17:21:17.000Z,kurtbardella,True,False,"First off, I’m not sure how the economy gets to where we want it to go if the first move is to deport everyone who does the hard labor (for menial wages). The Trump economy means the rich get richer and everyone else gets left behind.",32976,922,64,310,26,,:,,,:
2024:11:13T03:09:41.000Z,MorningBrew,True,False,"Elon Musk since last Tuesday:,,,,,,,,:,,,:
,,,,,,,,,,,,:,,,:
• Net worth grew by $70 billion,,,,,,,,,,,,:,,,:
• Tesla market cap climbed above $1 trillion,,,,,,,,,,,,:,,,:
• Tapped to lead Trump's Gov't Efficiency Department ,,,,,,,,,,,,:,,,:
,,,,,,,,,,,,:,,,:
Pretty decent week.",17622,217,17,17,8,,,,,,,:,,,:
2024:11:11T00:44:05.000Z,60Minutes,True,False,"“If Trump can really meet those promises—bring inflation down, make things more affordable, and make these families feel more financially secure—he's going to have an ally for probably several election cycles going forward,” says Leslie Sanchez. https://cbsn.ws/3YGVzNW",178411,730,215,192,:,,,:
2024:11:12T15:29:50.000Z,MSNBC,True,False,BREAKING: Judge in Trump hush money case delays key ruling ahead of sentencing.,202569,982,524,393,132,,,:,,,:
2024:11:13T01:25:54.000Z,3orovik,True,False,"Trump literally just named a government department after a memecoin,,,,,,,,:,,,:
,,,,,,,,,,,,:,,,:
You’re not ready for this bull market",76854,3736,190,436,75,,,,,,,:,,,:
2024:11:09T01:48:40.000Z,KristiNoem,True,False,"President Trump is going to do BIG things when he takes office, and he wants people around him with big vision to accomplish those goals for the American people.,,,,,,,:,,,:
,,,,,,,,,,,,:,,,:
His tax plan will absolutely unleash American growth.",50943,3005,93,403,27,,,,,,,:,,,:
2024:08:25T17:53:38.000Z,BetterOff2024,True,False,"A reminder that Trump's only stated specific economic policy:,,,,,,,,:,,,:
,,,,,,,,,,,,:,,,:
Tariffs of 10:60% on *all* US imports that will fuel inflation across the board as consumers will naturally pay the difference for goods.,,,,,,,,,,,,:,,,:
,,,,,,,,,,,,:,,,:
Basically a #TrumpTax on all Americans.",34372,697,65,392,18,,,,,,,:,,,:
