timestamp username icon:verified fact:checked text views likes replies reposts bookmarks   :   :            :   :
2024:11:02T08:10:54.000Z,mollie_don,True,False,"Trump's economic policies, including tariffs, tax cuts, and immigration control, aim to address inflation and stimulate economic growth. Supporters believe his straightforward approach could eliminate bureaucratic hurdles and stimulate immediate economic activity.,,,,:,,,:
,,,,,,,,,,,,:,,,:
If we want to",8885,270,14,208,3,,,,,,,:,,,:
2024:11:19T21:36:34.000Z,SpeakerJohnson,True,False,".,,,,,,,,:,,,:
@HouseGOP,,,,,,,,,,,,:,,,:
 is committed to working with President Trump and ,,,,,,,,,,,,:,,,:
@SenateGOP,,,,,,,,,,,,:,,,:
 to boost the economy, combat inflation, restore the border, reestablish America's energy dominance, provide educational freedom, and dismantle the Deep State.,,,,,,,:,,,:
,,,,,,,,,,,,:,,,:
We’ll get it done for the American people.",111900,4116,775,638,58,,,,,,,:,,,:
2024:11:18T13:50:44.000Z,BenSwann_,True,False,"TRUMP: “I refuse to accept another round of endless war in Ukraine.,,,,,,,,:,,,:
,,,,,,,,,,,,:,,,:
I want peace, they want money and conflict! Even if it means pushing us to the brink of World War III, which, frankly, is already happening and very quickly.”",19239,716,19,141,12,,,:,,,:
2024:11:18T14:24:29.000Z,FoxNews,True,False,"'GET RID OF THE ILLEGALS!': Chicago voters confront Mayor Brandon Johnson (D) for catering to illegal immigrants who have flooded the city, telling him they hope Trump 'will address' him after the city council unanimously rejects his proposed $300 million property tax hike.",327897,10058,342,2592,243,,:,,,:
2024:11:17T17:54:03.000Z,highbrow_nobrow,True,False,"Donald Trump: A tariff is a tax on a foreign country. A lot of people like to say it’s a tax on us. No… It’s is a tax that doesn’t affect our country. ,,,,,,,,:,,,:
@Acyn,,,,,,,,,,,,:,,,:
Fact:check: Wrong. (September)",412032,9100,1113,1980,297,,,,,,,:,,,:
2024:11:11T21:01:02.000Z,CNBCClosingBell,True,False,"#Tesla popping again today, with the stock seeing a more than 40% gain since the election. ,,,,,,,:,,,:
@DivesTech,,,,,,,,,,,,:,,,:
, who is raising his price target to $400 from $300, calls president:elect Trump's victory a ""game changer"" for Tesla:",401916,303,22,85,33,,,,,:,,,:
2024:11:12T15:22:05.000Z,DixiDarlen,True,False,"It seems these entertainers that took money from the Kamala campaign to twerk, sing, dole out endorsements, whatever, were actually paid advertisements—if they didn’t disclose that— they broke federal law.",12845,643,19,:,13,,:
2024:11:19T23:30:00.000Z,Reuters,True,False,New York prosecutors who secured the first:ever criminal conviction of a former president said the hush money case against Donald Trump should not be dismissed in light of his election victory https://reut.rs/4eGwVTD,36653,74,13,21,3,,,:,,,:
2024:11:12T18:14:40.000Z,RolandForTexas,True,False,"Donald Trump’s border czar is ready to start mass deportations from day one, throwing our economy into chaos and ripping families apart.",17827,205,549,135,12,,:,,,:
2024:11:20T18:23:06.000Z,RubinReportShow,True,False,"""It won't just be that American jobs, and companies, and workers get screwed. Right now, it's a one way screwing."" ,,,,,:,,,:
@RubinReport,,,,,,,,,,,,:,,,:
 ,,,,,,,,,,,,:,,,:
,,,,,,,,,,,,:,,,:
Here is Howard Lutnick explaining why Trump's tariffs are a great idea for the American economy.",18940,140,2,19,10,,,,,,,:,,,:
2024:11:17T22:00:07.000Z,RBReich,True,False,"In his first term, Trump oversaw huge increases in Pentagon spending that enriched defense contractors and drained money from public investments.,,,,,,,:,,,:
,,,,,,,,,,,,:,,,:
His appointment of war hawks like Marco Rubio and Mike Waltz will only further the military:industrial drain.",69500,1510,155,692,73,,,,,,,:,,,:
2024:09:02T16:18:21.000Z,DavidCayJ,True,False,"Not only is Trump, who was given an economics degree by ,,,,,,,:,,,:
@Penn,,,,,,,,,,,,:,,,:
, full of nonsense, but his plan is inflationary.,,,,,,,,,,:,,,:
,,,,,,,,,,,,:,,,:
Why? Consumers pay the tariff, while domestic firms can raise prices to 99.9% of import + tariff and not lose market share.,,,,,,,,,,,:,,,:
Trump, as always, is for the already rich.",12140,305,35,125,6,,,,,:,,,:
2024:11:15T01:11:20.000Z,RealAmVoice,True,False,"""I'D LIKE TO SEE $2 GASOLINE, ZERO INFLATION, THE BORDER CLOSED, AND TO DEPORT ALL OF THE CRIMINALS AND THE TERRORISTS!"" ,,,,,:,,,:
@larry_kudlow,,,,,,,,,,,,:,,,:
 is only asking for a few things of the Trump Administration as they take back the White House in 2025. ,,,,,,,,,,,,:,,,:
@A1Policy",22865,809,6,206,33,,,,,,,:,,,:
2024:11:12T23:26:08.000Z,VigilantFox,True,False,"10 Shocking Stories the Media Buried Today,,,,,,,,:,,,:
,,,,,,,,,,,,:,,,:
#10 : Trump has inherited a “turd of an economy,” and when things “roll over,” he’ll be the one blamed for it.,,,,,,,,,,:,,,:
,,,,,,,,,,,,:,,,:
This dire news comes from COVID vaccine data analyst and former BlackRock asset manager Ed Dowd.,,,,,,,,,,,,:,,,:
,,,,,,,,,,,,:,,,:
Dowd predicts things could",1420936,9444,238,3347,2482,,,,,,,:,,,:
2024:11:18T04:08:11.000Z,LloydChapman,True,False,Have you noticed how aggressive the democrats are about losing this election? I think I know why. Trillions in our tax dollars have disappeared across the government. The democrats are terrified Elon Musk and the Trump team are going to expose the fact they looted trillions.,15336,857,27,211,36,,,:,,,:
2024:11:14T01:14:12.000Z,jcokechukwu,True,False,"By the way, here’s Tulsi, Trump’s pick for DNI (Director of National Intelligence), exposing the Ukrainian bio labs and wandering why American money would go to shady, dirty ventures like bio labs in Ukraine and China and elsewhere, from where COVID and other designer diseases",15396,546,:,376,69,:
2024:11:18T12:49:43.000Z,JavonAPrice,True,False,Seems Joe and Mika woke up with a newfound realization this morning: apparently President Trump is no longer Hitler nor a threat to American democracy.,40430,1103,185,214,36,,,:,,,:
2024:11:13T03:23:49.000Z,AutismCapital,True,False," HOROWITZ: ""Within 24 hours of Trump being elected, the stock market had its 5th biggest day in history. No economic news, no 'the economy is going well,’ no nothing. The Crypto markets went way beyond that. All fintech went up. Just the fact that it wasn't going to be the",129214,1874,36,212,:,,,:
2024:11:15T20:20:58.000Z,nypost,True,False,"Trump eyeing Fox Business host Larry Kudlow for Treasury, National Economic Council https://trib.al/PbP7rJX",37307,692,50,87,12,,:,,,:
2024:11:14T23:25:46.000Z,ByronDonalds,True,False,"Trump admin economic policy will put YOU FIRST.,,,,,,,,:,,,:
,,,,,,,,,,,,:,,,:
The Trump Tax Cuts & Jobs Act (currently in place) cut tax rates & has raised record federal revenue.,,,,,,,,,,,,:,,,:
,,,,,,,,,,,,:,,,:
Strategic tariffs will protect domestic manufacturing, industry, & critical jobs.,,,,,,,,,,:,,,:
,,,,,,,,,,,,:,,,:
And the time for unfair trade deals is OVER.",75121,5562,184,964,62,,,,,,,:,,,:
2024:11:19T23:04:11.000Z,SenTuberville,True,False,"Howard Lutnick will do great work leading the Commerce Department.,,,,,,,,:,,,:
,,,,,,,,,,,,:,,,:
He’s one of the most successful guys on Wall Street, and nobody is better suited to represent America abroad than Howard.,,,,,,,,,,,:,,,:
,,,,,,,,,,,,:,,,:
He’s fully behind President Trump’s America First tariff policy and will get us back on",4185,223,18,46,5,,,,,,,:,,,:
