timestamp username icon:verified fact:checked text views likes replies reposts bookmarks   :   :            :   :
2024:11:17T19:28:02.000Z,TrumpjrJohn,True,False,"I'm printing money with #Memecoins. ,,,,,,,,:,,,:
,,,,,,,,,,,,:,,,:
If you see this, like, retweet, and follow.,,,,,,,,,:,,,:
,,,,,,,,,,,,:,,,:
I might just change your life.",109261,623,236,349,22,,,,,,,:,,,:
2024:11:21T21:26:48.000Z,classicsgroyp,True,False,"Mass deportations mean appropriate the money, build the infrastructure, bring aboard the personnel, go door to door, detain these people, send them home, make sure their countries take them back. Trump doesn't have the will to do this. His donors and the GOP are against it",5988,:,10,46,:
2024:11:15T18:22:00.000Z,RepTenney,True,False,". ,,,,,,,,:,,,:
@HouseGOP,,,,,,,,,,,,:,,,:
 is committed to working with President Trump to implement his America First agenda.,,,,,,,,,,,,:,,,:
,,,,,,,,,,,,:,,,:
This includes preserving and expanding the important Tax Cuts and Jobs Act to lower taxes for hardworking Americans!",11807,173,45,46,2,,,,,,,:,,,:
2024:11:21T20:28:20.000Z,AFLCIO,True,False,"Despite Trump and past administrations trying multiple times, giving tax cuts to billionaires has NEVER helped working people.,,,,,,,:,,,:
,,,,,,,,,,,,:,,,:
It is insane to keep trying to do it and expecting different results.",0,60,5,34,2392,,,,,,,:,,,:
2024:11:20T00:12:39.000Z,TONYxTWO,True,False,"This clip of Donald Trump’s Parents is so wholesome!! They said he loved playing monopoly growing up and building blocks!! ,,,,,,,,:,,,:
,,,,,,,,,,,,:,,,:
Makes a whole lot of sense why he became such a successful businessman building buildings and making money ,,,,,,,,,,,,:,,,:
,,,,,,,,,,,,:,,,:
Love this!!  ,,,,,,,,,,,,:,,,:
@realDonaldTrump",54651,3831,40,820,358,,,,,,,:,,,:
2024:11:21T20:48:29.000Z,nickgerli1,True,False,"I joined Bloomberg Television today to give my thoughts on Mortgage Rates, Trump's impact on the housing market, and my 2025 housing market forecast. ,,,,,,:,,,:
,,,,,,,,,,,,:,,,:
Make sure to watch and give the video a like.",11076,101,9,10,19,,,,,,,:,,,:
2024:11:21T16:27:56.000Z,4TaxFairness,False,False,"BREAKING: Billionaires have raked in $276 BILLION since Trump's reelection.,,,,,,,,:,,,:
,,,,,,,,,,,,:,,,:
America's billionaires now hold a record $6.7 TRILLION.,,,,,,,,,,,,:,,,:
,,,,,,,,,,,,:,,,:
Republicans want to give them a tax handout worth at least $2.7 TRILLION.,,,,,,,,,,,,:,,,:
,,,,,,,,,,,,:,,,:
This is how you build an economy that only works for the rich.",15744,591,29,574,78,,,,,,,:,,,:
2024:11:19T10:10:00.000Z,MoneyRadar_FR,True,False,Vous avez vu cette vidéo de Trump ? ,85582,894,45,327,281,,,:,,,:
2024:11:14T12:30:00.000Z,TheRedactedInc,True,False," We’re on the brink of a revolution in the U.S., and Trump’s plan is MASSIVE in scale! From tariffs to tax cuts, we’re breaking down all the major points in today’s video. ",12996,511,9,174,58,:,,,:
2024:11:21T14:25:02.000Z,trumprealparody,True,False,"BE HONEST:,,,,,,,,:,,,:
,,,,,,,,,,,,:,,,:
Do you Agree with Trump that Retired people should be completely tax Exempt, they have already paid their dues?,,,,,,,,,,,:,,,:
,,,,,,,,,,,,:,,,:
A. YES,,,,,,,,,,,,:,,,:
B. NO",24057,1931,1281,331,7,,,,,,,:,,,:
2024:11:15T15:23:34.000Z,MAGAResource,True,False,"Just In: New Trump Attorney General Matt Gaetz refuses to take money from Lobbyists and PACs. ,,,,,,,,:,,,:
,,,,,,,,,,,,:,,,:
That’s why the deep state uniparty establishment hates him.",55878,2901,44,659,51,,,,,,,:,,,:
2017:11:01T22:27:54.000Z,mikandynothem,True,False,"Trump's ECONOMY is a train that is rolling full steam ahead with no brakes to stop it! ,,,,,,,,:,,,:
*3% GDP growth.,,,,,,,,,,,,:,,,:
*Stock Market breaking record highs weekly.,,,,,,,,,,,,:,,,:
*Unemployment at record lows.,,,,,,,,,,,,:,,,:
...and much more!,,,,,,,,,,,,:,,,:
Jump on board or get the hell out of the way! ,,,,,,,,,,,,:,,,:
#WednesdayWisdom #MAGA #tcot #FoxNews",0,479,42,297,0,,,,,,,:,,,:
2024:11:17T18:57:31.000Z,_Crypto_Barbie,True,False,"WOW! ,,,,,,,,:,,,:
,,,,,,,,,,,,:,,,:
Brad Garlinghouse is confident that Ripple is about to unlock the U.S. market!  ,,,,,,,,,,,,:,,,:
,,,,,,,,,,,,:,,,:
I'm sure under the new Trump administration we will finally get full regulatory clarity that will unleash #XRP ",79956,1840,24,388,69,,,,,,,:,,,:
2024:11:21T12:29:29.000Z,DanielTurnerPTF,True,False,"Politico is reporting that President Trump aims to revive the Keystone XL pipeline.,,,,,,,,:,,,:
,,,,,,,,,,,,:,,,:
Here's what some of the pipeline workers Joe Biden laid off have to say:,,,,,,,,,,,,:,,,:
,,,,,,,,,,,,:,,,:
""Put us to work right now” and you will see the price of everything go down.",34866,2119,29,586,34,,,,,,,:,,,:
2024:11:14T23:25:46.000Z,ByronDonalds,True,False,"Trump admin economic policy will put YOU FIRST.,,,,,,,,:,,,:
,,,,,,,,,,,,:,,,:
The Trump Tax Cuts & Jobs Act (currently in place) cut tax rates & has raised record federal revenue.,,,,,,,,,,,,:,,,:
,,,,,,,,,,,,:,,,:
Strategic tariffs will protect domestic manufacturing, industry, & critical jobs.,,,,,,,,,,:,,,:
,,,,,,,,,,,,:,,,:
And the time for unfair trade deals is OVER.",75403,5568,185,966,62,,,,,,,:,,,:
2024:11:13T00:45:30.000Z,realkarenjean,True,False,"BREAKING: PRESIDENT TRUMP ANNOUNCES AN END TO FUNDING MIGRANTS; MONEY TO HOUSE HOMELESS VETERANS!,,,,,,,,:,,,:
#TrumpVance2024",189094,13544,335,3034,404,,,,,,,:,,,:
2024:11:21T19:40:06.000Z,RBReich,False,False,"If the expiring provisions of Trump's 2017 tax law are extended, the richest 1% would receive an overwhelming share of the benefit.,,,,,,,:,,,:
,,,,,,,,,,,,:,,,:
Shocker.,,,,,,,,,,,,:,,,:
,,,,,,,,,,,,:,,,:
But mark my words: as this tax scam blows up the deficit, it will be used as an excuse to cut the social safety net for everyone else.",21651,583,61,350,38,,,,,,:,,,:
2024:11:21T00:39:37.000Z,BenjaminNorton,True,False,"Wall Street private equity firm Blackstone is cannibalizing the US economy, buying up popular businesses; asset:stripping them; cutting workers' wages, hours, & benefits; leaving behind a bankrupt shell.,,,,,:,,,:
,,,,,,,,,,,,:,,,:
By the way, Blackstone's billionaire CEO Steve Schwarzman funded Trump.",12642,351,11,184,27,,,,,,:,,,:
2024:11:19T22:01:35.000Z,howardlutnick,True,False,"Thank you, President Trump for your trust in me to help Make America Great Again. As the next Secretary of Commerce, I will join the best administration the US has ever seen and unleash our full economic potential.",2065783,26385,942,3553,564,:,,,:
2024:11:18T22:13:17.000Z,LibertyCappy,True,False,"If Donald Trump can abolish the Federal Reserve ontop of his other promises of ending the Income Tax, ending the wars, and fixing the health/education crises…,,,,,,:,,,:
,,,,,,,,,,,,:,,,:
He would deserve to be the fifth head on Mount Rushmore.",10163,349,9,71,7,,,,,,,:,,,:
