timestamp username icon:verified fact:checked text views likes replies reposts bookmarks   :   :            :   :
2024:11:13T05:28:54.000Z,amerix,True,False,"President Trump has picked Elon Musk and Vivek Ramaswamy to lead The Department of Government Efficiency (DOGE),,,,,,,,:,,,:
,,,,,,,,,,,,:,,,:
This department is tasked with ending wastage of taxpayers' money and draining the swamp.,,,,,,,,,,,,:,,,:
,,,,,,,,,,,,:,,,:
America has Vivek, Kenya has David Ndii.,,,,,,,,,,,:,,,:
,,,,,,,,,,,,:,,,:
Kenya is led by fools.",245778,5764,291,1877,198,,,,,,,:,,,:
2024:11:10T18:59:56.000Z,Jeremyybtc,True,False,"doge will be the biggest runner of this bull run,,,,,,,,:,,,:
,,,,,,,,,,,,:,,,:
elon musk publicly comes out as the co founder of dogecoin,,,,,,,,,,,,:,,,:
,,,,,,,,,,,,:,,,:
trump and elon both mentioned integrating dogecoin as a big part of america's economy,,,,,,,,,,,,:,,,:
,,,,,,,,,,,,:,,,:
1 $doge = $1",128010,799,95,139,37,,,,,,,:,,,:
2024:11:08T00:32:06.000Z,LeadingReport,True,False,"BREAKING: Trump said his administration will have “no choice” but to carry out his mass deportation plan, and that there is “no price tag.”",855121,42954,2416,4702,779,,:,,,:
2024:11:12T15:58:44.000Z,SenatorLankford,True,False,"Next year, the Trump tax cuts are set to expire, and we must take action. Otherwise, Americans—including Oklahomans—could face tax hikes. We need to get to work to keep taxes low and support hardworking families.",26574,537,511,84,:,,,:
2024:11:10T05:21:30.000Z,Poe_Ether,True,False,"FELLERS WE ARE GOING INTO A PRO CRYPTO GOVERNMENT ELECT ,,,,,,,,:,,,:
,,,,,,,,,,,,:,,,:
THE 47TH PRESIDENT TO BE,,,,,,,,,,,,:,,,:
,,,,,,,,,,,,:,,,:
DONALD J TRUMP,,,,,,,,,,,,:,,,:
,,,,,,,,,,,,:,,,:
HIS STOCK MARKET TICKER IS $DJT,,,,,,,,,,,,:,,,:
,,,,,,,,,,,,:,,,:
HIS SHIT COIN TICKER IS $DJT4700 #DJT4700",16994,224,157,100,25,,,,,,,:,,,:
2024:11:08T02:11:40.000Z,BehizyTweets,True,False,"Charlie Kirk is calling for a Trump DOJ investigation into ActBlue for their illegal donation scheme, which involves using the names of elderly people to launder foreign money into Democrat campaigns.,,,,,,,:,,,:
,,,,,,,,,,,,:,,,:
Election Watch has uncovered $100s of millions in laundered cash, not just in",871311,51889,483,15303,1405,,,,,,:,,,:
2024:11:12T21:31:15.000Z,TrueJMitchell,True,False,"This lady says:Says the boom you felt during Donald Trump's first term was because of Obama, not Trump.,,,,,,,:,,,:
,,,,,,,,,,,,:,,,:
She goes on to say that the last 4 years of inflation and high prices are because of Donald Trump, not Biden.,,,,,,,,,,,:,,,:
,,,,,,,,,,,,:,,,:
Jeff brings the facts.",17152,441,65,245,44,,,,,,,:,,,:
2024:11:12T21:00:23.000Z,RBReich,False,False,"Trump wants to extend his tax cuts for rich individuals, which would add $4.6T to the deficit.,,,,,,,:,,,:
,,,,,,,,,,,,:,,,:
But he wants to go even further, cutting the corporate tax rate to 15%.,,,,,,,,,,,:,,,:
,,,,,,,,,,,,:,,,:
It's yet another absolutely shameless giveaway.",117102,4088,360,2408,346,,,,,,,:,,,:
2024:11:11T00:43:22.000Z,60Minutes,True,False,"“I voted for Donald Trump,” says Ronald Corales, citing his top issue as the economy.,,,,,,:,,,:
,,,,,,,,,,,,:,,,:
Latinos are 20% of the U.S. population and the fastest:growing community in Northampton County, Pennsylvania. https://cbsn.ws/4fnISic",123068,801,185,196,142,,,,,,:,,,:
2024:11:10T20:01:28.000Z,JohnBasham,True,False,"FACT: EVERY CELEBRITY (Including Oprah) OR LEFT:WING PODCASTER Who Took Money From The ,,,,,,,,:,,,:
@KamalaHarris,,,,,,,,,,,,:,,,:
 Campaign AND DID NOT DISCLOSE THEY WERE A PAID POLITICAL ADVERTISEMENT, BROKE FEDERAL LAW!,,,,,,,,,,,:,,,:
Get A Lawyer Now!,,,,,,,,,,,,:,,,:
The Law Applies To Both Parties & A Trump DOJ MUST Investigate.",3149084,104313,1033,32238,5814,,,,,,,:,,,:
2024:11:08T02:06:08.000Z,TONYxTWO,True,False,"“So Trump gets elected President, Hamas calls to end the war, bitcoin shoots to the highest it’s ever been, the stock market shoots to the sky in record numbers, and Putin says he’s ready for negotiations to end the war in Ukraine.,,,,:,,,:
,,,,,,,,,,,,:,,,:
He hasn’t even stepped in office yet.”",4917970,170439,2076,35870,17183,,,,,,,:,,,:
2024:11:09T20:18:20.000Z,CalltoActivism,True,False,"BREAKING NEWS:,,,,,,,,:,,,:
,,,,,,,,,,,,:,,,:
Trump says he’ll sign an executive order instructing all Federal agencies to cease all programs that promote gender transition AT ANY AGE.,,,,,,,,,,,,:,,,:
,,,,,,,,,,,,:,,,:
Trump will also call on Congress to prohibit tax payer funding for sex affirming procedures.,,,,,,,,,,,,:,,,:
,,,,,,,,,,,,:,,,:
This will ruin people’s lives.",14555444,92844,15928,13240,10548,,,,,,,:,,,:
2024:11:07T02:11:36.000Z,CBSEveningNews,True,False,"Wall Street soared as investors bet on economic growth under a Trump presidency. The Dow surged over 1,500 points to record highs. Trump has proposed tariffs on all imported goods, cutting taxes and also promised to remove tax on tips, which could bring welcome relief for the",38159,44,25,21,:,,,:
2024:11:08T14:15:40.000Z,natbrunell,True,False,"This interview surpassed 300k views on YouTube in less than 24 hours. Many of you are requesting it in full here on X so here it is.,,,,,,,,:,,,:
,,,,,,,,,,,,:,,,:
Col. ,,,,,,,,,,,,:,,,:
@DougAMacgregor,,,,,,,,,,,,:,,,:
 weighs in on Trump vs. the deep state bureaucracy, the debt:loaded economy, Bitcoin, gold & threat of global war.,,,,,,,,,:,,,:
,,,,,,,,,,,,:,,,:
Timecodes:",139261,1386,68,373,553,,,,,,,:,,,:
2024:11:08T16:26:28.000Z,xMarketNews,True,False,BREAKING NEWS DONALD TRUMP CALLS FOR AN INVESTIGATION INTO SHORT SELLERS WHO MADE FAKE RUMORS REGARDING $DJT,71836,2526,89,731,73,,,:,,,:
2024:11:10T20:41:05.000Z,greg_price11,True,False,"Bosa and the Niners D just hit the Trump dance after a sack ,,,,,,,,:,,,:
,,,,,,,,,,,,:,,,:
The NFL can't fine him for that. ",1943557,38460,441,4780,1097,,,,,,,:,,,:
2024:11:08T13:39:23.000Z,weeklyshowpod,True,False,"“You can get people to vote away their democracy… as long as you create a false world for them to believe in.” : ,,,,,,,,:,,,:
@HC_Richardson,,,,,,,,,,,,:,,,:
 on how fear and disinformation helped shape this election. #TheWeeklyShow #JonStewart #Trump #Economy",1149784,9148,1139,3396,1776,,,,,,,:,,,:
2024:11:11T23:42:22.000Z,TrumpDailyPosts,True,False,"Day 1,  Use Impoundment to Cut Waste, Stop Inflation, and Crush the Deep State",132597,3591,124,1114,:,,,:
2024:11:13T16:54:05.000Z,ABC,True,False,"The Trump campaign sent out a fundraising email as he met with Pres. Biden at the White House. ,,,,,,,,:,,,:
,,,,,,,,,,,,:,,,:
“In addition to a transition, they’re also starting to plan an inauguration,” ,,,,,,,,,,:,,,:
@Santucci,,,,,,,,,,,,:,,,:
 says. “That also brings in big donors, big money, big events.” https://abcnews.link/8YahmYH",28323,22,17,13,1,,,,,:,,,:
2024:11:13T15:22:28.000Z,AndyPuzder,True,False,"CPI update : Biden/Harris inflation will exceed 21% over 4 years. Trump : 7.2%. No wonder she lost : she asked “Who are you going to believe, you eyes or my Nobel Prize winning economists? Voters chose their eyes. Thanks ⁦,,,,,,,:,,,:
@JPCDaring,,,,,,,,,,,,:,,,:
⁩.",17397,222,8,87,29,,,,,,,:,,,:
2024:11:12T15:22:05.000Z,DixiDarlen,True,False,"It seems these entertainers that took money from the Kamala campaign to twerk, sing, dole out endorsements, whatever, were actually paid advertisements—if they didn’t disclose that— they broke federal law.",11642,635,18,:,12,,:
2024:11:13T18:36:17.000Z,MoltMoney,True,False,"Trump coming into office was a dream come true for me and you may not know it yet, but you too. ,,,,,,,:,,,:
,,,,,,,,,,,,:,,,:
Friday I am leaving my day job teaching to become a full time crypto trader/content creator. ,,,,,,,,,,,,:,,,:
,,,,,,,,,,,,:,,,:
Let's get rich!,,,,,,,,,,,,:,,,:
,,,,,,,,,,,,:,,,:
#Crypto #Trump",347,39,3,1,1,,,,,,,:,,,:
