timestamp username icon:verified fact:checked text views likes replies reposts bookmarks   :   :            :   :
2024:11:13T05:28:54.000Z,amerix,True,False,"President Trump has picked Elon Musk and Vivek Ramaswamy to lead The Department of Government Efficiency (DOGE),,,,,,,,:,,,:
,,,,,,,,,,,,:,,,:
This department is tasked with ending wastage of taxpayers' money and draining the swamp.,,,,,,,,,,,,:,,,:
,,,,,,,,,,,,:,,,:
America has Vivek, Kenya has David Ndii.,,,,,,,,,,,:,,,:
,,,,,,,,,,,,:,,,:
Kenya is led by fools.",216444,5280,276,1729,175,,,,,,,:,,,:
2024:11:10T18:59:56.000Z,Jeremyybtc,True,False,"doge will be the biggest runner of this bull run,,,,,,,,:,,,:
,,,,,,,,,,,,:,,,:
elon musk publicly comes out as the co founder of dogecoin,,,,,,,,,,,,:,,,:
,,,,,,,,,,,,:,,,:
trump and elon both mentioned integrating dogecoin as a big part of america's economy,,,,,,,,,,,,:,,,:
,,,,,,,,,,,,:,,,:
1 $doge = $1",124790,791,94,138,35,,,,,,,:,,,:
2024:11:07T12:00:22.000Z,NEWSMAX,True,False,Donald Trump's victory in the race to become the next U.S. president will have economic consequences for the rest of the world that are likely to be deep and quite immediate. Read more: https://bit.ly/40C19E2,49780,525,45,71,10,,,:,,,:
2024:11:08T17:12:54.000Z,paularambles,True,False,the republicanism leaving tech bros’ bodies as soon as trump announces a 60% tariff on uniqlo,1530078,97776,55,4433,2410,,,:,,,:
2024:11:09T15:34:23.000Z,xMarketNews,True,False,"DEVELOPINGDONALD TRUMP ANNOUNCED HE’S GOING TO INVESTIGATE MARKET MANIPULATORS,,,,,,,,:,,,:
,,,,,,,,,,,,:,,,:
Can Ken Griffin be one of them? ,,,,,,,,,,,,:,,,:
,,,,,,,,,,,,:,,,:
“Ken Griffin was counting on trump losing the election and was going to naked short trump media into oblivion and never close.” $DJT $GME",60917,2000,93,585,64,,,,,,,:,,,:
2024:11:09T19:51:55.000Z,kbyrd2_,False,False,"Kamala literally said i will give yall a $6000 tax credit for the first year of your child’s life & $25,000 the first time you buy a home.,,,,,,,:,,,:
,,,,,,,,,,,,:,,,:
And people said Trump, who wants to lower taxes for the wealthiest earners, is going to make them rich again. You can’t make this up.",9420858,275420,18303,37508,11621,,,,,:,,,:
2024:11:13T14:08:28.000Z,YahooFinance,True,False,"""I actually think inflation's going to become front and center again, especially as we know with President:elect Trump's policies that really are likely to be inflationary, add to the deficit,"" Roundhill Investments CEO ,,,,,:,,,:
@MazzaDave,,,,,,,,,,,,:,,,:
 says.",9045,26,8,15,1,,,,,,,:,,,:
2024:11:11T00:43:22.000Z,60Minutes,True,False,"“I voted for Donald Trump,” says Ronald Corales, citing his top issue as the economy.,,,,,,:,,,:
,,,,,,,,,,,,:,,,:
Latinos are 20% of the U.S. population and the fastest:growing community in Northampton County, Pennsylvania. https://cbsn.ws/4fnISic",123021,801,188,196,142,,,,,,:,,,:
2024:11:08T02:11:40.000Z,BehizyTweets,True,False,"Charlie Kirk is calling for a Trump DOJ investigation into ActBlue for their illegal donation scheme, which involves using the names of elderly people to launder foreign money into Democrat campaigns.,,,,,,,:,,,:
,,,,,,,,,,,,:,,,:
Election Watch has uncovered $100s of millions in laundered cash, not just in",871227,51886,483,15303,1406,,,,,,:,,,:
2024:11:06T19:56:15.000Z,Osint613,True,False,"Trump at the RNC in a message to Hamxs: ,,,,,,,,:,,,:
,,,,,,,,,,,,:,,,:
“We want our hostages back, and they better be back before I assume office or you will be paying a very big price.”",1192466,39697,829,9480,1883,,,,,,:,,,:
2024:11:07T02:41:46.000Z,Damondyor,False,False,"Since Donald Trump is the 47th president, I will be giving away $47,000 to someone that engages. ,,,,,,:,,,:
,,,,,,,,,,,,:,,,:
I have no reason to lie, we all just made so much money yesterday. TRY ME.",187995,4021,1609,1088,80,,,,,,:,,,:
2024:11:09T19:55:38.000Z,TheTNHoller,True,False,"WATCH: ,,,,,,,,:,,,:
@Matthewcanwrite,,,,,,,,,,,,:,,,:
 on the OPEC 2020 deal by TRUMP— Russia & Saudi Arabia cut oil for 2 years, spiking oil prices and the cost of EVERYTHING (aka “INFLATION”) enriching Saudi Aramco,,,,,,,,,,,:,,,:
,,,,,,,,,,,,:,,,:
Trump’s son:in:law Kushner then got $2 BILLION from the Saudis. (Hunter hunters don’t care)",140746,3781,71,2317,1092,,,,,,,:,,,:
2024:11:09T07:57:14.000Z,janetmachuka_,True,False,"10 YouTube Documentaries to Watch ,,,,,,,,:,,,:
,,,,,,,,,,,,:,,,:
1. The Deadly Consequences of Social Media  — ABC News In:depth ,,,,,,,,,,,,:,,,:
,,,,,,,,,,,,:,,,:
2. Tax Havens: The Heist of the Century— Investigations ,,,,,,,,,,,,:,,,:
,,,,,,,,,,,,:,,,:
3. The Billion:Dollar Gold Mining Scam that Fooled the World — Wonder,,,,,,,,,,,,:,,,:
,,,,,,,,,,,,:,,,:
4. Operation Trump: Russian Spies Conquer America",42253,638,12,347,860,,,,,,,:,,,:
2024:11:11T23:42:22.000Z,TrumpDailyPosts,True,False,"Day 1,  Use Impoundment to Cut Waste, Stop Inflation, and Crush the Deep State",132179,3583,124,1112,:,,,:
2024:11:12T15:29:50.000Z,MSNBC,True,False,BREAKING: Judge in Trump hush money case delays key ruling ahead of sentencing.,214003,1005,539,413,135,,,:,,,:
2024:11:11T04:30:14.000Z,MarioNawfal,True,False,"CATHIE WOOD: TRUMP’S POLICIES COULD FUEL AN INNOVATION BOOM,,,,,,,,:,,,:
,,,,,,,,,,,,:,,,:
Cathie Wood, the innovative mind behind ARK Invest, paints a compelling picture of the investment landscape following the election, highlighting parallels to the economic shifts of the Reagan era. ,,,,,,,,,:,,,:
,,,,,,,,,,,,:,,,:
Just as Reagan’s",124560,754,34,177,82,,,,,,,:,,,:
2024:11:08T16:26:28.000Z,xMarketNews,True,False,BREAKING NEWS DONALD TRUMP CALLS FOR AN INVESTIGATION INTO SHORT SELLERS WHO MADE FAKE RUMORS REGARDING $DJT,71785,2524,89,731,73,,,:,,,:
2024:11:12T21:00:23.000Z,RBReich,False,False,"Trump wants to extend his tax cuts for rich individuals, which would add $4.6T to the deficit.,,,,,,,:,,,:
,,,,,,,,,,,,:,,,:
But he wants to go even further, cutting the corporate tax rate to 15%.,,,,,,,,,,,:,,,:
,,,,,,,,,,,,:,,,:
It's yet another absolutely shameless giveaway.",106562,3643,297,2149,312,,,,,,,:,,,:
2024:11:07T02:11:36.000Z,CBSEveningNews,True,False,"Wall Street soared as investors bet on economic growth under a Trump presidency. The Dow surged over 1,500 points to record highs. Trump has proposed tariffs on all imported goods, cutting taxes and also promised to remove tax on tips, which could bring welcome relief for the",38146,44,25,21,:,,,:
2024:08:25T17:53:38.000Z,BetterOff2024,True,False,"A reminder that Trump's only stated specific economic policy:,,,,,,,,:,,,:
,,,,,,,,,,,,:,,,:
Tariffs of 10:60% on *all* US imports that will fuel inflation across the board as consumers will naturally pay the difference for goods.,,,,,,,,,,,,:,,,:
,,,,,,,,,,,,:,,,:
Basically a #TrumpTax on all Americans.",34373,696,65,391,18,,,,,,,:,,,:
2024:11:08T14:34:09.000Z,WatchChad,True,False,"Lawsuits disappearing,,,,,,,,:,,,:
Stock market soaring ,,,,,,,,,,,,:,,,:
Interest rates down ,,,,,,,,,,,,:,,,:
In talks w/ Putin to end war in Ukraine. ,,,,,,,,,,,,:,,,:
Cease fire in Iran ,,,,,,,,,,,,:,,,:
Hamas calls for “immediate end to war”,,,,,,,,,,,,:,,,:
China is optimistic and talking peaceful co:existence ,,,,,,,,,,,,:,,,:
,,,,,,,,,,,,:,,,:
Trump is a crappy Hitler.",122033,10122,209,2557,225,,,,,,,:,,,:
2024:11:07T00:29:41.000Z,JoshuaBHoe,True,False,"3 out of 4 people whose biggest concern was the economy voted for Trump  ,,,,,,,,:,,,:
,,,,,,,,,,,,:,,,:
Some have even called it an inflation election  ,,,,,,,,,,,,:,,,:
Trump's policies are:  ,,,,,,,,,,,,:,,,:
,,,,,,,,,,,,:,,,:
* Inflationary Tariffs   ,,,,,,,,,,,,:,,,:
* Deportations, which are inflationary,,,,,,,,,,,:,,,:
* Tax cuts, which are...you guessed it, inflationary  ,,,,,,,,,,:,,,:
,,,,,,,,,,,,:,,,:
...sigh",375,7,1,1,1,,,,,,,:,,,:
2024:11:11T19:09:03.000Z,RebelNewsOnline,True,False,"Trudeau attempts to defend his record while slamming Poilievre when asked what he's learned from Trump's victory in the U.S. presidential election.,,,,,,,,:,,,:
,,,,,,,,,,,,:,,,:
""Canadians need a positive plan that'll put money in their pockets and grow the future,"" he says. ,,,,,,,,,,,:,,,:
,,,,,,,,,,,,:,,,:
http://TrudeauMustResign.com",99158,810,733,253,35,,,,,,,:,,,:
