timestamp username icon:verified fact:checked text views likes replies reposts bookmarks   :   :            :   :
2024:11:02T08:10:54.000Z,mollie_don,True,False,"Trump's economic policies, including tariffs, tax cuts, and immigration control, aim to address inflation and stimulate economic growth. Supporters believe his straightforward approach could eliminate bureaucratic hurdles and stimulate immediate economic activity.,,,,:,,,:
,,,,,,,,,,,,:,,,:
If we want to",8875,271,14,208,3,,,,,,,:,,,:
2024:11:18T12:49:43.000Z,JavonAPrice,True,False,Seems Joe and Mika woke up with a newfound realization this morning: apparently President Trump is no longer Hitler nor a threat to American democracy.,36939,1037,178,199,33,,,:,,,:
2024:11:17T23:39:14.000Z,sjredmond,True,False,"Ask not why they didn't vote for Harris Bill Shatner, ask why they believed one word Trump was saying. Not one of his economic ""promises"" will be kept, except the ones that screw the bottom half of America.",95866,1394,66,264,113,:,,,:
2024:11:14T16:41:03.000Z,SimplyBitcoinTV,True,False,BULLISH: President Trump is considering 0% capital gains tax on #Bitcoin and crypto. ,177197,5914,149,863,107,,,:,,,:
2024:11:14T01:14:12.000Z,jcokechukwu,True,False,"By the way, here’s Tulsi, Trump’s pick for DNI (Director of National Intelligence), exposing the Ukrainian bio labs and wandering why American money would go to shady, dirty ventures like bio labs in Ukraine and China and elsewhere, from where COVID and other designer diseases",15283,542,:,374,69,:
2024:11:17T22:00:07.000Z,RBReich,False,False,"In his first term, Trump oversaw huge increases in Pentagon spending that enriched defense contractors and drained money from public investments.,,,,,,,:,,,:
,,,,,,,,,,,,:,,,:
His appointment of war hawks like Marco Rubio and Mike Waltz will only further the military:industrial drain.",68331,1503,154,686,75,,,,,,,:,,,:
2024:11:12T00:45:45.000Z,William_E_Wolfe,True,False,"Trump commits to shutting down the Department of Education! ,,,,,,,,:,,,:
,,,,,,,,,,,,:,,,:
This, combined with his tax credits for homeschooling families, could revolutionize education in America.",25932,763,33,101,20,,,,,:,,,:
2024:11:18T20:34:24.000Z,RealAlexJones,True,False,"EXCLUSIVE: Democrats Are Willing To Trigger WWIII & Crash The Economy Just To Spite Trump— Roger Stone Warns,,,,,,,,:,,,:
@RogerJStoneJr,,,,,,,,,,,,:,,,:
WATCH/SHARE THE LIVE SHOW HERE:,,,,,,,,,,,,:,,,:
https://x.com/i/broadcasts/1jMJgBqkmlbGL…",2899293,34536,1063,10287,1816,,,,,,,:,,,:
2024:11:13T13:55:49.000Z,tribelaw,True,False,"Biden must urgently act with the Europeans to transfer frozen Russian assets to Kyiv—not just the interest but the capital. This money—more than $300 billion—can be used to purchase weapons, rebuild the country, and keep the economy going for many months.",131495,9637,612,4414,117,:,,,:
2024:11:17T17:54:03.000Z,highbrow_nobrow,True,False,"Donald Trump: A tariff is a tax on a foreign country. A lot of people like to say it’s a tax on us. No… It’s is a tax that doesn’t affect our country. ,,,,,,,,:,,,:
@Acyn,,,,,,,,,,,,:,,,:
Fact:check: Wrong. (September)",397736,8937,1077,1924,294,,,,,,,:,,,:
2024:11:11T21:01:02.000Z,CNBCClosingBell,True,False,"#Tesla popping again today, with the stock seeing a more than 40% gain since the election. ,,,,,,,:,,,:
@DivesTech,,,,,,,,,,,,:,,,:
, who is raising his price target to $400 from $300, calls president:elect Trump's victory a ""game changer"" for Tesla:",401763,302,24,86,33,,,,,:,,,:
2024:11:12T15:37:09.000Z,Bubblebathgirl,True,False,"Even if the hush money case against Trump gets dismissed, that doesn’t mean the lawfare against him is forgotten.,,,,,,,:,,,:
,,,,,,,,,,,,:,,,:
Our government, DAs, and judges abused our judicial system in order to interfere in the 2024 presidential election.,,,,,,,,,,:,,,:
,,,,,,,,,,,,:,,,:
They need to face legal consequences.",16510,1850,52,718,14,,,,,,,:,,,:
2024:11:12T15:58:44.000Z,SenatorLankford,True,False,"Next year, the Trump tax cuts are set to expire, and we must take action. Otherwise, Americans—including Oklahomans—could face tax hikes. We need to get to work to keep taxes low and support hardworking families.",28595,552,509,87,:,,,:
2024:11:15T16:28:25.000Z,DisavowTrump20,True,False,"After record growth under the Biden Economy, stock market is plummeting with the chaos of a Trump Administration looming.",60473,1982,93,897,96,,:,,,:
2024:11:11T00:52:26.000Z,TaraSetmayer,True,False,"I had a few things to say on ,,,,,,,,:,,,:
@NewsCentralCNN,,,,,,,,,,,,:,,,:
 ,,,,,,,,,,,,:,,,:
about the people who voted for Trump owning all of the ilk that goes along with that. ,,,,,,,,,,,,:,,,:
You don’t get to just complain about the price of eggs and ignore the anti:democratic, racism & sexism MAGA represents.",534160,7462,1284,1867,528,,,,,,:,,,:
2024:11:10T20:06:21.000Z,DefiyantlyFree,True,False,"Clearly just having a lot of money to run is not enough to win. ,,,,,,,,:,,,:
,,,,,,,,,,,,:,,,:
Harris spent double what Trump spent and lost every single swing state.",12180,501,30,132,14,,,,,,,:,,,:
2024:11:11T00:43:22.000Z,60Minutes,True,False,"“I voted for Donald Trump,” says Ronald Corales, citing his top issue as the economy.,,,,,,:,,,:
,,,,,,,,,,,,:,,,:
Latinos are 20% of the U.S. population and the fastest:growing community in Northampton County, Pennsylvania. https://cbsn.ws/4fnISic",123759,786,183,196,135,,,,,,:,,,:
2024:11:12T20:51:13.000Z,bungarsargon,True,False,"This was the immigration election. Democrats vowing to ""Trump proof"" their cities & states are exposing their contempt for their own voters, who they hate for wanting less immigration, for voting in the economic interests of their families instead of those of progressive elites.",25150,811,22,167,58,:,,,:
2024:11:11T14:20:40.000Z,MAGA__Patriot,True,False,We must NEVER FORGET the high price paid for the freedom we enjoy. Thank you Veterans! ,14318,797,35,418,14,,,:,,,:
2024:11:18T12:36:00.000Z,JavonAPrice,True,False,"Two weeks ago, Joe and Mika told the world Trump was a “fascist” who was going to “end our democracy.” ,,,,,,,:,,,:
,,,,,,,,,,,,:,,,:
How in the world do you go from that to “restarting communications” and having civil disagreements on policy?",6657,336,42,57,4,,,,,,,:,,,:
2024:11:17T04:30:01.000Z,NEWSMAX,True,False,"Rep. Beth Van Duyne, expressed optimism on Newsmax, describing a more cohesive Republican House under Speaker Mike Johnson, emphasizing the party's commitment to Trump:aligned economic policies, border security, and regulatory reform.",43887,320,:,41,5,:
