timestamp username icon:verified fact:checked text views likes replies reposts bookmarks   :   :            :   :
2024:11:10T18:59:56.000Z,Jeremyybtc,True,False,"doge will be the biggest runner of this bull run,,,,,,,,:,,,:
,,,,,,,,,,,,:,,,:
elon musk publicly comes out as the co founder of dogecoin,,,,,,,,,,,,:,,,:
,,,,,,,,,,,,:,,,:
trump and elon both mentioned integrating dogecoin as a big part of america's economy,,,,,,,,,,,,:,,,:
,,,,,,,,,,,,:,,,:
1 $doge = $1",32789,309,68,57,11,,,,,,,:,,,:
2024:11:10T23:46:08.000Z,DarrigoMelanie,True,False,"Trump's 10 point plan for education:,,,,,,,,:,,,:
,,,,,,,,,,,,:,,,:
: eliminate the Dept. of Education,,,,,,,,,,,,:,,,:
: cut federal funding,,,,,,,,,,,,:,,,:
: promote Christian Nationalism,,,,,,,,,,,,:,,,:
: attack teacher's unions,,,,,,,,,,,,:,,,:
: give public money to for:profit private schools,,,,,,,,,,,,:,,,:
,,,,,,,,,,,,:,,,:
He warned us, and you voted for him anyway.",1929805,24375,2113,5322,3199,,,,,,:,,,:
2024:11:09T21:40:34.000Z,TimOBrien,True,False,"Trump hasn’t and won’t do a thing that benefits working class and middle class Americans. But those voters bought Trump’s carny act. Because, indeed, it’s the economy, stupid:",78538,2664,361,1007,:,,,:
2024:11:06T05:13:06.000Z,Ashcryptoreal,True,False,"Trump is winning US elections. ,,,,,,,,:,,,:
,,,,,,,,,,,,:,,,:
Bitcoin is going to $100,000,,,,,,,,,,,:,,,:
,,,,,,,,,,,,:,,,:
Massive Bull market is coming.,,,,,,,,,,,,:,,,:
,,,,,,,,,,,,:,,,:
FUCK ALL THE BEARS",110457,3175,340,441,33,,,,,,,:,,,:
2024:11:10T14:59:18.000Z,GuntherEagleman,True,False,"A NBC hack tried to corner Trump on the cost of deporting millions of criminal aliens.,,,,,,,,:,,,:
,,,,,,,,,,,,:,,,:
Trump handled it perfectly:,,,,,,,,,,,,:,,,:
“We have NO choice when people have k*lled and m*rdered. They’re not staying here. There is NO price tag.”,,,,,,,,,,,,:,,,:
,,,,,,,,,,,,:,,,:
They ALL have to go back!",1468222,33685,930,5813,599,,,,,,,:,,,:
2024:11:11T08:27:04.000Z,SuperTrumpCoin,True,False," The Legend is Back: President Trump Re:Elected! ,,,,,,,,:,,,:
,,,,,,,,,,,,:,,,:
Big changes are on the way for the USA and for Crypto!  President Trump is planning to buy 1,000,000 BTC : no matter the price. This move is incredibly bullish for the entire crypto space! ,,,,,,,,,,:,,,:
,,,,,,,,,,,,:,,,:
Get ready for an INSANE",0,30,8,7,534,,,,,,,:,,,:
2024:11:10T14:55:29.000Z,TrumpWarRoom,True,False,"President Trump on his plan for mass deportations of criminal illegal aliens: ""When people have killed and murdered ... they're not staying here. There is no price tag.""",126836,3616,215,786,96,,,:,,,:
2024:11:06T08:17:03.000Z,EspritdeCorp258,False,False,"""Merrick Garland"" is out of job. #Project2025 is here. We'll see sweeping legal changes & Trump will be a dictator on day 1 & forever with his crime fam syndicate in tow. We'll have 8 Trump appoint SCOTUS. Those that voted for Trump over economic insecurity in for rude awakening.",0,1,6,13,271,,,:,,,:
2024:11:06T14:21:50.000Z,Tausee_F,False,False,I’m pocket watching everybody that voted for Trump cause of the economy. Ya better not be broke still in 4 years cause I’m on that ass bitch,2154833,117217,485,19828,4010,,,:,,,:
2024:11:06T18:25:54.000Z,aly_rendon,False,False,saying i voted for trump because he’s better for the economy when you’re posting your cash app on your story for your birthday is insane,528453,36339,88,4482,469,,,:,,,:
2024:11:09T03:41:40.000Z,saras76,True,False,"Trump plans to redirect the money being spent on Ukraine towards a nationwide initiative to get the homeless off the streets in America. ,,,,,,,,:,,,:
,,,,,,,,,,,,:,,,:
How can anybody be against this? ,,,,,,,,,,,,:,,,:
This is amazing. ,,,,,,,,,,,,:,,,:
America FIRST.",52885,3010,125,693,144,,,,,,,:,,,:
2024:11:11T08:46:09.000Z,segalink,True,False,Trump is not throwing money at the problem. He is de:escalating with necessary calls. $200Billion or more saved even before taking office. True leadership. ,4875,41,1,8,3,,,:,,,:
2024:11:11T09:17:10.000Z,cryptorobotics,True,False,"Analytics: market outlook and forecasts* ,,,,,,,,:,,,:
,,,,,,,,,,,,:,,,:
 WHAT HAPPENED?,,,,,,,,,,,,:,,,:
,,,,,,,,,,,,:,,,:
Last week was a landmark for the entire crypto community. Against the background of the announcement of the preliminary results of the US presidential election and the leadership of Donald Trump, bitcoin resumed its",0,103,1,27,1899,,,,,,:,,,:
2024:11:09T01:48:40.000Z,KristiNoem,True,False,"President Trump is going to do BIG things when he takes office, and he wants people around him with big vision to accomplish those goals for the American people.,,,,,,,:,,,:
,,,,,,,,,,,,:,,,:
His tax plan will absolutely unleash American growth.",43508,2959,86,397,25,,,,,,,:,,,:
2024:11:05T14:03:05.000Z,TheCryptoLark,True,False,The price of Bitcoin if Trump wins:,82970,1434,189,174,13,,,:,,,:
2024:11:10T02:28:26.000Z,cryptorecruitr,True,False,"cardano is doing it again ,,,,,,,,:,,,:
,,,,,,,,,,,,:,,,:
Intro 00:00,,,,,,,,,,,,:,,,:
Hoskinson to be Trump advisor 1:05,,,,,,,,,,,,:,,,:
Now is not the time to be bearish 4:00,,,,,,,,,,,,:,,,:
Bitcoin and Cardano 5:15,,,,,,,,,,,,:,,,:
ADA makes massive weekly move 6:45,,,,,,,,,,,,:,,,:
Cardano momentum 11:40,,,,,,,,,,,,:,,,:
ADA short term price action 14:15,,,,,,,,,,,,:,,,:
Waiting for Cardano structure 17:30",73144,1596,55,223,84,,,,,,,:,,,:
2024:11:06T08:29:41.000Z,JohnAmaechi,False,False,"People don’t care that a rich man is a predator, a liar, a bigot & a dolt.,,,,,,:,,,:
,,,,,,,,,,,,:,,,:
Some rationalise their choice on “economy” or  “family values” but really:,,,,,,,,,,,,:,,,:
,,,,,,,,,,,,:,,,:
He hates the same people they do : and that’s the draw.,,,,,,,,,,,,:,,,:
,,,,,,,,,,,,:,,,:
Trump voters will celebrate, but they’ll learn… he hates them too.",193543,3619,116,701,122,,,,,,:,,,:
2024:11:10T23:03:47.000Z,Dominus_Crypto,True,False,"Beeple started the NFT bullrun last bull market when he sold an NFT for $69m,,,,,,,,:,,,:
Now he keeps on posting Pnut art.,,,,,,,,,,,,:,,,:
,,,,,,,,,,,,:,,,:
$Pnut started the bullrun this year when he helped helped Trump to win the elections,,,,,,,,,,,,:,,,:
,,,,,,,,,,,,:,,,:
This is the meme of this bullrun!",9414,459,40,143,26,,,,,,,:,,,:
2024:11:10T23:14:58.000Z,CryptoHayes,True,False,"Some of y'all don't believe Trump is about to trash the $ and print money. $BTC disagrees. Here is #Bitcoin leading vs. my new money supply indicator US Bank Credit. The market is speaking, listen up.,,,,,,,:,,,:
,,,,,,,,,,,,:,,,:
More explanation in my essay ""Black or White"" that drops tom.",122335,1812,136,173,236,,,,,,,:,,,:
2024:11:07T13:39:35.000Z,IsabellaMWeber,False,False,"Polls: Inflation is #1 concern.,,,,,,,,:,,,:
,,,,,,,,,,,,:,,,:
Harris first economic policy proposal: Price gouging law for food.,,,,,,,,,,,,:,,,:
,,,,,,,,,,,,:,,,:
Most economists: This is price controls. (Me: No, it’s good policy.),,,,,,,,,,,:,,,:
,,,,,,,,,,,,:,,,:
Trump: This is Communist.,,,,,,,,,,,,:,,,:
,,,,,,,,,,,,:,,,:
Harris: Goes quiet.",226206,1959,73,436,210,,,,,,,:,,,:
2024:11:07T00:29:41.000Z,JoshuaBHoe,True,False,"3 out of 4 people whose biggest concern was the economy voted for Trump  ,,,,,,,,:,,,:
,,,,,,,,,,,,:,,,:
Some have even called it an inflation election  ,,,,,,,,,,,,:,,,:
Trump's policies are:  ,,,,,,,,,,,,:,,,:
,,,,,,,,,,,,:,,,:
* Inflationary Tariffs   ,,,,,,,,,,,,:,,,:
* Deportations, which are inflationary,,,,,,,,,,,:,,,:
* Tax cuts, which are...you guessed it, inflationary  ,,,,,,,,,,:,,,:
,,,,,,,,,,,,:,,,:
...sigh",352,7,1,1,1,,,,,,,:,,,:
2024:11:06T17:46:31.000Z,CryptoGodJohn,True,False,"I must say Trump winning the election has alot of people who have been watching crypto from the sidelines on notice ,,,,,,,,:,,,:
,,,,,,,,,,,,:,,,:
A lot of professional athletes that I know and big money people all trying to get back in ,,,,,,,,,,,,:,,,:
,,,,,,,,,,,,:,,,:
This is just the start",35814,771,173,67,7,,,,,,,:,,,:
2024:11:08T14:15:40.000Z,natbrunell,True,False,"This interview surpassed 300k views on YouTube in less than 24 hours. Many of you are requesting it in full here on X so here it is.,,,,,,,,:,,,:
,,,,,,,,,,,,:,,,:
Col. ,,,,,,,,,,,,:,,,:
@DougAMacgregor,,,,,,,,,,,,:,,,:
 weighs in on Trump vs. the deep state bureaucracy, the debt:loaded economy, Bitcoin, gold & threat of global war.,,,,,,,,,:,,,:
,,,,,,,,,,,,:,,,:
Timecodes:",123292,1355,68,363,551,,,,,,,:,,,:
2024:11:08T17:12:54.000Z,paularambles,True,False,the republicanism leaving tech bros’ bodies as soon as trump announces a 60% tariff on uniqlo,1517707,97790,54,4419,2412,,,:,,,:
