timestamp username icon:verified fact:checked text views likes replies reposts bookmarks   :   :            :   :
2024:11:02T08:10:54.000Z,mollie_don,True,False,"Trump's economic policies, including tariffs, tax cuts, and immigration control, aim to address inflation and stimulate economic growth. Supporters believe his straightforward approach could eliminate bureaucratic hurdles and stimulate immediate economic activity.,,,,:,,,:
,,,,,,,,,,,,:,,,:
If we want to",8879,270,14,208,3,,,,,,,:,,,:
2024:11:14T02:37:17.000Z,w_terrence,True,False,"KAMALAAAAAAAA CALL ME!!!!!!,,,,,,,,:,,,:
,,,,,,,,,,,,:,,,:
Send this to ,,,,,,,,,,,,:,,,:
@KamalaHarris,,,,,,,,,,,,:,,,:
 ,,,,,,,,,,,,:,,,:
,,,,,,,,,,,,:,,,:
You raised $1 BILLION and now you are negative $20 million dollars, you can’t pay people or the vendors BUT you were going to fix the Economy over night!,,,,,,,,,,,:,,,:
,,,,,,,,,,,,:,,,:
Trump offered to help so I have some coins I would like to give you",296817,6518,398,1527,215,,,,,,,:,,,:
2024:11:12T15:29:50.000Z,MSNBC,True,False,BREAKING: Judge in Trump hush money case delays key ruling ahead of sentencing.,217782,960,535,411,128,,,:,,,:
2024:11:17T17:54:03.000Z,highbrow_nobrow,True,False,"Donald Trump: A tariff is a tax on a foreign country. A lot of people like to say it’s a tax on us. No… It’s is a tax that doesn’t affect our country. ,,,,,,,,:,,,:
@Acyn,,,,,,,,,,,,:,,,:
Fact:check: Wrong. (September)",409190,9102,1110,1977,297,,,,,,,:,,,:
2024:11:11T21:01:02.000Z,CNBCClosingBell,True,False,"#Tesla popping again today, with the stock seeing a more than 40% gain since the election. ,,,,,,,:,,,:
@DivesTech,,,,,,,,,,,,:,,,:
, who is raising his price target to $400 from $300, calls president:elect Trump's victory a ""game changer"" for Tesla:",401855,303,24,86,33,,,,,:,,,:
2024:11:14T16:41:03.000Z,SimplyBitcoinTV,True,False,BULLISH: President Trump is considering 0% capital gains tax on #Bitcoin and crypto. ,177567,5914,149,864,108,,,:,,,:
2024:11:16T22:30:01.000Z,RBReich,True,False,"Trump has named Stephen Miller and Tom Homan — the architects of his family separation policy — to powerful roles in his White House.,,,,,,,,:,,,:
,,,,,,,,,,,,:,,,:
Their fingerprints are all over Trump's mass deportation scheme, which would wreck the economy and rip families apart.",71486,2329,400,1231,156,,,,,,:,,,:
2024:11:14T19:15:59.000Z,NMalliotakis,True,False, Everyone is looking to President Trump to save the day and ax the tax because Kathy Hochul ignores the will of New Yorkers.,9119,459,39,99,4,,,:,,,:
2024:11:11T18:25:24.000Z,kayleighmcenany,True,False,"THE TRUMP EFFECT,,,,,,,,:,,,:
,,,,,,,,,,,,:,,,:
In just a few days and before he is even President ,,,,,,,,,,,,:,,,:
,,,,,,,,,,,,:,,,:
 First female Chief of Staff appointed,,,,,,,,,,,,:,,,:
 Stock market hitting all:time:highs,,,,,,,,,,,,:,,,:
 Newest migrant caravan breaking up,,,,,,,,,,,,:,,,:
 NYC to stop giving debit cards to illegal immigrants,,,,,,,,,,,,:,,,:
 EU wants to buy US gas, not",817228,23236,460,4652,1623,,,,,,:,,,:
2024:11:16T18:17:52.000Z,BreitbartNews,True,False,Trump tells the story of a woman who had to return one of the apples she was attempting to buy at a grocery store when she realized how expensive they were in the Biden:Harris economy.,45338,532,40,76,8,,,:,,,:
2024:11:17T21:01:38.000Z,SpeakerJohnson,True,False,"With President Trump back in the White House and Republicans in control of Congress, we'll grow the economy and lower costs.,,,,,,,:,,,:
 ,,,,,,,,,,,,:,,,:
How?,,,,,,,,,,,,:,,,:
 ,,,,,,,,,,,,:,,,:
By preventing the largest tax hike in US history, cutting reckless spending, and incentivizing companies to invest in America and create new jobs.",548476,11155,1600,1547,144,,,,,:,,,:
2024:11:12T00:45:45.000Z,William_E_Wolfe,True,False,"Trump commits to shutting down the Department of Education! ,,,,,,,,:,,,:
,,,,,,,,,,,,:,,,:
This, combined with his tax credits for homeschooling families, could revolutionize education in America.",25949,762,33,101,20,,,,,:,,,:
2024:11:17T18:57:31.000Z,_Crypto_Barbie,True,False,"WOW! ,,,,,,,,:,,,:
,,,,,,,,,,,,:,,,:
Brad Garlinghouse is confident that Ripple is about to unlock the U.S. market!  ,,,,,,,,,,,,:,,,:
,,,,,,,,,,,,:,,,:
I'm sure under the new Trump administration we will finally get full regulatory clarity that will unleash #XRP ",79224,1836,24,380,69,,,,,,,:,,,:
2024:11:15T16:38:05.000Z,washingtonpost,True,False,"China is preparing to retaliate against any new tariffs if Donald Trump launches another trade war when he returns to the Oval Office next year, with analysts saying Beijing has had time to develop tools that could prove useful in an economic tit:for:tat.",36412,46,27,28,5,,:,,,:
2024:11:14T01:14:12.000Z,jcokechukwu,True,False,"By the way, here’s Tulsi, Trump’s pick for DNI (Director of National Intelligence), exposing the Ukrainian bio labs and wandering why American money would go to shady, dirty ventures like bio labs in Ukraine and China and elsewhere, from where COVID and other designer diseases",15347,546,:,376,69,:
2024:11:19T02:18:04.000Z,xMarketNews,True,False,"JUST IN DONALD TRUMP STATES SHORT SELLERS CAN GET HURT VERY BADLY DURING HIS SPEECH,,,,,,,,:,,,:
,,,,,,,,,,,,:,,,:
Can Donald Trump End Illegal Short Selling & Short Selling Manipulators",50610,1769,40,437,103,,,,,,,:,,,:
2024:11:17T20:24:43.000Z,GoldTelegraph_,True,False,"In my conversation with Judy Shelton, who served as an economic advisor to President Trump during his last presidency:,,,,,,,:,,,:
,,,,,,,,,,,,:,,,:
• The U.S. should combine the strengths of gold:backed systems with blockchain technology's benefits.,,,,,,,,,,,,:,,,:
,,,,,,,,,,,,:,,,:
• Integrate stablecoins into future advancements.,,,,,,,,,,,,:,,,:
,,,,,,,,,,,,:,,,:
•",65504,679,33,237,85,,,,,,,:,,,:
2024:11:19T23:30:00.000Z,Reuters,True,False,New York prosecutors who secured the first:ever criminal conviction of a former president said the hush money case against Donald Trump should not be dismissed in light of his election victory https://reut.rs/4eGwVTD,34327,72,12,20,3,,,:,,,:
2024:11:13T21:28:21.000Z,kdollsweety,True,False,"The stock market is soaring, the U.S. dollar is gaining strength, and crude oil futures are crashing.,,,,,,:,,,:
,,,,,,,,,,,,:,,,:
And Donald Trump hasn’t even taken office yet!",9202,506,27,102,2,,,,,,,:,,,:
2024:11:15T01:11:20.000Z,RealAmVoice,True,False,"""I'D LIKE TO SEE $2 GASOLINE, ZERO INFLATION, THE BORDER CLOSED, AND TO DEPORT ALL OF THE CRIMINALS AND THE TERRORISTS!"" ,,,,,:,,,:
@larry_kudlow,,,,,,,,,,,,:,,,:
 is only asking for a few things of the Trump Administration as they take back the White House in 2025. ,,,,,,,,,,,,:,,,:
@A1Policy",22846,809,6,206,33,,,,,,,:,,,:
