timestamp username icon:verified fact:checked text views likes replies reposts bookmarks   :   :            :   :
2024:11:02T08:10:54.000Z,mollie_don,True,False,"Trump's economic policies, including tariffs, tax cuts, and immigration control, aim to address inflation and stimulate economic growth. Supporters believe his straightforward approach could eliminate bureaucratic hurdles and stimulate immediate economic activity.,,,,:,,,:
,,,,,,,,,,,,:,,,:
If we want to",8891,270,14,208,3,,,,,,,:,,,:
2024:11:20T14:35:48.000Z,WesleyHuntTX,True,False,"America… We’re Back!,,,,,,,,:,,,:
,,,,,,,,,,,,:,,,:
2025 marks the dawn of a new Golden Age. I’ve stood with President Trump since day one and will continue to stand with 45/47. ,,,,,,,,,,,,:,,,:
,,,,,,,,,,,,:,,,:
In the 119th Congress, I’ll fight to secure our border, rebuild the economy, and make America safe again.,,,,,,,,,:,,,:
,,,,,,,,,,,,:,,,:
1.20.25 ,,,,,,,,,,,,:,,,:
CAN’T WAIT!",21439,1729,55,296,29,,,,,,,:,,,:
2024:11:18T13:50:44.000Z,BenSwann_,True,False,"TRUMP: “I refuse to accept another round of endless war in Ukraine.,,,,,,,,:,,,:
,,,,,,,,,,,,:,,,:
I want peace, they want money and conflict! Even if it means pushing us to the brink of World War III, which, frankly, is already happening and very quickly.”",19341,717,19,141,12,,,:,,,:
2024:11:12T21:34:55.000Z,LiberalHivemind,True,False,"MASSIVE: Trump Announces the American Academy, with the mission of making world:class education available to every American free of charge.,,,,,,,:,,,:
,,,,,,,,,,,,:,,,:
The money used will be collected by suing large university endowments that have propagated far:left ideology.,,,,,,,,,,,,:,,,:
,,,,,,,,,,,,:,,,:
damn",21722,1112,42,206,76,,,,,,,:,,,:
2024:11:15T12:34:37.000Z,LanceRoberts,True,False,"#President #Trump is walking into an #economy and #market that has a vastly different setup than when elected in 2016. ,,,,,,,,:,,,:
@thedailyshot",32261,321,21,86,126,,,,,,,:,,,:
2024:11:18T23:10:00.000Z,RepJasmine,True,False,"Republicans & Trump are planning to gut Medicaid, SNAP, & put an additional 10%:20% sales tax on nearly everything you buy so they can give MORE tax breaks to billionaires. ,,,,,,:,,,:
,,,,,,,,,,,,:,,,:
Republican economics: Tax breaks for the rich, paid for by working Americans.",14855,320,108,200,16,,,,,,:,,,:
2024:11:20T19:03:57.000Z,SenWarren,True,False,"Donald Trump and Congressional Republicans have made perfectly clear that they are planning another huge tax giveaway to billionaires and billionaire corporations.,,,,,,,,:,,,:
,,,,,,,,,,,,:,,,:
The tax fight is starting now, and I'm leading a Senate hearing to fight back.",372390,6995,2252,2523,151,,,,,,:,,,:
2024:11:20T06:22:46.000Z,NowPammsy,True,False,Always follow the money!  Kelly  had his reasons for his hate for Trump saying that he loved Hitler! Turns out Kelly is a greedy & disgusting one. Profiting off of the illegals coming here. Watch. See what you think.,191035,4724,195,3341,1198,,,:,,,:
2024:11:20T21:25:21.000Z,GBNEWS,True,False,"'People revolted, and I suspect the same sentiments are going to happen on this side of the pond in the UK.',,,,,,,:,,,:
,,,,,,,,,,,,:,,,:
Donald Trump's son, Eric Trump, has thrown his support behind British farmers following the Labour Government's raid on their inheritance tax relief.",25634,805,29,166,13,,,,,:,,,:
2024:11:17T17:54:03.000Z,highbrow_nobrow,True,False,"Donald Trump: A tariff is a tax on a foreign country. A lot of people like to say it’s a tax on us. No… It’s is a tax that doesn’t affect our country. ,,,,,,,,:,,,:
@Acyn,,,,,,,,,,,,:,,,:
Fact:check: Wrong. (September)",412372,9098,1113,1980,296,,,,,,,:,,,:
2024:09:02T16:18:21.000Z,DavidCayJ,True,False,"Not only is Trump, who was given an economics degree by ,,,,,,,:,,,:
@Penn,,,,,,,,,,,,:,,,:
, full of nonsense, but his plan is inflationary.,,,,,,,,,,:,,,:
,,,,,,,,,,,,:,,,:
Why? Consumers pay the tariff, while domestic firms can raise prices to 99.9% of import + tariff and not lose market share.,,,,,,,,,,,:,,,:
Trump, as always, is for the already rich.",12141,306,35,125,6,,,,,:,,,:
2024:11:19T23:30:00.000Z,Reuters,True,False,New York prosecutors who secured the first:ever criminal conviction of a former president said the hush money case against Donald Trump should not be dismissed in light of his election victory https://reut.rs/4eGwVTD,36974,76,14,21,3,,,:,,,:
2024:11:20T21:06:15.000Z,highbrow_nobrow,True,False,"In this video, The Intellectualist explores how Walmart and Lowe’s warn Trump’s proposed tariffs could spike inflation and force price hikes. With 40% of goods sourced internationally, retailers brace for economic fallout that could hurt U.S. consumers.",11877,144,11,85,13,:,,,:
2024:11:14T15:36:44.000Z,ChainLinkGod,True,False,">it was real,,,,,,,,:,,,:
,,,,,,,,,,,,:,,,:
.,,,,,,,,,,,,:,,,:
@worldlibertyfi,,,,,,,,,,,,:,,,:
, the DeFi protocol supported by ,,,,,,,,,,,:,,,:
@realDonaldTrump,,,,,,,,,,,,:,,,:
 and the Trump family, is adopting the #Chainlink standard,,,,,,,,,,,:,,,:
,,,,,,,,,,,,:,,,:
Price Feeds will secure WLFI’s Aave V3 deployment, while CCIP and PoR will support future protocol expansions",33116,607,32,101,26,,,,,,:,,,:
2024:11:15T18:22:00.000Z,RepTenney,True,False,". ,,,,,,,,:,,,:
@HouseGOP,,,,,,,,,,,,:,,,:
 is committed to working with President Trump to implement his America First agenda.,,,,,,,,,,,,:,,,:
,,,,,,,,,,,,:,,,:
This includes preserving and expanding the important Tax Cuts and Jobs Act to lower taxes for hardworking Americans!",11327,166,45,45,1,,,,,,,:,,,:
2024:11:13T00:54:22.000Z,CryptoLollla,True,False,"Coinmarketcap just changed total supply of #SHIB matching close to the circulating supply . Is the circulating supply accurate ? ,,,,,,,,:,,,:
,,,,,,,,,,,,:,,,:
Thank YOU ,,,,,,,,,,,,:,,,:
@CoinMarketCap,,,,,,,,,,,,:,,,:
 ,,,,,,,,,,,,:,,,:
TRUMP ECONOMY TO THE MOON",36687,660,45,118,14,,,,,,,:,,,:
2024:11:20T19:42:58.000Z,EWErickson,True,False,Let us not forget that for multiple years the media chose to lecture us on the merits of Bidenomics while claiming that Trump was lying about inflation. Now : with their stock price down 21% : Target is projecting a weak holiday season because their customers are “feeling the,12385,73,8,19,6,,,:,,,:
2024:11:20T10:48:18.000Z,RoaringKitty,True,False,"If $Bakkt is below $10 million market cap, $20 million market cap, or $30 million market cap, it changes nothing. If Trump buys the Bakkt exchange, it will instantly pump to hundreds of millions, no matter what.",77915,918,:,190,45,:
2024:11:14T01:14:12.000Z,jcokechukwu,True,False,"By the way, here’s Tulsi, Trump’s pick for DNI (Director of National Intelligence), exposing the Ukrainian bio labs and wandering why American money would go to shady, dirty ventures like bio labs in Ukraine and China and elsewhere, from where COVID and other designer diseases",15405,546,:,376,69,:
2017:11:01T22:27:54.000Z,mikandynothem,True,False,"Trump's ECONOMY is a train that is rolling full steam ahead with no brakes to stop it! ,,,,,,,,:,,,:
*3% GDP growth.,,,,,,,,,,,,:,,,:
*Stock Market breaking record highs weekly.,,,,,,,,,,,,:,,,:
*Unemployment at record lows.,,,,,,,,,,,,:,,,:
...and much more!,,,,,,,,,,,,:,,,:
Jump on board or get the hell out of the way! ,,,,,,,,,,,,:,,,:
#WednesdayWisdom #MAGA #tcot #FoxNews",0,478,42,297,0,,,,,,,:,,,:
