timestamp username icon:verified fact:checked text views likes replies reposts bookmarks   :   :            :   :
2024:11:17T19:28:02.000Z,TrumpjrJohn,True,False,"I'm printing money with #Memecoins. ,,,,,,,,:,,,:
,,,,,,,,,,,,:,,,:
If you see this, like, retweet, and follow.,,,,,,,,,:,,,:
,,,,,,,,,,,,:,,,:
I might just change your life.",110081,634,238,351,22,,,,,,,:,,,:
2024:11:21T23:00:55.000Z,GovofCO,True,False,"We are focused on saving people money and building on our amazing quality of life in the free state of Colorado.,,,,,,,,:,,,:
,,,,,,,,,,,,:,,,:
https://ow.ly/IlJh50UbWYm",27281,60,209,36,9,,,,,,,:,,,:
2024:11:21T19:11:28.000Z,TaxFoundation,True,False,"Studies have shown that tariffs result in lower income, reduced employment, and lower economic output.,,,,,,:,,,:
,,,,,,,,,,,,:,,,:
According to our analysis, tariffs imposed by the Trump administration in 2018 and 2019 were equivalent to one of the largest tax increases in decades: https://taxfoundation.org/research/all/federal/tariffs/…",1973,17,3,9,2,,,,,,:,,,:
2024:11:21T21:30:00.000Z,steve_hanke,True,False,"Yours truly on President:elect Trump's proposed tariffs:,,,,,,,,:,,,:
,,,,,,,,,,,,:,,,:
""If you put tariffs on imports, it's like putting a sales tax on those imports. And if you put a sales tax on something, what happens? People don't demand as much of it."",,,,,,,,,,:,,,:
,,,,,,,,,,,,:,,,:
My latest interview with ,,,,,,,,,,,,:,,,:
@NYSE,,,,,,,,,,,,:,,,:
 TV Live:",9340,38,11,8,7,,,,,,,:,,,:
2024:11:21T21:26:48.000Z,classicsgroyp,True,False,"Mass deportations mean appropriate the money, build the infrastructure, bring aboard the personnel, go door to door, detain these people, send them home, make sure their countries take them back. Trump doesn't have the will to do this. His donors and the GOP are against it",9423,:,12,65,:
2024:11:19T22:01:35.000Z,howardlutnick,True,False,"Thank you, President Trump for your trust in me to help Make America Great Again. As the next Secretary of Commerce, I will join the best administration the US has ever seen and unleash our full economic potential.",2093642,26407,943,3559,566,:,,,:
2024:11:14T16:08:10.000Z,StockMKTNewz,True,False,Wedbush analyst Dan Ives said today he sees Tesla $TSLA hitting the $2 trillion mark under the  Trump administration,50946,619,38,59,28,,,:,,,:
2024:11:17T15:46:30.000Z,CNNSOTU,True,False,"""We're going to try to make that happen."",,,,,,,,:,,,:
,,,,,,,,,,,,:,,,:
.,,,,,,,,,,,,:,,,:
@SpeakerJohnson,,,,,,,,,,,,:,,,:
 tells ,,,,,,,,,,,,:,,,:
@jaketapper,,,,,,,,,,,,:,,,:
 that President:elect Trump’s vow to eliminate tax on tips is “an important promise.""",62045,81,62,33,8,,,,,,,:,,,:
2024:11:21T16:27:56.000Z,4TaxFairness,False,False,"BREAKING: Billionaires have raked in $276 BILLION since Trump's reelection.,,,,,,,,:,,,:
,,,,,,,,,,,,:,,,:
America's billionaires now hold a record $6.7 TRILLION.,,,,,,,,,,,,:,,,:
,,,,,,,,,,,,:,,,:
Republicans want to give them a tax handout worth at least $2.7 TRILLION.,,,,,,,,,,,,:,,,:
,,,,,,,,,,,,:,,,:
This is how you build an economy that only works for the rich.",20303,825,30,756,95,,,,,,,:,,,:
2024:11:17T17:54:03.000Z,highbrow_nobrow,True,False,"Donald Trump: A tariff is a tax on a foreign country. A lot of people like to say it’s a tax on us. No… It’s is a tax that doesn’t affect our country. ,,,,,,,,:,,,:
@Acyn,,,,,,,,,,,,:,,,:
Fact:check: Wrong. (September)",413324,9092,1111,1981,296,,,,,,,:,,,:
2024:11:21T17:03:21.000Z,Paula_White,True,False,"From day 1 of his first administration ,,,,,,,,:,,,:
@realdonaldtrump,,,,,,,,,,,,:,,,:
 fought for, defended, honored and stood relentlessly for people of faith! His administration this time will only be stronger and more impactful in every area! Thank you President Trump for the price you have paid to make",7344,465,28,82,11,,,,,:,,,:
2024:11:21T16:58:16.000Z,EndTribalism,True,False,"Cenk Uygur: “RFK's anti corruption plan was also excellent. Where the states call a convention to propose an amendment, an amendment to get big money out of politics.”,,,,,,,:,,,:
,,,,,,,,,,,,:,,,:
“If Trump does that, he'll be a demigod. He will walk out of office as the most popular politician we have ever",57624,1852,47,283,237,,,,,,:,,,:
2024:11:15T12:34:37.000Z,LanceRoberts,True,False,"#President #Trump is walking into an #economy and #market that has a vastly different setup than when elected in 2016. ,,,,,,,,:,,,:
@thedailyshot",32380,319,21,86,126,,,,,,,:,,,:
2024:11:15T13:51:53.000Z,Project_Veritas,True,False,"BREAKING: ,,,,,,,,:,,,:
@UN,,,,,,,,,,,,:,,,:
 Manager Claims WAR is the Only Way to Make Serious Cash, Says “Lazy” Staff Were Rooting for Nikki Haley for U.S. President over Trump,,,,,,,,,,,:,,,:
,,,,,,,,,,,,:,,,:
“The only way you make money in the UN is if you go to war… you get paid more.”,,,,,,,,,,,,:,,,:
,,,,,,,,,,,,:,,,:
“90% [of United Nations employees] are",406652,2909,161,1614,493,,,,,,,:,,,:
2024:11:22T05:12:49.000Z,EconomicTimes,True,False,"'Not a place for…': #NikkiHaley 'upset' with #Trump over RFK Jr & #TulsiGabbard's pick in new cabinet,,,,,,,,:,,,:
,,,,,,,,,,,,:,,,:
 Catch the day's latest news and updates ➠ https://ecoti.in/whRHPY",0,2486,3,1,0,,,,,,,:,,,:
2024:11:19T01:03:24.000Z,DowdEdward,True,False,Trump’s first term did help the middle class as indicated below. The Biden administration reversed the gains and took the ultra rich to new heights. Trump has been left with a turd of a real economy and let’s hope he can manage to rebuild the middle class with his policies.,39318,1281,45,447,181,,,:,,,:
2024:11:19T21:36:34.000Z,SpeakerJohnson,True,False,".,,,,,,,,:,,,:
@HouseGOP,,,,,,,,,,,,:,,,:
 is committed to working with President Trump and ,,,,,,,,,,,,:,,,:
@SenateGOP,,,,,,,,,,,,:,,,:
 to boost the economy, combat inflation, restore the border, reestablish America's energy dominance, provide educational freedom, and dismantle the Deep State.,,,,,,,:,,,:
,,,,,,,,,,,,:,,,:
We’ll get it done for the American people.",119527,4281,866,666,59,,,,,,,:,,,:
2024:11:13T22:58:49.000Z,LemonLymancom,True,False,Donald Trump announces Joshua Lyman will lead the Department of Secret Plan to Fight Inflation.,129147,4017,52,364,95,,,:,,,:
2024:11:22T02:44:29.000Z,NataliePropy,True,False,"Today at Crossroads Summit at UM, ,,,,,,,:,,,:
@LukeGromen,,,,,,,,,,,,:,,,:
, a macroeconomic analyst (FFTT), has emphasized the significant relationship between stock market performance, U.S. GDP and tax revenues. Also he agrees with Trump naming Bitcoin the ""new oil"" (not the gold replacement) because BTC",970,14,2,1,1,,,,:,,,:
2024:11:20T19:08:01.000Z,PATRICKHENRY97,True,False,"Do you support Trump withholding Federal money from sanctuary cities? Also, arresting anyone who passes these laws?",5070,318,37,118,4,,:,,,:
