timestamp username icon:verified fact:checked text views likes replies reposts bookmarks   :   :            :   :
2024:11:10T18:59:56.000Z,Jeremyybtc,True,False,"doge will be the biggest runner of this bull run,,,,,,,,:,,,:
,,,,,,,,,,,,:,,,:
elon musk publicly comes out as the co founder of dogecoin,,,,,,,,,,,,:,,,:
,,,,,,,,,,,,:,,,:
trump and elon both mentioned integrating dogecoin as a big part of america's economy,,,,,,,,,,,,:,,,:
,,,,,,,,,,,,:,,,:
1 $doge = $1",103122,716,92,121,27,,,,,,,:,,,:
2024:11:10T20:01:28.000Z,JohnBasham,True,False,"FACT: EVERY CELEBRITY (Including Oprah) OR LEFT:WING PODCASTER Who Took Money From The ,,,,,,,,:,,,:
@KamalaHarris,,,,,,,,,,,,:,,,:
 Campaign AND DID NOT DISCLOSE THEY WERE A PAID POLITICAL ADVERTISEMENT, BROKE FEDERAL LAW!,,,,,,,,,,,:,,,:
Get A Lawyer Now!,,,,,,,,,,,,:,,,:
The Law Applies To Both Parties & A Trump DOJ MUST Investigate.",3106588,100883,956,31255,5499,,,,,,,:,,,:
2024:11:12T20:16:25.000Z,USATODAY,True,False,"President:elect Donald Trump does not have the power to unilaterally get rid of the Department of Education, though he has been vocal about his desire to close it down in favor of giving that money ""back to the states.""",15156,36,43,14,6,,:,,,:
2024:11:08T17:12:54.000Z,paularambles,True,False,the republicanism leaving tech bros’ bodies as soon as trump announces a 60% tariff on uniqlo,1526750,97793,55,4432,2413,,,:,,,:
2024:11:11T20:53:13.000Z,treasonstickers,False,False,"Trump is dismantling the department of education for 4 reasons:,,,,,,,,:,,,:
,,,,,,,,,,,,:,,,:
1. Uneducated people vote for republicans,,,,,,,,,,,,:,,,:
,,,,,,,,,,,,:,,,:
2. To allow red states to white wash history,,,,,,,,,,,,:,,,:
,,,,,,,,,,,,:,,,:
3. To funnel tax dollars into private for:profit Christian schools that promote the patriarchy,,,,,,,,,,,,:,,,:
,,,,,,,,,,,,:,,,:
4. Project 2025 said to do it",974238,41445,3854,9140,1823,,,,,,,:,,,:
2024:11:12T18:14:40.000Z,RolandForTexas,True,False,"Donald Trump’s border czar is ready to start mass deportations from day one, throwing our economy into chaos and ripping families apart.",2647,100,14,49,2,,:,,,:
2024:11:06T21:23:58.000Z,taradublinrocks,True,False,"Bookmark this tweet,,,,,,,,:,,,:
,,,,,,,,,,,,:,,,:
When Trump left office, inflation was 6.7%,,,,,,,,,,,:,,,:
Today, it's 2.4%,,,,,,,,,,,:,,,:
,,,,,,,,,,,,:,,,:
Come back in one year and see where it is.,,,,,,,,,,,,:,,,:
,,,,,,,,,,,,:,,,:
YOU FUCKERS.,,,,,,,,,,,,:,,,:
,,,,,,,,,,,,:,,,:
#TrumpWillEndAmerica",24567,1215,35,372,334,,,,,,,:,,,:
2024:11:08T02:06:08.000Z,TONYxTWO,True,False,"“So Trump gets elected President, Hamas calls to end the war, bitcoin shoots to the highest it’s ever been, the stock market shoots to the sky in record numbers, and Putin says he’s ready for negotiations to end the war in Ukraine.,,,,:,,,:
,,,,,,,,,,,,:,,,:
He hasn’t even stepped in office yet.”",4902848,170480,2074,35904,17207,,,,,,,:,,,:
2024:11:07T23:22:11.000Z,kbyrd2_,False,False,Trump got all the credit for Obama’s economy. Just for America to turn around & blame Biden for Trump’s economy.,8241662,240092,3719,28458,7389,,,:,,,:
2024:11:10T14:55:29.000Z,TrumpWarRoom,True,False,"President Trump on his plan for mass deportations of criminal illegal aliens: ""When people have killed and murdered ... they're not staying here. There is no price tag.""",138821,3790,224,828,96,,,:,,,:
2024:11:06T12:39:19.000Z,bikhim,True,False,"I join President Lai in offering my congratulations to President Trump, VP:elect Vance, and the American people.  Looking forward building a strong Taiwan:US partnership, for freedom, peace, and economic prosperity.",110585,2910,:,464,41,:
2024:11:08T14:15:40.000Z,natbrunell,True,False,"This interview surpassed 300k views on YouTube in less than 24 hours. Many of you are requesting it in full here on X so here it is.,,,,,,,,:,,,:
,,,,,,,,,,,,:,,,:
Col. ,,,,,,,,,,,,:,,,:
@DougAMacgregor,,,,,,,,,,,,:,,,:
 weighs in on Trump vs. the deep state bureaucracy, the debt:loaded economy, Bitcoin, gold & threat of global war.,,,,,,,,,:,,,:
,,,,,,,,,,,,:,,,:
Timecodes:",137776,1378,68,367,548,,,,,,,:,,,:
2024:11:08T13:21:02.000Z,YourAnonCentral,True,False,"""the very best thing Trump could do is nothing at all. Go play golf and take credit for the economic trends that we already have. Just take credit for the economy he inherited and do nothing else and that is the best possible outcome we could hope for.""",149429,1121,18,176,67,,,:,,,:
2024:11:12T21:00:23.000Z,RBReich,False,False,"Trump wants to extend his tax cuts for rich individuals, which would add $4.6T to the deficit.,,,,,,,:,,,:
,,,,,,,,,,,,:,,,:
But he wants to go even further, cutting the corporate tax rate to 15%.,,,,,,,,,,,:,,,:
,,,,,,,,,,,,:,,,:
It's yet another absolutely shameless giveaway.",35442,963,106,558,93,,,,,,,:,,,:
2024:11:12T19:56:56.000Z,Heritage,True,False,"“If you can reduce the price of a ubiquitous input in the economy, like energy, which is a key thing that President Trump wants to do over the next four years, you can then bring down prices throughout the economy” : ,,,,,:,,,:
@RealEJAntoni",0,37,6,10,5831,,,,,,,:,,,:
2024:11:07T23:06:28.000Z,RealAmVoice,True,False,"BIDEN SIGNS EXECUTIVE ORDER RESTRICTING EVEN MORE ALASKA RESERVES,,,,,,,,:,,,:
@JSolomonReports,,,,,,,,,,,,:,,,:
 says Biden is just adding to inflation with this move and is just another last minute move to hurt Trump.,,,,,,,,,,,,:,,,:
@AmandaHead",34115,675,46,590,62,,,,,,,:,,,:
2024:11:12T16:25:13.000Z,joncoopertweets,True,False,The IRS whistleblower who leaked Trump’s tax records is about to be sent to prison for five years. Who thinks President Biden should pardon him before he leaves office?,382699,22736,1331,3302,182,,,:,,,:
2024:11:06T04:29:42.000Z,charliekirk11,True,False,"Nicolle Wallace's brain simply cannot comprehend how young men think that the economy would be better under Donald Trump:,,,,,,,,:,,,:
,,,,,,,,,,,,:,,,:
""It never was."",,,,,,,,,,,,:,,,:
,,,,,,,,,,,,:,,,:
These people are liars to the bitter end.",2184620,35120,1435,3853,1207,,,,,,,:,,,:
2024:11:05T21:32:40.000Z,KamalaHQ,True,False,"Wisconsin voter: I agree with Kamala Harris. Her housing plan and her tax plan are going to help the middle class, and Donald Trump's is not",641471,11898,455,1923,125,,:,,,:
2024:11:08T14:34:09.000Z,WatchChad,True,False,"Lawsuits disappearing,,,,,,,,:,,,:
Stock market soaring ,,,,,,,,,,,,:,,,:
Interest rates down ,,,,,,,,,,,,:,,,:
In talks w/ Putin to end war in Ukraine. ,,,,,,,,,,,,:,,,:
Cease fire in Iran ,,,,,,,,,,,,:,,,:
Hamas calls for “immediate end to war”,,,,,,,,,,,,:,,,:
China is optimistic and talking peaceful co:existence ,,,,,,,,,,,,:,,,:
,,,,,,,,,,,,:,,,:
Trump is a crappy Hitler.",121568,10123,209,2555,224,,,,,,,:,,,:
2024:11:12T18:31:43.000Z,daviddinenberg,True,False,Whoever had Republicans leading the way to Federally legalize #Cannabis on their bingo card just might win….. I think Trump will look at it as job & tax creation. Thoughts? #LegalizeIt #Cannabis #CannabisCommunity #Mmemberville,1994,72,15,15,2,,,:,,,:
2024:11:08T22:43:12.000Z,TheThe1776,True,False,"This lady said she sees alot of Black women making videos talking down to Black men for voting Trump and she wants to thank all the Black men who voted for Trump because they voted for:,,,,,,,,:,,,:
◦Secure our borders, so women and children can be safe.,,,,,,,,,,,:,,,:
◦Strong economy, so women and",33356,1608,68,448,53,,,,,,:,,,:
2024:11:09T07:35:17.000Z,DefiyantlyFree,True,False,"Chamath Palihapitiya says that the only politician that ever called him just to say thank you and be kind was Donald Trump. That every time Democrats ever called him in the past, it has been ask for money.",22784,1425,15,396,60,,:,,,:
