timestamp username icon:verified fact:checked text views likes replies reposts bookmarks   :   :            :   :
2024:11:19T13:27:08.000Z,TrumpjrJohn,True,False,"As promised,,,,,,,,:,,,:
I want to change someone's life and send 100 $Sol (~$23,500) to one person by tomorrow. ,,,,,,,,,,,:,,,:
,,,,,,,,,,,,:,,,:
Just like, retweet and comment 'done'.,,,,,,,,,,,:,,,:
,,,,,,,,,,,,:,,,:
I DIDNT MISS $PNUT ,,,,,,,,,,,,:,,,:
I DIDNT MISS $BITCAT,,,,,,,,,,,,:,,,:
I DIDNT MISS $BARSIK",23741,351,305,245,9,,,,,,,:,,,:
2024:11:12T17:21:17.000Z,kurtbardella,True,False,"First off, I’m not sure how the economy gets to where we want it to go if the first move is to deport everyone who does the hard labor (for menial wages). The Trump economy means the rich get richer and everyone else gets left behind.",39400,1005,72,357,30,,:,,,:
2024:11:17T23:39:14.000Z,sjredmond,True,False,"Ask not why they didn't vote for Harris Bill Shatner, ask why they believed one word Trump was saying. Not one of his economic ""promises"" will be kept, except the ones that screw the bottom half of America.",96217,1399,68,264,113,:,,,:
2024:11:19T13:12:00.000Z,FeistyLibLady,True,False,"Just a reminder to every single damn American who voted for Donald Trump and MAGA Republicans.,,,,,,,,:,,,:
,,,,,,,,,,,,:,,,:
America has the strongest economy in 25 years!,,,,,,,,,,,,:,,,:
,,,,,,,,,,,,:,,,:
It is the #1 economy in the entire world as a result of a Democrat administration you voted against.,,,,,,,,,,,,:,,,:
,,,,,,,,,,,,:,,,:
A big THANKS to the Biden:Harris",2479,360,14,230,9,,,,,,,:,,,:
2024:11:14T16:41:03.000Z,SimplyBitcoinTV,True,False,BULLISH: President Trump is considering 0% capital gains tax on #Bitcoin and crypto. ,177359,5916,149,865,107,,,:,,,:
2024:11:18T01:02:49.000Z,MaryLTrump,True,False,"Like many of you, I’ve spent the last few days taking stock. Very much unlike 2016, I feel neither despair nor paralysis. Instead, I shift between a clear:eyed detachment and a grim determination.  ,,,,,:,,,:
,,,,,,,,,,,,:,,,:
My latest:",53038,2436,191,433,77,,,,,,,:,,,:
2024:11:18T01:00:46.000Z,BehizyTweets,True,False,"BREAKING: Anthony Constantino, the New York hero who triggered his woke mayor by putting a giant ""Vote for Trump"" sign on his building, just announced that he will be spending $3 MILLION of his own money to run for Elise Stefanik's seat,,,,,,:,,,:
,,,,,,,,,,,,:,,,:
The special election is imminent. When",1503041,45219,324,11565,1184,,,,,,,:,,,:
2024:11:17T15:52:01.000Z,RpsAgainstTrump,True,False,"This is what a Banana Republic looks like: an oligarch with an enormous economic stake controls the president and dictates policy. ,,,,,,,,:,,,:
,,,,,,,,,,,,:,,,:
Well done, everyone.",901264,16306,861,4175,772,,,,,,:,,,:
2024:11:14T13:00:00.000Z,brutamerica,True,False,"Trump’s proposals for the economy are sparking debates. But economists warn his tariffs could lead to higher prices for consumers, and his tax cuts might mainly benefit the wealthy. ,,,,,,,:,,,:
#ElectionEconomics #Trump2024 #EconomicPolicy",0,3,1,1,196,,,,,,,:,,,:
2024:11:11T21:01:02.000Z,CNBCClosingBell,True,False,"#Tesla popping again today, with the stock seeing a more than 40% gain since the election. ,,,,,,,:,,,:
@DivesTech,,,,,,,,,,,,:,,,:
, who is raising his price target to $400 from $300, calls president:elect Trump's victory a ""game changer"" for Tesla:",401806,303,24,86,33,,,,,:,,,:
2024:11:13T16:26:54.000Z,JavonAPrice,True,False,"Notice how President Trump sits beneath a portrait of Abraham Lincoln—the first Republican president, who also faced a hostile media & unfortunately lost his life from an assassin. Yet, both transformed our nation for the better in just four years.,,,,,,:,,,:
,,,,,,,,,,,,:,,,:
Godspeed, President Trump! ",8557,649,26,117,10,,,,,,:,,,:
2024:11:19T14:42:02.000Z,DemocraticWins,True,False,BREAKING: Walmart is openly voicing concerns about the potential damage of Donald Trump’s tariff plans. Trump’s tariffs will damage supply chains and dramatically increase inflation.,225292,6733,914,1922,183,,,:,,,:
2024:11:16T20:34:47.000Z,TomHoman_,True,False,"President Trump is right. There is no price tag on mass deportation. ,,,,,,,,:,,,:
,,,,,,,,,,,,:,,,:
Democrats waste trillions yet fight us on $15 billion to build a wall and deem it too wasteful?,,,,,,,,,,,,:,,,:
,,,,,,,,,,,,:,,,:
Mass deportation is happening!,,,,,,,,,,,,:,,,:
,,,,,,,,,,,,:,,,:
Finishing the wall is happening!",35224,2563,124,648,25,,,,,,,:,,,:
2024:11:17T23:36:29.000Z,AaronParnas,True,False,"President Biden is right: he is leaving Donald Trump with a booming economy and a country that has made it out of a pandemic. Thank you, President Biden.",1471708,29480,8091,5434,469,,:,,,:
2024:11:14T02:09:16.000Z,JasonMiller,True,False,"President Trump: ,,,,,,,,:,,,:
,,,,,,,,,,,,:,,,:
I want to Make America Great Again by fixing our economy for everyone, securing our border, making our streets safe, and bringing peace back to the world…and I’m going to hire good people to get it done!,,,,,,,,,:,,,:
,,,,,,,,,,,,:,,,:
The few remaining holdouts on the extreme left:",19870,669,33,137,4,,,,,,,:,,,:
2024:11:15T16:28:25.000Z,DisavowTrump20,True,False,"After record growth under the Biden Economy, stock market is plummeting with the chaos of a Trump Administration looming.",60503,1982,93,898,96,,:,,,:
2024:11:12T14:09:19.000Z,4TaxFairness,False,False,"The cost of eggs is higher because Kroger, Costco, Albertsons, Target, and Walmart raised prices.,,,,:,,,:
,,,,,,,,,,,,:,,,:
These five corporations have reported over $29 billion in profits.,,,,,,,,,,,,:,,,:
,,,,,,,,,,,,:,,,:
Trump wants to give them a $1.7 billion yearly tax break.,,,,,,,,,,,,:,,,:
,,,,,,,,,,,,:,,,:
Yes, really.",351420,17576,773,6882,697,,,,,,:,,,:
2024:11:18T13:50:44.000Z,BenSwann_,True,False,"TRUMP: “I refuse to accept another round of endless war in Ukraine.,,,,,,,,:,,,:
,,,,,,,,,,,,:,,,:
I want peace, they want money and conflict! Even if it means pushing us to the brink of World War III, which, frankly, is already happening and very quickly.”",18437,696,19,138,12,,,:,,,:
2024:11:19T05:14:05.000Z,mellometrics,True,False,"Daily Memecoin Recap : November 18,,,,,,,,:,,,:
,,,,,,,,,,,,:,,,:
Coins were weird today : there was still hella money to be made,,,,,,,,,,,,:,,,:
,,,,,,,,,,,,:,,,:
Trump To Buy A Crypto Trading Venue,,,,,,,,,,,,:,,,:
$bakkt :> hit $42m,,,,,,,,,,,,:,,,:
$bkkt :> hit $28m, Bakkt Holdings Inc,,,,,,,,,,,:,,,:
$jammy :> hit $466k, bkkt founder's dog,,,,,,,,,,,:,,,:
: ,,,,,,,,,,,,:,,,:
@realDonaldTrump,,,,,,,,,,,,:,,,:
's social media company is",28728,294,34,48,74,,,,,,,:,,,:
2024:11:11T17:29:14.000Z,cturnbull1968,True,False,"The reason Trump wants to eliminate the Department of Education, has nothing to do with improving education. Their $280B budget will help offset his corporate tax cuts. ,,,,,,,:,,,:
,,,,,,,,,,,,:,,,:
States will make up the difference via higher property and sales taxes, as well as education budget cuts.",79087,1229,150,634,168,,,,,,:,,,:
2024:11:15T23:49:07.000Z,mommyrn88,True,False,".,,,,,,,,:,,,:
@SpeakerPelosi,,,,,,,,,,,,:,,,:
 is running for re election in 2 years. She knows that stock market gonna be dancin under Trump  ,,,,,,,,,,,,:,,,:
Reposting this gem from a few years ago. I donno if you can tell. But I don’t like her either ",126709,4930,159,1068,261,,,,,,,:,,,:
2024:11:14T02:10:15.000Z,oroogle,True,False,"BREAKING: President Trump wants to eliminate all capital gains taxes on Cryptocurrencies issued by U.S. companies,,,,,,,,:,,,:
,,,,,,,,,,,,:,,,:
This would ultimately make all profits Americans make on holding crypto assets such as $ADA $ALGO $XRP and $HBAR fully tax free, as their creators are U.S.",4475766,28340,1103,6823,3773,,,,,,:,,,:
2024:11:11T14:13:48.000Z,MrShermichael,True,False,"Roz, a lifelong Democrat, raised on her mom’s belief that ""you gotta vote Democrat, they're for the poor people” – just cast her vote for Trump. Here’s why she made the switch:,,,,,:,,,:
,,,,,,,,,,,,:,,,:
When the host points out that inflation is down and wages are up, Roz doesn’t hesitate. ""No, I don't",33427,607,84,85,55,,,,,:,,,:
