timestamp username icon:verified fact:checked text views likes replies reposts bookmarks   :   :            :   :
2024:11:02T08:10:54.000Z,mollie_don,True,False,"Trump's economic policies, including tariffs, tax cuts, and immigration control, aim to address inflation and stimulate economic growth. Supporters believe his straightforward approach could eliminate bureaucratic hurdles and stimulate immediate economic activity.,,,,:,,,:
,,,,,,,,,,,,:,,,:
If we want to",8882,270,14,208,3,,,,,,,:,,,:
2024:11:12T15:22:05.000Z,DixiDarlen,True,False,"It seems these entertainers that took money from the Kamala campaign to twerk, sing, dole out endorsements, whatever, were actually paid advertisements—if they didn’t disclose that— they broke federal law.",12840,643,19,:,13,,:
2024:11:11T18:15:12.000Z,KristiNoem,True,False,"The American people know how to spend their own money. By eliminating government waste and focusing federal spending on the core functions of government, President Trump will deal with the debt and unleash economic growth. That’s what we did in South Dakota!",172745,3315,238,546,65,,:,,,:
2024:11:20T02:07:15.000Z,TiffanyFong_,True,False,There’s a Cybertruck in Donald Trump’s motorcade. No amount of money could produce a car ad cooler than this. ,45241,1844,156,155,58,,,:,,,:
2024:11:20T06:22:46.000Z,NowPammsy,True,False,Always follow the money!  Kelly  had his reasons for his hate for Trump saying that he loved Hitler! Turns out Kelly is a greedy & disgusting one. Profiting off of the illegals coming here. Watch. See what you think.,62223,2359,97,1683,611,,,:,,,:
2024:11:19T22:09:57.000Z,SteveScalise,True,False," House Republicans are already working with President Trump on a plan to hit the ground running:,,,,,,,,:,,,:
,,,,,,,,,,,,:,,,:
: Lock in the Trump Tax Cuts to prevent the largest tax hike in American history,,,,,,,,,,,,:,,,:
: Unleash American energy to drive down inflation and costs for families,,,,,,,,,,,,:,,,:
: Surge resources to fund",12170,444,51,97,5,,,,,,,:,,,:
2024:11:19T02:18:04.000Z,xMarketNews,True,False,"JUST IN DONALD TRUMP STATES SHORT SELLERS CAN GET HURT VERY BADLY DURING HIS SPEECH,,,,,,,,:,,,:
,,,,,,,,,,,,:,,,:
Can Donald Trump End Illegal Short Selling & Short Selling Manipulators",59727,1865,40,456,107,,,,,,,:,,,:
2024:11:15T22:32:05.000Z,TrumpBaroon,True,False,"Most of time Dad keeps telling me that he will do the best for USA in matters developments, economy growth and it’s Sustainability.,,,,,,,:,,,:
,,,,,,,,,,,,:,,,:
Pray for Him, because he loves United States of America so much",101018,8364,541,993,38,,,,,,:,,,:
2024:11:12T15:37:09.000Z,Bubblebathgirl,True,False,"Even if the hush money case against Trump gets dismissed, that doesn’t mean the lawfare against him is forgotten.,,,,,,,:,,,:
,,,,,,,,,,,,:,,,:
Our government, DAs, and judges abused our judicial system in order to interfere in the 2024 presidential election.,,,,,,,,,,:,,,:
,,,,,,,,,,,,:,,,:
They need to face legal consequences.",16599,1848,52,716,13,,,,,,,:,,,:
2024:11:20T13:40:02.000Z,LloydChapman,True,False,"99% of all businesses in America are small businesses. It’s impossible to MAGA without programs to support and grow American small businesses. So far, President Trump doesn’t any such programs. He should adopt RFK Jr.’s brilliant economic stimulus plan for all small businesses.",0,20,8,13,553,,:,,,:
2024:11:17T21:01:38.000Z,SpeakerJohnson,True,False,"With President Trump back in the White House and Republicans in control of Congress, we'll grow the economy and lower costs.,,,,,,,:,,,:
 ,,,,,,,,,,,,:,,,:
How?,,,,,,,,,,,,:,,,:
 ,,,,,,,,,,,,:,,,:
By preventing the largest tax hike in US history, cutting reckless spending, and incentivizing companies to invest in America and create new jobs.",549167,11156,1600,1548,144,,,,,:,,,:
2024:11:12T22:52:58.000Z,AP,True,False,A judge postponed a decision on whether to undo President:elect Donald Trump’s conviction in his hush money case as prosecutors consider how to proceed in light of last week's election.,106007,79,43,41,4,,,:,,,:
2024:11:11T14:20:40.000Z,MAGA__Patriot,True,False,We must NEVER FORGET the high price paid for the freedom we enjoy. Thank you Veterans! ,14345,798,35,417,14,,,:,,,:
2024:11:19T18:28:22.000Z,ABC,True,False,"NEW: Prosecutors with the Manhattan DA’s office said they would oppose President:elect Trump’s attempt to dismiss his criminal conviction in New York but told the judge they do not object to pausing the case.,,,,,,,,:,,,:
,,,,,,,,,,,,:,,,:
https://abcnews.go.com/US/manhattan:da:propose:steps:trumps:criminal:hush:money/story?id=115985430…",37275,65,25,23,4,,,,,,,:,,,:
2024:11:16T20:34:47.000Z,TomHoman_,True,False,"President Trump is right. There is no price tag on mass deportation. ,,,,,,,,:,,,:
,,,,,,,,,,,,:,,,:
Democrats waste trillions yet fight us on $15 billion to build a wall and deem it too wasteful?,,,,,,,,,,,,:,,,:
,,,,,,,,,,,,:,,,:
Mass deportation is happening!,,,,,,,,,,,,:,,,:
,,,,,,,,,,,,:,,,:
Finishing the wall is happening!",36178,2569,126,651,27,,,,,,,:,,,:
2024:11:20T12:50:20.000Z,DeanObeidallah,True,False,Trump and The GOP have ZERO plan to reduce inflation.  Period.,3169,336,41,119,2,,,:,,,:
2024:11:11T14:11:03.000Z,DC_Draino,True,False,"The Visa/MC credit card monopoly has put Americans into excessive debt with usurious interest rates at 25%+,,,,,,,,:,,,:
,,,,,,,,,,,,:,,,:
President Trump wants a 10% cap on all credit card interest rates,,,,,,,,,,,,:,,,:
,,,,,,,,,,,,:,,,:
JD Vance co:sponsored the Credit Card Competition act which fights the 2:4% hidden tax you pay every",5526392,88962,2028,21069,5483,,,,,,,:,,,:
2024:11:12T21:31:15.000Z,TrueJMitchell,True,False,"This lady says:Says the boom you felt during Donald Trump's first term was because of Obama, not Trump.,,,,,,,:,,,:
,,,,,,,,,,,,:,,,:
She goes on to say that the last 4 years of inflation and high prices are because of Donald Trump, not Biden.,,,,,,,,,,,:,,,:
,,,,,,,,,,,,:,,,:
Jeff brings the facts.",18610,454,67,256,45,,,,,,,:,,,:
2024:11:20T12:02:04.000Z,victorm95673613,False,False,"When Trump is president, the winners of the  #UkraineRussiaWar will be the American Tax Payer because we don’t give a FUCK about this war.",0,628,1,6,0,,:,,,:
2024:11:13T18:07:30.000Z,ReturnOfKappy,True,False,This will be pretty epic if Trump takes the money from the illegals and gives it to the Vets…,13794,548,11,96,28,,,:,,,:
