timestamp username icon:verified fact:checked text views likes replies reposts bookmarks   :   :            :   :
2024:11:10T18:59:56.000Z,Jeremyybtc,True,False,"doge will be the biggest runner of this bull run,,,,,,,,:,,,:
,,,,,,,,,,,,:,,,:
elon musk publicly comes out as the co founder of dogecoin,,,,,,,,,,,,:,,,:
,,,,,,,,,,,,:,,,:
trump and elon both mentioned integrating dogecoin as a big part of america's economy,,,,,,,,,,,,:,,,:
,,,,,,,,,,,,:,,,:
1 $doge = $1",151256,862,96,156,41,,,,,,,:,,,:
2024:11:14T16:08:10.000Z,StockMKTNewz,True,False,Wedbush analyst Dan Ives said today he sees Tesla $TSLA hitting the $2 trillion mark under the  Trump administration,41907,534,32,49,23,,,:,,,:
2024:11:12T15:37:09.000Z,Bubblebathgirl,True,False,"Even if the hush money case against Trump gets dismissed, that doesn’t mean the lawfare against him is forgotten.,,,,,,,:,,,:
,,,,,,,,,,,,:,,,:
Our government, DAs, and judges abused our judicial system in order to interfere in the 2024 presidential election.,,,,,,,,,,:,,,:
,,,,,,,,,,,,:,,,:
They need to face legal consequences.",16357,1850,53,717,14,,,,,,,:,,,:
2024:11:07T23:06:28.000Z,RealAmVoice,True,False,"BIDEN SIGNS EXECUTIVE ORDER RESTRICTING EVEN MORE ALASKA RESERVES,,,,,,,,:,,,:
@JSolomonReports,,,,,,,,,,,,:,,,:
 says Biden is just adding to inflation with this move and is just another last minute move to hurt Trump.,,,,,,,,,,,,:,,,:
@AmandaHead",34272,676,46,590,62,,,,,,,:,,,:
2024:11:10T23:46:08.000Z,DarrigoMelanie,True,False,"Trump's 10 point plan for education:,,,,,,,,:,,,:
,,,,,,,,,,,,:,,,:
: eliminate the Dept. of Education,,,,,,,,,,,,:,,,:
: cut federal funding,,,,,,,,,,,,:,,,:
: promote Christian Nationalism,,,,,,,,,,,,:,,,:
: attack teacher's unions,,,,,,,,,,,,:,,,:
: give public money to for:profit private schools,,,,,,,,,,,,:,,,:
,,,,,,,,,,,,:,,,:
He warned us, and you voted for him anyway.",14465999,111725,14946,22095,14861,,,,,,:,,,:
2024:11:12T15:22:05.000Z,DixiDarlen,True,False,"It seems these entertainers that took money from the Kamala campaign to twerk, sing, dole out endorsements, whatever, were actually paid advertisements—if they didn’t disclose that— they broke federal law.",12206,640,18,:,13,,:
2024:11:11T14:20:40.000Z,MAGA__Patriot,True,False,We must NEVER FORGET the high price paid for the freedom we enjoy. Thank you Veterans! ,14201,795,34,418,14,,,:,,,:
2024:11:09T16:05:45.000Z,owenslindsay1,False,False,"There are many unknowns about exactly how a second Trump term will play out and precisely which types of chaos it will bring about. ,,,,,,,,:,,,:
,,,,,,,,,,,,:,,,:
One thing is certain: it will start with tax cuts for Musk and his billionaire boys club. My latest for ,,,,,,,,,,,,:,,,:
@RollingStone,,,,,,,,,,,,:,,,:
.",220253,1099,427,495,89,,,,,,,:,,,:
2024:11:12T20:23:20.000Z,Davidwoounbound,True,False,Market consensus about Trump 2.0: tariffs + tax cuts = higher inflation. But will Trump risk exacerbating surging interest costs on U.S. government debt? #USTreasuryDebt #EconomicPolicy,985,9,1,1,1,,,:,,,:
2024:11:12T19:42:50.000Z,Sassafrass_84,True,False,"I really hope President Trump fixes the tax system. We are broke, and it's broken. I don't want to be a debt slave to the irs anymore.",28243,1724,143,646,64,,:,,,:
2024:11:08T00:32:06.000Z,LeadingReport,True,False,"BREAKING: Trump said his administration will have “no choice” but to carry out his mass deportation plan, and that there is “no price tag.”",856255,42928,2417,4694,775,,:,,,:
2024:11:15T04:22:17.000Z,JustinStillness,True,False," Huge  ,,,,,,,,:,,,:
,,,,,,,,,,,,:,,,:
""President Trump’s plan for the United States to have the #1 lowest cost of energy and electricity will lower inflation, restore American energy independence, and even energy dominance, and allow the United States to become the manufacturing superpower of the world""",3523,107,8,35,8,,,,:,,,:
2024:11:10T23:14:58.000Z,CryptoHayes,True,False,"Some of y'all don't believe Trump is about to trash the $ and print money. $BTC disagrees. Here is #Bitcoin leading vs. my new money supply indicator US Bank Credit. The market is speaking, listen up.,,,,,,,:,,,:
,,,,,,,,,,,,:,,,:
More explanation in my essay ""Black or White"" that drops tom.",154910,2120,155,205,285,,,,,,,:,,,:
2024:11:08T18:39:43.000Z,emilyraustin,True,False,"The last 48 hours consisted of:,,,,,,,,:,,,:
: Stock market  ,,,,,,,,,,,,:,,,:
: China wanting peace,,,,,,,,,,,,:,,,:
: Hamas wanting to end the war,,,,,,,,,,,,:,,,:
: Putin ready for peace negotiations,,,,,,,,,,,,:,,,:
: Qatar kicking out Hamas ,,,,,,,,,,,,:,,,:
,,,,,,,,,,,,:,,,:
The Trump effect ~ Peace through Strength  ",62878,814,40,140,45,,,,,,,:,,,:
2024:11:11T06:07:29.000Z,SailorHaumea,False,False,"""The Democratic Party is FINISHED. Donald Trump has brought about a lasting realign:"",,,,,,,,:,,,:
,,,,,,,,,,,,:,,,:
The voters in 2028 after tariffs annihilate the economy and RFK Jr destroys American agriculture:",1055762,50119,1293,2384,2044,,,,,,,:,,,:
2024:11:14T14:23:00.000Z,4TaxFairness,False,False,"Wall Street made billionaires richer right after Trump's reelection.,,,,,,,,:,,,:
,,,,,,,,,,,,:,,,:
Costs for working families stayed the same.,,,,,,,,,,,,:,,,:
,,,,,,,,,,,,:,,,:
The stock market is not the economy, and the wealthy don’t need more tax breaks.",0,5,64,134,1518,,,,,,:,,,:
2024:11:14T01:14:12.000Z,jcokechukwu,True,False,"By the way, here’s Tulsi, Trump’s pick for DNI (Director of National Intelligence), exposing the Ukrainian bio labs and wandering why American money would go to shady, dirty ventures like bio labs in Ukraine and China and elsewhere, from where COVID and other designer diseases",13266,477,:,321,63,:
2024:11:10T02:18:00.000Z,Bubblebathgirl,True,False,"Kamala Harris supporter at Women’s March in DC says Kamala lost because of sexism and racism.,,,,,,,,:,,,:
,,,,,,,,,,,,:,,,:
Completely ignores that Kamala cancels women by saying men can be them.,,,,,,,,,,,,:,,,:
,,,,,,,,,,,,:,,,:
Also ignores the border and economic issues that people voted for Trump to address.",13486,472,93,118,11,,,,,,,:,,,:
2024:11:08T13:21:02.000Z,YourAnonCentral,True,False,"""the very best thing Trump could do is nothing at all. Go play golf and take credit for the economic trends that we already have. Just take credit for the economy he inherited and do nothing else and that is the best possible outcome we could hope for.""",149829,1101,18,176,66,,,:,,,:
2024:11:11T12:23:06.000Z,xMarketNews,True,False,"Let’s not forget Ken Griffin didn’t donate any money to Donald Trump, and called him a three:time loser,,,,,,,:,,,:
,,,,,,,,,,,,:,,,:
Donald Trump on Corrupt Donors:,,,,,,,,,,,,:,,,:
,,,,,,,,,,,,:,,,:
“I don’t want their money, I’m going to do the right thing for the American Public.. I don’t need their money”",63450,1127,28,296,92,,,,,,:,,,:
2017:11:01T22:27:54.000Z,mikandynothem,True,False,"Trump's ECONOMY is a train that is rolling full steam ahead with no brakes to stop it! ,,,,,,,,:,,,:
*3% GDP growth.,,,,,,,,,,,,:,,,:
*Stock Market breaking record highs weekly.,,,,,,,,,,,,:,,,:
*Unemployment at record lows.,,,,,,,,,,,,:,,,:
...and much more!,,,,,,,,,,,,:,,,:
Jump on board or get the hell out of the way! ,,,,,,,,,,,,:,,,:
#WednesdayWisdom #MAGA #tcot #FoxNews",0,479,42,298,0,,,,,,,:,,,:
