timestamp username icon:verified fact:checked text views likes replies reposts bookmarks   :   :            :   :
2024:11:10T18:59:56.000Z,Jeremyybtc,True,False,"doge will be the biggest runner of this bull run,,,,,,,,:,,,:
,,,,,,,,,,,,:,,,:
elon musk publicly comes out as the co founder of dogecoin,,,,,,,,,,,,:,,,:
,,,,,,,,,,,,:,,,:
trump and elon both mentioned integrating dogecoin as a big part of america's economy,,,,,,,,,,,,:,,,:
,,,,,,,,,,,,:,,,:
1 $doge = $1",152465,860,96,157,43,,,,,,,:,,,:
2024:11:10T20:01:28.000Z,JohnBasham,True,False,"FACT: EVERY CELEBRITY (Including Oprah) OR LEFT:WING PODCASTER Who Took Money From The ,,,,,,,,:,,,:
@KamalaHarris,,,,,,,,,,,,:,,,:
 Campaign AND DID NOT DISCLOSE THEY WERE A PAID POLITICAL ADVERTISEMENT, BROKE FEDERAL LAW!,,,,,,,,,,,:,,,:
Get A Lawyer Now!,,,,,,,,,,,,:,,,:
The Law Applies To Both Parties & A Trump DOJ MUST Investigate.",3164390,104408,1038,32251,5786,,,,,,,:,,,:
2024:11:12T17:21:17.000Z,kurtbardella,True,False,"First off, I’m not sure how the economy gets to where we want it to go if the first move is to deport everyone who does the hard labor (for menial wages). The Trump economy means the rich get richer and everyone else gets left behind.",39300,1047,72,358,32,,:,,,:
2024:11:15T03:30:01.000Z,RealAmVoice,True,False,"AMERICA WILL HAVE ECONOMIC SUCCESS UNDER DONALD TRUMP,,,,,,,,:,,,:
@KHerriage,,,,,,,,,,,,:,,,:
, from Vertical Research Advisory, joins ,,,,,,,,,,:,,,:
@RealWayneRoot,,,,,,,,,,,,:,,,:
 to discuss how ,,,,,,,,,,,,:,,,:
@realDonaldTrump,,,,,,,,,,,,:,,,:
  will successfully impact the economy and the market.",6936,97,5,29,7,,,,,,,:,,,:
2024:11:14T21:45:00.000Z,1zzyzyx1,True,False,"I hope people are ready for what is coming, as the destruction of our government and economic system is starting as Trump isn’t even in power yet. The MSM is normalizing him. People need to listen to ,,,,,,,:,,,:
@ruthbenghiat,,,,,,,,,,,,:,,,:
.,,,,,,,,,,,,:,,,:
#DemVoice1 #DemsUnited",95654,3478,69,1939,454,,,,,,,:,,,:
2024:11:15T14:00:21.000Z,realTrumpNewsX,True,False,"Do you Agree with Trump, that Retired people should be completely tax Exempt, they have already paid their dues?,,,,,,:,,,:
,,,,,,,,,,,,:,,,:
A. YES,,,,,,,,,,,,:,,,:
B. NO",16668,1295,528,197,8,,,,,,,:,,,:
2024:11:09T04:02:55.000Z,mazemoore,True,False,"John Heilemann during the Republican primaries: There is no world in which Trump could ever win the popular vote and you are a fool if you think he is still electable.,,,,,,,,:,,,:
,,,,,,,,,,,,:,,,:
Now he is on Bill Maher giving his ""expert"" analysis. These morons pay no price for being constantly wrong.",1408876,33175,1643,7832,1731,,,,,,,:,,,:
2024:11:14T02:50:49.000Z,AbsGMCrypto,True,False,"JUST IN:  Trump Proposes To Eliminate ALL Capital Gains Tax On Cryptocurrencies Issued In The USA!,,,,,,,,:,,,:
,,,,,,,,,,,,:,,,:
This would make all American profits made on projects created in the United States FULLY Tax Free! ,,,,,,,,,,,,:,,,:
,,,,,,,,,,,,:,,,:
This includes projects such as $BTC $ADA $ALGO $XRP $XLM and $HBAR would be",484917,5474,246,1464,538,,,,,,,:,,,:
2024:11:13T01:25:54.000Z,3orovik,True,False,"Trump literally just named a government department after a memecoin,,,,,,,,:,,,:
,,,,,,,,,,,,:,,,:
You’re not ready for this bull market",227339,9037,238,925,181,,,,,,,:,,,:
2024:11:13T13:30:00.000Z,profstonge,True,False,"Can Trump fire Jerome Powell?,,,,,,,,:,,,:
,,,,,,,,,,,,:,,,:
Powell says no — the Fed can ignore Trump just like it ignores Congress.,,,,,,,,,,,,:,,,:
,,,,,,,,,,,,:,,,:
If our economic overlords really are independent of voters, we are living under occupation.",223325,3626,188,1127,287,,,,,,:,,,:
2024:11:14T20:18:24.000Z,govt_corrupt,True,False,"#WATCH: Jagmeet Singh says people voted for Donald Trump because they believe he'll make life more affordable...,,,,,,,,:,,,:
,,,,,,,,,,,,:,,,:
So when he's Prime Minister, he'll bring in price caps and more public housing because cutting govt will hurt people and Pierre Poilievre is lying.,,,,,,,,,,,:,,,:
,,,,,,,,,,,,:,,,:
What an idiot!",154451,2159,592,432,65,,,,,,,:,,,:
2024:11:15T00:44:16.000Z,markkohler,True,False,"No tax on Social Security, tips, or overtime! ,,,,,,:,,,:
,,,,,,,,,,,,:,,,:
Trump’s proposed tax relief could mean more for your family, your future, and your dreams. ,,,,,,,,,,:,,,:
,,,,,,,,,,,,:,,,:
Whether you're a supporter or not, it’s time to root for real change. ,,,,,,,,,,,:,,,:
,,,,,,,,,,,,:,,,:
Learn the strategies behind pricing, onboarding, and effortless",9333,234,20,80,12,,,,,:,,,:
2024:11:15T00:33:40.000Z,RonFilipkowski,True,False,"He said he was going to buy 55,000 Bibles with taxpayer money and force every public school teacher to teach from it. Now he’s holding a $60 Trump Bible for his official announcement. Christian Nationalist Grifting.",253431,8145,720,2216,288,,:,,,:
2024:11:14T21:53:52.000Z,4TaxFairness,False,False,"If you make under $94k, your tax bill would go up under Trump's tax and tariff plans.,,,,,,,:,,,:
,,,,,,,,,,,,:,,,:
The middle 20% of Americans would see an average tax hike of $1,530 in 2026 alone.,,,,,,,,,,,:,,,:
,,,,,,,,,,,,:,,,:
The richest 5% would get a tax break.,,,,,,,,,,,,:,,,:
,,,,,,,,,,,,:,,,:
And the whole thing would cost America $7.5 trillion.,,,,,,,,,,,,:,,,:
,,,,,,,,,,,,:,,,:
Unacceptable.",5448,350,3,236,29,,,,,,,:,,,:
2024:11:12T16:18:57.000Z,greg_price11,True,False,"The FEMA official who was just fired for telling workers to avoid homes impacted by the hurricanes in Florida if they had Trump signs says that it was not ""isolated"" and that FEMA workers were instructed to do it in the Carolinas too.",3244053,19815,1565,7989,3047,,,:,,,:
2024:11:15T13:26:52.000Z,RealAmVoice,True,False,"INFLATION CREEPS HIGHER... AGAIN,,,,,,,,:,,,:
The Trump Administration is going to have to focus on getting the real economy moving again. After inflation rose in October, there are rising concerns about the previous rate cuts.,,,,,,,,,,,:,,,:
@MW_Stormwall,,,,,,,,,,,,:,,,:
 @RealDrGina,,,,,,,,,,,,:,,,:
 @DBrodyReports,,,,,,,,,,,,:,,,:
 @TBatesNews",3568,37,3,14,2,,,,,,,:,,,:
2024:11:14T18:22:22.000Z,bitcoinlfgo,True,False,"BIG BREAKING  ,,,,,,,,:,,,:
,,,,,,,,,,,,:,,,:
PRO : #BITCOIN President Trump is considering 0% capital gains tax on #Bitcoin and cryptocurrency! ",176237,6437,196,1114,114,,,,,,,:,,,:
2024:11:13T16:26:54.000Z,JavonAPrice,True,False,"Notice how President Trump sits beneath a portrait of Abraham Lincoln—the first Republican president, who also faced a hostile media & unfortunately lost his life from an assassin. Yet, both transformed our nation for the better in just four years.,,,,,,:,,,:
,,,,,,,,,,,,:,,,:
Godspeed, President Trump! ",8277,643,26,115,10,,,,,,:,,,:
2024:11:15T13:51:53.000Z,Project_Veritas,True,False,"BREAKING: ,,,,,,,,:,,,:
@UN,,,,,,,,,,,,:,,,:
 Manager Claims WAR is the Only Way to Make Serious Cash, Says “Lazy” Staff Were Rooting for Nikki Haley for U.S. President over Trump,,,,,,,,,,,:,,,:
,,,,,,,,,,,,:,,,:
“The only way you make money in the UN is if you go to war… you get paid more.”,,,,,,,,,,,,:,,,:
,,,,,,,,,,,,:,,,:
“90% [of United Nations employees] are",67977,728,51,382,118,,,,,,,:,,,:
2024:11:11T20:53:13.000Z,treasonstickers,False,False,"Trump is dismantling the department of education for 4 reasons:,,,,,,,,:,,,:
,,,,,,,,,,,,:,,,:
1. Uneducated people vote for republicans,,,,,,,,,,,,:,,,:
,,,,,,,,,,,,:,,,:
2. To allow red states to white wash history,,,,,,,,,,,,:,,,:
,,,,,,,,,,,,:,,,:
3. To funnel tax dollars into private for:profit Christian schools that promote the patriarchy,,,,,,,,,,,,:,,,:
,,,,,,,,,,,,:,,,:
4. Project 2025 said to do it",1450965,63750,5495,14106,2712,,,,,,,:,,,:
2024:11:11T23:15:47.000Z,realDailyWire,True,False,"""The time of concessions, the time of weakness is over. The time of the strength that President Trump brings back to the office has returned."",,,,,,,:,,,:
@BenShapiro,,,,,,,,,,,,:,,,:
 on what the Iranian economy could look like with President Trump back in office,,,,,,,,,,,,:,,,:
@FoxBusiness",255454,1453,34,137,49,,,,,,,:,,,:
2024:11:13T00:45:30.000Z,realkarenjean,True,False,"BREAKING: PRESIDENT TRUMP ANNOUNCES AN END TO FUNDING MIGRANTS; MONEY TO HOUSE HOMELESS VETERANS!,,,,,,,,:,,,:
#TrumpVance2024",186007,13544,338,3033,408,,,,,,,:,,,:
2024:11:08T20:45:07.000Z,larryelder,True,False,"Episode 39 of ""Larry Elder :: We've Got a Country to Save"",,,,,,,,:,,,:
(Brought to you by my friends by http://investyrefy.com and Freedom Chat),,,,,,,,,,,,:,,,:
,,,,,,,,,,,,:,,,:
The Revenge of the ‘Fascist’; Trump:haters’ EPIC Meltdown, Part 2; Hey Kamala, 'Its STILL the Economy, Stupid!'; Can We NOW Lose the",647889,2740,128,428,121,,,,:,,,:
