timestamp username icon:verified fact:checked text views likes replies reposts bookmarks   :   :            :   :
2024:11:13T05:28:54.000Z,amerix,True,False,"President Trump has picked Elon Musk and Vivek Ramaswamy to lead The Department of Government Efficiency (DOGE),,,,,,,,:,,,:
,,,,,,,,,,,,:,,,:
This department is tasked with ending wastage of taxpayers' money and draining the swamp.,,,,,,,,,,,,:,,,:
,,,,,,,,,,,,:,,,:
America has Vivek, Kenya has David Ndii.,,,,,,,,,,,:,,,:
,,,,,,,,,,,,:,,,:
Kenya is led by fools.",327152,6597,317,2105,229,,,,,,,:,,,:
2024:11:08T22:43:12.000Z,TheThe1776,True,False,"This lady said she sees alot of Black women making videos talking down to Black men for voting Trump and she wants to thank all the Black men who voted for Trump because they voted for:,,,,,,,,:,,,:
◦Secure our borders, so women and children can be safe.,,,,,,,,,,,:,,,:
◦Strong economy, so women and",33551,1611,68,451,53,,,,,,:,,,:
2024:11:14T20:58:39.000Z,blueheartedly,False,False,Who thinks Trump is going to rob money from the government while in office?,3653,423,131,68,1,,,:,,,:
2024:11:12T17:21:17.000Z,kurtbardella,True,False,"First off, I’m not sure how the economy gets to where we want it to go if the first move is to deport everyone who does the hard labor (for menial wages). The Trump economy means the rich get richer and everyone else gets left behind.",39261,1067,72,358,33,,:,,,:
2024:11:13T23:17:40.000Z,IvankaNews_,True,False,"Do you Agree with Trump, that Retired people should be completely tax Exempt, they have already paid their dues?,,,,,,:,,,:
,,,,,,,,,,,,:,,,:
A. YES,,,,,,,,,,,,:,,,:
B. NO",818648,42780,13288,3779,154,,,,,,,:,,,:
2024:11:14T04:01:12.000Z,3orovik,True,False,"HUGE RUMOR: Trump considering 0% capital gains tax on Crypto,,,,,,,,:,,,:
,,,,,,,,,,,,:,,,:
THIS WOULD BE MEGA BULLISH!!",400000,12016,446,1224,195,,,,,,,:,,,:
2024:11:02T08:10:54.000Z,mollie_don,True,False,"Trump's economic policies, including tariffs, tax cuts, and immigration control, aim to address inflation and stimulate economic growth. Supporters believe his straightforward approach could eliminate bureaucratic hurdles and stimulate immediate economic activity.,,,,:,,,:
,,,,,,,,,,,,:,,,:
If we want to",8822,268,14,208,3,,,,,,,:,,,:
2024:11:12T15:47:33.000Z,RealAmVoice,True,False,"CONVERSATIONS ARE NOT ALLOWED: Judge Merchon delayed the Trump immunity decision in the NY hush:money case. ""Now, he has to declare a mistrial. No need for another delay. Does he really think he's going to send President:Elect Trump to Rikers?"",,,,,,,:,,,:
@mrddmia,,,,,,,,,,,,:,,,:
 @Bannons_WarRoom,,,,,,,,,,,,:,,,:
 #WarRoom",27927,686,20,275,31,,,,,,,:,,,:
2024:11:14T18:00:00.000Z,DavidJHarrisJr,True,False,"This will BLOW YOUR MIND on what your tax dollars have been going to under the Biden/Harris administration. ,,,,,,,,:,,,:
,,,,,,,,,,,,:,,,:
This all changes on January 20th, 2025! Trump, Elon, and Vivek are ON IT!",8838,269,8,95,19,,,,:,,,:
2024:11:14T15:15:55.000Z,LtCol_,True,False,">Donald Trump Jr and Eric Trump tweet about Chainlink ,,,,,,,,:,,,:
>check $link price,,,,,,,,,,,,:,,,:
>kms.exe",16490,387,31,18,6,,,,,,,:,,,:
2024:11:08T12:22:09.000Z,lindyli,True,False,"Democrats, we’re gonna keep losing if we attack ALL Trump voters as racists & misogynists,,,,,,,:,,,:
,,,,,,,,,,,,:,,,:
Yes, racism & misogyny are factors but they are NOT the only reason why Harris lost,,,,,,,,,,,:,,,:
,,,,,,,,,,,,:,,,:
Inflation was a HUGE reason,,,,,,,,,,,,:,,,:
,,,,,,,,,,,,:,,,:
We’re gonna keep losing if we denigrate the entire country",117570,555,416,140,34,,,,,,,:,,,:
2024:11:11T14:20:40.000Z,MAGA__Patriot,True,False,We must NEVER FORGET the high price paid for the freedom we enjoy. Thank you Veterans! ,14178,793,34,417,14,,,:,,,:
2024:11:13T23:01:05.000Z,RBReich,False,False,"Wondering why food prices are still high?  Little:to:no competition across the entire food supply chain allows for a price gouging free:for:all.,,,,,,,,:,,,:
,,,,,,,,,,,,:,,,:
Corporate monopolies get rich, and we pay the tab.,,,,,,,,,,,:,,,:
,,,,,,,,,,,,:,,,:
Does Trump have a plan to combat this? Of course not.,,,,,,,,,,,,:,,,:
,,,,,,,,,,,,:,,,:
Keep the receipts.",111840,5170,627,2557,517,,,,,,,:,,,:
2024:11:14T07:33:04.000Z,LegitTargets,True,False," BREAKING: Trump’s new Attorney General, Matt Gaetz, has taken NO MONEY from the ISRAEL LOBBY!",98921,2988,195,542,91,:,,,:
2024:11:07T23:00:02.000Z,DineshDSouza,True,False,"Stock Market Soars, US Dollar Surges Following Trump Victory",35812,1120,29,161,6,,:,,,:
2024:11:09T07:35:17.000Z,DefiyantlyFree,True,False,"Chamath Palihapitiya says that the only politician that ever called him just to say thank you and be kind was Donald Trump. That every time Democrats ever called him in the past, it has been ask for money.",22837,1423,15,395,60,,:,,,:
2024:11:14T02:37:17.000Z,w_terrence,True,False,"KAMALAAAAAAAA CALL ME!!!!!!,,,,,,,,:,,,:
,,,,,,,,,,,,:,,,:
Send this to ,,,,,,,,,,,,:,,,:
@KamalaHarris,,,,,,,,,,,,:,,,:
 ,,,,,,,,,,,,:,,,:
,,,,,,,,,,,,:,,,:
You raised $1 BILLION and now you are negative $20 million dollars, you can’t pay people or the vendors BUT you were going to fix the Economy over night!,,,,,,,,,,,:,,,:
,,,,,,,,,,,,:,,,:
Trump offered to help so I have some coins I would like to give you",226535,5401,334,1269,194,,,,,,,:,,,:
2024:11:09T21:20:54.000Z,RogerJStoneJr,True,False,"Black people, Hispanics —really ALL PEOPLE— want the same thing: economic  opportunity, safe neighborhoods, low gas and food prices…,,,,,:,,,:
,,,,,,,,,,,,:,,,:
They realize Trump brought us those things before and that he could bring them AGAIN.,,,,,,,,,,,,:,,,:
,,,,,,,,,,,,:,,,:
They voted for Trump bc they trust him with their future!",159677,1350,68,260,41,,,,,,,:,,,:
2024:11:12T14:09:19.000Z,4TaxFairness,False,False,"The cost of eggs is higher because Kroger, Costco, Albertsons, Target, and Walmart raised prices.,,,,:,,,:
,,,,,,,,,,,,:,,,:
These five corporations have reported over $29 billion in profits.,,,,,,,,,,,,:,,,:
,,,,,,,,,,,,:,,,:
Trump wants to give them a $1.7 billion yearly tax break.,,,,,,,,,,,,:,,,:
,,,,,,,,,,,,:,,,:
Yes, really.",346535,18407,770,6898,713,,,,,,:,,,:
2024:11:07T17:10:26.000Z,CollinRugg,True,False,"60 Minutes: Is spending billions on deportation worth it?,,,,,,,,:,,,:
,,,,,,,,,,,,:,,,:
Former ICE director and Trump ally Tom Homan: What price do you put on our national security?,,,,,,,,,,,,:,,,:
,,,,,,,,,,,,:,,,:
60 Minutes: Is there a way to carry out mass deportations without separating families?,,,,,,,,,,,,:,,,:
,,,,,,,,,,,,:,,,:
Homan: Of course there is. Families",2226070,39055,1206,6054,2530,,,,,,,:,,,:
2024:11:08T02:06:08.000Z,TONYxTWO,True,False,"“So Trump gets elected President, Hamas calls to end the war, bitcoin shoots to the highest it’s ever been, the stock market shoots to the sky in record numbers, and Putin says he’s ready for negotiations to end the war in Ukraine.,,,,:,,,:
,,,,,,,,,,,,:,,,:
He hasn’t even stepped in office yet.”",4934033,170402,2074,35855,17154,,,,,,,:,,,:
