timestamp username icon:verified fact:checked text views likes replies reposts bookmarks   :   :            :   :
2024:11:02T08:10:54.000Z,mollie_don,True,False,"Trump's economic policies, including tariffs, tax cuts, and immigration control, aim to address inflation and stimulate economic growth. Supporters believe his straightforward approach could eliminate bureaucratic hurdles and stimulate immediate economic activity.,,,,:,,,:
,,,,,,,,,,,,:,,,:
If we want to",8875,271,14,208,3,,,,,,,:,,,:
2024:11:15T18:40:39.000Z,TheUSASingers,False,False,Donald Trump is already crashing the stock market because he’s an unhinged fascist traitor moron.,24161,1335,44,665,36,,,:,,,:
2024:11:12T19:31:20.000Z,Humanspective,True,False,"The age verification scheme, straight from the WEF aligned esafety Commissar. It wont be long now before Donald J Trump begins calling out and dismantling its Western affiliations with the World Economic Forum",39809,1320,171,341,77,,:,,,:
2024:11:15T22:32:05.000Z,TrumpBaroon,True,False,"Most of time Dad keeps telling me that he will do the best for USA in matters developments, economy growth and it’s Sustainability.,,,,,,,:,,,:
,,,,,,,,,,,,:,,,:
Pray for Him, because he loves United States of America so much",100742,8367,542,996,38,,,,,,:,,,:
2024:11:10T20:05:03.000Z,KING5Seattle,True,False,Young Black and Latino men say they chose Trump because of the economy and jobs. Here's how and why,22684,621,116,64,10,,,:,,,:
2024:11:17T22:00:07.000Z,RBReich,False,False,"In his first term, Trump oversaw huge increases in Pentagon spending that enriched defense contractors and drained money from public investments.,,,,,,,:,,,:
,,,,,,,,,,,,:,,,:
His appointment of war hawks like Marco Rubio and Mike Waltz will only further the military:industrial drain.",68186,1501,154,684,74,,,,,,,:,,,:
2024:11:14T02:37:17.000Z,w_terrence,True,False,"KAMALAAAAAAAA CALL ME!!!!!!,,,,,,,,:,,,:
,,,,,,,,,,,,:,,,:
Send this to ,,,,,,,,,,,,:,,,:
@KamalaHarris,,,,,,,,,,,,:,,,:
 ,,,,,,,,,,,,:,,,:
,,,,,,,,,,,,:,,,:
You raised $1 BILLION and now you are negative $20 million dollars, you can’t pay people or the vendors BUT you were going to fix the Economy over night!,,,,,,,,,,,:,,,:
,,,,,,,,,,,,:,,,:
Trump offered to help so I have some coins I would like to give you",296156,6516,398,1527,215,,,,,,,:,,,:
2024:11:12T15:47:33.000Z,RealAmVoice,True,False,"CONVERSATIONS ARE NOT ALLOWED: Judge Merchon delayed the Trump immunity decision in the NY hush:money case. ""Now, he has to declare a mistrial. No need for another delay. Does he really think he's going to send President:Elect Trump to Rikers?"",,,,,,,:,,,:
@mrddmia,,,,,,,,,,,,:,,,:
 @Bannons_WarRoom,,,,,,,,,,,,:,,,:
 #WarRoom",28081,683,20,274,31,,,,,,,:,,,:
2024:11:17T17:54:03.000Z,highbrow_nobrow,True,False,"Donald Trump: A tariff is a tax on a foreign country. A lot of people like to say it’s a tax on us. No… It’s is a tax that doesn’t affect our country. ,,,,,,,,:,,,:
@Acyn,,,,,,,,,,,,:,,,:
Fact:check: Wrong. (September)",395902,8909,1072,1915,292,,,,,,,:,,,:
2024:11:14T03:08:52.000Z,MemeNonLibs,True,False,"“You f**king b**ches elected Trump into office”,,,,,,,,:,,,:
,,,,,,,,,,,,:,,,:
You’d think a week would be enough time for these liberals to calm down ,,,,,,,,,,,,:,,,:
,,,,,,,,,,,,:,,,:
Do we really care that much more about “the economy” over “women’s rights?”",151990,795,964,220,117,,,,,,,:,,,:
2024:11:18T04:08:11.000Z,LloydChapman,True,False,Have you noticed how aggressive the democrats are about losing this election? I think I know why. Trillions in our tax dollars have disappeared across the government. The democrats are terrified Elon Musk and the Trump team are going to expose the fact they looted trillions.,15097,849,27,210,36,,,:,,,:
2024:11:16T20:34:47.000Z,TomHoman_,True,False,"President Trump is right. There is no price tag on mass deportation. ,,,,,,,,:,,,:
,,,,,,,,,,,,:,,,:
Democrats waste trillions yet fight us on $15 billion to build a wall and deem it too wasteful?,,,,,,,,,,,,:,,,:
,,,,,,,,,,,,:,,,:
Mass deportation is happening!,,,,,,,,,,,,:,,,:
,,,,,,,,,,,,:,,,:
Finishing the wall is happening!",34537,2553,123,646,25,,,,,,,:,,,:
2024:11:14T02:09:16.000Z,JasonMiller,True,False,"President Trump: ,,,,,,,,:,,,:
,,,,,,,,,,,,:,,,:
I want to Make America Great Again by fixing our economy for everyone, securing our border, making our streets safe, and bringing peace back to the world…and I’m going to hire good people to get it done!,,,,,,,,,:,,,:
,,,,,,,,,,,,:,,,:
The few remaining holdouts on the extreme left:",19856,669,33,137,4,,,,,,,:,,,:
2024:11:14T19:15:59.000Z,NMalliotakis,True,False, Everyone is looking to President Trump to save the day and ax the tax because Kathy Hochul ignores the will of New Yorkers.,9115,459,39,99,4,,,:,,,:
2024:11:14T01:14:12.000Z,jcokechukwu,True,False,"By the way, here’s Tulsi, Trump’s pick for DNI (Director of National Intelligence), exposing the Ukrainian bio labs and wandering why American money would go to shady, dirty ventures like bio labs in Ukraine and China and elsewhere, from where COVID and other designer diseases",15277,543,:,374,69,:
2024:11:11T14:20:40.000Z,MAGA__Patriot,True,False,We must NEVER FORGET the high price paid for the freedom we enjoy. Thank you Veterans! ,14316,797,35,418,14,,,:,,,:
2024:11:14T23:11:02.000Z,Barchart,True,False,"Tesla $TSLA declines almost 6% after President Trump proposes removing the $7,500 EV Tax Credit",80541,590,47,115,35,,:,,,:
2024:11:14T23:25:46.000Z,ByronDonalds,True,False,"Trump admin economic policy will put YOU FIRST.,,,,,,,,:,,,:
,,,,,,,,,,,,:,,,:
The Trump Tax Cuts & Jobs Act (currently in place) cut tax rates & has raised record federal revenue.,,,,,,,,,,,,:,,,:
,,,,,,,,,,,,:,,,:
Strategic tariffs will protect domestic manufacturing, industry, & critical jobs.,,,,,,,,,,:,,,:
,,,,,,,,,,,,:,,,:
And the time for unfair trade deals is OVER.",74371,5541,185,961,59,,,,,,,:,,,:
2024:11:15T20:59:12.000Z,renoomokri,True,False,How We Will Keep Making Money In The Trump Era,24556,283,19,58,57,,,:,,,:
2024:11:13T03:23:49.000Z,AutismCapital,True,False," HOROWITZ: ""Within 24 hours of Trump being elected, the stock market had its 5th biggest day in history. No economic news, no 'the economy is going well,’ no nothing. The Crypto markets went way beyond that. All fintech went up. Just the fact that it wasn't going to be the",129148,1873,36,213,:,,,:
