timestamp username icon:verified fact:checked text views likes replies reposts bookmarks   :   :            :   :
2024:11:19T22:01:35.000Z,howardlutnick,True,False,"Thank you, President Trump for your trust in me to help Make America Great Again. As the next Secretary of Commerce, I will join the best administration the US has ever seen and unleash our full economic potential.",2851,309,41,43,4,:,,,:
2024:11:11T18:15:12.000Z,KristiNoem,True,False,"The American people know how to spend their own money. By eliminating government waste and focusing federal spending on the core functions of government, President Trump will deal with the debt and unleash economic growth. That’s what we did in South Dakota!",171559,3313,238,545,65,,:,,,:
2024:11:19T20:28:44.000Z,EdWorkforceCmte,True,False,"Bad news: The Biden:Harris apprenticeship rule adds red tape, hurting apprenticeships and folks seeking alternatives to college.,,,,,,,:,,,:
 ,,,,,,,,,,,,:,,,:
Good news: Trump understands the importance of apprenticeships for workers, employers & the economy. ,,,,,,,,,,,:,,,:
 ,,,,,,,,,,,,:,,,:
WATCH ,,,,,,,,,,,,:,,,:
@virginiafoxx,,,,,,,,,,,,:,,,:
 highlight #NAW2024:",5501,50,6,5,5,,,,,,,:,,,:
2024:11:19T21:58:47.000Z,Forbes,True,False,"A protege of hedge fund tycoon George Soros, Bessent is now all in on Trump. Meet the man who could become a key player steering the U.S. economy.,,,,,,,:,,,:
Raed more: https://forbes.com/sites/johnhyatt/2024/11/15/the:inside:story:of:scott:bessents:ascent:to:possible:treasury:secretary:nominee/?utm_source=TWITTER&utm_medium=social&utm_campaign=forbes…",5378,7,4,3,1,,,,,,,:,,,:
2024:11:19T19:38:33.000Z,4TaxFairness,False,False,"WATCH: Republicans are holding a hearing ahead of their plan to renew the Trump tax scam for the rich and corporations.,,,,,,,,:,,,:
,,,,,,,,,,,,:,,,:
We'll be fact:checking live.,,,,,,,,,,,,:,,,:
,,,,,,,,,,,,:,,,:
You don't build an economy that works for working people by giving tax breaks to those at the top.",1278,33,3,19,4,,,,,,,:,,,:
2024:11:19T08:03:00.000Z,TrueNorthCentre,True,False,Pierre Poilievre accuses PM Trudeau of enabling President:Elect Donald Trump to exploit Canadian industries through harmful trade deals and tariffs. He pledges to eliminate the carbon tax and restore investment and jobs lost to the U.S.,6667,178,10,25,4,,,:,,,:
2024:11:17T19:28:02.000Z,TrumpjrJohn,True,False,"I'm printing money with #Memecoins. ,,,,,,,,:,,,:
,,,,,,,,,,,,:,,,:
If you see this, like, retweet, and follow.,,,,,,,,,:,,,:
,,,,,,,,,,,,:,,,:
I might just change your life.",103940,611,228,348,22,,,,,,,:,,,:
2024:11:19T13:12:00.000Z,FeistyLibLady,True,False,"Just a reminder to every single damn American who voted for Donald Trump and MAGA Republicans.,,,,,,,,:,,,:
,,,,,,,,,,,,:,,,:
America has the strongest economy in 25 years!,,,,,,,,,,,,:,,,:
,,,,,,,,,,,,:,,,:
It is the #1 economy in the entire world as a result of a Democrat administration you voted against.,,,,,,,,,,,,:,,,:
,,,,,,,,,,,,:,,,:
A big THANKS to the Biden:Harris",3888,564,22,368,14,,,,,,,:,,,:
2024:11:11T18:25:24.000Z,kayleighmcenany,True,False,"THE TRUMP EFFECT,,,,,,,,:,,,:
,,,,,,,,,,,,:,,,:
In just a few days and before he is even President ,,,,,,,,,,,,:,,,:
,,,,,,,,,,,,:,,,:
 First female Chief of Staff appointed,,,,,,,,,,,,:,,,:
 Stock market hitting all:time:highs,,,,,,,,,,,,:,,,:
 Newest migrant caravan breaking up,,,,,,,,,,,,:,,,:
 NYC to stop giving debit cards to illegal immigrants,,,,,,,,,,,,:,,,:
 EU wants to buy US gas, not",817026,23234,460,4651,1624,,,,,,:,,,:
2024:11:17T23:39:14.000Z,sjredmond,True,False,"Ask not why they didn't vote for Harris Bill Shatner, ask why they believed one word Trump was saying. Not one of his economic ""promises"" will be kept, except the ones that screw the bottom half of America.",96304,1399,68,264,113,:,,,:
2024:11:11T21:01:02.000Z,CNBCClosingBell,True,False,"#Tesla popping again today, with the stock seeing a more than 40% gain since the election. ,,,,,,,:,,,:
@DivesTech,,,,,,,,,,,,:,,,:
, who is raising his price target to $400 from $300, calls president:elect Trump's victory a ""game changer"" for Tesla:",401827,303,24,86,33,,,,,:,,,:
2024:11:14T19:15:59.000Z,NMalliotakis,True,False, Everyone is looking to President Trump to save the day and ax the tax because Kathy Hochul ignores the will of New Yorkers.,9119,459,39,99,4,,,:,,,:
2024:11:12T19:42:50.000Z,Sassafrass_84,True,False,"I really hope President Trump fixes the tax system. We are broke, and it's broken. I don't want to be a debt slave to the irs anymore.",29062,1725,144,646,65,,:,,,:
2024:11:19T17:18:42.000Z,elisa1121,True,False,"Kamala paid DIDDY PARTY CELEBRITIES MILLIONS for endorsements but didn’t pay her staffers.,,,,,,,,:,,,:
,,,,,,,,,,,,:,,,:
Biden is a lame duck, but is ESCALATING  WORLD WAR III with Russia. ,,,,,,,,,,,:,,,:
,,,,,,,,,,,,:,,,:
Harris Dems caused INFLATION & ILLEGAL IMMIGRATION. ,,,,,,,,,,,,:,,,:
,,,,,,,,,,,,:,,,:
But the left is MAD AT TRUMP? ,,,,,,,,,,,,:,,,:
,,,,,,,,,,,,:,,,:
This is why they’ll keep losing!",0,78,4,30,964,,,,,,,:,,,:
2024:11:19T15:44:03.000Z,BehizyTweets,True,False,"BREAKING: President Trump is expected to name Howard Lutnick as Secretary of Commerce. Lutnick is one of the founding members of D.O.G.E alongside Elon Musk.,,,,,,,,:,,,:
,,,,,,,,,,,,:,,,:
Lutnick previously said America was great when ""we had NO income tax."" ,,,,,,,,,,,,:,,,:
,,,,,,,,,,,,:,,,:
He also helped rescue free speech by taking",75643,4140,67,1018,144,,,,,,,:,,,:
2024:11:13T12:06:53.000Z,GoPlusSecurity,True,False,"GoPlus Alert,,,,,,,,:,,,:
,,,,,,,,,,,,:,,,:
Recently,  ,,,,,,,,,,,:,,,:
@Cointelegraph,,,,,,,,,,,,:,,,:
  published the false information that ""Trump is the largest holder of $PNUT "".,,,,,,,,,,,,:,,,:
,,,,,,,,,,,,:,,,:
Please be cautious in the bull market and carefully verify the information released by media outlets and KOLs to avoid falling victim to copycat projects,",31596,962,30,4772,1,,,,,,:,,,:
2024:11:19T10:55:07.000Z,NobodymrRobert,True,False,"THEY TRIED TO STOP US "",,,,,,,,:,,,:
THEY TRIED EVERYTHING. ,,,,,,,,,,,,:,,,:
THEY ATTACKED ,,,,,,,,,,,,:,,,:
TRUMP ,,,,,,,,,,,,:,,,:
ELON ,,,,,,,,,,,,:,,,:
BOBBY ,,,,,,,,,,,,:,,,:
TULSI ,,,,,,,,,,,,:,,,:
They tried to silence  us.,,,,,,,,,,,,:,,,:
,,,,,,,,,,,,:,,,:
THEY HAD MORE MEDIA MORE MONEY. ,,,,,,,,,,,,:,,,:
 BUT THEY FAILED. ,,,,,,,,,,,,:,,,:
CONGRATULATIONS "",,,,,,,,,,,,:,,,:
,,,,,,,,,,,,:,,,:
            ",4640,223,7,148,2,,,,,,,:,,,:
2024:11:19T10:10:00.000Z,MoneyRadar_FR,True,False,Vous avez vu cette vidéo de Trump ? ,54493,533,34,187,194,,,:,,,:
2024:11:11T11:29:07.000Z,SquawkCNBC,True,False,"""Instead of criticizing Jay Powell, I think Trump should thank Jay Powell because his overly easy policy during the Biden administration causing all that inflation was certainly one of the reasons Trump won the election,"" says ,,,,,,:,,,:
@Wharton,,,,,,,,,,,,:,,,:
's Jeremy Siegel.",129839,748,73,101,103,,,,,,,:,,,:
2024:11:11T14:11:03.000Z,DC_Draino,True,False,"The Visa/MC credit card monopoly has put Americans into excessive debt with usurious interest rates at 25%+,,,,,,,,:,,,:
,,,,,,,,,,,,:,,,:
President Trump wants a 10% cap on all credit card interest rates,,,,,,,,,,,,:,,,:
,,,,,,,,,,,,:,,,:
JD Vance co:sponsored the Credit Card Competition act which fights the 2:4% hidden tax you pay every",5524043,88973,2026,21073,5485,,,,,,,:,,,:
2024:11:13T20:59:12.000Z,NMalliotakis,True,False,"Trump is already slashing prices! ,,,,,,,,:,,,:
@GovKathyHochul,,,,,,,,,,,,:,,,:
 is cutting her congestion tax from $15 to $9, but we won’t stop fighting until it’s gone! If she insists, every federal dollar to ,,,,,,,,,,:,,,:
@MTA,,,,,,,,,,,,:,,,:
 will be scrutinized & we’ll demand answers for its gross mismanagement!",13752,670,90,175,7,,,,,,,:,,,:
2024:11:17T22:47:05.000Z,thebearablebull,True,False,"US Based Cryptos Are Outperforming The Market & Will ABSOLUTELY THRIVE!!!!,,,,,,,,:,,,:
,,,,,,,,,,,,:,,,:
Think XRP, XLM, HBAR, ADA, ALGO, DAG, PROPY & Many More,,,,,,:,,,:
,,,,,,,,,,,,:,,,:
Ladies & Gentlemen Everything Has Changed Since Trump Got Elected!!!,,,,,,,,,,,,:,,,:
,,,,,,,,,,,,:,,,:
This Cycle Will Be Completely Different From 2021",150190,2437,82,463,212,,,,,,,:,,,:
