timestamp username icon:verified fact:checked text views likes replies reposts bookmarks   :   :            :   :
2024:11:10T18:59:56.000Z,Jeremyybtc,True,False,"doge will be the biggest runner of this bull run,,,,,,,,:,,,:
,,,,,,,,,,,,:,,,:
elon musk publicly comes out as the co founder of dogecoin,,,,,,,,,,,,:,,,:
,,,,,,,,,,,,:,,,:
trump and elon both mentioned integrating dogecoin as a big part of america's economy,,,,,,,,,,,,:,,,:
,,,,,,,,,,,,:,,,:
1 $doge = $1",108769,735,92,130,29,,,,,,,:,,,:
2024:11:10T23:46:08.000Z,DarrigoMelanie,True,False,"Trump's 10 point plan for education:,,,,,,,,:,,,:
,,,,,,,,,,,,:,,,:
: eliminate the Dept. of Education,,,,,,,,,,,,:,,,:
: cut federal funding,,,,,,,,,,,,:,,,:
: promote Christian Nationalism,,,,,,,,,,,,:,,,:
: attack teacher's unions,,,,,,,,,,,,:,,,:
: give public money to for:profit private schools,,,,,,,,,,,,:,,,:
,,,,,,,,,,,,:,,,:
He warned us, and you voted for him anyway.",14329613,112683,14898,22055,15030,,,,,,:,,,:
2024:11:08T20:45:38.000Z,BehizyTweets,True,False,"Trump plans to redirect the money being spent on Ukraine towards a nationwide initiative to get the homeless off the streets by building ""tent cities"" where they can be relocated.,,,,,,,,:,,,:
,,,,,,,,,,,,:,,,:
His plan includes banning urban camping & arresting violators while empowering rehab organizations.",6635223,93196,2436,18524,13406,,,,,,,:,,,:
2024:11:06T04:29:42.000Z,charliekirk11,True,False,"Nicolle Wallace's brain simply cannot comprehend how young men think that the economy would be better under Donald Trump:,,,,,,,,:,,,:
,,,,,,,,,,,,:,,,:
""It never was."",,,,,,,,,,,,:,,,:
,,,,,,,,,,,,:,,,:
These people are liars to the bitter end.",2184720,35120,1435,3853,1208,,,,,,,:,,,:
2024:11:12T22:49:51.000Z,RepJayapal,True,False,"In states that Trump won, we saw voters go to the ballot and approve measures to raise the minimum wage and require paid sick leave.,,,,,,,:,,,:
,,,,,,,,,,,,:,,,:
These are popular, populist ideas. Let’s get back to that economic agenda and fight to deliver for working families.",11356,118,80,30,2,,,,,,:,,,:
2024:11:12T06:13:54.000Z,RajaBanks,True,False,"I have said it once, and I will say it again, Trump is the best thing to happen to the markets.,,,,,,:,,,:
,,,,,,,,,,,,:,,,:
Be prepared for the best market conditions for the next few years. I have done more in this month alone than what I did in the last 3 months combined !",33016,691,49,41,38,,,,,,,:,,,:
2024:11:07T15:18:31.000Z,Yeahaboutthat3,True,False,"How Trump's Tariffs would work and how getting rid of the Income Tax would benefit you,,,,,,,,:,,,:
,,,,,,,,,,,,:,,,:
What would you do if your family kept an extra $15k : $30k annually?",2141302,39954,756,13983,17120,,,,,,,:,,,:
2024:11:09T19:55:38.000Z,TheTNHoller,True,False,"WATCH: ,,,,,,,,:,,,:
@Matthewcanwrite,,,,,,,,,,,,:,,,:
 on the OPEC 2020 deal by TRUMP— Russia & Saudi Arabia cut oil for 2 years, spiking oil prices and the cost of EVERYTHING (aka “INFLATION”) enriching Saudi Aramco,,,,,,,,,,,:,,,:
,,,,,,,,,,,,:,,,:
Trump’s son:in:law Kushner then got $2 BILLION from the Saudis. (Hunter hunters don’t care)",140041,3782,71,2310,1091,,,,,,,:,,,:
2024:11:12T15:29:50.000Z,MSNBC,True,False,BREAKING: Judge in Trump hush money case delays key ruling ahead of sentencing.,181396,901,501,364,118,,,:,,,:
2024:11:13T03:02:29.000Z,theunipcs,True,False,"new Department of Government Efficiency (D.O.G.E) / $DOGE ATH: $370 million market cap!,,,,,,,,:,,,:
,,,,,,,,,,,,:,,,:
this is coming in as US President Trump officially announces the formation of the Department of Government Efficiency : with Elon Musk to lead the department,,,,,,,,,,,,:,,,:
,,,,,,,,,,,,:,,,:
with D.O.G.E's new ATH, i have",2545,67,10,11,9,,,,,,:,,,:
2024:11:12T23:27:21.000Z,tsarnick,True,False,"Ben Horowitz and Marc Andreessen say the election of Donald Trump led to the stock market having its 5th biggest day ever and is ""a boot off the throat"" of startups and founders in tech and crypto who are now free to build products in those spaces",4601,83,6,7,8,,,:,,,:
2024:11:08T16:26:28.000Z,xMarketNews,True,False,BREAKING NEWS DONALD TRUMP CALLS FOR AN INVESTIGATION INTO SHORT SELLERS WHO MADE FAKE RUMORS REGARDING $DJT,71627,2523,89,730,73,,,:,,,:
2024:11:12T15:19:24.000Z,Loveof1776,True,False,"Trump has only been President Elect for 72 hours, and just the anticipation of his administration, has resulted in positive changes here and geopolitically. The stock markets had record highs. The migrant caravan heading toward our border has now dwindled by half. Hamas wants an",5932,231,17,132,6,:,,,:
2024:11:07T14:28:27.000Z,GeauxGabrielle,True,False,FUN FACT: Alot of you can kiss your upcoming annual bonuses goodbye because alot of companies will be using that money to stockpile inventory ahead of Trump imposing tariffs,1939510,53759,351,10598,3431,,,:,,,:
2024:11:09T07:57:14.000Z,janetmachuka_,True,False,"10 YouTube Documentaries to Watch ,,,,,,,,:,,,:
,,,,,,,,,,,,:,,,:
1. The Deadly Consequences of Social Media  — ABC News In:depth ,,,,,,,,,,,,:,,,:
,,,,,,,,,,,,:,,,:
2. Tax Havens: The Heist of the Century— Investigations ,,,,,,,,,,,,:,,,:
,,,,,,,,,,,,:,,,:
3. The Billion:Dollar Gold Mining Scam that Fooled the World — Wonder,,,,,,,,,,,,:,,,:
,,,,,,,,,,,,:,,,:
4. Operation Trump: Russian Spies Conquer America",41867,634,12,347,859,,,,,,,:,,,:
2024:11:07T01:06:40.000Z,SethAbramson,True,False,"Just a quick note here in advance of Trump and Musk crashing the economy in 2025: Trump voters are going to blame Democrats for that too.,,,,,,,,:,,,:
,,,,,,,,,,,,:,,,:
Read up on fascism and cults and stop assuming we have a rational electorate that’s actually looking at economic indicators. It simply isn’t.",991691,36677,929,7161,2396,,,,,,,:,,,:
2024:11:05T21:32:40.000Z,KamalaHQ,True,False,"Wisconsin voter: I agree with Kamala Harris. Her housing plan and her tax plan are going to help the middle class, and Donald Trump's is not",641779,11863,455,1924,124,,:,,,:
2024:11:09T17:42:01.000Z,katiephangshow,True,False,"""There's no reason that sentencing can't move forward..."" ,,,,,,,,:,,,:
@JoyceWhiteVance,,,,,,,,,,,,:,,,:
 talks about what to expect this week from Trump's NY election interference/hush money trial.",185780,5333,268,1580,133,,,,,,,:,,,:
2024:11:08T13:21:02.000Z,YourAnonCentral,True,False,"""the very best thing Trump could do is nothing at all. Go play golf and take credit for the economic trends that we already have. Just take credit for the economy he inherited and do nothing else and that is the best possible outcome we could hope for.""",149493,1119,18,176,67,,,:,,,:
2024:11:08T05:22:34.000Z,TheTNHoller,True,False,"Here’s ,,,,,,,,:,,,:
@mcuban,,,,,,,,,,,,:,,,:
 saying the threat of Trump’s tariffs is already impacting how businesses operate, steering money away from bonuses and raises and storing inventory and raising prices as if the tariffs already hit.",461647,12310,376,4942,1086,,,,,,:,,,:
2024:11:13T01:25:54.000Z,3orovik,True,False,"Trump literally just named a government department after a memecoin,,,,,,,,:,,,:
,,,,,,,,,,,,:,,,:
You’re not ready for this bull market",17822,1041,93,154,20,,,,,,,:,,,:
2024:11:12T13:43:08.000Z,WesternLensman,True,False,"NEW: MSNBC’s Lawrence O’Donnell continues legacy media freakout over the ,,,,,,,,:,,,:
@elonmusk,,,,,,,,,,,,:,,,:
 alliance with Donald Trump:,,,,,,,,,,,,:,,,:
,,,,,,,,,,,,:,,,:
“The second biggest problem after Donald Trump is going to be Elon Musk."",,,,,,,,,,,,:,,,:
,,,,,,,,,,,,:,,,:
O’Donnell says if Musk were taken seriously, the stock market would crash:,,,,,,,,,,,:,,,:
,,,,,,,,,,,,:,,,:
""For the first",86210,1342,364,264,67,,,,,,,:,,,:
2024:11:12T15:22:05.000Z,DixiDarlen,True,False,"It seems these entertainers that took money from the Kamala campaign to twerk, sing, dole out endorsements, whatever, were actually paid advertisements—if they didn’t disclose that— they broke federal law.",10323,567,17,:,11,,:
2024:11:12T22:35:08.000Z,CNBCFastMoney,True,False,"""The Chinese toolkit is far more limited than the American toolkit, and American companies are absolutely one of the levers they could push,"" says ,,,,,,:,,,:
@ChinaBeigeBook,,,,,,,,,,,,:,,,:
's ,,,,,,,,,,,,:,,,:
@shehzadhqazi,,,,,,,,,,,,:,,,:
. He unpacks where relations stand heading into the Trump administration.",7863,23,4,7,5,,,,,,,:,,,:
2024:11:08T13:39:23.000Z,weeklyshowpod,True,False,"“You can get people to vote away their democracy… as long as you create a false world for them to believe in.” : ,,,,,,,,:,,,:
@HC_Richardson,,,,,,,,,,,,:,,,:
 on how fear and disinformation helped shape this election. #TheWeeklyShow #JonStewart #Trump #Economy",1148168,9202,1138,3395,1787,,,,,,,:,,,:
