timestamp username icon:verified fact:checked text views likes replies reposts bookmarks   :   :            :   :
2024:11:02T08:10:54.000Z,mollie_don,True,False,"Trump's economic policies, including tariffs, tax cuts, and immigration control, aim to address inflation and stimulate economic growth. Supporters believe his straightforward approach could eliminate bureaucratic hurdles and stimulate immediate economic activity.,,,,:,,,:
,,,,,,,,,,,,:,,,:
If we want to",8862,271,14,208,3,,,,,,,:,,,:
2024:11:16T22:30:01.000Z,RBReich,False,False,"Trump has named Stephen Miller and Tom Homan — the architects of his family separation policy — to powerful roles in his White House.,,,,,,,,:,,,:
,,,,,,,,,,,,:,,,:
Their fingerprints are all over Trump's mass deportation scheme, which would wreck the economy and rip families apart.",69802,2296,393,1210,151,,,,,,:,,,:
2024:11:14T01:14:12.000Z,jcokechukwu,True,False,"By the way, here’s Tulsi, Trump’s pick for DNI (Director of National Intelligence), exposing the Ukrainian bio labs and wandering why American money would go to shady, dirty ventures like bio labs in Ukraine and China and elsewhere, from where COVID and other designer diseases",15227,545,:,375,69,:
2024:11:17T15:52:01.000Z,RpsAgainstTrump,True,False,"This is what a Banana Republic looks like: an oligarch with an enormous economic stake controls the president and dictates policy. ,,,,,,,,:,,,:
,,,,,,,,,,,,:,,,:
Well done, everyone.",850246,14958,809,3798,701,,,,,,:,,,:
2024:11:17T22:47:05.000Z,thebearablebull,True,False,"US Based Cryptos Are Outperforming The Market & Will ABSOLUTELY THRIVE!!!!,,,,,,,,:,,,:
,,,,,,,,,,,,:,,,:
Think XRP, XLM, HBAR, ADA, ALGO, DAG, PROPY & Many More,,,,,,:,,,:
,,,,,,,,,,,,:,,,:
Ladies & Gentlemen Everything Has Changed Since Trump Got Elected!!!,,,,,,,,,,,,:,,,:
,,,,,,,,,,,,:,,,:
This Cycle Will Be Completely Different From 2021",106848,1907,74,346,157,,,,,,,:,,,:
2024:11:18T01:00:46.000Z,BehizyTweets,True,False,"BREAKING: Anthony Constantino, the New York hero who triggered his woke mayor by putting a giant ""Vote for Trump"" sign on his building, just announced that he will be spending $3 MILLION of his own money to run for Elise Stefanik's seat,,,,,,:,,,:
,,,,,,,,,,,,:,,,:
The special election is imminent. When",1056803,32091,234,8372,862,,,,,,,:,,,:
2024:11:17T17:54:03.000Z,highbrow_nobrow,True,False,"Donald Trump: A tariff is a tax on a foreign country. A lot of people like to say it’s a tax on us. No… It’s is a tax that doesn’t affect our country. ,,,,,,,,:,,,:
@Acyn,,,,,,,,,,,,:,,,:
Fact:check: Wrong. (September)",307820,7126,806,1518,224,,,,,,,:,,,:
2024:11:10T05:21:30.000Z,Poe_Ether,True,False,"FELLERS WE ARE GOING INTO A PRO CRYPTO GOVERNMENT ELECT ,,,,,,,,:,,,:
,,,,,,,,,,,,:,,,:
THE 47TH PRESIDENT TO BE,,,,,,,,,,,,:,,,:
,,,,,,,,,,,,:,,,:
DONALD J TRUMP,,,,,,,,,,,,:,,,:
,,,,,,,,,,,,:,,,:
HIS STOCK MARKET TICKER IS $DJT,,,,,,,,,,,,:,,,:
,,,,,,,,,,,,:,,,:
HIS SHIT COIN TICKER IS $DJT4700 #DJT4700",17342,220,155,94,25,,,,,,,:,,,:
2024:11:12T21:31:15.000Z,TrueJMitchell,True,False,"This lady says:Says the boom you felt during Donald Trump's first term was because of Obama, not Trump.,,,,,,,:,,,:
,,,,,,,,,,,,:,,,:
She goes on to say that the last 4 years of inflation and high prices are because of Donald Trump, not Biden.,,,,,,,,,,,:,,,:
,,,,,,,,,,,,:,,,:
Jeff brings the facts.",18528,453,67,255,45,,,,,,,:,,,:
2024:11:18T17:34:48.000Z,Shaughn_A2,True,False,"She’s presupposing an outcome based on #Trump’s win and lecturing us on it, okay I guess. BUT how come ACTUALLY living in/through #Bidenomics had them saying the economy was fine and we were delusional? #MakeItMakeSense ",89749,63,51,23,5,,:,,,:
2024:11:18T17:07:58.000Z,JohnLeFevre,True,False,"Just take all my money. ,,,,,,,,:,,,:
,,,,,,,,,,,,:,,,:
https://amzn.to/4fu7qWT",8984,46,2,5,3,,,,,,,:,,,:
2024:11:14T02:09:16.000Z,JasonMiller,True,False,"President Trump: ,,,,,,,,:,,,:
,,,,,,,,,,,,:,,,:
I want to Make America Great Again by fixing our economy for everyone, securing our border, making our streets safe, and bringing peace back to the world…and I’m going to hire good people to get it done!,,,,,,,,,:,,,:
,,,,,,,,,,,,:,,,:
The few remaining holdouts on the extreme left:",19818,668,34,137,4,,,,,,,:,,,:
2024:11:15T01:11:20.000Z,RealAmVoice,True,False,"""I'D LIKE TO SEE $2 GASOLINE, ZERO INFLATION, THE BORDER CLOSED, AND TO DEPORT ALL OF THE CRIMINALS AND THE TERRORISTS!"" ,,,,,:,,,:
@larry_kudlow,,,,,,,,,,,,:,,,:
 is only asking for a few things of the Trump Administration as they take back the White House in 2025. ,,,,,,,,,,,,:,,,:
@A1Policy",22777,807,6,206,33,,,,,,,:,,,:
2024:11:14T11:05:45.000Z,cherrytgbot,True,False,"Bitcoin has reached a new all:time high of $93,000, sparked by market enthusiasm following Donald Trump’s re:election. Ethereum 3.0 is also making waves, with rumors of its development stirring optimism about greater scalability and efficiency for the network. ,,,,,:,,,:
,,,,,,,,,,,,:,,,:
Meanwhile, FTX",17275,1792,406,657,115,,,,,,:,,,:
2024:11:18T16:19:24.000Z,JoJoFromJerz,True,False,"So, the same Republicans who spent years & tens of millions of our tax dollars demanding to see the contents of a laptop belonging to Joe Biden’s private citizen son, don’t want to see the ethics report on the former Congressman Trump wants to make our nation’s Attorney General?",159369,10496,529,3320,144,:,,,:
2024:11:11T14:11:03.000Z,DC_Draino,True,False,"The Visa/MC credit card monopoly has put Americans into excessive debt with usurious interest rates at 25%+,,,,,,,,:,,,:
,,,,,,,,,,,,:,,,:
President Trump wants a 10% cap on all credit card interest rates,,,,,,,,,,,,:,,,:
,,,,,,,,,,,,:,,,:
JD Vance co:sponsored the Credit Card Competition act which fights the 2:4% hidden tax you pay every",5518243,88972,2028,21084,5488,,,,,,,:,,,:
2024:11:17T16:51:02.000Z,bravosresearch,True,False,"In 2016, when Trump took office, small caps surged by 20%,,,,,,:,,,:
,,,,,,,,,,,,:,,,:
Reflecting the market’s anticipation of tax cuts for small businesses,,,,,,,,,,,,:,,,:
,,,,,,,,,,,,:,,,:
Like 2016, we anticipate a short:term market boost this time as well,,,,,,,,,,,:,,,:
,,,,,,,,,,,,:,,,:
But whether this becomes a broader bull market depends on economic resilience",15477,90,9,8,12,,,,,,,:,,,:
2024:11:14T23:44:15.000Z,AmoneyResists,True,False,"“If you elect ,,,,,,,,:,,,:
@KamalaHarris,,,,,,,,,,,,:,,,:
, the stock market will crash the likes of which we’ve never seen.”,,,,,,,,,,,:,,,:
—Trump,,,,,,,,,,,,:,,,:
,,,,,,,,,,,,:,,,:
[tens of millions of people believe this for some reason despite him having made the exact same wrong predictions in the past if Biden won in 2020 and it never happened],,,,,,,,,,,,:,,,:
,,,,,,,,,,,,:,,,:
And…",9539,269,11,130,18,,,,,,,:,,,:
2024:11:15T16:28:25.000Z,DisavowTrump20,True,False,"After record growth under the Biden Economy, stock market is plummeting with the chaos of a Trump Administration looming.",60396,1991,93,898,97,,:,,,:
2017:11:01T22:27:54.000Z,mikandynothem,True,False,"Trump's ECONOMY is a train that is rolling full steam ahead with no brakes to stop it! ,,,,,,,,:,,,:
*3% GDP growth.,,,,,,,,,,,,:,,,:
*Stock Market breaking record highs weekly.,,,,,,,,,,,,:,,,:
*Unemployment at record lows.,,,,,,,,,,,,:,,,:
...and much more!,,,,,,,,,,,,:,,,:
Jump on board or get the hell out of the way! ,,,,,,,,,,,,:,,,:
#WednesdayWisdom #MAGA #tcot #FoxNews",0,479,42,298,0,,,,,,,:,,,:
2024:11:17T01:57:40.000Z,Shawn_Farash,True,False,"Zelensky says Ukraine is an ""independent country."" ,,,,,,,,:,,,:
,,,,,,,,,,,,:,,,:
Cool. If they're independent, I guess they won't care when Trump cuts off the money supply.",20145,1106,73,150,7,,,,,,:,,,:
2024:11:15T15:12:21.000Z,DeanObeidallah,True,False,Today's stock market crash is 100% brought to you by Donald Trump and his extreme cabinet choices.,15252,1035,31,343,9,,,:,,,:
2024:11:13T03:23:49.000Z,AutismCapital,True,False," HOROWITZ: ""Within 24 hours of Trump being elected, the stock market had its 5th biggest day in history. No economic news, no 'the economy is going well,’ no nothing. The Crypto markets went way beyond that. All fintech went up. Just the fact that it wasn't going to be the",129094,1873,36,212,:,,,:
