timestamp username icon:verified fact:checked text views likes replies reposts bookmarks   :   :            :   :
2024:11:10T18:59:56.000Z,Jeremyybtc,True,False,"doge will be the biggest runner of this bull run,,,,,,,,:,,,:
,,,,,,,,,,,,:,,,:
elon musk publicly comes out as the co founder of dogecoin,,,,,,,,,,,,:,,,:
,,,,,,,,,,,,:,,,:
trump and elon both mentioned integrating dogecoin as a big part of america's economy,,,,,,,,,,,,:,,,:
,,,,,,,,,,,,:,,,:
1 $doge = $1",151650,860,96,156,42,,,,,,,:,,,:
2024:11:08T00:32:06.000Z,LeadingReport,True,False,"BREAKING: Trump said his administration will have “no choice” but to carry out his mass deportation plan, and that there is “no price tag.”",856282,42922,2417,4694,775,,:,,,:
2024:11:14T16:08:10.000Z,StockMKTNewz,True,False,Wedbush analyst Dan Ives said today he sees Tesla $TSLA hitting the $2 trillion mark under the  Trump administration,43464,550,34,50,25,,,:,,,:
2024:11:14T02:10:15.000Z,oroogle,True,False,"BREAKING: President Trump wants to eliminate all capital gains taxes on Cryptocurrencies issued by U.S. companies,,,,,,,,:,,,:
,,,,,,,,,,,,:,,,:
This would ultimately make all profits Americans make on holding crypto assets such as $ADA $ALGO $XRP and $HBAR fully tax free, as their creators are U.S.",3913251,26863,1038,6402,3623,,,,,,:,,,:
2024:11:11T14:20:40.000Z,MAGA__Patriot,True,False,We must NEVER FORGET the high price paid for the freedom we enjoy. Thank you Veterans! ,14204,796,34,417,14,,,:,,,:
2024:11:12T14:09:19.000Z,4TaxFairness,False,False,"The cost of eggs is higher because Kroger, Costco, Albertsons, Target, and Walmart raised prices.,,,,:,,,:
,,,,,,,,,,,,:,,,:
These five corporations have reported over $29 billion in profits.,,,,,,,,,,,,:,,,:
,,,,,,,,,,,,:,,,:
Trump wants to give them a $1.7 billion yearly tax break.,,,,,,,,,,,,:,,,:
,,,,,,,,,,,,:,,,:
Yes, really.",347694,18141,772,6902,712,,,,,,:,,,:
2024:11:14T18:22:22.000Z,bitcoinlfgo,True,False,"BIG BREAKING  ,,,,,,,,:,,,:
,,,,,,,,,,,,:,,,:
PRO : #BITCOIN President Trump is considering 0% capital gains tax on #Bitcoin and cryptocurrency! ",149377,5781,188,1011,103,,,,,,,:,,,:
2024:11:12T19:31:20.000Z,Humanspective,True,False,"The age verification scheme, straight from the WEF aligned esafety Commissar. It wont be long now before Donald J Trump begins calling out and dismantling its Western affiliations with the World Economic Forum",39512,1319,169,340,79,,:,,,:
2024:11:14T18:00:00.000Z,DavidJHarrisJr,True,False,"This will BLOW YOUR MIND on what your tax dollars have been going to under the Biden/Harris administration. ,,,,,,,,:,,,:
,,,,,,,,,,,,:,,,:
This all changes on January 20th, 2025! Trump, Elon, and Vivek are ON IT!",11761,347,10,120,25,,,,:,,,:
2024:11:14T23:21:06.000Z,Barchart,True,False,President Donald Trump proposes eliminating capital gains tax on U.S.:made cryptocurrencies ,46121,493,33,121,48,,,:,,,:
2024:11:15T01:11:20.000Z,RealAmVoice,True,False,"""I'D LIKE TO SEE $2 GASOLINE, ZERO INFLATION, THE BORDER CLOSED, AND TO DEPORT ALL OF THE CRIMINALS AND THE TERRORISTS!"" ,,,,,:,,,:
@larry_kudlow,,,,,,,,,,,,:,,,:
 is only asking for a few things of the Trump Administration as they take back the White House in 2025. ,,,,,,,,,,,,:,,,:
@A1Policy",18121,632,4,160,28,,,,,,,:,,,:
2024:11:14T17:43:38.000Z,Geiger_Capital,True,False,"*TRUMP PLANS TO KILL $7,500 EV TAX CREDIT, HAS SUPPORT FROM TESLA,,,,,,:,,,:
,,,,,,,,,,,,:,,,:
Elon is literally putting the country above his own financial interests at this point…,,,,,,,,,,,,:,,,:
,,,,,,,,,,,,:,,,:
Hard to say otherwise. Patriot.",320236,5002,207,554,213,,,,,,,:,,,:
2024:11:09T22:15:00.000Z,abcnews,True,False,"WATCH: Donald Trump returns to the White House on a wave of cost:of:living anger. In Australia, both sides of politics are preparing for a similar contest over inflation at next year's election. #auspol #ABCInsiders",32038,93,119,30,2,,:,,,:
2024:11:13T01:25:54.000Z,3orovik,True,False,"Trump literally just named a government department after a memecoin,,,,,,,,:,,,:
,,,,,,,,,,,,:,,,:
You’re not ready for this bull market",227041,9038,238,926,181,,,,,,,:,,,:
2024:11:10T23:14:58.000Z,CryptoHayes,True,False,"Some of y'all don't believe Trump is about to trash the $ and print money. $BTC disagrees. Here is #Bitcoin leading vs. my new money supply indicator US Bank Credit. The market is speaking, listen up.,,,,,,,:,,,:
,,,,,,,,,,,,:,,,:
More explanation in my essay ""Black or White"" that drops tom.",154991,2121,155,204,285,,,,,,,:,,,:
2024:11:11T03:09:54.000Z,FoxNews,True,False,"FULL SPEED AHEAD: Tesla CEO Elon Musk endorsed Trump's bid to return to the White House and was a prominent financial backer of his campaign, which helped send Tesla’s market value above the $1 trillion mark after a rally on Friday. https://trib.al/q1hHGXb",128904,2407,125,286,22,,:,,,:
2024:11:06T16:44:44.000Z,CollinRugg,True,False,"NEW: Entire CNN panel sits in silence as Scott Jennings rips apart the Democrats and the media, says Donald Trump's win is the ""revenge of the regular ole working class American."",,,,,,,:,,,:
,,,,,,,,,,,,:,,,:
,,,,,,,,,,,,:,,,:
,,,,,,,,,,,,:,,,:
""This is a mandate to do what you said you were gonna do. Get the economy working again for",4497114,96047,1429,16928,9501,,,,,,,:,,,:
2024:11:08T20:45:38.000Z,BehizyTweets,True,False,"Trump plans to redirect the money being spent on Ukraine towards a nationwide initiative to get the homeless off the streets by building ""tent cities"" where they can be relocated.,,,,,,,,:,,,:
,,,,,,,,,,,,:,,,:
His plan includes banning urban camping & arresting violators while empowering rehab organizations.",6649039,93157,2437,18504,13339,,,,,,,:,,,:
2024:11:14T18:15:26.000Z,Reuters,True,False,"Exclusive: President:elect Donald Trump's transition team is planning to kill the $7,500 consumer tax credit for electric:vehicle purchases as part of broader tax:reform legislation, two sources with direct knowledge of the matter told Reuters",73241,78,29,47,5,:,,,:
2024:11:08T18:39:43.000Z,emilyraustin,True,False,"The last 48 hours consisted of:,,,,,,,,:,,,:
: Stock market  ,,,,,,,,,,,,:,,,:
: China wanting peace,,,,,,,,,,,,:,,,:
: Hamas wanting to end the war,,,,,,,,,,,,:,,,:
: Putin ready for peace negotiations,,,,,,,,,,,,:,,,:
: Qatar kicking out Hamas ,,,,,,,,,,,,:,,,:
,,,,,,,,,,,,:,,,:
The Trump effect ~ Peace through Strength  ",62898,814,40,140,45,,,,,,,:,,,:
2024:11:07T18:20:55.000Z,mtgreenee,True,False,"I lived in Georgia my entire life, and I knew early on that President Trump was going to win my home state in a landslide.,,,,,,,:,,,:
,,,,,,,,,,,,:,,,:
Suburban woman were concerned by the price of milk and eggs every time they went to the grocery store, not abortion like the Democrats were selling.",90128,4003,238,583,33,,,,,,:,,,:
2024:08:25T17:53:38.000Z,BetterOff2024,True,False,"A reminder that Trump's only stated specific economic policy:,,,,,,,,:,,,:
,,,,,,,,,,,,:,,,:
Tariffs of 10:60% on *all* US imports that will fuel inflation across the board as consumers will naturally pay the difference for goods.,,,,,,,,,,,,:,,,:
,,,,,,,,,,,,:,,,:
Basically a #TrumpTax on all Americans.",34377,664,65,390,17,,,,,,,:,,,:
2024:11:11T12:23:06.000Z,xMarketNews,True,False,"Let’s not forget Ken Griffin didn’t donate any money to Donald Trump, and called him a three:time loser,,,,,,,:,,,:
,,,,,,,,,,,,:,,,:
Donald Trump on Corrupt Donors:,,,,,,,,,,,,:,,,:
,,,,,,,,,,,,:,,,:
“I don’t want their money, I’m going to do the right thing for the American Public.. I don’t need their money”",63454,1127,28,296,92,,,,,,:,,,:
