timestamp username icon:verified fact:checked text views likes replies reposts bookmarks   :   :            :   :
2024:11:02T08:10:54.000Z,mollie_don,True,False,"Trump's economic policies, including tariffs, tax cuts, and immigration control, aim to address inflation and stimulate economic growth. Supporters believe his straightforward approach could eliminate bureaucratic hurdles and stimulate immediate economic activity.,,,,:,,,:
,,,,,,,,,,,,:,,,:
If we want to",8891,270,14,208,3,,,,,,,:,,,:
2024:11:15T18:22:00.000Z,RepTenney,True,False,". ,,,,,,,,:,,,:
@HouseGOP,,,,,,,,,,,,:,,,:
 is committed to working with President Trump to implement his America First agenda.,,,,,,,,,,,,:,,,:
,,,,,,,,,,,,:,,,:
This includes preserving and expanding the important Tax Cuts and Jobs Act to lower taxes for hardworking Americans!",11335,166,45,45,1,,,,,,,:,,,:
2024:11:19T14:54:04.000Z,essenviews,True,False,Don’t Give Trump Credit for the Success of the Biden Economy,2747,314,18,170,7,,,:,,,:
2024:11:14T03:08:52.000Z,MemeNonLibs,True,False,"“You f**king b**ches elected Trump into office”,,,,,,,,:,,,:
,,,,,,,,,,,,:,,,:
You’d think a week would be enough time for these liberals to calm down ,,,,,,,,,,,,:,,,:
,,,,,,,,,,,,:,,,:
Do we really care that much more about “the economy” over “women’s rights?”",152460,793,961,221,115,,,,,,,:,,,:
2024:11:18T14:24:29.000Z,FoxNews,True,False,"'GET RID OF THE ILLEGALS!': Chicago voters confront Mayor Brandon Johnson (D) for catering to illegal immigrants who have flooded the city, telling him they hope Trump 'will address' him after the city council unanimously rejects his proposed $300 million property tax hike.",328897,10067,342,2596,242,,:,,,:
2024:11:14T13:00:00.000Z,brutamerica,True,False,"Trump’s proposals for the economy are sparking debates. But economists warn his tariffs could lead to higher prices for consumers, and his tax cuts might mainly benefit the wealthy. ,,,,,,,:,,,:
#ElectionEconomics #Trump2024 #EconomicPolicy",0,3,1,1,214,,,,,,,:,,,:
2024:11:18T12:49:43.000Z,JavonAPrice,True,False,Seems Joe and Mika woke up with a newfound realization this morning: apparently President Trump is no longer Hitler nor a threat to American democracy.,40531,1104,187,215,36,,,:,,,:
2024:11:16T13:19:58.000Z,iamnot_elon,True,False,"Good morning 𝕏! President Trump and I are having coffee here at Mar:a:lago on a beautiful Saturday morning. We're going through plans to delete the IRS and majorly simplify the tax code. We think you should just be able to log into a website, it tells you exactly how much you",3416429,77007,6955,9983,2222,,:,,,:
2024:11:17T15:52:01.000Z,RpsAgainstTrump,True,False,"This is what a Banana Republic looks like: an oligarch with an enormous economic stake controls the president and dictates policy. ,,,,,,,,:,,,:
,,,,,,,,,,,,:,,,:
Well done, everyone.",905710,16376,868,4210,784,,,,,,:,,,:
2024:11:14T02:37:17.000Z,w_terrence,True,False,"KAMALAAAAAAAA CALL ME!!!!!!,,,,,,,,:,,,:
,,,,,,,,,,,,:,,,:
Send this to ,,,,,,,,,,,,:,,,:
@KamalaHarris,,,,,,,,,,,,:,,,:
 ,,,,,,,,,,,,:,,,:
,,,,,,,,,,,,:,,,:
You raised $1 BILLION and now you are negative $20 million dollars, you can’t pay people or the vendors BUT you were going to fix the Economy over night!,,,,,,,,,,,:,,,:
,,,,,,,,,,,,:,,,:
Trump offered to help so I have some coins I would like to give you",297256,6517,398,1527,214,,,,,,,:,,,:
2024:11:20T23:25:06.000Z,GBNEWS,True,False,"'I love the farmers, it is really sad.',,,,,,,:,,,:
,,,,,,,,,,,,:,,,:
Watch as the son of Donald Trump, Eric Trump, sends a message to UK farmers after Labour's inheritance tax raid.",9578,194,14,48,10,,,,,:,,,:
2024:11:18T13:50:44.000Z,BenSwann_,True,False,"TRUMP: “I refuse to accept another round of endless war in Ukraine.,,,,,,,,:,,,:
,,,,,,,,,,,,:,,,:
I want peace, they want money and conflict! Even if it means pushing us to the brink of World War III, which, frankly, is already happening and very quickly.”",19397,717,19,141,12,,,:,,,:
2024:11:15T00:19:39.000Z,Gitmo99,True,False,"Trump's RFK appointment sends stock market into meltdown : as his full plan to 'make America healthy again' is revealed | Daily Mail Online,,,,,,,,:,,,:
What does RFK Jnr's appointment mean for Health? Find out by reading our guide.,,,,,,,,,,,,:,,,:
#HIAW ,,,,,,,,,,,,:,,,:
https://dailymail.co.uk/health/article:14084435/rfk:jr:trump:health:role:agenda:vaccines:food:water.html…",9678,279,15,166,6,,,,,,,:,,,:
2024:11:15T18:40:39.000Z,TheUSASingers,False,False,Donald Trump is already crashing the stock market because he’s an unhinged fascist traitor moron.,24341,1328,44,663,36,,,:,,,:
2024:11:15T20:59:12.000Z,renoomokri,True,False,How We Will Keep Making Money In The Trump Era,24847,282,19,57,58,,,:,,,:
2019:06:02T05:46:15.000Z,OMGno2trump,False,False,"There is only one thing you need to know about Trump & economics.  Trump doesn't understand economics!  Zilch, nada, zero.  He doesn't get it and is constantly hurting the US economy.  He's an economic idiot. But Fox won't tell #MAGA.  They're idiots too.",0,376,24,265,0,:,,,:
2024:11:20T02:07:15.000Z,TiffanyFong_,True,False,There’s a Cybertruck in Donald Trump’s motorcade. No amount of money could produce a car ad cooler than this. ,57014,2133,158,188,68,,,:,,,:
2024:11:13T15:40:35.000Z,DineshDSouza,True,False,"Trump’s going to not only tax, but confiscate the endowments of every university that the Department of Justice finds has engaged in illegal discrimination under the guise of ""equity"". ,,,,,,,:,,,:
,,,,,,,,,,,,:,,,:
We are witnessing one of the strongholds of the left crumble in real time.",227020,13454,168,2573,236,,,,,,,:,,,:
2024:11:21T02:15:00.000Z,TheFirstonTV,True,False,"""It's all for money and power. Demonic."" ,,,,,,,,:,,,:
@JesseKellyDC,,,,,,,,,,,,:,,,:
 says The System is trying to escalate the Russia:Ukraine war to a point where Donald Trump can't get us out of it.,,,,,,,,,,,,:,,,:
,,,,,,,,,,,,:,,,:
FULL SEGMENT: http://YouTube.com/@JesseKellyDC",2343,26,7,9,2,,,,,,,:,,,:
2024:11:20T06:22:46.000Z,NowPammsy,True,False,Always follow the money!  Kelly  had his reasons for his hate for Trump saying that he loved Hitler! Turns out Kelly is a greedy & disgusting one. Profiting off of the illegals coming here. Watch. See what you think.,261677,5458,219,3824,1432,,,:,,,:
2024:11:20T07:12:22.000Z,RpsAgainstTrump,True,False,"Lindsey Graham: The war in Ukraine is about money. People don't talk much about it. The richest country in all of Europe for rare earth minerals is Ukraine?…Trump will do a deal to get our money back, to enrich ourselves with rare earth minerals…,,,,,,,:,,,:
,,,,,,,,,,,,:,,,:
What??",275250,1859,474,562,271,,,,,,,:,,,:
2024:11:19T14:07:54.000Z,GlockfordFiles,True,False,"Glitch McConnell and his RINO friends are doing everything they can to stop Matt Gaetz from becoming AG. ,,,,,,,,:,,,:
,,,,,,,,,,,,:,,,:
This only proves that Matt is the right guy for the job.,,,,,,,,,,,,:,,,:
,,,,,,,,,,,,:,,,:
My money is on Trump and Gaetz not the failing and desperate RINOs.",10918,304,77,177,5,,,,,,,:,,,:
2017:11:01T22:27:54.000Z,mikandynothem,True,False,"Trump's ECONOMY is a train that is rolling full steam ahead with no brakes to stop it! ,,,,,,,,:,,,:
*3% GDP growth.,,,,,,,,,,,,:,,,:
*Stock Market breaking record highs weekly.,,,,,,,,,,,,:,,,:
*Unemployment at record lows.,,,,,,,,,,,,:,,,:
...and much more!,,,,,,,,,,,,:,,,:
Jump on board or get the hell out of the way! ,,,,,,,,,,,,:,,,:
#WednesdayWisdom #MAGA #tcot #FoxNews",0,479,42,297,0,,,,,,,:,,,:
