timestamp username icon:verified fact:checked text views likes replies reposts bookmarks   :   :            :   :
2024:11:13T05:28:54.000Z,amerix,True,False,"President Trump has picked Elon Musk and Vivek Ramaswamy to lead The Department of Government Efficiency (DOGE),,,,,,,,:,,,:
,,,,,,,,,,,,:,,,:
This department is tasked with ending wastage of taxpayers' money and draining the swamp.,,,,,,,,,,,,:,,,:
,,,,,,,,,,,,:,,,:
America has Vivek, Kenya has David Ndii.,,,,,,,,,,,:,,,:
,,,,,,,,,,,,:,,,:
Kenya is led by fools.",91050,2592,192,943,79,,,,,,,:,,,:
2024:11:10T18:59:56.000Z,Jeremyybtc,True,False,"doge will be the biggest runner of this bull run,,,,,,,,:,,,:
,,,,,,,,,,,,:,,,:
elon musk publicly comes out as the co founder of dogecoin,,,,,,,,,,,,:,,,:
,,,,,,,,,,,,:,,,:
trump and elon both mentioned integrating dogecoin as a big part of america's economy,,,,,,,,,,,,:,,,:
,,,,,,,,,,,,:,,,:
1 $doge = $1",114569,755,93,133,30,,,,,,,:,,,:
2024:11:08T02:06:08.000Z,TONYxTWO,True,False,"“So Trump gets elected President, Hamas calls to end the war, bitcoin shoots to the highest it’s ever been, the stock market shoots to the sky in record numbers, and Putin says he’s ready for negotiations to end the war in Ukraine.,,,,:,,,:
,,,,,,,,,,,,:,,,:
He hasn’t even stepped in office yet.”",4911284,170445,2076,35883,17195,,,,,,,:,,,:
2024:11:07T23:22:11.000Z,kbyrd2_,False,False,Trump got all the credit for Obama’s economy. Just for America to turn around & blame Biden for Trump’s economy.,8247861,240017,3718,28459,7387,,,:,,,:
2024:11:12T15:58:44.000Z,SenatorLankford,True,False,"Next year, the Trump tax cuts are set to expire, and we must take action. Otherwise, Americans—including Oklahomans—could face tax hikes. We need to get to work to keep taxes low and support hardworking families.",23417,499,469,78,:,,,:
2024:11:11T14:11:03.000Z,DC_Draino,True,False,"The Visa/MC credit card monopoly has put Americans into excessive debt with usurious interest rates at 25%+,,,,,,,,:,,,:
,,,,,,,,,,,,:,,,:
President Trump wants a 10% cap on all credit card interest rates,,,,,,,,,,,,:,,,:
,,,,,,,,,,,,:,,,:
JD Vance co:sponsored the Credit Card Competition act which fights the 2:4% hidden tax you pay every",5460157,88622,2021,20964,5520,,,,,,,:,,,:
2024:11:09T19:51:55.000Z,kbyrd2_,False,False,"Kamala literally said i will give yall a $6000 tax credit for the first year of your child’s life & $25,000 the first time you buy a home.,,,,,,,:,,,:
,,,,,,,,,,,,:,,,:
And people said Trump, who wants to lower taxes for the wealthiest earners, is going to make them rich again. You can’t make this up.",9415919,275501,18300,37508,11623,,,,,:,,,:
2024:11:06T04:29:42.000Z,charliekirk11,True,False,"Nicolle Wallace's brain simply cannot comprehend how young men think that the economy would be better under Donald Trump:,,,,,,,,:,,,:
,,,,,,,,,,,,:,,,:
""It never was."",,,,,,,,,,,,:,,,:
,,,,,,,,,,,,:,,,:
These people are liars to the bitter end.",2184784,35118,1435,3854,1208,,,,,,,:,,,:
2024:11:09T19:55:38.000Z,TheTNHoller,True,False,"WATCH: ,,,,,,,,:,,,:
@Matthewcanwrite,,,,,,,,,,,,:,,,:
 on the OPEC 2020 deal by TRUMP— Russia & Saudi Arabia cut oil for 2 years, spiking oil prices and the cost of EVERYTHING (aka “INFLATION”) enriching Saudi Aramco,,,,,,,,,,,:,,,:
,,,,,,,,,,,,:,,,:
Trump’s son:in:law Kushner then got $2 BILLION from the Saudis. (Hunter hunters don’t care)",140378,3782,71,2314,1090,,,,,,,:,,,:
2024:11:11T14:20:40.000Z,MAGA__Patriot,True,False,We must NEVER FORGET the high price paid for the freedom we enjoy. Thank you Veterans! ,14013,782,33,413,14,,,:,,,:
2024:11:12T17:21:17.000Z,kurtbardella,True,False,"First off, I’m not sure how the economy gets to where we want it to go if the first move is to deport everyone who does the hard labor (for menial wages). The Trump economy means the rich get richer and everyone else gets left behind.",32472,907,63,305,25,,:,,,:
2024:11:10T14:59:18.000Z,GuntherEagleman,True,False,"A NBC hack tried to corner Trump on the cost of deporting millions of criminal aliens.,,,,,,,,:,,,:
,,,,,,,,,,,,:,,,:
Trump handled it perfectly:,,,,,,,,,,,,:,,,:
“We have NO choice when people have k*lled and m*rdered. They’re not staying here. There is NO price tag.”,,,,,,,,,,,,:,,,:
,,,,,,,,,,,,:,,,:
They ALL have to go back!",1686638,36822,1026,6373,621,,,,,,,:,,,:
2024:11:06T19:56:15.000Z,Osint613,True,False,"Trump at the RNC in a message to Hamxs: ,,,,,,,,:,,,:
,,,,,,,,,,,,:,,,:
“We want our hostages back, and they better be back before I assume office or you will be paying a very big price.”",1192235,39693,829,9482,1885,,,,,,:,,,:
2024:11:12T22:49:51.000Z,RepJayapal,True,False,"In states that Trump won, we saw voters go to the ballot and approve measures to raise the minimum wage and require paid sick leave.,,,,,,,:,,,:
,,,,,,,,,,,,:,,,:
These are popular, populist ideas. Let’s get back to that economic agenda and fight to deliver for working families.",13398,144,93,33,3,,,,,,:,,,:
2024:11:08T22:43:12.000Z,TheThe1776,True,False,"This lady said she sees alot of Black women making videos talking down to Black men for voting Trump and she wants to thank all the Black men who voted for Trump because they voted for:,,,,,,,,:,,,:
◦Secure our borders, so women and children can be safe.,,,,,,,,,,,:,,,:
◦Strong economy, so women and",33428,1610,68,449,53,,,,,,:,,,:
2024:11:10T20:41:05.000Z,greg_price11,True,False,"Bosa and the Niners D just hit the Trump dance after a sack ,,,,,,,,:,,,:
,,,,,,,,,,,,:,,,:
The NFL can't fine him for that. ",1941451,38441,441,4783,1098,,,,,,,:,,,:
2024:11:09T21:40:34.000Z,TimOBrien,True,False,"Trump hasn’t and won’t do a thing that benefits working class and middle class Americans. But those voters bought Trump’s carny act. Because, indeed, it’s the economy, stupid:",79570,2642,360,1011,:,,,:
2024:11:07T16:02:22.000Z,JYSexton,True,False,"Pay attention to the money.,,,,,,,,:,,,:
,,,,,,,,,,,,:,,,:
The billionaires either funneled millions into Trump's campaign or aggressively capitulated to help him. They've already made billions in the past few days.,,,,,,,,,,,,:,,,:
,,,,,,,,,,,,:,,,:
The stock market is pumping with corporations looking to cash in on authoritarianism.",15056,760,23,260,37,,,,,,,:,,,:
2024:11:10T18:36:33.000Z,AguilaTrades,True,False,"$50M in profits so far on my #BTCUSD, #ETHUSD and #SOLUSD Longs. This was a rare opportunity to make good money on the elections. Anyone studying X and other unbiased platforms could’ve anticipated the TRUMP victory and position themselves at the right time. These advantages will",731741,4165,358,264,807,,:,,,:
2024:11:11T23:42:22.000Z,TrumpDailyPosts,True,False,"Day 1,  Use Impoundment to Cut Waste, Stop Inflation, and Crush the Deep State",131193,3570,124,1108,:,,,:
2024:11:09T17:53:35.000Z,TheSonOfWalkley,True,False,"BREAKING: FUNDSTRAT ANALYST, TOM LEE, SAYS — $TSLA IS “UNDERVALUED” ,,,,,,:,,,:
,,,,,,,,,,,,:,,,:
Robotaxis/robots and Trump is pumping the stock !",74903,1405,30,146,92,,,,,,,:,,,:
