timestamp username icon:verified fact:checked text views likes replies reposts bookmarks   :   :            :   :
2024:11:10T18:59:56.000Z,Jeremyybtc,True,False,"doge will be the biggest runner of this bull run,,,,,,,,:,,,:
,,,,,,,,,,,,:,,,:
elon musk publicly comes out as the co founder of dogecoin,,,,,,,,,,,,:,,,:
,,,,,,,,,,,,:,,,:
trump and elon both mentioned integrating dogecoin as a big part of america's economy,,,,,,,,,,,,:,,,:
,,,,,,,,,,,,:,,,:
1 $doge = $1",135660,826,96,147,37,,,,,,,:,,,:
2024:11:07T15:18:31.000Z,Yeahaboutthat3,True,False,"How Trump's Tariffs would work and how getting rid of the Income Tax would benefit you,,,,,,,,:,,,:
,,,,,,,,,,,,:,,,:
What would you do if your family kept an extra $15k : $30k annually?",2144639,39957,755,13977,17108,,,,,,,:,,,:
2024:11:11T18:15:12.000Z,KristiNoem,True,False,"The American people know how to spend their own money. By eliminating government waste and focusing federal spending on the core functions of government, President Trump will deal with the debt and unleash economic growth. That’s what we did in South Dakota!",144025,3268,235,530,64,,:,,,:
2024:11:10T05:21:30.000Z,Poe_Ether,True,False,"FELLERS WE ARE GOING INTO A PRO CRYPTO GOVERNMENT ELECT ,,,,,,,,:,,,:
,,,,,,,,,,,,:,,,:
THE 47TH PRESIDENT TO BE,,,,,,,,,,,,:,,,:
,,,,,,,,,,,,:,,,:
DONALD J TRUMP,,,,,,,,,,,,:,,,:
,,,,,,,,,,,,:,,,:
HIS STOCK MARKET TICKER IS $DJT,,,,,,,,,,,,:,,,:
,,,,,,,,,,,,:,,,:
HIS SHIT COIN TICKER IS $DJT4700 #DJT4700",17086,226,157,100,25,,,,,,,:,,,:
2024:11:13T21:11:29.000Z,xMarketNews,True,False,"JUST IN  DONALD TRUMP NOMINATES MATT GAETZ FOR U.S. ATTORNEY GENERAL ,,,,,,,,:,,,:
,,,,,,,,,,,,:,,,:
Matt Gaetz signed the open letter to the SEC & FINRA regarding $MMTLP last December, another one added to the team ",13610,523,18,194,9,,,,,,:,,,:
2024:11:12T12:33:59.000Z,grantstern,True,False,"Trump wants to spend $88 billion deporting people and whole families, but this election is about economic anxiety.,,,,,,,:,,,:
,,,,,,,,,,,,:,,,:
Got it.",36848,2316,152,863,49,,,,,,,:,,,:
2024:11:09T19:55:38.000Z,TheTNHoller,True,False,"WATCH: ,,,,,,,,:,,,:
@Matthewcanwrite,,,,,,,,,,,,:,,,:
 on the OPEC 2020 deal by TRUMP— Russia & Saudi Arabia cut oil for 2 years, spiking oil prices and the cost of EVERYTHING (aka “INFLATION”) enriching Saudi Aramco,,,,,,,,,,,:,,,:
,,,,,,,,,,,,:,,,:
Trump’s son:in:law Kushner then got $2 BILLION from the Saudis. (Hunter hunters don’t care)",141308,3766,72,2318,1088,,,,,,,:,,,:
2024:11:08T13:39:35.000Z,meiselasb,True,False,"With the election over, I know many businesses already pricing in anticipated Trump tariffs. This is happening now. We should expect inflation to rise again, wages to stagnate, lay offs, and anticipated bonuses will be used instead to buy materials now. The hardship you wanted.",305796,8781,571,:,299,,:
2024:11:13T18:02:58.000Z,DogginTrump,True,False,"Billionaires are dumping stocks faster than I change my socks. Jeff Bezos has sold $12.5 billion of Amazon shares. Warren Buffett has dumped Apple stock & now has $325 billion in cash. And Buffet has a rule that he never sells. ￼,,,,,,,,:,,,:
,,,,,,,,,,,,:,,,:
The real billionaires know, Trump‘s about to",1586032,18853,1383,4595,2043,,,,,,:,,,:
2024:11:13T00:45:30.000Z,realkarenjean,True,False,"BREAKING: PRESIDENT TRUMP ANNOUNCES AN END TO FUNDING MIGRANTS; MONEY TO HOUSE HOMELESS VETERANS!,,,,,,,,:,,,:
#TrumpVance2024",100423,9567,235,2168,273,,,,,,,:,,,:
2024:11:13T23:17:40.000Z,IvankaNews_,True,False,"Do you Agree with Trump, that Retired people should be completely tax Exempt, they have already paid their dues?,,,,,,:,,,:
,,,,,,,,,,,,:,,,:
A. YES,,,,,,,,,,,,:,,,:
B. NO",26290,2304,857,325,11,,,,,,,:,,,:
2024:11:11T23:15:47.000Z,realDailyWire,True,False,"""The time of concessions, the time of weakness is over. The time of the strength that President Trump brings back to the office has returned."",,,,,,,:,,,:
@BenShapiro,,,,,,,,,,,,:,,,:
 on what the Iranian economy could look like with President Trump back in office,,,,,,,,,,,,:,,,:
@FoxBusiness",254080,1453,34,136,49,,,,,,,:,,,:
2024:11:10T20:41:05.000Z,greg_price11,True,False,"Bosa and the Niners D just hit the Trump dance after a sack ,,,,,,,,:,,,:
,,,,,,,,,,,,:,,,:
The NFL can't fine him for that. ",1945270,38462,441,4778,1092,,,,,,,:,,,:
2024:11:11T23:17:13.000Z,mjfree,True,False,"Trump's 10 point plan for education:,,,,,,,,:,,,:
,,,,,,,,,,,,:,,,:
: eliminate the Dept. of Education,,,,,,,,,,,,:,,,:
: cut federal funding,,,,,,,,,,,,:,,,:
: promote Christian Nationalism,,,,,,,,,,,,:,,,:
: attack teacher's unions,,,,,,,,,,,,:,,,:
: give public money to for:profit private schools,,,,,,,,,,,,:,,,:
,,,,,,,,,,,,:,,,:
He warned us, and you voted for him anyway.",41846,741,121,309,57,,,,,,:,,,:
2024:11:13T16:26:54.000Z,JavonAPrice,True,False,"Notice how President Trump sits beneath a portrait of Abraham Lincoln—the first Republican president, who also faced a hostile media & unfortunately lost his life from an assassin. Yet, both transformed our nation for the better in just four years.,,,,,,:,,,:
,,,,,,,,,,,,:,,,:
Godspeed, President Trump! ",7685,614,25,114,10,,,,,,:,,,:
2024:11:11T12:23:06.000Z,xMarketNews,True,False,"Let’s not forget Ken Griffin didn’t donate any money to Donald Trump, and called him a three:time loser,,,,,,,:,,,:
,,,,,,,,,,,,:,,,:
Donald Trump on Corrupt Donors:,,,,,,,,,,,,:,,,:
,,,,,,,,,,,,:,,,:
“I don’t want their money, I’m going to do the right thing for the American Public.. I don’t need their money”",63403,1129,28,296,93,,,,,,:,,,:
2024:11:12T21:34:55.000Z,LiberalHivemind,True,False,"MASSIVE: Trump Announces the American Academy, with the mission of making world:class education available to every American free of charge.,,,,,,,:,,,:
,,,,,,,,,,,,:,,,:
The money used will be collected by suing large university endowments that have propagated far:left ideology.,,,,,,,,,,,,:,,,:
,,,,,,,,,,,,:,,,:
damn",20238,1088,41,202,70,,,,,,,:,,,:
2024:11:13T14:39:35.000Z,Bubblebathgirl,True,False,"Chuck Schumer scolds Republicans and says, “Do not abandon the need for bipartisanship.”,,,,,,,:,,,:
,,,,,,,,,,,,:,,,:
Democrat policies under Joe Biden ruined our border and economy while escalating war.,,,,,,,,,,,,:,,,:
,,,,,,,,,,,,:,,,:
America voted for that to end.,,,,,,,,,,,,:,,,:
,,,,,,,,,,,,:,,,:
Dem lawmakers need to now follow Trump’s lead.",15979,1184,359,299,12,,,,,,,:,,,:
2024:11:09T14:26:05.000Z,TheDemCoalition,True,False,"Bookmark these stats for when they try to take credit for the great economy that the Biden:Harris administration rebuilt after Trump left a steaming pile for them in January 2021 following his disastrous mismanagement of the COVID pandemic.,,,,,,,,:,,,:
,,,,,,,,,,,,:,,,:
#ResistTrump",5559,329,26,222,93,,,,,,,:,,,:
2024:11:12T14:09:19.000Z,4TaxFairness,False,False,"The cost of eggs is higher because Kroger, Costco, Albertsons, Target, and Walmart raised prices.,,,,:,,,:
,,,,,,,,,,,,:,,,:
These five corporations have reported over $29 billion in profits.,,,,,,,,,,,,:,,,:
,,,,,,,,,,,,:,,,:
Trump wants to give them a $1.7 billion yearly tax break.,,,,,,,,,,,,:,,,:
,,,,,,,,,,,,:,,,:
Yes, really.",341347,18413,762,6828,708,,,,,,:,,,:
2024:11:08T01:05:01.000Z,nycjayjay,True,False,"From Ipsos last month. People who answered factual questions about inflation, crime, and immigration incorrectly were ""more likely to opt for Trump,"" while those who answered correctly preferred Harris.,,,,,:,,,:
Disinformation and lack of basic education and knowledge are destroying us.",284998,6321,258,2063,1013,,,,,,,:,,,:
2024:11:12T20:51:13.000Z,bungarsargon,True,False,"This was the immigration election. Democrats vowing to ""Trump proof"" their cities & states are exposing their contempt for their own voters, who they hate for wanting less immigration, for voting in the economic interests of their families instead of those of progressive elites.",24547,802,22,168,59,:,,,:
2024:11:13T20:56:07.000Z,InvestorTurf,True,False,"If Wall Street targets Trump Media’s stock ( $DJT ), the Trump administration is likely to impose a short selling ban. Any parties identified as short sellers or involved in suspicious activities will face prosecution. The message is clear: “We are watching, and we will respond",19263,738,30,182,22,:,,,:
2024:11:07T17:10:26.000Z,CollinRugg,True,False,"60 Minutes: Is spending billions on deportation worth it?,,,,,,,,:,,,:
,,,,,,,,,,,,:,,,:
Former ICE director and Trump ally Tom Homan: What price do you put on our national security?,,,,,,,,,,,,:,,,:
,,,,,,,,,,,,:,,,:
60 Minutes: Is there a way to carry out mass deportations without separating families?,,,,,,,,,,,,:,,,:
,,,,,,,,,,,,:,,,:
Homan: Of course there is. Families",2225536,39065,1207,6053,2531,,,,,,,:,,,:
