timestamp username icon:verified fact:checked text views likes replies reposts bookmarks   :   :            :   :
2024:11:02T08:10:54.000Z,mollie_don,True,False,"Trump's economic policies, including tariffs, tax cuts, and immigration control, aim to address inflation and stimulate economic growth. Supporters believe his straightforward approach could eliminate bureaucratic hurdles and stimulate immediate economic activity.,,,,:,,,:
,,,,,,,,,,,,:,,,:
If we want to",8882,270,14,208,3,,,,,,,:,,,:
2024:11:12T15:22:05.000Z,DixiDarlen,True,False,"It seems these entertainers that took money from the Kamala campaign to twerk, sing, dole out endorsements, whatever, were actually paid advertisements—if they didn’t disclose that— they broke federal law.",12835,643,19,:,13,,:
2024:11:14T16:41:03.000Z,SimplyBitcoinTV,True,False,BULLISH: President Trump is considering 0% capital gains tax on #Bitcoin and crypto. ,177651,5907,149,865,108,,,:,,,:
2024:11:19T14:00:05.000Z,abc7newsbayarea,True,False,"While nothing has changed yet, Trump's tariff proposals are worrying many Bay Area business owners who rely on imported goods.. http://abc7ne.ws/48Ufa1Z",427240,564,17,584,117,,:,,,:
2024:11:12T15:26:44.000Z,CollinRugg,True,False,"JUST IN: Judge Juan Merchan delays ruling on whether or not to dismiss Donald Trump’s guilty verdict in the hush money case.,,,,,,,,:,,,:
,,,,,,,,,,,,:,,,:
The decision was supposed to be made today however it will be delayed until November 19.,,,,,,,,,,,,:,,,:
,,,,,,,,,,,,:,,,:
The freeze will allow prosecutors to respond to Trump’s demand",380914,3080,348,695,111,,,,,,,:,,,:
2024:11:11T18:15:12.000Z,KristiNoem,True,False,"The American people know how to spend their own money. By eliminating government waste and focusing federal spending on the core functions of government, President Trump will deal with the debt and unleash economic growth. That’s what we did in South Dakota!",172603,3313,238,545,65,,:,,,:
2024:11:15T07:50:50.000Z,Cointelegraph,True,False,"The 2024 US elections have sparked a surge in #Bitcoin and crypto  interest, with many believing Trump’s policies could make the US the  global crypto hub.,,,,,,,:,,,:
,,,,,,,,,,,,:,,,:
Dive into the full report on how his presidency may impact the market. ",21302,227,40,44,7,,,,,,,:,,,:
2024:11:14T13:00:00.000Z,brutamerica,True,False,"Trump’s proposals for the economy are sparking debates. But economists warn his tariffs could lead to higher prices for consumers, and his tax cuts might mainly benefit the wealthy. ,,,,,,,:,,,:
#ElectionEconomics #Trump2024 #EconomicPolicy",0,3,1,1,209,,,,,,,:,,,:
2024:11:17T19:28:02.000Z,TrumpjrJohn,True,False,"I'm printing money with #Memecoins. ,,,,,,,,:,,,:
,,,,,,,,,,,,:,,,:
If you see this, like, retweet, and follow.,,,,,,,,,:,,,:
,,,,,,,,,,,,:,,,:
I might just change your life.",105255,612,227,349,23,,,,,,,:,,,:
2024:11:12T18:14:40.000Z,RolandForTexas,True,False,"Donald Trump’s border czar is ready to start mass deportations from day one, throwing our economy into chaos and ripping families apart.",17815,204,548,136,12,,:,,,:
2024:11:19T17:08:30.000Z,ReallyAmerican1,True,False,"Republicans can hardly wait to cut services for the poor, like Medicaid and food stamps, in order to fund Trump's tax cuts for the rich.,,,,,,:,,,:
,,,,,,,,,,,,:,,,:
Many of MAGA need those services.,,,,,,,,,,,,:,,,:
This is what they voted for.",75540,1802,184,980,83,,,,,,,:,,,:
2024:11:12T22:52:58.000Z,AP,True,False,A judge postponed a decision on whether to undo President:elect Donald Trump’s conviction in his hush money case as prosecutors consider how to proceed in light of last week's election.,106001,79,43,41,4,,,:,,,:
2024:11:12T15:37:09.000Z,Bubblebathgirl,True,False,"Even if the hush money case against Trump gets dismissed, that doesn’t mean the lawfare against him is forgotten.,,,,,,,:,,,:
,,,,,,,,,,,,:,,,:
Our government, DAs, and judges abused our judicial system in order to interfere in the 2024 presidential election.,,,,,,,,,,:,,,:
,,,,,,,,,,,,:,,,:
They need to face legal consequences.",16595,1848,52,717,13,,,,,,,:,,,:
2024:11:13T18:07:30.000Z,ReturnOfKappy,True,False,This will be pretty epic if Trump takes the money from the illegals and gives it to the Vets…,13763,548,11,96,27,,,:,,,:
2024:11:18T17:03:13.000Z,tooronlists,False,False,"If you think inflation is bad now, wait until Trump declares National Emergency & deports immigrants who pick & process your food, the people who build your houses, & add in 20% to 200% tariffs passed on to consumers. America is dumb and hateful af.",337673,6487,2004,2117,:,,,:
2024:11:12T23:26:08.000Z,VigilantFox,True,False,"10 Shocking Stories the Media Buried Today,,,,,,,,:,,,:
,,,,,,,,,,,,:,,,:
#10 : Trump has inherited a “turd of an economy,” and when things “roll over,” he’ll be the one blamed for it.,,,,,,,,,,:,,,:
,,,,,,,,,,,,:,,,:
This dire news comes from COVID vaccine data analyst and former BlackRock asset manager Ed Dowd.,,,,,,,,,,,,:,,,:
,,,,,,,,,,,,:,,,:
Dowd predicts things could",1420711,9444,238,3349,2483,,,,,,,:,,,:
2024:11:20T10:10:03.000Z,StockTrader_Max,True,False,"$CLSK : It couldn't be any clearer ,,,,,,,,:,,,:
,,,,,,,,,,,,:,,,:
: $BTC is knocking on the door to $100K ,,,,,,,,,,,,:,,,:
: Donald Trump is going to be president ,,,,,,,,,,,,:,,,:
: Money is ready to rotate from $MSTR into miners ,,,,,,,,,,,,:,,,:
: $CLSK is one of the most efficient miners ,,,,,,,,,,,,:,,,:
: $CLSK is already mining +650 $BTC since halving,,,,,,,,,,,,:,,,:
: Donald",20812,167,16,31,23,,,,,,,:,,,:
2024:11:15T16:28:25.000Z,DisavowTrump20,True,False,"After record growth under the Biden Economy, stock market is plummeting with the chaos of a Trump Administration looming.",60572,1983,93,899,96,,:,,,:
2024:11:19T23:01:08.000Z,CBSNews,True,False,"Lawyers for Manhattan DA Alvin Bragg are urging Justice Juan Merchan that Trump should not be sentenced for his crimes in his New York ""hush money"" case until after he completes his second term in office. ""We've never been here before,"" says CBS News legal contributor Jessica",60300,78,83,32,9,,:,,,:
2024:11:18T15:09:26.000Z,politvidchannel,True,False,BREAKING: Restaurant owners who rely on immigrant labor to stay afloat are saying President:elect Donald Trump's mass deportations will Lead to a downturn in the economy,19138,1154,208,611,35,,,:,,,:
2024:11:15T16:39:33.000Z,WSJ,True,False,Donald Trump is considering tapping Fox Business Network host Larry Kudlow for a senior economic policy role in his administration,50950,80,18,36,2,,,:,,,:
2024:11:19T23:30:00.000Z,Reuters,True,False,New York prosecutors who secured the first:ever criminal conviction of a former president said the hush money case against Donald Trump should not be dismissed in light of his election victory https://reut.rs/4eGwVTD,35957,73,13,20,3,,,:,,,:
2024:11:14T01:49:18.000Z,FrankFigliuzzi1,True,False,"Day after election. Crypto:based prediction market that predicted Trump win is under FBI investigation. Oh, and Peter Theil is in there too: FBI Seizes Polymarket Founder’s Phone in Raid of Home ⁦,,,,,,,:,,,:
@FBI,,,,,,,,,,,,:,,,:
⁩",44293,754,46,402,49,,,,,,,:,,,:
