timestamp username icon:verified fact:checked text views likes replies reposts bookmarks   :   :            :   :
2024:11:10T18:59:56.000Z,Jeremyybtc,True,False,"doge will be the biggest runner of this bull run,,,,,,,,:,,,:
,,,,,,,,,,,,:,,,:
elon musk publicly comes out as the co founder of dogecoin,,,,,,,,,,,,:,,,:
,,,,,,,,,,,,:,,,:
trump and elon both mentioned integrating dogecoin as a big part of america's economy,,,,,,,,,,,,:,,,:
,,,,,,,,,,,,:,,,:
1 $doge = $1",145558,852,96,154,41,,,,,,,:,,,:
2024:11:13T05:28:54.000Z,amerix,True,False,"President Trump has picked Elon Musk and Vivek Ramaswamy to lead The Department of Government Efficiency (DOGE),,,,,,,,:,,,:
,,,,,,,,,,,,:,,,:
This department is tasked with ending wastage of taxpayers' money and draining the swamp.,,,,,,,,,,,,:,,,:
,,,,,,,,,,,,:,,,:
America has Vivek, Kenya has David Ndii.,,,,,,,,,,,:,,,:
,,,,,,,,,,,,:,,,:
Kenya is led by fools.",321656,6544,313,2087,226,,,,,,,:,,,:
2024:11:13T21:50:22.000Z,SteveRattner,True,False,States that went to Trump stand to lose much more from his plan to abolish the Dept of Education. They receive more federal funds than blue states despite contributing fewer tax dollars.,235635,5761,861,3293,683,,,:,,,:
2024:11:12T15:37:09.000Z,Bubblebathgirl,True,False,"Even if the hush money case against Trump gets dismissed, that doesn’t mean the lawfare against him is forgotten.,,,,,,,:,,,:
,,,,,,,,,,,,:,,,:
Our government, DAs, and judges abused our judicial system in order to interfere in the 2024 presidential election.,,,,,,,,,,:,,,:
,,,,,,,,,,,,:,,,:
They need to face legal consequences.",16314,1851,53,719,14,,,,,,,:,,,:
2024:11:08T00:32:06.000Z,LeadingReport,True,False,"BREAKING: Trump said his administration will have “no choice” but to carry out his mass deportation plan, and that there is “no price tag.”",855895,42943,2417,4701,776,,:,,,:
2024:11:09T01:21:04.000Z,xMarketNews,True,False,"JUST IN SOUTH KOREA TO MONITOR DONALD TRUMP’S STOCK FOLLOWING PRESIDENTIAL ELECTION ,,,,,,,,:,,,:
,,,,,,,,,,,,:,,,:
 TODAY DONALD TRUMP ANNOUNCED AN INVESTIGATION INTO MARKET MANIPULATORS OF $DJT,,,,,,,,,,,,:,,,:
,,,,,,,,,,,,:,,,:
WHY CAN’T U.S. REGULATORS DO THIS?",20833,903,35,229,21,,,,,,,:,,,:
2024:11:14T15:26:02.000Z,BullNakedCrypto,True,False,"Thats crazy,,,,,,,,:,,,:
,,,,,,,,,,,,:,,,:
I live in a timeline,,,,,,,,,,,,:,,,:
,,,,,,,,,,,,:,,,:
Where TRUMP IS A FUCKING $LINK MARINE,,,,,,,,,,,,:,,,:
,,,,,,,,,,,,:,,,:
ofcourse the market dumps on this news to supress chainlinks price.,,,,,,,,,,,,:,,,:
,,,,,,,,,,,,:,,,:
they dont want you to make it",6825,114,5,11,2,,,,,,,:,,,:
2024:11:13T15:32:36.000Z,CryptoKaleo,True,False,"Just a reminder: The last time the $DOGE / $BTC pair had this type of a breakout, it had a swift 175% pump to its previous all time highs.,,,,,,,:,,,:
,,,,,,,,,,,,:,,,:
With the way the market has moved recently, and how much strength Dogecoin has shown after Trump was elected and Elon starting to push",72471,765,41,81,57,,,,,,:,,,:
2024:11:13T21:28:34.000Z,xMarketNews,True,False,"DEVELOPING RETAIL INVESTORS ARE URGING TRUMP TO TEMPORARILY BAN SHORT SELLING TO INVESTIGATE NAKED SHORTING.,,,,,,,,:,,,:
,,,,,,,,,,,,:,,,:
: TRUMP RECENTLY ANNOUNCED HE IS GOING TO INVESTIGATE MARKET MAKERS AND SHORT SELLERS.,,,,,,,,,,,,:,,,:
,,,,,,,,,,,,:,,,:
: TRUMP ALSO STATES HE IS GOING TO HOLD THE SEC AND NASDAQ LIABLE FOR ANY",34046,1465,33,484,46,,,,,,,:,,,:
2024:11:10T23:46:08.000Z,DarrigoMelanie,True,False,"Trump's 10 point plan for education:,,,,,,,,:,,,:
,,,,,,,,,,,,:,,,:
: eliminate the Dept. of Education,,,,,,,,,,,,:,,,:
: cut federal funding,,,,,,,,,,,,:,,,:
: promote Christian Nationalism,,,,,,,,,,,,:,,,:
: attack teacher's unions,,,,,,,,,,,,:,,,:
: give public money to for:profit private schools,,,,,,,,,,,,:,,,:
,,,,,,,,,,,,:,,,:
He warned us, and you voted for him anyway.",14451189,112288,14948,22100,14942,,,,,,:,,,:
2024:11:10T20:41:05.000Z,greg_price11,True,False,"Bosa and the Niners D just hit the Trump dance after a sack ,,,,,,,,:,,,:
,,,,,,,,,,,,:,,,:
The NFL can't fine him for that. ",1947126,38463,441,4789,1090,,,,,,,:,,,:
2024:11:13T03:23:49.000Z,AutismCapital,True,False," HOROWITZ: ""Within 24 hours of Trump being elected, the stock market had its 5th biggest day in history. No economic news, no 'the economy is going well,’ no nothing. The Crypto markets went way beyond that. All fintech went up. Just the fact that it wasn't going to be the",128271,1874,36,208,:,,,:
2024:11:07T18:20:55.000Z,mtgreenee,True,False,"I lived in Georgia my entire life, and I knew early on that President Trump was going to win my home state in a landslide.,,,,,,,:,,,:
,,,,,,,,,,,,:,,,:
Suburban woman were concerned by the price of milk and eggs every time they went to the grocery store, not abortion like the Democrats were selling.",89454,3997,237,584,31,,,,,,:,,,:
2024:11:11T14:11:03.000Z,DC_Draino,True,False,"The Visa/MC credit card monopoly has put Americans into excessive debt with usurious interest rates at 25%+,,,,,,,,:,,,:
,,,,,,,,,,,,:,,,:
President Trump wants a 10% cap on all credit card interest rates,,,,,,,,,,,,:,,,:
,,,,,,,,,,,,:,,,:
JD Vance co:sponsored the Credit Card Competition act which fights the 2:4% hidden tax you pay every",5493620,89057,2028,21102,5528,,,,,,,:,,,:
2024:11:09T07:35:17.000Z,DefiyantlyFree,True,False,"Chamath Palihapitiya says that the only politician that ever called him just to say thank you and be kind was Donald Trump. That every time Democrats ever called him in the past, it has been ask for money.",22832,1424,15,396,60,,:,,,:
2024:11:12T03:22:54.000Z,BehizyTweets,True,False,"President Trump's new Treasury Secretary, Scott Bessent, plans to cut the spending deficit immediately, ""I think we're going to do it through deregulation, energy dominance, and re:privatizing the economy."",,,:,,,:
,,,,,,,,,,,,:,,,:
He'll also work with Elon Musk to cut out the waste.,,,,,,,,,,,,:,,,:
,,,,,,,,,,,,:,,,:
I've seen a few",109507,3605,121,904,201,,,,,,,:,,,:
2024:11:10T14:55:29.000Z,TrumpWarRoom,True,False,"President Trump on his plan for mass deportations of criminal illegal aliens: ""When people have killed and murdered ... they're not staying here. There is no price tag.""",146701,3886,226,842,100,,,:,,,:
2024:11:11T18:25:24.000Z,kayleighmcenany,True,False,"THE TRUMP EFFECT,,,,,,,,:,,,:
,,,,,,,,,,,,:,,,:
In just a few days and before he is even President ,,,,,,,,,,,,:,,,:
,,,,,,,,,,,,:,,,:
 First female Chief of Staff appointed,,,,,,,,,,,,:,,,:
 Stock market hitting all:time:highs,,,,,,,,,,,,:,,,:
 Newest migrant caravan breaking up,,,,,,,,,,,,:,,,:
 NYC to stop giving debit cards to illegal immigrants,,,,,,,,,,,,:,,,:
 EU wants to buy US gas, not",808643,23230,463,4645,1640,,,,,,:,,,:
2024:11:14T09:51:33.000Z,Credit_Junk,False,False,"Dollar is up 6% from early October (a thread) up with elections polls. Policies of Trump have:,,,,,,,,:,,,:
: upside risk for internal growth (deregulation/lower tax rate);,,,,,,,,,,,,:,,,:
: upside risk for inflation (tariff),,,,,,,,,,,,:,,,:
: upside risk for rates (deficit),,,,,,,,,,,,:,,,:
: downside risk for worldwide growth (tariff),,,,,,,,,,,,:,,,:
1/6",3633,38,5,3,17,,,,,,,:,,,:
2024:11:09T16:05:45.000Z,owenslindsay1,False,False,"There are many unknowns about exactly how a second Trump term will play out and precisely which types of chaos it will bring about. ,,,,,,,,:,,,:
,,,,,,,,,,,,:,,,:
One thing is certain: it will start with tax cuts for Musk and his billionaire boys club. My latest for ,,,,,,,,,,,,:,,,:
@RollingStone,,,,,,,,,,,,:,,,:
.",216580,1110,410,494,89,,,,,,,:,,,:
