timestamp username icon:verified fact:checked text views likes replies reposts bookmarks   :   :            :   :
2024:11:10T18:59:56.000Z,Jeremyybtc,True,False,"doge will be the biggest runner of this bull run,,,,,,,,:,,,:
,,,,,,,,,,,,:,,,:
elon musk publicly comes out as the co founder of dogecoin,,,,,,,,,,,,:,,,:
,,,,,,,,,,,,:,,,:
trump and elon both mentioned integrating dogecoin as a big part of america's economy,,,,,,,,,,,,:,,,:
,,,,,,,,,,,,:,,,:
1 $doge = $1",34697,330,70,60,11,,,,,,,:,,,:
2024:11:11T08:46:09.000Z,segalink,True,False,Trump is not throwing money at the problem. He is de:escalating with necessary calls. $200Billion or more saved even before taking office. True leadership. ,11416,94,2,20,9,,,:,,,:
2024:11:08T15:09:03.000Z,IvanOnTech,True,False,"Insane week,,,,,,,,:,,,:
 Trump ,,,,,,,,,,,,:,,,:
 Bitcoin pump,,,,,,,,,,,,:,,,:
 bull market starts for real,,,,,,,,,,,,:,,,:
@moraliscom,,,,,,,,,,,,:,,,:
 team celebrating with cake ",45738,2716,5166,1727,154,,,,,,,:,,,:
2024:11:09T03:41:40.000Z,saras76,True,False,"Trump plans to redirect the money being spent on Ukraine towards a nationwide initiative to get the homeless off the streets in America. ,,,,,,,,:,,,:
,,,,,,,,,,,,:,,,:
How can anybody be against this? ,,,,,,,,,,,,:,,,:
This is amazing. ,,,,,,,,,,,,:,,,:
America FIRST.",52938,3010,125,694,145,,,,,,,:,,,:
2024:11:10T14:59:18.000Z,GuntherEagleman,True,False,"A NBC hack tried to corner Trump on the cost of deporting millions of criminal aliens.,,,,,,,,:,,,:
,,,,,,,,,,,,:,,,:
Trump handled it perfectly:,,,,,,,,,,,,:,,,:
“We have NO choice when people have k*lled and m*rdered. They’re not staying here. There is NO price tag.”,,,,,,,,,,,,:,,,:
,,,,,,,,,,,,:,,,:
They ALL have to go back!",1531704,34549,948,5987,614,,,,,,,:,,,:
2024:11:08T20:45:38.000Z,BehizyTweets,True,False,"Trump plans to redirect the money being spent on Ukraine towards a nationwide initiative to get the homeless off the streets by building ""tent cities"" where they can be relocated.,,,,,,,,:,,,:
,,,,,,,,,,,,:,,,:
His plan includes banning urban camping & arresting violators while empowering rehab organizations.",6607491,93121,2441,18479,13458,,,,,,,:,,,:
2024:11:07T21:33:24.000Z,ZAZC_x,True,False,trump’s tariffs already impacting the economy ,2144755,142053,57,9251,2376,,,:,,,:
2024:11:11T09:44:57.000Z,saracrypto_eth,True,False,"Trump won. New Bitcoin ATH.,,,,,,,,:,,,:
,,,,,,,,,,,,:,,,:
The market is even hotter than before.,,,,,,,,,,,,:,,,:
,,,,,,,,,,,,:,,,:
$RETIRE 17.5k > 9.1m (520x),,,,,,,,,,,,:,,,:
$BULL 33k > 4.5m (136x),,,,,,,,,,,,:,,,:
#HAWKTUAH 75k > 3.5m (47x),,,,,,,,,,,,:,,,:
$FRED 36k to 14 m (388x),,,,,,,,,,,,:,,,:
$PNUT $500k to 300 m (600x),,,,,,,,,,,,:,,,:
$MANYU $180k to $31 m (172x),,,,,,,,,,,,:,,,:
,,,,,,,,,,,,:,,,:
How big do you think my next call will go?",3011,100,53,35,6,,,,,,,:,,,:
2024:11:11T09:17:26.000Z,CryptoLollla,True,False,"We need #SHIB move higher so all these constipated men shorting SHIB can go mental hospital ,,,,,,,,:,,,:
,,,,,,,,,,,,:,,,:
TRUMP ECONOMY TO THE MOON",0,107,6,16,1584,,,,,,,:,,,:
2024:11:06T18:25:54.000Z,aly_rendon,False,False,saying i voted for trump because he’s better for the economy when you’re posting your cash app on your story for your birthday is insane,528592,36338,88,4482,469,,,:,,,:
2024:11:06T13:18:49.000Z,DanKnightMMA,True,False,"Alright, let’s get real about what Trump’s 2024 victory means for Canada’s most self:righteous leader, Justin Trudeau.,,,,,,:,,,:
,,,,,,,,,,,,:,,,:
Trudeau spent the last few years sinking Canadian taxpayer money into so:called green initiatives, riding the coattails of Biden’s Green New Deal like a",18047,857,57,344,44,,,,,,:,,,:
2024:11:10T22:15:32.000Z,RickyDoggin,True,False,"Trump: ""One of the most urgent tasks... is to decisively defeat the climate hysteria hoax."",,,,,,,,:,,,:
,,,,,,,,,,,,:,,,:
""The radical left's fearmongering about climate and our future is... destroying America's economy, weakening our society, and eviscerating our middle class. It's really hurting us."",,,,,,,,,,:,,,:
,,,,,,,,,,,,:,,,:
""We",4769,239,7,78,7,,,,,,,:,,,:
2024:11:07T11:15:37.000Z,wideawake_media,True,False,"Trump: ""One of the most urgent tasks... is to decisively defeat the climate hysteria hoax."",,,,,,,,:,,,:
,,,,,,,,,,,,:,,,:
""The radical left's fearmongering about climate and our future is... destroying America's economy, weakening our society, and eviscerating our middle class. It's really hurting us."",,,,,,,,,,:,,,:
,,,,,,,,,,,,:,,,:
""We",1817236,45006,1370,15385,4395,,,,,,,:,,,:
2024:11:10T02:28:26.000Z,cryptorecruitr,True,False,"cardano is doing it again ,,,,,,,,:,,,:
,,,,,,,,,,,,:,,,:
Intro 00:00,,,,,,,,,,,,:,,,:
Hoskinson to be Trump advisor 1:05,,,,,,,,,,,,:,,,:
Now is not the time to be bearish 4:00,,,,,,,,,,,,:,,,:
Bitcoin and Cardano 5:15,,,,,,,,,,,,:,,,:
ADA makes massive weekly move 6:45,,,,,,,,,,,,:,,,:
Cardano momentum 11:40,,,,,,,,,,,,:,,,:
ADA short term price action 14:15,,,,,,,,,,,,:,,,:
Waiting for Cardano structure 17:30",73551,1602,55,227,84,,,,,,,:,,,:
2024:11:08T21:37:03.000Z,Liz_Wheeler,True,False,"Trump is President:elect for two days:,,,,,,,,:,,,:
,,,,,,,,,,,,:,,,:
: Stock market hits record high,,,,,,,,,,,,:,,,:
: Migrant caravan at our border dissolves,,,,,,,,,,,,:,,,:
: Hamas calls for end to war,,,,,,,,,,,,:,,,:
: Bitcoin hits record high ,,,,,,,,,,,,:,,,:
: Putin ready to end Ukraine war,,,,,,,,,,,,:,,,:
: Qatar kicks out Hamas leaders,,,,,,,,,,,,:,,,:
: EU will buy U.S. gas not Russian gas,,,,,,,,,,,,:,,,:
:",8461039,147134,4490,34347,19032,,,,,,,:,,,:
2024:11:06T08:29:41.000Z,JohnAmaechi,False,False,"People don’t care that a rich man is a predator, a liar, a bigot & a dolt.,,,,,,:,,,:
,,,,,,,,,,,,:,,,:
Some rationalise their choice on “economy” or  “family values” but really:,,,,,,,,,,,,:,,,:
,,,,,,,,,,,,:,,,:
He hates the same people they do : and that’s the draw.,,,,,,,,,,,,:,,,:
,,,,,,,,,,,,:,,,:
Trump voters will celebrate, but they’ll learn… he hates them too.",193554,3619,116,701,122,,,,,,:,,,:
2024:11:05T20:41:16.000Z,lopezalejndraxo,False,False,Yall voting for trump bc of his “economic policy” but yall don’t even make enough to qualify for the tax cuts. broke and dumb ,17448902,594371,9458,77893,13194,,,:,,,:
2024:11:06T16:44:44.000Z,CollinRugg,True,False,"NEW: Entire CNN panel sits in silence as Scott Jennings rips apart the Democrats and the media, says Donald Trump's win is the ""revenge of the regular ole working class American."",,,,,,,:,,,:
,,,,,,,,,,,,:,,,:
,,,,,,,,,,,,:,,,:
,,,,,,,,,,,,:,,,:
""This is a mandate to do what you said you were gonna do. Get the economy working again for",4487553,96118,1431,16938,9591,,,,,,,:,,,:
2024:11:08T13:53:48.000Z,Web3Pikachu,True,False," Breaking News This Week ,,,,,,,,:,,,:
,,,,,,,,,,,,:,,,:
#Trump won the election, and Giga ignited the market to start the true bull run!,,,,,,,,,,,:,,,:
,,,,,,,,,,,,:,,,:
2.11 billion dollars flowed into the Bitcoin market.,,,,,,,,,,,,:,,,:
,,,,,,,,,,,,:,,,:
The FOMC cut rates by 0.25% yesterday.,,,,,,,,,,,,:,,,:
,,,,,,,,,,,,:,,,:
And $Brump ($Brett Trump) became the first president of the #basechain.",33128,601,319,61,8,,,,,,,:,,,:
2024:11:10T17:14:13.000Z,JoJoFromJerz,True,False,"Dad?,,,,,,,,:,,,:
,,,,,,,,,,,,:,,,:
Yes, Johnny?,,,,,,,,,,,:,,,:
,,,,,,,,,,,,:,,,:
My school is closed, eggs are $25, you sold our car to get the insulin you need, mommy is a handmaiden, and Susie lost her arm working at the meat packing plant, so why did you vote for King Trump again?,,,,,,,:,,,:
,,,,,,,,,,,,:,,,:
Inflation, son. Because of inflation.",299625,10399,1866,1937,178,,,,,,:,,,:
2024:11:07T13:39:35.000Z,IsabellaMWeber,False,False,"Polls: Inflation is #1 concern.,,,,,,,,:,,,:
,,,,,,,,,,,,:,,,:
Harris first economic policy proposal: Price gouging law for food.,,,,,,,,,,,,:,,,:
,,,,,,,,,,,,:,,,:
Most economists: This is price controls. (Me: No, it’s good policy.),,,,,,,,,,,:,,,:
,,,,,,,,,,,,:,,,:
Trump: This is Communist.,,,,,,,,,,,,:,,,:
,,,,,,,,,,,,:,,,:
Harris: Goes quiet.",226282,1959,73,436,210,,,,,,,:,,,:
2024:11:06T17:46:31.000Z,CryptoGodJohn,True,False,"I must say Trump winning the election has alot of people who have been watching crypto from the sidelines on notice ,,,,,,,,:,,,:
,,,,,,,,,,,,:,,,:
A lot of professional athletes that I know and big money people all trying to get back in ,,,,,,,,,,,,:,,,:
,,,,,,,,,,,,:,,,:
This is just the start",35826,771,173,66,7,,,,,,,:,,,:
2024:11:07T01:12:03.000Z,LizCrokin,True,False,"For those who don’t remember, the day after the Nov. 8, 2016 election that Trump won there were major riots and protests that broke out in 18 cities across the nation. ,,,,,,:,,,:
,,,,,,,,,,,,:,,,:
Did the George Soros money get seized?",220354,4195,195,1028,297,,,,,,,:,,,:
2024:11:06T14:21:50.000Z,Tausee_F,False,False,I’m pocket watching everybody that voted for Trump cause of the economy. Ya better not be broke still in 4 years cause I’m on that ass bitch,2155328,117205,485,19827,4010,,,:,,,:
2024:11:10T00:07:18.000Z,donlemon,True,False,"They want Trump because of the economy, right?",1463490,17264,3323,5443,3897,,:,,,:
