timestamp username icon:verified fact:checked text views likes replies reposts bookmarks   :   :            :   :
2024:11:13T05:28:54.000Z,amerix,True,False,"President Trump has picked Elon Musk and Vivek Ramaswamy to lead The Department of Government Efficiency (DOGE),,,,,,,,:,,,:
,,,,,,,,,,,,:,,,:
This department is tasked with ending wastage of taxpayers' money and draining the swamp.,,,,,,,,,,,,:,,,:
,,,,,,,,,,,,:,,,:
America has Vivek, Kenya has David Ndii.,,,,,,,,,,,:,,,:
,,,,,,,,,,,,:,,,:
Kenya is led by fools.",27303,959,110,379,22,,,,,,,:,,,:
2024:11:10T18:59:56.000Z,Jeremyybtc,True,False,"doge will be the biggest runner of this bull run,,,,,,,,:,,,:
,,,,,,,,,,,,:,,,:
elon musk publicly comes out as the co founder of dogecoin,,,,,,,,,,,,:,,,:
,,,,,,,,,,,,:,,,:
trump and elon both mentioned integrating dogecoin as a big part of america's economy,,,,,,,,,,,,:,,,:
,,,,,,,,,,,,:,,,:
1 $doge = $1",112526,748,92,132,29,,,,,,,:,,,:
2024:11:07T23:18:58.000Z,Cointelegraph,True,False," TRUMP: ""Soon [#Bitcoin] will be surpassing the entire market cap of silver and one day it probably will overtake gold.""",51204,1244,45,248,72,,,:,,,:
2024:11:12T15:58:44.000Z,SenatorLankford,True,False,"Next year, the Trump tax cuts are set to expire, and we must take action. Otherwise, Americans—including Oklahomans—could face tax hikes. We need to get to work to keep taxes low and support hardworking families.",23237,494,464,78,:,,,:
2024:11:06T12:39:19.000Z,bikhim,True,False,"I join President Lai in offering my congratulations to President Trump, VP:elect Vance, and the American people.  Looking forward building a strong Taiwan:US partnership, for freedom, peace, and economic prosperity.",110695,2914,:,463,41,:
2024:11:08T17:12:54.000Z,paularambles,True,False,the republicanism leaving tech bros’ bodies as soon as trump announces a 60% tariff on uniqlo,1528652,97791,55,4432,2409,,,:,,,:
2024:11:10T05:21:30.000Z,Poe_Ether,True,False,"FELLERS WE ARE GOING INTO A PRO CRYPTO GOVERNMENT ELECT ,,,,,,,,:,,,:
,,,,,,,,,,,,:,,,:
THE 47TH PRESIDENT TO BE,,,,,,,,,,,,:,,,:
,,,,,,,,,,,,:,,,:
DONALD J TRUMP,,,,,,,,,,,,:,,,:
,,,,,,,,,,,,:,,,:
HIS STOCK MARKET TICKER IS $DJT,,,,,,,,,,,,:,,,:
,,,,,,,,,,,,:,,,:
HIS SHIT COIN TICKER IS $DJT4700 #DJT4700",16768,224,157,100,25,,,,,,,:,,,:
2024:11:12T06:13:54.000Z,RajaBanks,True,False,"I have said it once, and I will say it again, Trump is the best thing to happen to the markets.,,,,,,:,,,:
,,,,,,,,,,,,:,,,:
Be prepared for the best market conditions for the next few years. I have done more in this month alone than what I did in the last 3 months combined !",34370,713,52,42,40,,,,,,,:,,,:
2024:11:12T22:49:51.000Z,RepJayapal,True,False,"In states that Trump won, we saw voters go to the ballot and approve measures to raise the minimum wage and require paid sick leave.,,,,,,,:,,,:
,,,,,,,,,,,,:,,,:
These are popular, populist ideas. Let’s get back to that economic agenda and fight to deliver for working families.",12946,135,88,33,3,,,,,,:,,,:
2024:11:11T20:53:13.000Z,treasonstickers,False,False,"Trump is dismantling the department of education for 4 reasons:,,,,,,,,:,,,:
,,,,,,,,,,,,:,,,:
1. Uneducated people vote for republicans,,,,,,,,,,,,:,,,:
,,,,,,,,,,,,:,,,:
2. To allow red states to white wash history,,,,,,,,,,,,:,,,:
,,,,,,,,,,,,:,,,:
3. To funnel tax dollars into private for:profit Christian schools that promote the patriarchy,,,,,,,,,,,,:,,,:
,,,,,,,,,,,,:,,,:
4. Project 2025 said to do it",1272249,55353,4961,11904,2386,,,,,,,:,,,:
2024:11:07T00:04:13.000Z,Ostrov_A,True,False,"A warning from President:elect #Trump to Hamas:,,,,,,,,:,,,:
,,,,,,,,,,,,:,,,:
""We want our hostages back and they better be back before I assume office, or you will be paying a very big price!"",,,,,,,,,,,:,,,:
,,,,,,,,,,,,:,,,:
There are still 4 American nationals being held captive in Gaza and the remains of 3 others.",24178,1029,39,237,29,,,,,,,:,,,:
2024:11:12T15:22:05.000Z,DixiDarlen,True,False,"It seems these entertainers that took money from the Kamala campaign to twerk, sing, dole out endorsements, whatever, were actually paid advertisements—if they didn’t disclose that— they broke federal law.",10935,605,17,:,11,,:
2024:11:07T21:17:35.000Z,PopBase,True,False,"Madonna addresses Donald Trump’s win, showing off a cake displaying the words ‘FUCK TRUMP’:,,,,,,,:,,,:
,,,,,,,,,,,,:,,,:
“Trying to get my head around why a convicted felon, rapist, Bigot was chosen to lead our country because he’s good for the economy?”",1206555,38103,531,3538,1034,,,,,:,,,:
2024:11:08T01:47:57.000Z,MarioNawfal,True,False,"MEXICO CRACKS DOWN ON MIGRANT CARAVANS AS 'TARIFF THREAT' RETURNS,,,,,,,,:,,,:
,,,,,,,,,,,,:,,,:
Following Trump’s return to the presidency, Mexican authorities are reportedly stepping up efforts to deter migrant caravans bound for the U.S. Border. ,,,,,,,,,,,:,,,:
,,,,,,,,,,,,:,,,:
With Trump reviving his previous threat of hefty",733398,9230,211,2601,1100,,,,,,,:,,,:
2024:11:07T18:30:02.000Z,MaxFlugrath,True,False,Trump won with voters in income brackets that will see the largest tax increases under his plan.,139782,3768,143,1227,361,,,:,,,:
2024:11:07T15:18:31.000Z,Yeahaboutthat3,True,False,"How Trump's Tariffs would work and how getting rid of the Income Tax would benefit you,,,,,,,,:,,,:
,,,,,,,,,,,,:,,,:
What would you do if your family kept an extra $15k : $30k annually?",2141808,39951,756,13980,17118,,,,,,,:,,,:
2024:11:08T22:43:12.000Z,TheThe1776,True,False,"This lady said she sees alot of Black women making videos talking down to Black men for voting Trump and she wants to thank all the Black men who voted for Trump because they voted for:,,,,,,,,:,,,:
◦Secure our borders, so women and children can be safe.,,,,,,,,,,,:,,,:
◦Strong economy, so women and",33419,1609,68,448,53,,,,,,:,,,:
2024:11:13T01:01:16.000Z,bryanrosswins,True,False,"IT’S OFFICIAL! Trump names Elon the official $SDOGE. I was told there’s a surprise coming at $3M market cap ,,,,,,,,:,,,:
,,,,,,,,,,,,:,,,:
E2WYCGJJtWBodVLy1NKcN8ve4UAtsJJBU2mdErbXxP8h",914,12,1,5,1,,,,,,,:,,,:
2024:11:08T18:27:10.000Z,FFT1776,True,False,"Notice how the World is cleaning up their act … ,,,,,,,,:,,,:
,,,,,,,,,,,,:,,,:
Hamas will fall in line.,,,,,,,,,,,,:,,,:
,,,,,,,,,,,,:,,,:
The hostages better be home before he assumes office or Hamas will pay a very big price. : Trump,,,,,,,,,,,,:,,,:
,,,,,,,,,,,,:,,,:
Chilling response in cheers",21691,909,31,291,25,,,,,,,:,,,:
2024:11:09T19:51:55.000Z,kbyrd2_,False,False,"Kamala literally said i will give yall a $6000 tax credit for the first year of your child’s life & $25,000 the first time you buy a home.,,,,,,,:,,,:
,,,,,,,,,,,,:,,,:
And people said Trump, who wants to lower taxes for the wealthiest earners, is going to make them rich again. You can’t make this up.",9414745,275492,18300,37509,11624,,,,,:,,,:
2024:11:13T00:45:30.000Z,realkarenjean,True,False,"BREAKING: PRESIDENT TRUMP ANNOUNCES AN END TO FUNDING MIGRANTS; MONEY TO HOUSE HOMELESS VETERANS!,,,,,,,,:,,,:
#TrumpVance2024",13504,2017,96,469,74,,,,,,,:,,,:
2024:08:25T17:53:38.000Z,BetterOff2024,True,False,"A reminder that Trump's only stated specific economic policy:,,,,,,,,:,,,:
,,,,,,,,,,,,:,,,:
Tariffs of 10:60% on *all* US imports that will fuel inflation across the board as consumers will naturally pay the difference for goods.,,,,,,,,,,,,:,,,:
,,,,,,,,,,,,:,,,:
Basically a #TrumpTax on all Americans.",34371,697,65,392,18,,,,,,,:,,,:
2024:11:10T00:00:00.000Z,DavidJHarrisJr,True,False,"Trump announces he'll provide immediate relief for millions of working Americans by capping credit card interest rates which are at an all:time high.,,,,,,,,:,,,:
,,,,,,,,,,,,:,,,:
I missed common sense economic policies like this!",32513,1383,22,196,27,,,,,,,:,,,:
