timestamp username icon:verified fact:checked text views likes replies reposts bookmarks   :   :            :   :
2024:11:13T05:28:54.000Z,amerix,True,False,"President Trump has picked Elon Musk and Vivek Ramaswamy to lead The Department of Government Efficiency (DOGE),,,,,,,,:,,,:
,,,,,,,,,,,,:,,,:
This department is tasked with ending wastage of taxpayers' money and draining the swamp.,,,,,,,,,,,,:,,,:
,,,,,,,,,,,,:,,,:
America has Vivek, Kenya has David Ndii.,,,,,,,,,,,:,,,:
,,,,,,,,,,,,:,,,:
Kenya is led by fools.",259149,5957,297,1919,208,,,,,,,:,,,:
2024:11:10T18:59:56.000Z,Jeremyybtc,True,False,"doge will be the biggest runner of this bull run,,,,,,,,:,,,:
,,,,,,,,,,,,:,,,:
elon musk publicly comes out as the co founder of dogecoin,,,,,,,,,,,,:,,,:
,,,,,,,,,,,,:,,,:
trump and elon both mentioned integrating dogecoin as a big part of america's economy,,,,,,,,,,,,:,,,:
,,,,,,,,,,,,:,,,:
1 $doge = $1",130474,810,95,143,37,,,,,,,:,,,:
2024:11:11T19:00:00.000Z,DavidJHarrisJr,True,False,"Trump announces that he is going to abolish the Department of Education and send the federal money to the states.,,,,,,,,:,,,:
,,,,,,,,,,,,:,,,:
This is great news for millions of American families!!",91421,3463,110,591,82,,,,,,,:,,,:
2024:11:12T15:58:44.000Z,SenatorLankford,True,False,"Next year, the Trump tax cuts are set to expire, and we must take action. Otherwise, Americans—including Oklahomans—could face tax hikes. We need to get to work to keep taxes low and support hardworking families.",27154,540,515,84,:,,,:
2024:11:10T20:01:28.000Z,JohnBasham,True,False,"FACT: EVERY CELEBRITY (Including Oprah) OR LEFT:WING PODCASTER Who Took Money From The ,,,,,,,,:,,,:
@KamalaHarris,,,,,,,,,,,,:,,,:
 Campaign AND DID NOT DISCLOSE THEY WERE A PAID POLITICAL ADVERTISEMENT, BROKE FEDERAL LAW!,,,,,,,,,,,:,,,:
Get A Lawyer Now!,,,,,,,,,,,,:,,,:
The Law Applies To Both Parties & A Trump DOJ MUST Investigate.",3150524,104347,1034,32244,5813,,,,,,,:,,,:
2024:11:13T20:43:03.000Z,stclairashley,True,False,"MY HEART IS SO FULL!,,,,,,,,:,,,:
,,,,,,,,,,,,:,,,:
Congrats to ,,,,,,,,,,,,:,,,:
@mattgaetz,,,,,,,,,,,,:,,,:
 on being nominated by President Trump for U.S. Attorney General,,,,,,,,,,,,:,,,:
,,,,,,,,,,,,:,,,:
Matt is an America First fighter who will give the swamp a run for their money. So so proud of you & Ginger, my dear friend! ",35489,1245,74,93,21,,,,,,:,,,:
2024:11:12T12:33:59.000Z,grantstern,True,False,"Trump wants to spend $88 billion deporting people and whole families, but this election is about economic anxiety.,,,,,,,:,,,:
,,,,,,,,,,,,:,,,:
Got it.",36730,2323,151,863,48,,,,,,,:,,,:
2024:11:13T20:11:24.000Z,greg_price11,True,False,"BREAKING: Tulsi Gabbard has been chosen by President Trump as Director of National Intelligence,,,,,,,,:,,,:
,,,,,,,,,,,,:,,,:
Incredible.",99036,3868,77,460,76,,,,,,,:,,,:
2024:11:10T14:55:29.000Z,TrumpWarRoom,True,False,"President Trump on his plan for mass deportations of criminal illegal aliens: ""When people have killed and murdered ... they're not staying here. There is no price tag.""",145652,3875,226,843,99,,,:,,,:
2024:11:07T02:11:36.000Z,CBSEveningNews,True,False,"Wall Street soared as investors bet on economic growth under a Trump presidency. The Dow surged over 1,500 points to record highs. Trump has proposed tariffs on all imported goods, cutting taxes and also promised to remove tax on tips, which could bring welcome relief for the",38161,44,25,21,:,,,:
2024:11:11T00:43:22.000Z,60Minutes,True,False,"“I voted for Donald Trump,” says Ronald Corales, citing his top issue as the economy.,,,,,,:,,,:
,,,,,,,,,,,,:,,,:
Latinos are 20% of the U.S. population and the fastest:growing community in Northampton County, Pennsylvania. https://cbsn.ws/4fnISic",123093,801,185,196,142,,,,,,:,,,:
2024:11:09T16:05:45.000Z,owenslindsay1,False,False,"There are many unknowns about exactly how a second Trump term will play out and precisely which types of chaos it will bring about. ,,,,,,,,:,,,:
,,,,,,,,,,,,:,,,:
One thing is certain: it will start with tax cuts for Musk and his billionaire boys club. My latest for ,,,,,,,,,,,,:,,,:
@RollingStone,,,,,,,,,,,,:,,,:
.",200518,1092,359,481,89,,,,,,,:,,,:
2024:11:06T10:48:34.000Z,Fidias0,True,False,What Trump's Victory Means For European Economy,87857,1892,179,237,394,,,:,,,:
2024:11:09T15:34:23.000Z,xMarketNews,True,False,"DEVELOPINGDONALD TRUMP ANNOUNCED HE’S GOING TO INVESTIGATE MARKET MANIPULATORS,,,,,,,,:,,,:
,,,,,,,,,,,,:,,,:
Can Ken Griffin be one of them? ,,,,,,,,,,,,:,,,:
,,,,,,,,,,,,:,,,:
“Ken Griffin was counting on trump losing the election and was going to naked short trump media into oblivion and never close.” $DJT $GME",61069,2001,93,586,64,,,,,,,:,,,:
2024:11:11T00:44:05.000Z,60Minutes,True,False,"“If Trump can really meet those promises—bring inflation down, make things more affordable, and make these families feel more financially secure—he's going to have an ally for probably several election cycles going forward,” says Leslie Sanchez. https://cbsn.ws/3YGVzNW",178622,730,215,192,:,,,:
2024:11:09T01:48:40.000Z,KristiNoem,True,False,"President Trump is going to do BIG things when he takes office, and he wants people around him with big vision to accomplish those goals for the American people.,,,,,,,:,,,:
,,,,,,,,,,,,:,,,:
His tax plan will absolutely unleash American growth.",52673,3013,93,404,28,,,,,,,:,,,:
2024:11:10T23:14:58.000Z,CryptoHayes,True,False,"Some of y'all don't believe Trump is about to trash the $ and print money. $BTC disagrees. Here is #Bitcoin leading vs. my new money supply indicator US Bank Credit. The market is speaking, listen up.,,,,,,,:,,,:
,,,,,,,,,,,,:,,,:
More explanation in my essay ""Black or White"" that drops tom.",152229,2116,154,205,284,,,,,,,:,,,:
2024:11:12T21:31:15.000Z,TrueJMitchell,True,False,"This lady says:Says the boom you felt during Donald Trump's first term was because of Obama, not Trump.,,,,,,,:,,,:
,,,,,,,,,,,,:,,,:
She goes on to say that the last 4 years of inflation and high prices are because of Donald Trump, not Biden.,,,,,,,,,,,:,,,:
,,,,,,,,,,,,:,,,:
Jeff brings the facts.",17402,442,65,245,44,,,,,,,:,,,:
2024:11:12T22:52:58.000Z,AP,True,False,A judge postponed a decision on whether to undo President:elect Donald Trump’s conviction in his hush money case as prosecutors consider how to proceed in light of last week's election.,103313,77,44,40,4,,,:,,,:
2024:11:13T18:04:01.000Z,piyushmittal,False,False,Trump’s promise of removing overtime tax is a scam like everything else he does,6069,317,18,133,60,,,:,,,:
2024:11:13T18:56:55.000Z,ImMeme0,True,False,"Delusional mother is begging for money for legal expenses, claiming in her propaganda that a Trump presidency will overturn same:sex marriage.",10279,83,79,22,3,,:,,,:
2024:11:11T18:25:24.000Z,kayleighmcenany,True,False,"THE TRUMP EFFECT,,,,,,,,:,,,:
,,,,,,,,,,,,:,,,:
In just a few days and before he is even President ,,,,,,,,,,,,:,,,:
,,,,,,,,,,,,:,,,:
 First female Chief of Staff appointed,,,,,,,,,,,,:,,,:
 Stock market hitting all:time:highs,,,,,,,,,,,,:,,,:
 Newest migrant caravan breaking up,,,,,,,,,,,,:,,,:
 NYC to stop giving debit cards to illegal immigrants,,,,,,,,,,,,:,,,:
 EU wants to buy US gas, not",803676,23180,460,4633,1641,,,,,,:,,,:
