timestamp username icon:verified fact:checked text views likes replies reposts bookmarks   :   :            :   :
2024:11:15T00:33:40.000Z,RonFilipkowski,True,False,"He said he was going to buy 55,000 Bibles with taxpayer money and force every public school teacher to teach from it. Now he’s holding a $60 Trump Bible for his official announcement. Christian Nationalist Grifting.",529409,16684,1155,3272,609,,:,,,:
2024:11:12T18:14:40.000Z,RolandForTexas,True,False,"Donald Trump’s border czar is ready to start mass deportations from day one, throwing our economy into chaos and ripping families apart.",15569,204,473,122,11,,:,,,:
2024:11:12T02:27:02.000Z,abcnews,True,False,"“Trump is waging a war on trade itself”: Malcolm Turnbull says if Anthony Albanese wants to protect Australia’s economic interests, he has to level directly with Donald Trump.,,,,,,,:,,,:
,,,,,,,,,,,,:,,,:
Catch up on #QandA on iview: https://ab.co/2E7R5d9",34090,113,128,30,16,,,,,,,:,,,:
2024:11:12T15:47:33.000Z,RealAmVoice,True,False,"CONVERSATIONS ARE NOT ALLOWED: Judge Merchon delayed the Trump immunity decision in the NY hush:money case. ""Now, he has to declare a mistrial. No need for another delay. Does he really think he's going to send President:Elect Trump to Rikers?"",,,,,,,:,,,:
@mrddmia,,,,,,,,,,,,:,,,:
 @Bannons_WarRoom,,,,,,,,,,,,:,,,:
 #WarRoom",27965,686,20,275,31,,,,,,,:,,,:
2024:11:15T18:22:00.000Z,RepTenney,True,False,". ,,,,,,,,:,,,:
@HouseGOP,,,,,,,,,,,,:,,,:
 is committed to working with President Trump to implement his America First agenda.,,,,,,,,,,,,:,,,:
,,,,,,,,,,,,:,,,:
This includes preserving and expanding the important Tax Cuts and Jobs Act to lower taxes for hardworking Americans!",7695,118,15,31,1,,,,,,,:,,,:
2024:11:12T15:37:09.000Z,Bubblebathgirl,True,False,"Even if the hush money case against Trump gets dismissed, that doesn’t mean the lawfare against him is forgotten.,,,,,,,:,,,:
,,,,,,,,,,,,:,,,:
Our government, DAs, and judges abused our judicial system in order to interfere in the 2024 presidential election.,,,,,,,,,,:,,,:
,,,,,,,,,,,,:,,,:
They need to face legal consequences.",16380,1850,53,718,14,,,,,,,:,,,:
2024:11:13T11:32:02.000Z,CharlieKNews,True,False,"DO YOU THINK PRESIDENT TRUMP IS RIGHT TO SAY SENIORS SHOULDN’T PAY TAX ON SOCIAL SECURITY?,,,,,,,,:,,,:
,,,,,,,,,,,,:,,,:
A. YES,,,,,,,,,,,,:,,,:
B. NO",799474,51911,25301,4083,157,,,,,,,:,,,:
2024:11:09T16:05:45.000Z,owenslindsay1,False,False,"There are many unknowns about exactly how a second Trump term will play out and precisely which types of chaos it will bring about. ,,,,,,,,:,,,:
,,,,,,,,,,,,:,,,:
One thing is certain: it will start with tax cuts for Musk and his billionaire boys club. My latest for ,,,,,,,,,,,,:,,,:
@RollingStone,,,,,,,,,,,,:,,,:
.",221832,1090,430,497,89,,,,,,,:,,,:
2024:11:11T18:15:12.000Z,KristiNoem,True,False,"The American people know how to spend their own money. By eliminating government waste and focusing federal spending on the core functions of government, President Trump will deal with the debt and unleash economic growth. That’s what we did in South Dakota!",151200,3304,237,541,65,,:,,,:
2024:11:14T01:14:12.000Z,jcokechukwu,True,False,"By the way, here’s Tulsi, Trump’s pick for DNI (Director of National Intelligence), exposing the Ukrainian bio labs and wandering why American money would go to shady, dirty ventures like bio labs in Ukraine and China and elsewhere, from where COVID and other designer diseases",14283,503,:,348,65,:
2024:11:11T17:29:14.000Z,cturnbull1968,True,False,"The reason Trump wants to eliminate the Department of Education, has nothing to do with improving education. Their $280B budget will help offset his corporate tax cuts. ,,,,,,,:,,,:
,,,,,,,,,,,,:,,,:
States will make up the difference via higher property and sales taxes, as well as education budget cuts.",78927,1257,150,636,170,,,,,,:,,,:
2024:11:14T23:21:06.000Z,Barchart,True,False,President Donald Trump proposes eliminating capital gains tax on U.S.:made cryptocurrencies ,56348,539,34,127,52,,,:,,,:
2024:11:07T23:00:02.000Z,DineshDSouza,True,False,"Stock Market Soars, US Dollar Surges Following Trump Victory",35825,1119,29,161,6,,:,,,:
2024:11:13T13:30:00.000Z,profstonge,True,False,"Can Trump fire Jerome Powell?,,,,,,,,:,,,:
,,,,,,,,,,,,:,,,:
Powell says no — the Fed can ignore Trump just like it ignores Congress.,,,,,,,,,,,,:,,,:
,,,,,,,,,,,,:,,,:
If our economic overlords really are independent of voters, we are living under occupation.",224059,3637,190,1129,287,,,,,,:,,,:
2024:11:11T03:09:54.000Z,FoxNews,True,False,"FULL SPEED AHEAD: Tesla CEO Elon Musk endorsed Trump's bid to return to the White House and was a prominent financial backer of his campaign, which helped send Tesla’s market value above the $1 trillion mark after a rally on Friday. https://trib.al/q1hHGXb",129013,2408,125,287,22,,:,,,:
2024:11:13T22:26:34.000Z,DefiyantlyFree,True,False,". ,,,,,,,,:,,,:
@BillAckman,,,,,,,,,,,,:,,,:
 discusses the potential economic boom due to a second Trump term and how even investors who didn’t vote for Trump are excited.",1412294,9435,302,1757,557,,,,,,,:,,,:
2024:11:08T18:39:43.000Z,emilyraustin,True,False,"The last 48 hours consisted of:,,,,,,,,:,,,:
: Stock market  ,,,,,,,,,,,,:,,,:
: China wanting peace,,,,,,,,,,,,:,,,:
: Hamas wanting to end the war,,,,,,,,,,,,:,,,:
: Putin ready for peace negotiations,,,,,,,,,,,,:,,,:
: Qatar kicking out Hamas ,,,,,,,,,,,,:,,,:
,,,,,,,,,,,,:,,,:
The Trump effect ~ Peace through Strength  ",63033,824,40,140,45,,,,,,,:,,,:
2024:11:07T15:18:31.000Z,Yeahaboutthat3,True,False,"How Trump's Tariffs would work and how getting rid of the Income Tax would benefit you,,,,,,,,:,,,:
,,,,,,,,,,,,:,,,:
What would you do if your family kept an extra $15k : $30k annually?",2148525,39923,755,13972,17072,,,,,,,:,,,:
2024:11:09T21:20:54.000Z,RogerJStoneJr,True,False,"Black people, Hispanics —really ALL PEOPLE— want the same thing: economic  opportunity, safe neighborhoods, low gas and food prices…,,,,,:,,,:
,,,,,,,,,,,,:,,,:
They realize Trump brought us those things before and that he could bring them AGAIN.,,,,,,,,,,,,:,,,:
,,,,,,,,,,,,:,,,:
They voted for Trump bc they trust him with their future!",160208,1350,68,259,41,,,,,,,:,,,:
2024:11:15T16:57:29.000Z,Gujjar205,True,False,"Donald Trump: A polarizing figure in American politics, whose presidency sparked both fervent support and intense opposition. Whether you agree or disagree, his impact on global politics, the economy, and social discourse is undeniable.,,,,:,,,:
#DonaldTrump,,,,,,,,,,,,:,,,:
#مطالبہ_ایک_خان_کی_رہائی",0,59,60,17,287,,,,,,,:,,,:
2024:11:12T16:18:57.000Z,greg_price11,True,False,"The FEMA official who was just fired for telling workers to avoid homes impacted by the hurricanes in Florida if they had Trump signs says that it was not ""isolated"" and that FEMA workers were instructed to do it in the Carolinas too.",3246942,19817,1565,7995,3045,,,:,,,:
