timestamp username icon:verified fact:checked text views likes replies reposts bookmarks   :   :            :   :
2024:11:02T08:10:54.000Z,mollie_don,True,False,"Trump's economic policies, including tariffs, tax cuts, and immigration control, aim to address inflation and stimulate economic growth. Supporters believe his straightforward approach could eliminate bureaucratic hurdles and stimulate immediate economic activity.,,,,:,,,:
,,,,,,,,,,,,:,,,:
If we want to",8878,271,14,208,3,,,,,,,:,,,:
2024:11:17T19:28:02.000Z,TrumpjrJohn,True,False,"I'm printing money with #Memecoins. ,,,,,,,,:,,,:
,,,,,,,,,,,,:,,,:
If you see this, like, retweet, and follow.,,,,,,,,,:,,,:
,,,,,,,,,,,,:,,,:
I might just change your life.",103672,611,228,350,22,,,,,,,:,,,:
2024:11:19T19:59:50.000Z,MJTruthUltra,True,False,"KABOOM! ,,,,,,,,:,,,:
,,,,,,,,,,,,:,,,:
Trump just announced that Howard Lutnick will be Commerce Secretary  ,,,,,,,,,,,,:,,,:
,,,,,,,,,,,,:,,,:
Do you have any idea how big this is? ,,,,,,,,,,,,:,,,:
,,,,,,,,,,,,:,,,:
Lutnick speaks about eliminating income tax and fund the government solely on tariffs… just like Trump has been hinting at.. read the below thread.",106055,3729,49,1333,354,,,,,,,:,,,:
2024:11:19T14:07:54.000Z,GlockfordFiles,True,False,"Glitch McConnell and his RINO friends are doing everything they can to stop Matt Gaetz from becoming AG. ,,,,,,,,:,,,:
,,,,,,,,,,,,:,,,:
This only proves that Matt is the right guy for the job.,,,,,,,,,,,,:,,,:
,,,,,,,,,,,,:,,,:
My money is on Trump and Gaetz not the failing and desperate RINOs.",7438,250,56,146,4,,,,,,,:,,,:
2024:11:14T13:00:00.000Z,brutamerica,True,False,"Trump’s proposals for the economy are sparking debates. But economists warn his tariffs could lead to higher prices for consumers, and his tax cuts might mainly benefit the wealthy. ,,,,,,,:,,,:
#ElectionEconomics #Trump2024 #EconomicPolicy",0,3,1,1,200,,,,,,,:,,,:
2024:11:19T17:18:42.000Z,elisa1121,True,False,"Kamala paid DIDDY PARTY CELEBRITIES MILLIONS for endorsements but didn’t pay her staffers.,,,,,,,,:,,,:
,,,,,,,,,,,,:,,,:
Biden is a lame duck, but is ESCALATING  WORLD WAR III with Russia. ,,,,,,,,,,,:,,,:
,,,,,,,,,,,,:,,,:
Harris Dems caused INFLATION & ILLEGAL IMMIGRATION. ,,,,,,,,,,,,:,,,:
,,,,,,,,,,,,:,,,:
But the left is MAD AT TRUMP? ,,,,,,,,,,,,:,,,:
,,,,,,,,,,,,:,,,:
This is why they’ll keep losing!",0,72,3,29,860,,,,,,,:,,,:
2024:11:19T19:08:24.000Z,ABC,True,False,Prosecutors with the Manhattan DA’s office said they would oppose President:elect Trump’s attempt to dismiss his criminal conviction in New York but told the judge they do not object to pausing the case. https://abcnews.visitlink.me/6GZiX4,24186,27,20,12,3,,,:,,,:
2024:11:11T21:01:02.000Z,CNBCClosingBell,True,False,"#Tesla popping again today, with the stock seeing a more than 40% gain since the election. ,,,,,,,:,,,:
@DivesTech,,,,,,,,,,,,:,,,:
, who is raising his price target to $400 from $300, calls president:elect Trump's victory a ""game changer"" for Tesla:",401821,303,24,86,33,,,,,:,,,:
2024:11:19T15:39:32.000Z,EricLDaugh,True,False," BREAKING: Trump has selected Howard Lutnick as his Commerce Secretary : Punchbowl News,,,,,,,,:,,,:
,,,,,,,,,,,,:,,,:
Lutnick SUPPORTS Trump's efforts to bring companies back to the USA.,,,,,,,,,,,,:,,,:
,,,,,,,,,,,,:,,,:
,,,,,,,,,,,,:,,,:
,,,,,,,,,,,,:,,,:
""Come to America, build in America."",,,,,,,,,,,:,,,:
,,,,,,,,,,,,:,,,:
""Put a tariff out, and say to the company : if you come to America and you",151511,3050,71,675,142,,,,,,:,,,:
2024:11:14T02:09:16.000Z,JasonMiller,True,False,"President Trump: ,,,,,,,,:,,,:
,,,,,,,,,,,,:,,,:
I want to Make America Great Again by fixing our economy for everyone, securing our border, making our streets safe, and bringing peace back to the world…and I’m going to hire good people to get it done!,,,,,,,,,:,,,:
,,,,,,,,,,,,:,,,:
The few remaining holdouts on the extreme left:",19875,669,33,137,4,,,,,,,:,,,:
2024:11:13T12:06:53.000Z,GoPlusSecurity,True,False,"GoPlus Alert,,,,,,,,:,,,:
,,,,,,,,,,,,:,,,:
Recently,  ,,,,,,,,,,,:,,,:
@Cointelegraph,,,,,,,,,,,,:,,,:
  published the false information that ""Trump is the largest holder of $PNUT "".,,,,,,,,,,,,:,,,:
,,,,,,,,,,,,:,,,:
Please be cautious in the bull market and carefully verify the information released by media outlets and KOLs to avoid falling victim to copycat projects,",31565,961,30,4773,1,,,,,,:,,,:
2024:11:19T15:41:21.000Z,WallStreetApes,True,False,"Republican RINOs want to release bogus ethics reports to discredit Donald Trump’s picks and Attorney General Matt Gaetz,,,,,,,,:,,,:
,,,,,,,,,,,,:,,,:
These same reps refuse to release the records on “Congress has paid over $17 million in hush money for sexual misconduct”,,,,,,,,,,,,:,,,:
,,,,,,,,,,,,:,,,:
That’s a secret they can keep, “Who",26499,2318,84,1285,178,,,,,,:,,,:
2024:11:18T15:52:47.000Z,patrickbetdavid,True,False,"Capitalism is FORCING MSNBC to set their egos aside and meet with Trump.  ,,,,,,,,:,,,:
,,,,,,,,,,,,:,,,:
If they don’t, they’re DONE.  ,,,,,,,,,,,:,,,:
,,,,,,,,,,,,:,,,:
The market has spoken and they’re sick of their fear porn.  ,,,,,,,,,,,,:,,,:
,,,,,,,,,,,,:,,,:
Good on them to meet with Trump.  ,,,,,,,,,,,,:,,,:
Good on Trump for accepting their offer.",411106,7397,846,879,529,,,,,,,:,,,:
2024:11:12T00:45:45.000Z,William_E_Wolfe,True,False,"Trump commits to shutting down the Department of Education! ,,,,,,,,:,,,:
,,,,,,,,,,,,:,,,:
This, combined with his tax credits for homeschooling families, could revolutionize education in America.",25941,762,33,101,20,,,,,:,,,:
2024:11:11T14:11:03.000Z,DC_Draino,True,False,"The Visa/MC credit card monopoly has put Americans into excessive debt with usurious interest rates at 25%+,,,,,,,,:,,,:
,,,,,,,,,,,,:,,,:
President Trump wants a 10% cap on all credit card interest rates,,,,,,,,,,,,:,,,:
,,,,,,,,,,,,:,,,:
JD Vance co:sponsored the Credit Card Competition act which fights the 2:4% hidden tax you pay every",5523823,88975,2026,21072,5485,,,,,,,:,,,:
2024:11:18T23:29:07.000Z,Rachel4Trump_45,True,False,"Georgia needs to throw her in jail for illegal use of taxpayer money, lying under oath, and misuse of government power.",7680,460,23,290,4,:,,,:
2024:11:15T01:11:20.000Z,RealAmVoice,True,False,"""I'D LIKE TO SEE $2 GASOLINE, ZERO INFLATION, THE BORDER CLOSED, AND TO DEPORT ALL OF THE CRIMINALS AND THE TERRORISTS!"" ,,,,,:,,,:
@larry_kudlow,,,,,,,,,,,,:,,,:
 is only asking for a few things of the Trump Administration as they take back the White House in 2025. ,,,,,,,,,,,,:,,,:
@A1Policy",22814,808,6,206,33,,,,,,,:,,,:
2024:11:16T16:30:14.000Z,RBReich,False,False,"Trump’s team claimed that their tax cuts would boost household income by $4,000.,,,,,,,:,,,:
,,,,,,,,,,,,:,,,:
But research shows that the lowest paid workers saw no change in earnings. Meanwhile, exec salaries increased sharply.,,,,,,,,,,,:,,,:
,,,,,,,,,,,,:,,,:
Trump and Republicans want to double down on yet another trickle:down scam.",51262,2040,223,1224,99,,,,,,,:,,,:
2024:11:11T17:29:14.000Z,cturnbull1968,True,False,"The reason Trump wants to eliminate the Department of Education, has nothing to do with improving education. Their $280B budget will help offset his corporate tax cuts. ,,,,,,,:,,,:
,,,,,,,,,,,,:,,,:
States will make up the difference via higher property and sales taxes, as well as education budget cuts.",79088,1227,150,634,168,,,,,,:,,,:
2024:11:15T16:39:33.000Z,WSJ,True,False,Donald Trump is considering tapping Fox Business Network host Larry Kudlow for a senior economic policy role in his administration,50855,81,18,36,2,,,:,,,:
2024:11:15T00:35:00.000Z,its_The_Dr,True,False,DO YOU THINK PRESIDENT TRUMP IS RIGHT TO SAY SENIORS SHOULDN’T PAY TAX ON SOCIAL SECURITY?,21583,1871,264,243,10,,,:,,,:
2024:11:13T00:58:48.000Z,RealAlexJones,True,False,"Trump's Plan To Outlaw Credit Card Companies Charging Above 10% Will SUPERCHARGE The Economy Says Respected Economist,,,,,,,,:,,,:
@kirkelliottphd,,,,,,,,,,,,:,,,:
Watch/Share the LIVE SHOW here:,,,,,,,,,,,,:,,,:
https://x.com/i/broadcasts/1mrxmMZPykMxy…",793303,19266,397,4205,651,,,,,,,:,,,:
2024:08:25T17:53:38.000Z,BetterOff2024,True,False,"A reminder that Trump's only stated specific economic policy:,,,,,,,,:,,,:
,,,,,,,,,,,,:,,,:
Tariffs of 10:60% on *all* US imports that will fuel inflation across the board as consumers will naturally pay the difference for goods.,,,,,,,,,,,,:,,,:
,,,,,,,,,,,,:,,,:
Basically a #TrumpTax on all Americans.",34387,631,65,390,17,,,,,,,:,,,:
