timestamp username icon:verified fact:checked text views likes replies reposts bookmarks   :   :            :   :
2024:11:10T18:59:56.000Z,Jeremyybtc,True,False,"doge will be the biggest runner of this bull run,,,,,,,,:,,,:
,,,,,,,,,,,,:,,,:
elon musk publicly comes out as the co founder of dogecoin,,,,,,,,,,,,:,,,:
,,,,,,,,,,,,:,,,:
trump and elon both mentioned integrating dogecoin as a big part of america's economy,,,,,,,,,,,,:,,,:
,,,,,,,,,,,,:,,,:
1 $doge = $1",33598,313,68,57,11,,,,,,,:,,,:
2024:11:07T23:18:58.000Z,Cointelegraph,True,False," TRUMP: ""Soon [#Bitcoin] will be surpassing the entire market cap of silver and one day it probably will overtake gold.""",48543,1234,43,246,70,,,:,,,:
2024:11:10T22:15:32.000Z,RickyDoggin,True,False,"Trump: ""One of the most urgent tasks... is to decisively defeat the climate hysteria hoax."",,,,,,,,:,,,:
,,,,,,,,,,,,:,,,:
""The radical left's fearmongering about climate and our future is... destroying America's economy, weakening our society, and eviscerating our middle class. It's really hurting us."",,,,,,,,,,:,,,:
,,,,,,,,,,,,:,,,:
""We",4716,239,7,78,7,,,,,,,:,,,:
2024:11:09T03:41:40.000Z,saras76,True,False,"Trump plans to redirect the money being spent on Ukraine towards a nationwide initiative to get the homeless off the streets in America. ,,,,,,,,:,,,:
,,,,,,,,,,,,:,,,:
How can anybody be against this? ,,,,,,,,,,,,:,,,:
This is amazing. ,,,,,,,,,,,,:,,,:
America FIRST.",52908,3010,125,693,144,,,,,,,:,,,:
2024:11:10T17:05:26.000Z,NowPammsy,True,False,"This is the most infuriating thing I’ve seen today! More of our taxpayer money going not to help us Americans, but Ukraine to enrich the warmongers! A slap in our faces! I wonder if it’s the last one?? We can hope! Trump will stop the money grift & war!",7987,205,15,120,10,,:,,,:
2024:11:06T15:22:41.000Z,MarinaPurkiss,True,False,"For every fool that thinks Trump will be good for the economy…,,,,,,,,:,,,:
,,,,,,,,,,,,:,,,:
You’re in for one hell of a shock.",5725813,110681,9796,24050,17730,,,,,,,:,,,:
2024:11:06T05:13:06.000Z,Ashcryptoreal,True,False,"Trump is winning US elections. ,,,,,,,,:,,,:
,,,,,,,,,,,,:,,,:
Bitcoin is going to $100,000,,,,,,,,,,,:,,,:
,,,,,,,,,,,,:,,,:
Massive Bull market is coming.,,,,,,,,,,,,:,,,:
,,,,,,,,,,,,:,,,:
FUCK ALL THE BEARS",110463,3177,340,441,33,,,,,,,:,,,:
2024:11:09T21:40:34.000Z,TimOBrien,True,False,"Trump hasn’t and won’t do a thing that benefits working class and middle class Americans. But those voters bought Trump’s carny act. Because, indeed, it’s the economy, stupid:",78599,2665,362,1007,:,,,:
2024:11:09T15:36:17.000Z,maddenifico,True,False,"It's already started. In anticipation of Trump's draconian tariff policy, companies are firing workers. ",382740,10448,889,3453,1331,,:,,,:
2024:11:06T15:07:26.000Z,jamieclimate,False,False,"Biden should go all out on climate for the next 75 days. ,,,,,,,,:,,,:
,,,,,,,,,,,,:,,,:
Declare a climate emergency. Get all the IRA money out the door. Permit new transmission lines. Stop new LNG exports. Ban drilling on public lands. ,,,,,,,,,,,,:,,,:
,,,,,,,,,,,,:,,,:
Make a mountain of progress for Trump to try and undo.",210892,8947,470,1842,237,,,,,,,:,,,:
2024:11:10T20:00:59.000Z,Martyupnorth_2,True,False,"There's no carbon tax in the U.S.A, which makes their businesses more competitive than ours.  And now Trump's going to drop their small business tax to 15%.  We're above 30%.",22222,1228,80,341,10,,:,,,:
2024:11:10T23:31:20.000Z,JavonAPrice,True,False,President Trump won a THIRD of non:white voters and Democrats are still arguing that “racism” is the reason he won,4123,248,5,35,7,,,:,,,:
2024:11:06T21:23:58.000Z,taradublinrocks,True,False,"Bookmark this tweet,,,,,,,,:,,,:
,,,,,,,,,,,,:,,,:
When Trump left office, inflation was 6.7%,,,,,,,,,,,:,,,:
Today, it's 2.4%,,,,,,,,,,,:,,,:
,,,,,,,,,,,,:,,,:
Come back in one year and see where it is.,,,,,,,,,,,,:,,,:
,,,,,,,,,,,,:,,,:
YOU FUCKERS.,,,,,,,,,,,,:,,,:
,,,,,,,,,,,,:,,,:
#TrumpWillEndAmerica",23605,1222,35,372,333,,,,,,,:,,,:
2024:11:11T09:05:38.000Z,BGatesIsaPyscho,True,False,"“I don’t want their money, I don’t need their money”,,,,,,,:,,,:
,,,,,,,,,,,,:,,,:
If you’re still wondering how Trump won, it’s because he not controlled, compromised or blackmailed by The Deep State.",12868,717,18,188,42,,,,,:,,,:
2024:11:08T13:53:48.000Z,Web3Pikachu,True,False," Breaking News This Week ,,,,,,,,:,,,:
,,,,,,,,,,,,:,,,:
#Trump won the election, and Giga ignited the market to start the true bull run!,,,,,,,,,,,:,,,:
,,,,,,,,,,,,:,,,:
2.11 billion dollars flowed into the Bitcoin market.,,,,,,,,,,,,:,,,:
,,,,,,,,,,,,:,,,:
The FOMC cut rates by 0.25% yesterday.,,,,,,,,,,,,:,,,:
,,,,,,,,,,,,:,,,:
And $Brump ($Brett Trump) became the first president of the #basechain.",33126,606,319,61,8,,,,,,,:,,,:
2024:11:07T03:57:28.000Z,AltcoinDailyio,True,False,"""First market I saw move was Bitcoin"",,,,,,,,:,,,:
,,,,,,,,,,,,:,,,:
Kevin O'Leary reacts to Trump victory:",95586,1628,61,159,79,,,,,,,:,,,:
2024:11:10T14:55:29.000Z,TrumpWarRoom,True,False,"President Trump on his plan for mass deportations of criminal illegal aliens: ""When people have killed and murdered ... they're not staying here. There is no price tag.""",127427,3628,216,787,96,,,:,,,:
2024:11:08T17:12:54.000Z,paularambles,True,False,the republicanism leaving tech bros’ bodies as soon as trump announces a 60% tariff on uniqlo,1517915,97795,54,4418,2412,,,:,,,:
2024:11:08T14:15:40.000Z,natbrunell,True,False,"This interview surpassed 300k views on YouTube in less than 24 hours. Many of you are requesting it in full here on X so here it is.,,,,,,,,:,,,:
,,,,,,,,,,,,:,,,:
Col. ,,,,,,,,,,,,:,,,:
@DougAMacgregor,,,,,,,,,,,,:,,,:
 weighs in on Trump vs. the deep state bureaucracy, the debt:loaded economy, Bitcoin, gold & threat of global war.,,,,,,,,,:,,,:
,,,,,,,,,,,,:,,,:
Timecodes:",123387,1356,68,364,551,,,,,,,:,,,:
2024:11:09T10:39:44.000Z,TulsiGabbard,True,False,"This election result is a mandate. It rejects the neocons’ agenda of costly, unnecessary wars and embraces Trump’s promise to end wars, prevent global conflicts, revive our economy, and lower the cost of living for Americans. Entrenched politicians in Washington must take notice,",1604827,76513,:,12422,2092,:
