timestamp username icon:verified fact:checked text views likes replies reposts bookmarks   :   :            :   :
2024:11:10T23:46:08.000Z,DarrigoMelanie,True,False,"Trump's 10 point plan for education:,,,,,,,,:,,,:
,,,,,,,,,,,,:,,,:
: eliminate the Dept. of Education,,,,,,,,,,,,:,,,:
: cut federal funding,,,,,,,,,,,,:,,,:
: promote Christian Nationalism,,,,,,,,,,,,:,,,:
: attack teacher's unions,,,,,,,,,,,,:,,,:
: give public money to for:profit private schools,,,,,,,,,,,,:,,,:
,,,,,,,,,,,,:,,,:
He warned us, and you voted for him anyway.",7487577,64893,7764,12409,8875,,,,,,:,,,:
2024:11:10T14:59:18.000Z,GuntherEagleman,True,False,"A NBC hack tried to corner Trump on the cost of deporting millions of criminal aliens.,,,,,,,,:,,,:
,,,,,,,,,,,,:,,,:
Trump handled it perfectly:,,,,,,,,,,,,:,,,:
“We have NO choice when people have k*lled and m*rdered. They’re not staying here. There is NO price tag.”,,,,,,,,,,,,:,,,:
,,,,,,,,,,,,:,,,:
They ALL have to go back!",1662844,36515,1015,6344,634,,,,,,,:,,,:
2024:11:11T13:05:59.000Z,BitcoinPierre,True,False,"Trump should issue an Executive Order to exempt BTC from capital gains taxes within the first 100 days of his presidency.,,,,,,,,:,,,:
,,,,,,,,,,,,:,,,:
Bring all that money back to the United States and grow the economy.",37544,2026,74,249,21,,,,,,,:,,,:
2024:11:10T14:37:24.000Z,maddenifico,True,False,"Once again, Trump is going to fuck:up an American economy that is  the ""envy of the world,"" due to President Biden's economic policies.",57212,3515,116,1146,344,:,,,:
2024:11:11T16:38:23.000Z,beautyofhelin,True,False,"Yo, I’ve jumped into ,,,,,,,:,,,:
@TrumpEffectERC,,,,,,,,,,,,:,,,:
, and this thing’s got serious potential! ,,,,,,,,,,,:,,,:
,,,,,,,,,,,,:,,,:
Trump’s win, Bitcoin rocketing to $84k... ,,,,,,,,,,,:,,,:
,,,,,,,,,,,,:,,,:
#TrumpEffect69420 is that next:level play, blending Trump’s market vibes with the iconic meme energy of ""69420."" ,,,,,,,,,,,:,,,:
,,,,,,,,,,,,:,,,:
Shoutout to the Elon:inspired",8193,42,13,9,8,,,,,,,:,,,:
2024:11:05T19:15:24.000Z,itsstilltru,False,False,"“trump will be better for the economy”,,,,,,,,:,,,:
,,,,,,,,,,,,:,,,:
niggaa door dash been your main source of income for about 2 years now the economy got nothing to do with you",4195022,234192,928,19744,4625,,,,,,,:,,,:
2024:11:06T20:50:53.000Z,derekjjohnson,False,False,"Why was Elon Musk willing to spend $119M on electing Trump? Just look at Tesla stock today. He’s $15B richer because of the bump.,,,,,,,,:,,,:
,,,,,,,,,,,,:,,,:
That’s a 12,600% return on investment.,,,,,,,,,,,:,,,:
,,,,,,,,,,,,:,,,:
This is all about the buying and selling of a presidency. Most elections are, this one is just nakedly so.",58184,4994,85,2002,134,,,,,,:,,,:
2024:11:11T17:37:22.000Z,iealondon,True,False," What will Donald Trump's 2nd term mean for the economy?,,,,,,,,:,,,:
,,,,,,,,,,,,:,,,:
 ,,,,,,,,,,,,:,,,:
@ReemAmirIbrahim,,,,,,,,,,,,:,,,:
: ""Tariffs create a lose:lose situation by shrinking economic activity.""",0,5,1,2,852,,,,,,,:,,,:
2024:11:07T21:17:38.000Z,SeibtNaomi,True,False,"GERMAN TYRANNY FALLS : THANKS TO TRUMP AND X!,,,,,,,,:,,,:
,,,,,,,,,,,,:,,,:
The German government is imploding because the far:left establishment refuses to change its disastrous economic policies.,,,,,,,,,,,,:,,,:
,,,,,,,,,,,,:,,,:
Trump’s victory EXPOSED that we have been lied to by our tax:funded media. ,,,,,,,,,,,,:,,,:
,,,,,,,,,,,,:,,,:
We want the tyranny to END!",1438676,43109,1735,9505,3324,,,,,,,:,,,:
2024:11:11T14:20:40.000Z,MAGA__Patriot,True,False,We must NEVER FORGET the high price paid for the freedom we enjoy. Thank you Veterans! ,6628,418,23,238,6,,,:,,,:
2024:11:09T21:40:34.000Z,TimOBrien,True,False,"Trump hasn’t and won’t do a thing that benefits working class and middle class Americans. But those voters bought Trump’s carny act. Because, indeed, it’s the economy, stupid:",79072,2676,362,1012,:,,,:
2024:11:06T18:25:54.000Z,aly_rendon,False,False,saying i voted for trump because he’s better for the economy when you’re posting your cash app on your story for your birthday is insane,529088,36339,88,4480,468,,,:,,,:
2024:11:07T23:55:56.000Z,worqas,True,False,"Funny thing is that this guy takes money from the hard working American taxpayer, works for an institution that claims to promote democracy & is thanking the Pakistani military for saving the country from democracy, unlike in the US. If Trump needs to defund anything, it's him.",42750,2106,41,791,:,,,:
2024:11:09T02:06:18.000Z,AbbyJohnson,True,False,This talking point coming from the left that Trump won because “a bunch of uneducated people” is ridiculous. It doesn’t take a college degree to see that the Biden economy sucked. It doesn’t take four years at Harvard to see the utter failure of Democrat policies in Democrat run,7184,363,26,79,5,,,:,,,:
2024:11:09T10:39:44.000Z,TulsiGabbard,True,False,"This election result is a mandate. It rejects the neocons’ agenda of costly, unnecessary wars and embraces Trump’s promise to end wars, prevent global conflicts, revive our economy, and lower the cost of living for Americans. Entrenched politicians in Washington must take notice,",1617387,76778,:,12471,2099,:
2024:11:06T14:26:43.000Z,AzatAlsalim,True,False,"When Donald Trump threatened Hamas:,,,,,,,,:,,,:
,,,,,,,,,,,,:,,,:
“We want our hostages back.  And they better be back before I assume office, or you will be paying a very big price.”,,,,,,,,,,,:,,,:
,,,,,,,,,,,,:,,,:
Hamas is going to pay a big price!",95050,2230,54,588,121,,,,,,,:,,,:
2024:11:11T14:53:35.000Z,proxcee,True,False,"Liberals: ""Where is Donald Trump going to get the money to deport all illegal aliens?"",,,,,,,,:,,,:
,,,,,,,,,,,,:,,,:
A:  Let's start with the monthly balances on the debit cards that Democrats gave them when they crossed the border illegally. ",0,216,19,76,1669,,,,,,,:,,,:
2024:11:10T21:54:51.000Z,Lancegooden,True,False,"Democratic governors are trying to ""Trump:proof"" their states from:,,,,,,,,:,,,:
,,,,,,,,,,,,:,,,:
: Secure borders,,,,,,,,,,,,:,,,:
: Law and order,,,,,,,,,,,,:,,,:
: Energy independence,,,,,,,,,,,,:,,,:
: Low inflation,,,,,,,,,,,,:,,,:
,,,,,,,,,,,,:,,,:
Democrats would rather oppose President Trump than allow their citizens to be put first again.",14418,426,32,122,5,,,,,,,:,,,:
2024:11:07T00:29:41.000Z,JoshuaBHoe,True,False,"3 out of 4 people whose biggest concern was the economy voted for Trump  ,,,,,,,,:,,,:
,,,,,,,,,,,,:,,,:
Some have even called it an inflation election  ,,,,,,,,,,,,:,,,:
Trump's policies are:  ,,,,,,,,,,,,:,,,:
,,,,,,,,,,,,:,,,:
* Inflationary Tariffs   ,,,,,,,,,,,,:,,,:
* Deportations, which are inflationary,,,,,,,,,,,:,,,:
* Tax cuts, which are...you guessed it, inflationary  ,,,,,,,,,,:,,,:
,,,,,,,,,,,,:,,,:
...sigh",358,7,1,1,1,,,,,,,:,,,:
2024:11:09T11:15:13.000Z,wideawake_media,True,False,"In 2020, Donald Trump told the World Economic Forum:,,,,,,,:,,,:
,,,,,,,,,,,,:,,,:
""We must reject the perennial prophets of doom and their predictions of the apocalypse."",,,,,,,,,,,,:,,,:
,,,,,,,,,,,,:,,,:
""These alarmists always demand the same thing: absolute power to dominate, transform and control every aspect of our lives."",,,,,,,,,,,:,,,:
,,,,,,,,,,,,:,,,:
""We will",151575,8192,116,2854,831,,,,,,,:,,,:
2024:11:06T07:07:54.000Z,Michell33650674,False,False,PRESIDENT BIDEN!  We need you to look into whether our election is being RIGGED by RUSSIA and TRUMP'S BIG MONEY DONORS!  None of this is CONSISTENT with what's been happening!  We already KNEW that Trump was planning to STEAL it!  He told his supporters they didn't need to VOTE!,296722,18699,1745,6370,478,,,:,,,:
2024:11:11T17:39:03.000Z,JohnClke,False,False,#Trump and other representatives of fake right:wing ‘solutions’ have three things going for them. 1. Economic and social instability 2. A mood of anger and confusion. 3. The lack of a credible alternative that addresses the real concerns and offers meaningful change.,0,0,2,76,0,,,:,,,:
