timestamp username icon:verified fact:checked text views likes replies reposts bookmarks   :   :            :   :
2024:11:10T23:46:08.000Z,DarrigoMelanie,True,False,"Trump's 10 point plan for education:,,,,,,,,:,,,:
,,,,,,,,,,,,:,,,:
: eliminate the Dept. of Education,,,,,,,,,,,,:,,,:
: cut federal funding,,,,,,,,,,,,:,,,:
: promote Christian Nationalism,,,,,,,,,,,,:,,,:
: attack teacher's unions,,,,,,,,,,,,:,,,:
: give public money to for:profit private schools,,,,,,,,,,,,:,,,:
,,,,,,,,,,,,:,,,:
He warned us, and you voted for him anyway.",11980432,92863,12234,17678,12765,,,,,,:,,,:
2024:11:11T23:27:53.000Z,WillsOutlook,True,False,"I’m going to make a “non political” post.,,,,,,,,:,,,:
,,,,,,,,,,,,:,,,:
But more of what will happen the second Trump comes into office.,,,,,,,,,,,,:,,,:
,,,,,,,,,,,,:,,,:
Why will he do this? Because he wants people to believe the economy is truly bad. ,,,,,,,,,,,,:,,,:
,,,,,,,,,,,,:,,,:
I won’t argue if it is or isn’t. ,,,,,,,,,,,,:,,,:
,,,,,,,,,,,,:,,,:
He will open up drilling bringing the cost of",1036,53,9,7,19,,,,,,,:,,,:
2024:11:09T11:15:13.000Z,wideawake_media,True,False,"In 2020, Donald Trump told the World Economic Forum:,,,,,,,:,,,:
,,,,,,,,,,,,:,,,:
""We must reject the perennial prophets of doom and their predictions of the apocalypse."",,,,,,,,,,,,:,,,:
,,,,,,,,,,,,:,,,:
""These alarmists always demand the same thing: absolute power to dominate, transform and control every aspect of our lives."",,,,,,,,,,,:,,,:
,,,,,,,,,,,,:,,,:
""We will",151846,8192,116,2851,833,,,,,,,:,,,:
2024:11:06T08:29:41.000Z,JohnAmaechi,False,False,"People don’t care that a rich man is a predator, a liar, a bigot & a dolt.,,,,,,:,,,:
,,,,,,,,,,,,:,,,:
Some rationalise their choice on “economy” or  “family values” but really:,,,,,,,,,,,,:,,,:
,,,,,,,,,,,,:,,,:
He hates the same people they do : and that’s the draw.,,,,,,,,,,,,:,,,:
,,,,,,,,,,,,:,,,:
Trump voters will celebrate, but they’ll learn… he hates them too.",193650,3612,116,701,121,,,,,,:,,,:
2024:11:11T13:50:16.000Z,smalls2672,True,False,"Maga: I voted for Trump because of the economy and prices being too high. ,,,,,,,,:,,,:
,,,,,,,,,,,,:,,,:
Also maga: what's a tariff?",580301,35357,1827,3860,325,,,,,,,:,,,:
2024:11:10T14:59:18.000Z,GuntherEagleman,True,False,"A NBC hack tried to corner Trump on the cost of deporting millions of criminal aliens.,,,,,,,,:,,,:
,,,,,,,,,,,,:,,,:
Trump handled it perfectly:,,,,,,,,,,,,:,,,:
“We have NO choice when people have k*lled and m*rdered. They’re not staying here. There is NO price tag.”,,,,,,,,,,,,:,,,:
,,,,,,,,,,,,:,,,:
They ALL have to go back!",1675920,36729,1020,6377,630,,,,,,,:,,,:
2024:11:11T19:00:00.000Z,DavidJHarrisJr,True,False,"Trump announces that he is going to abolish the Department of Education and send the federal money to the states.,,,,,,,,:,,,:
,,,,,,,,,,,,:,,,:
This is great news for millions of American families!!",61828,2342,81,418,60,,,,,,,:,,,:
2024:11:10T00:00:00.000Z,DavidJHarrisJr,True,False,"Trump announces he'll provide immediate relief for millions of working Americans by capping credit card interest rates which are at an all:time high.,,,,,,,,:,,,:
,,,,,,,,,,,,:,,,:
I missed common sense economic policies like this!",31931,1380,22,198,26,,,,,,,:,,,:
2024:11:09T03:41:40.000Z,saras76,True,False,"Trump plans to redirect the money being spent on Ukraine towards a nationwide initiative to get the homeless off the streets in America. ,,,,,,,,:,,,:
,,,,,,,,,,,,:,,,:
How can anybody be against this? ,,,,,,,,,,,,:,,,:
This is amazing. ,,,,,,,,,,,,:,,,:
America FIRST.",53358,3022,125,694,147,,,,,,,:,,,:
2024:11:06T05:13:06.000Z,Ashcryptoreal,True,False,"Trump is winning US elections. ,,,,,,,,:,,,:
,,,,,,,,,,,,:,,,:
Bitcoin is going to $100,000,,,,,,,,,,,:,,,:
,,,,,,,,,,,,:,,,:
Massive Bull market is coming.,,,,,,,,,,,,:,,,:
,,,,,,,,,,,,:,,,:
FUCK ALL THE BEARS",110634,3172,340,439,33,,,,,,,:,,,:
2024:11:06T18:25:54.000Z,aly_rendon,False,False,saying i voted for trump because he’s better for the economy when you’re posting your cash app on your story for your birthday is insane,529721,36336,88,4483,468,,,:,,,:
2024:11:09T21:40:34.000Z,TimOBrien,True,False,"Trump hasn’t and won’t do a thing that benefits working class and middle class Americans. But those voters bought Trump’s carny act. Because, indeed, it’s the economy, stupid:",79269,2675,362,1012,:,,,:
2024:11:07T11:15:37.000Z,wideawake_media,True,False,"Trump: ""One of the most urgent tasks... is to decisively defeat the climate hysteria hoax."",,,,,,,,:,,,:
,,,,,,,,,,,,:,,,:
""The radical left's fearmongering about climate and our future is... destroying America's economy, weakening our society, and eviscerating our middle class. It's really hurting us."",,,,,,,,,,:,,,:
,,,,,,,,,,,,:,,,:
""We",1826174,45046,1375,15398,4405,,,,,,,:,,,:
2024:11:07T15:18:31.000Z,Yeahaboutthat3,True,False,"How Trump's Tariffs would work and how getting rid of the Income Tax would benefit you,,,,,,,,:,,,:
,,,,,,,,,,,,:,,,:
What would you do if your family kept an extra $15k : $30k annually?",2133913,39951,753,13983,17151,,,,,,,:,,,:
2024:11:06T16:34:10.000Z,IsabellaMWeber,False,False,"This is what I wrote in 2021. I was ridiculed and worse.,,,,,,,,:,,,:
,,,,,,,,,,,,:,,,:
I am from Nuremberg. I stuck my head out and called for strategic price controls because I had studied the history of inflation and inflation control for years and was worried inflation would bring Trump back.",180787,2743,56,747,383,,,,,,,:,,,:
2024:11:08T20:45:38.000Z,BehizyTweets,True,False,"Trump plans to redirect the money being spent on Ukraine towards a nationwide initiative to get the homeless off the streets by building ""tent cities"" where they can be relocated.,,,,,,,,:,,,:
,,,,,,,,,,,,:,,,:
His plan includes banning urban camping & arresting violators while empowering rehab organizations.",6621065,93180,2444,18509,13437,,,,,,,:,,,:
2024:11:08T02:11:40.000Z,BehizyTweets,True,False,"Charlie Kirk is calling for a Trump DOJ investigation into ActBlue for their illegal donation scheme, which involves using the names of elderly people to launder foreign money into Democrat campaigns.,,,,,,,:,,,:
,,,,,,,,,,,,:,,,:
Election Watch has uncovered $100s of millions in laundered cash, not just in",870178,51899,482,15300,1411,,,,,,:,,,:
2024:11:06T17:21:21.000Z,QuickDickMcDick,True,False,"Listen, I'm not much of a Trump fan BUT the reason the #DefundCBC movement exists is because of some of the shit that was said on this broadcast last night.,,,,,,,:,,,:
,,,,,,,,,,,,:,,,:
You do it to yourself ,,,,,,,,,,,,:,,,:
@CBCNews,,,,,,,,,,,,:,,,:
 ,,,,,,,,,,,,:,,,:
,,,,,,,,,,,,:,,,:
 Tax Dollars at ""work"" ,,,,,,,,,,,,:,,,:
#SMH",121403,4351,155,602,69,,,,,,,:,,,:
2024:11:11T19:41:25.000Z,_Crypto_Barbie,True,False,"WOW! ,,,,,,,,:,,,:
,,,,,,,,,,,,:,,,:
WILL THERE BE SEVERAL #XRP ETF FILINGS THIS NOVEMBER? ,,,,,,,,,,,,:,,,:
,,,,,,,,,,,,:,,,:
SINCE TRUMP’s RE:ELECTION, THE XRP PRICE SURGED ON HOPES OF LOOSER REGULATIONS, WITH SEVERAL NEW ETF FILINGS EXPECTED IN NOVEMBER!",6564,200,7,52,4,,,,,:,,,:
2024:11:11T23:42:22.000Z,TrumpDailyPosts,True,False,"Day 1,  Use Impoundment to Cut Waste, Stop Inflation, and Crush the Deep State",26677,995,54,324,:,,,:
2024:11:07T13:39:35.000Z,IsabellaMWeber,False,False,"Polls: Inflation is #1 concern.,,,,,,,,:,,,:
,,,,,,,,,,,,:,,,:
Harris first economic policy proposal: Price gouging law for food.,,,,,,,,,,,,:,,,:
,,,,,,,,,,,,:,,,:
Most economists: This is price controls. (Me: No, it’s good policy.),,,,,,,,,,,:,,,:
,,,,,,,,,,,,:,,,:
Trump: This is Communist.,,,,,,,,,,,,:,,,:
,,,,,,,,,,,,:,,,:
Harris: Goes quiet.",226843,1960,74,437,207,,,,,,,:,,,:
2024:11:05T16:27:13.000Z,liz_churchill10,True,False,VOTE for President Trump to END the World Economic Forum.,99721,11021,370,2102,83,,,:,,,:
2024:11:11T08:46:09.000Z,segalink,True,False,Trump is not throwing money at the problem. He is de:escalating with necessary calls. $200Billion or more saved even before taking office. True leadership. ,48537,363,2,70,26,,,:,,,:
2024:11:11T14:58:14.000Z,RadarHits,True,False,"BREAKING: ,,,,,,,,:,,,:
,,,,,,,,,,,,:,,,:
#Bitcoin and crypto market cap could hit $10 TRILLION by 2026 under Trump : Standard Chartered",117653,4220,128,581,70,,,,,,,:,,,:
