timestamp username icon:verified fact:checked text views likes replies reposts bookmarks   :   :            :   :
2024:11:10T18:59:56.000Z,Jeremyybtc,True,False,"doge will be the biggest runner of this bull run,,,,,,,,:,,,:
,,,,,,,,,,,,:,,,:
elon musk publicly comes out as the co founder of dogecoin,,,,,,,,,,,,:,,,:
,,,,,,,,,,,,:,,,:
trump and elon both mentioned integrating dogecoin as a big part of america's economy,,,,,,,,,,,,:,,,:
,,,,,,,,,,,,:,,,:
1 $doge = $1",147406,857,96,154,41,,,,,,,:,,,:
2024:11:13T05:28:54.000Z,amerix,True,False,"President Trump has picked Elon Musk and Vivek Ramaswamy to lead The Department of Government Efficiency (DOGE),,,,,,,,:,,,:
,,,,,,,,,,,,:,,,:
This department is tasked with ending wastage of taxpayers' money and draining the swamp.,,,,,,,,,,,,:,,,:
,,,,,,,,,,,,:,,,:
America has Vivek, Kenya has David Ndii.,,,,,,,,,,,:,,,:
,,,,,,,,,,,,:,,,:
Kenya is led by fools.",325452,6579,316,2099,229,,,,,,,:,,,:
2024:11:14T20:18:24.000Z,govt_corrupt,True,False,"#WATCH: Jagmeet Singh says people voted for Donald Trump because they believe he'll make life more affordable...,,,,,,,,:,,,:
,,,,,,,,,,,,:,,,:
So when he's Prime Minister, he'll bring in price caps and more public housing because cutting govt will hurt people and Pierre Poilievre is lying.,,,,,,,,,,,:,,,:
,,,,,,,,,,,,:,,,:
What an idiot!",3484,131,32,32,5,,,,,,,:,,,:
2024:11:13T13:30:00.000Z,profstonge,True,False,"Can Trump fire Jerome Powell?,,,,,,,,:,,,:
,,,,,,,,,,,,:,,,:
Powell says no — the Fed can ignore Trump just like it ignores Congress.,,,,,,,,,,,,:,,,:
,,,,,,,,,,,,:,,,:
If our economic overlords really are independent of voters, we are living under occupation.",209464,3586,187,1113,287,,,,,,:,,,:
2024:11:11T02:34:15.000Z,tommysantos14,True,False," Baselined: The Biden Economy,,,,,,,,:,,,:
We are taking a snapshot of Joe Biden's economy before he leaves office so we have a point of comparison when Donald Trump begins to take credit for it, like he did the economy he inherited form Barack Obama.",2472148,29555,2772,8096,9058,,,,,,:,,,:
2024:11:13T01:25:54.000Z,3orovik,True,False,"Trump literally just named a government department after a memecoin,,,,,,,,:,,,:
,,,,,,,,,,,,:,,,:
You’re not ready for this bull market",225389,9024,238,925,178,,,,,,,:,,,:
2024:11:02T08:10:54.000Z,mollie_don,True,False,"Trump's economic policies, including tariffs, tax cuts, and immigration control, aim to address inflation and stimulate economic growth. Supporters believe his straightforward approach could eliminate bureaucratic hurdles and stimulate immediate economic activity.,,,,:,,,:
,,,,,,,,,,,,:,,,:
If we want to",8822,268,14,208,3,,,,,,,:,,,:
2024:11:10T23:46:08.000Z,DarrigoMelanie,True,False,"Trump's 10 point plan for education:,,,,,,,,:,,,:
,,,,,,,,,,,,:,,,:
: eliminate the Dept. of Education,,,,,,,,,,,,:,,,:
: cut federal funding,,,,,,,,,,,,:,,,:
: promote Christian Nationalism,,,,,,,,,,,,:,,,:
: attack teacher's unions,,,,,,,,,,,,:,,,:
: give public money to for:profit private schools,,,,,,,,,,,,:,,,:
,,,,,,,,,,,,:,,,:
He warned us, and you voted for him anyway.",14455136,112214,14948,22101,14926,,,,,,:,,,:
2024:11:14T13:00:00.000Z,brutamerica,True,False,"Trump’s proposals for the economy are sparking debates. But economists warn his tariffs could lead to higher prices for consumers, and his tax cuts might mainly benefit the wealthy. ,,,,,,,:,,,:
#ElectionEconomics #Trump2024 #EconomicPolicy",0,0,106,0,0,,,,,,,:,,,:
2024:11:12T16:18:57.000Z,greg_price11,True,False,"The FEMA official who was just fired for telling workers to avoid homes impacted by the hurricanes in Florida if they had Trump signs says that it was not ""isolated"" and that FEMA workers were instructed to do it in the Carolinas too.",3220948,19790,1563,7976,3057,,,:,,,:
2024:11:08T00:32:06.000Z,LeadingReport,True,False,"BREAKING: Trump said his administration will have “no choice” but to carry out his mass deportation plan, and that there is “no price tag.”",855978,42943,2418,4699,774,,:,,,:
2024:11:13T16:34:21.000Z,VigilantFox,True,False,"REPORT: Trump has inherited a “turd of an economy,” and when things “roll over,” he’ll be the one blamed for it.,,,,,,:,,,:
,,,,,,,,,,,,:,,,:
This dire news comes from COVID vaccine data analyst and former BlackRock asset manager Edward Dowd.,,,,,,,,,,,,:,,,:
,,,,,,,,,,,,:,,,:
Dowd predicts things could “unravel anytime between now and",92126,893,57,305,204,,,,,,,:,,,:
2024:11:09T22:15:00.000Z,abcnews,True,False,"WATCH: Donald Trump returns to the White House on a wave of cost:of:living anger. In Australia, both sides of politics are preparing for a similar contest over inflation at next year's election. #auspol #ABCInsiders",32001,93,119,30,2,,:,,,:
2024:11:12T12:33:59.000Z,grantstern,True,False,"Trump wants to spend $88 billion deporting people and whole families, but this election is about economic anxiety.,,,,,,,:,,,:
,,,,,,,,,,,,:,,,:
Got it.",36999,2301,152,864,49,,,,,,,:,,,:
2024:11:14T14:03:05.000Z,ChadSteingraber,True,False,"—YEAR 2 DAY 118—,,,,,,,,:,,,:
,,,,,,,,,,,,:,,,:
Trump will take the position that American made crypto is actually “money” as it makes no sense (as he says) to tax a transaction on buying coffee.,,,,,,,,,,,,:,,,:
,,,,,,,,,,,,:,,,:
No Tax on capital gains for XRP : “a virtual currency” as originally intended.",28290,388,19,93,39,,,,,,,:,,,:
2024:11:07T15:18:31.000Z,Yeahaboutthat3,True,False,"How Trump's Tariffs would work and how getting rid of the Income Tax would benefit you,,,,,,,,:,,,:
,,,,,,,,,,,,:,,,:
What would you do if your family kept an extra $15k : $30k annually?",2146644,39948,755,13975,17096,,,,,,,:,,,:
2024:11:08T13:21:02.000Z,YourAnonCentral,True,False,"""the very best thing Trump could do is nothing at all. Go play golf and take credit for the economic trends that we already have. Just take credit for the economy he inherited and do nothing else and that is the best possible outcome we could hope for.""",149770,1105,18,176,67,,,:,,,:
2024:11:12T11:14:58.000Z,RepMikeCollins,True,False,I have figured out how to pay for President Trump's mass deportation plan: stop sending money to Ukraine.,1108670,65900,2815,7634,250,,,:,,,:
2024:11:09T07:35:17.000Z,DefiyantlyFree,True,False,"Chamath Palihapitiya says that the only politician that ever called him just to say thank you and be kind was Donald Trump. That every time Democrats ever called him in the past, it has been ask for money.",22834,1422,15,396,60,,:,,,:
2024:11:14T12:34:06.000Z,realTrumpNewsX,True,False,"DO YOU THINK PRESIDENT TRUMP IS RIGHT TO SAY SENIORS SHOULDN’T PAY TAX ON SOCIAL SECURITY?,,,,,,,,:,,,:
,,,,,,,,,,,,:,,,:
A. YES,,,,,,,,,,,,:,,,:
B. NO",44407,2304,1115,334,20,,,,,,,:,,,:
2024:11:13T18:04:01.000Z,piyushmittal,False,False,Trump’s promise of removing overtime tax is a scam like everything else he does,226064,4413,381,1170,916,,,:,,,:
2024:11:14T18:22:22.000Z,bitcoinlfgo,True,False,"BIG BREAKING  ,,,,,,,,:,,,:
,,,,,,,,,,,,:,,,:
PRO : #BITCOIN President Trump is considering 0% capital gains tax on #Bitcoin and cryptocurrency! ",44153,1920,112,394,25,,,,,,,:,,,:
2024:11:12T15:22:05.000Z,DixiDarlen,True,False,"It seems these entertainers that took money from the Kamala campaign to twerk, sing, dole out endorsements, whatever, were actually paid advertisements—if they didn’t disclose that— they broke federal law.",12102,641,18,:,13,,:
