timestamp username icon:verified fact:checked text views likes replies reposts bookmarks   :   :            :   :
2024:11:17T23:36:29.000Z,AaronParnas,True,False,"President Biden is right: he is leaving Donald Trump with a booming economy and a country that has made it out of a pandemic. Thank you, President Biden.",144772,6902,936,1345,81,,:,,,:
2024:11:02T08:10:54.000Z,mollie_don,True,False,"Trump's economic policies, including tariffs, tax cuts, and immigration control, aim to address inflation and stimulate economic growth. Supporters believe his straightforward approach could eliminate bureaucratic hurdles and stimulate immediate economic activity.,,,,:,,,:
,,,,,,,,,,,,:,,,:
If we want to",8841,269,14,208,3,,,,,,,:,,,:
2024:11:11T18:15:12.000Z,KristiNoem,True,False,"The American people know how to spend their own money. By eliminating government waste and focusing federal spending on the core functions of government, President Trump will deal with the debt and unleash economic growth. That’s what we did in South Dakota!",164752,3307,238,543,65,,:,,,:
2024:11:18T01:00:46.000Z,BehizyTweets,True,False,"BREAKING: Anthony Constantino, the New York hero who triggered his woke mayor by putting a giant ""Vote for Trump"" sign on his building, just announced that he will be spending $3 MILLION of his own money to run for Elise Stefanik's seat,,,,,,:,,,:
,,,,,,,,,,,,:,,,:
The special election is imminent. When",49060,4990,55,1577,122,,,,,,,:,,,:
2024:11:17T04:24:52.000Z,TrumpjrJohn,True,False,"As promised,,,,,,,,:,,,:
I want to change someone's life and send 100 $Sol (~$22,500) to one person by tomorrow. ,,,,,,,,,,,:,,,:
,,,,,,,,,,,,:,,,:
Just like, retweet and comment 'done'.,,,,,,,,,,,:,,,:
,,,,,,,,,,,,:,,,:
I DIDNT MISS $PNUT ,,,,,,,,,,,,:,,,:
I DIDNT MISS $BITCAT,,,,,,,,,,,,:,,,:
I DIDNT MISS $BARSIK",140233,685,548,478,51,,,,,,,:,,,:
2024:11:16T13:19:58.000Z,iamnot_elon,True,False,"Good morning 𝕏! President Trump and I are having coffee here at Mar:a:lago on a beautiful Saturday morning. We're going through plans to delete the IRS and majorly simplify the tax code. We think you should just be able to log into a website, it tells you exactly how much you",3068847,72277,6502,9557,2112,,:,,,:
2024:11:17T21:21:42.000Z,trump45coin,True,False,"$1 is the new low for #XRP ,,,,,,,,:,,,:
You all had your chance to stock up for 40c!,,,,,,,,,,,,:,,,:
,,,,,,,,,,,,:,,,:
#TRUMP in power = #XRPL going to be #1 by 2026.,,,,,,,,,,,,:,,,:
Not financial advice ",10269,150,18,82,2,,,,,,,:,,,:
2024:11:09T22:15:00.000Z,abcnews,True,False,"WATCH: Donald Trump returns to the White House on a wave of cost:of:living anger. In Australia, both sides of politics are preparing for a similar contest over inflation at next year's election. #auspol #ABCInsiders",32144,93,119,30,2,,:,,,:
2024:11:15T15:21:55.000Z,4TaxFairness,False,False,"150 billionaire families spent at least $2 billion influencing this election.,,,,,,,,:,,,:
,,,,,,,,,,,,:,,,:
Trump’s tax and tariff proposals would cut taxes for the richest 5% of Americans—and raise taxes for the rest of us.,,,,,,,,,,,,:,,,:
,,,,,,,,,,,,:,,,:
Looks like all those billions they spent are going to pay off big time for them.",3511,166,4,145,20,,,,,,,:,,,:
2024:11:17T00:01:00.000Z,RBReich,False,False,"Trump wants to cut the corporate tax rate to 15%. This would give...,,,,,,,,:,,,:
,,,,,,,,,,,,:,,,:
:The 5 largest banks a $4.1B tax cut,,,,,,,,,,,,:,,,:
:The 5 largest drug makers a $3.1B tax cut,,,,,,,,,,,,:,,,:
:The 5 largest US oil companies a $2.5B tax cut,,,,,,,,,,,,:,,,:
:The 5 largest grocery stores a $1.7B tax cut,,,,,,,,,,,,:,,,:
,,,,,,,,,,,,:,,,:
Some populist, huh?",567036,14009,2771,5849,703,,,,,,:,,,:
2024:11:13T15:40:35.000Z,DineshDSouza,True,False,"Trump’s going to not only tax, but confiscate the endowments of every university that the Department of Justice finds has engaged in illegal discrimination under the guise of ""equity"". ,,,,,,,:,,,:
,,,,,,,,,,,,:,,,:
We are witnessing one of the strongholds of the left crumble in real time.",226415,13455,168,2578,241,,,,,,,:,,,:
2024:11:09T14:01:39.000Z,Bubblebathgirl,True,False,"First 100 days of Trump Part 2 is going to be EPIC:,,,,,,,,:,,,:
,,,,,,,,,,,,:,,,:
Close border,,,,,,,,,,,,:,,,:
Resume border wall construction,,,,,,,,,,,,:,,,:
Mass deportation,,,,,,,,,,,,:,,,:
Unleash oil production,,,,,,,,,,,,:,,,:
Leave Paris Climate Agreement,,,,,,,,,,,,:,,,:
End Ukraine/Russia War,,,,,,,,,,,,:,,,:
End Israel/Hamas War,,,,,,,,,,,,:,,,:
Save US economy",9073,731,34,221,16,,,,,,,:,,,:
2024:11:18T00:06:53.000Z,KaliFontanilla,True,False,"Why is the failure of Common Core bipartisan now?!,,,,,,,,:,,,:
,,,,,,,,,,,,:,,,:
Because the left opposes any reform—good or not—if it’s proposed by Donald Trump. It really is that simple.,,,,,,,,,,,,:,,,:
,,,,,,,,,,,,:,,,:
And who pays the price for this political stubbornness? Our nation’s children.,,,,,,,,,,,,:,,,:
,,,,,,,,,,,,:,,,:
This Democrat hive mind, groupthink",5180,66,4,13,3,,,,,,:,,,:
2024:11:18T01:38:29.000Z,realdogenews,True,False,"Mitch McConnell says there will be no “recess appointments” for Trump.,,,,,,,,:,,,:
,,,,,,,,,,,,:,,,:
Openly attempting to block Trump’s cabinet picks.,,,,,,,,,,,,:,,,:
,,,,,,,,,,,,:,,,:
I wonder how much money this old man has laundered and stolen from the American people over the years? ,,,,,,,,,,,,:,,,:
,,,,,,,,,,,,:,,,:
Guess we should check into that.",72439,7352,645,1773,58,,,,,,,:,,,:
2024:11:14T13:00:00.000Z,brutamerica,True,False,"Trump’s proposals for the economy are sparking debates. But economists warn his tariffs could lead to higher prices for consumers, and his tax cuts might mainly benefit the wealthy. ,,,,,,,:,,,:
#ElectionEconomics #Trump2024 #EconomicPolicy",0,3,1,1,171,,,,,,,:,,,:
2024:11:16T13:51:56.000Z,fred_guttenberg,True,False,"This is a shocking bill designed to crush Democracy and dissent.  It will give Trump the ability to declare any non profit a terror supporting organization and shut them down.  If you missed this, now you know.  This must be stopped now!",11699,304,20,189,13,,:,,,:
2024:11:14T02:50:49.000Z,AbsGMCrypto,True,False,"JUST IN:  Trump Proposes To Eliminate ALL Capital Gains Tax On Cryptocurrencies Issued In The USA!,,,,,,,,:,,,:
,,,,,,,,,,,,:,,,:
This would make all American profits made on projects created in the United States FULLY Tax Free! ,,,,,,,,,,,,:,,,:
,,,,,,,,,,,,:,,,:
This includes projects such as $BTC $ADA $ALGO $XRP $XLM and $HBAR would be",575100,5631,262,1527,567,,,,,,,:,,,:
2024:11:11T17:29:14.000Z,cturnbull1968,True,False,"The reason Trump wants to eliminate the Department of Education, has nothing to do with improving education. Their $280B budget will help offset his corporate tax cuts. ,,,,,,,:,,,:
,,,,,,,,,,,,:,,,:
States will make up the difference via higher property and sales taxes, as well as education budget cuts.",79041,1237,150,633,168,,,,,,:,,,:
2024:11:17T22:00:07.000Z,RBReich,False,False,"In his first term, Trump oversaw huge increases in Pentagon spending that enriched defense contractors and drained money from public investments.,,,,,,,:,,,:
,,,,,,,,,,,,:,,,:
His appointment of war hawks like Marco Rubio and Mike Waltz will only further the military:industrial drain.",33252,710,83,345,32,,,,,,,:,,,:
2024:11:14T21:45:44.000Z,JohnRuddick2,True,False,"Robert F Kennedy will be Trump’s Secretary of Health and Human Services.,,,,,,,,:,,,:
,,,,,,,,,,,,:,,,:
Stand tall all you who resisted the warp:speed COVID vax : a juggernaut of vindication is coming your way.,,,,,,,,,,,,:,,,:
,,,,,,,,,,,,:,,,:
In unrelated news, the Pfizer share price was sharply down in late trading ",58041,2301,112,406,54,,,,,,:,,,:
