timestamp username icon:verified fact:checked text views likes replies reposts bookmarks   :   :            :   :
2024:11:02T08:10:54.000Z,mollie_don,True,False,"Trump's economic policies, including tariffs, tax cuts, and immigration control, aim to address inflation and stimulate economic growth. Supporters believe his straightforward approach could eliminate bureaucratic hurdles and stimulate immediate economic activity.,,,,:,,,:
,,,,,,,,,,,,:,,,:
If we want to",8879,270,14,208,3,,,,,,,:,,,:
2024:11:12T02:27:02.000Z,abcnews,True,False,"“Trump is waging a war on trade itself”: Malcolm Turnbull says if Anthony Albanese wants to protect Australia’s economic interests, he has to level directly with Donald Trump.,,,,,,,:,,,:
,,,,,,,,,,,,:,,,:
Catch up on #QandA on iview: https://ab.co/2E7R5d9",34381,112,128,29,16,,,,,,,:,,,:
2024:11:20T00:09:05.000Z,RepMTG,True,False," I just confronted FEMA Administrator Criswell ,,,,,,,,:,,,:
,,,,,,,,,,,,:,,,:
Criswell prioritized equity programs and politics over providing aid to Americans in need after historic natural disasters—simply because they supported President Trump.,,,,,,,,,,,,:,,,:
,,,,,,,,,,,,:,,,:
Meanwhile, FEMA had plenty of money and resources to",166815,10741,517,3771,316,,,,,,:,,,:
2024:11:12T15:22:05.000Z,DixiDarlen,True,False,"It seems these entertainers that took money from the Kamala campaign to twerk, sing, dole out endorsements, whatever, were actually paid advertisements—if they didn’t disclose that— they broke federal law.",12816,641,19,:,13,,:
2024:11:12T17:21:17.000Z,kurtbardella,True,False,"First off, I’m not sure how the economy gets to where we want it to go if the first move is to deport everyone who does the hard labor (for menial wages). The Trump economy means the rich get richer and everyone else gets left behind.",39408,1005,72,357,30,,:,,,:
2024:11:12T15:29:50.000Z,MSNBC,True,False,BREAKING: Judge in Trump hush money case delays key ruling ahead of sentencing.,217779,960,535,410,128,,,:,,,:
2024:11:19T19:38:33.000Z,4TaxFairness,False,False,"WATCH: Republicans are holding a hearing ahead of their plan to renew the Trump tax scam for the rich and corporations.,,,,,,,,:,,,:
,,,,,,,,,,,,:,,,:
We'll be fact:checking live.,,,,,,,,,,,,:,,,:
,,,,,,,,,,,,:,,,:
You don't build an economy that works for working people by giving tax breaks to those at the top.",1480,46,3,25,6,,,,,,,:,,,:
2024:11:16T22:30:01.000Z,RBReich,True,False,"Trump has named Stephen Miller and Tom Homan — the architects of his family separation policy — to powerful roles in his White House.,,,,,,,,:,,,:
,,,,,,,,,,,,:,,,:
Their fingerprints are all over Trump's mass deportation scheme, which would wreck the economy and rip families apart.",71447,2331,400,1231,156,,,,,,:,,,:
2024:11:12T15:58:44.000Z,SenatorLankford,True,False,"Next year, the Trump tax cuts are set to expire, and we must take action. Otherwise, Americans—including Oklahomans—could face tax hikes. We need to get to work to keep taxes low and support hardworking families.",28615,551,509,87,:,,,:
2024:11:18T12:49:43.000Z,JavonAPrice,True,False,Seems Joe and Mika woke up with a newfound realization this morning: apparently President Trump is no longer Hitler nor a threat to American democracy.,40095,1096,185,214,35,,,:,,,:
2024:11:12T18:14:40.000Z,RolandForTexas,True,False,"Donald Trump’s border czar is ready to start mass deportations from day one, throwing our economy into chaos and ripping families apart.",17803,204,548,136,12,,:,,,:
2024:11:11T21:01:02.000Z,CNBCClosingBell,True,False,"#Tesla popping again today, with the stock seeing a more than 40% gain since the election. ,,,,,,,:,,,:
@DivesTech,,,,,,,,,,,,:,,,:
, who is raising his price target to $400 from $300, calls president:elect Trump's victory a ""game changer"" for Tesla:",401851,303,24,86,33,,,,,:,,,:
2024:11:11T14:20:40.000Z,MAGA__Patriot,True,False,We must NEVER FORGET the high price paid for the freedom we enjoy. Thank you Veterans! ,14341,796,35,417,14,,,:,,,:
2024:11:19T18:28:22.000Z,ABC,True,False,"NEW: Prosecutors with the Manhattan DA’s office said they would oppose President:elect Trump’s attempt to dismiss his criminal conviction in New York but told the judge they do not object to pausing the case.,,,,,,,,:,,,:
,,,,,,,,,,,,:,,,:
https://abcnews.go.com/US/manhattan:da:propose:steps:trumps:criminal:hush:money/story?id=115985430…",35588,62,27,21,4,,,,,,,:,,,:
2024:11:18T17:03:13.000Z,tooronlists,False,False,"If you think inflation is bad now, wait until Trump declares National Emergency & deports immigrants who pick & process your food, the people who build your houses, & add in 20% to 200% tariffs passed on to consumers. America is dumb and hateful af.",335375,6457,1978,2101,:,,,:
2017:11:01T22:27:54.000Z,mikandynothem,True,False,"Trump's ECONOMY is a train that is rolling full steam ahead with no brakes to stop it! ,,,,,,,,:,,,:
*3% GDP growth.,,,,,,,,,,,,:,,,:
*Stock Market breaking record highs weekly.,,,,,,,,,,,,:,,,:
*Unemployment at record lows.,,,,,,,,,,,,:,,,:
...and much more!,,,,,,,,,,,,:,,,:
Jump on board or get the hell out of the way! ,,,,,,,,,,,,:,,,:
#WednesdayWisdom #MAGA #tcot #FoxNews",0,478,42,298,0,,,,,,,:,,,:
2024:11:15T20:20:58.000Z,nypost,True,False,"Trump eyeing Fox Business host Larry Kudlow for Treasury, National Economic Council https://trib.al/PbP7rJX",37259,692,50,87,12,,:,,,:
2024:11:15T21:40:11.000Z,HungCao_VA,True,False,"Under Joe Biden, the world is burning. When President ,,,,,,,:,,,:
@realdonaldtrump,,,,,,,,,,,,:,,,:
 was in the White House, we had peace, and our economy was the only thing that was on fire. In less than 70 days, President Trump will make the world safe again.",23090,2665,37,327,9,,,,:,,,:
2024:11:13T12:06:53.000Z,GoPlusSecurity,True,False,"GoPlus Alert,,,,,,,,:,,,:
,,,,,,,,,,,,:,,,:
Recently,  ,,,,,,,,,,,:,,,:
@Cointelegraph,,,,,,,,,,,,:,,,:
  published the false information that ""Trump is the largest holder of $PNUT "".,,,,,,,,,,,,:,,,:
,,,,,,,,,,,,:,,,:
Please be cautious in the bull market and carefully verify the information released by media outlets and KOLs to avoid falling victim to copycat projects,",31784,965,30,4784,1,,,,,,:,,,:
2024:11:19T19:12:38.000Z,Huberton,True,False,"JUST ANNOUNCED: President Trump’s “Hush money trial” has been indefinitely adjourned.,,,,,,,,:,,,:
,,,,,,,,,,,,:,,,:
Nothing can stop the Golden Age coming!",0,3,17,81,4221,,,,,,,:,,,:
2024:11:13T20:59:12.000Z,NMalliotakis,True,False,"Trump is already slashing prices! ,,,,,,,,:,,,:
@GovKathyHochul,,,,,,,,,,,,:,,,:
 is cutting her congestion tax from $15 to $9, but we won’t stop fighting until it’s gone! If she insists, every federal dollar to ,,,,,,,,,,:,,,:
@MTA,,,,,,,,,,,,:,,,:
 will be scrutinized & we’ll demand answers for its gross mismanagement!",13767,670,91,175,7,,,,,,,:,,,:
