timestamp username icon:verified fact:checked text views likes replies reposts bookmarks   :   :            :   :
2024:11:10T18:59:56.000Z,Jeremyybtc,True,False,"doge will be the biggest runner of this bull run,,,,,,,,:,,,:
,,,,,,,,,,,,:,,,:
elon musk publicly comes out as the co founder of dogecoin,,,,,,,,,,,,:,,,:
,,,,,,,,,,,,:,,,:
trump and elon both mentioned integrating dogecoin as a big part of america's economy,,,,,,,,,,,,:,,,:
,,,,,,,,,,,,:,,,:
1 $doge = $1",138496,836,96,150,39,,,,,,,:,,,:
2024:11:09T01:21:04.000Z,xMarketNews,True,False,"JUST IN SOUTH KOREA TO MONITOR DONALD TRUMP’S STOCK FOLLOWING PRESIDENTIAL ELECTION ,,,,,,,,:,,,:
,,,,,,,,,,,,:,,,:
 TODAY DONALD TRUMP ANNOUNCED AN INVESTIGATION INTO MARKET MANIPULATORS OF $DJT,,,,,,,,,,,,:,,,:
,,,,,,,,,,,,:,,,:
WHY CAN’T U.S. REGULATORS DO THIS?",20388,902,35,229,21,,,,,,,:,,,:
2024:11:09T19:51:55.000Z,kbyrd2_,False,False,"Kamala literally said i will give yall a $6000 tax credit for the first year of your child’s life & $25,000 the first time you buy a home.,,,,,,,:,,,:
,,,,,,,,,,,,:,,,:
And people said Trump, who wants to lower taxes for the wealthiest earners, is going to make them rich again. You can’t make this up.",9430971,274690,18292,37496,11604,,,,,:,,,:
2024:11:14T03:08:52.000Z,MemeNonLibs,True,False,"“You f**king b**ches elected Trump into office”,,,,,,,,:,,,:
,,,,,,,,,,,,:,,,:
You’d think a week would be enough time for these liberals to calm down ,,,,,,,,,,,,:,,,:
,,,,,,,,,,,,:,,,:
Do we really care that much more about “the economy” over “women’s rights?”",1507,52,21,19,10,,,,,,,:,,,:
2024:11:13T03:42:35.000Z,RealScottRitter,True,False,"Well, America, we just found out the price of a President.,,,,,,:,,,:
,,,,,,,,,,,,:,,,:
Miriam Adelson bought Donald Trump for a cool $100 million.,,,,,,,,,,,,:,,,:
,,,,,,,,,,,,:,,,:
Best investment Israel ever made.,,,,,,,,,,,,:,,,:
,,,,,,,,,,,,:,,,:
Worst sellout in American history.",1767683,33796,1567,8297,2328,,,,,,,:,,,:
2024:11:12T02:27:02.000Z,abcnews,True,False,"“Trump is waging a war on trade itself”: Malcolm Turnbull says if Anthony Albanese wants to protect Australia’s economic interests, he has to level directly with Donald Trump.,,,,,,,:,,,:
,,,,,,,,,,,,:,,,:
Catch up on #QandA on iview: https://ab.co/2E7R5d9",33743,112,127,30,19,,,,,,,:,,,:
2024:11:13T18:11:00.000Z,SantaSurfing,True,False,"DEEP IN THE HEART OF TEXAS!!!,,,,,,,,:,,,:
What's up with Texas?  ,,,,,,,,,,,,:,,,:
:  X moved to Texas,,,,,,,,,,,,:,,,:
:  Elon's business moved to Texas,,,,,,,,,,,,:,,,:
:  Texas will have its own Stock Exchange,,,,,,,,,,,,:,,,:
:  Trump announced moving federal agencies to parts of the country outside of Washington DC....where there are Patriots that love",5601,229,28,77,16,,,,,,,:,,,:
2024:11:10T14:37:24.000Z,maddenifico,True,False,"Once again, Trump is going to fuck:up an American economy that is  the ""envy of the world,"" due to President Biden's economic policies.",79412,6000,162,1932,664,:,,,:
2024:11:14T03:01:38.000Z,CryptoBull2020,True,False,"BREAKING: Trump Proposes To Eliminate ALL Capital Gains Tax On Cryptocurrencies Issued In The USA!,,,,,,,,:,,,:
,,,,,,,,,,,,:,,,:
This means #XRP would be tax free, as their creators are a U.S. company. ,,,,,,,,,,,:,,,:
,,,,,,,,,,,,:,,,:
Source: Member of Trump Transition Team",37325,1356,43,236,89,,,,,,,:,,,:
2024:11:09T22:15:00.000Z,abcnews,True,False,"WATCH: Donald Trump returns to the White House on a wave of cost:of:living anger. In Australia, both sides of politics are preparing for a similar contest over inflation at next year's election. #auspol #ABCInsiders",31967,94,120,31,2,,:,,,:
2024:11:07T15:18:31.000Z,Yeahaboutthat3,True,False,"How Trump's Tariffs would work and how getting rid of the Income Tax would benefit you,,,,,,,,:,,,:
,,,,,,,,,,,,:,,,:
What would you do if your family kept an extra $15k : $30k annually?",2145255,39955,755,13979,17105,,,,,,,:,,,:
2024:11:08T13:21:18.000Z,LondonEconomic,True,False,Tories reminding Trump of all the time Labour MPs have badmouthed him won't want to see this...,138308,2162,81,1361,188,,,:,,,:
2024:11:10T14:55:29.000Z,TrumpWarRoom,True,False,"President Trump on his plan for mass deportations of criminal illegal aliens: ""When people have killed and murdered ... they're not staying here. There is no price tag.""",146333,3884,226,841,99,,,:,,,:
2024:11:11T02:34:15.000Z,tommysantos14,True,False," Baselined: The Biden Economy,,,,,,,,:,,,:
We are taking a snapshot of Joe Biden's economy before he leaves office so we have a point of comparison when Donald Trump begins to take credit for it, like he did the economy he inherited form Barack Obama.",2467862,29634,2767,8092,9096,,,,,,:,,,:
2024:11:07T23:22:11.000Z,kbyrd2_,False,False,Trump got all the credit for Obama’s economy. Just for America to turn around & blame Biden for Trump’s economy.,8269899,239715,3718,28456,7392,,,:,,,:
2024:11:09T07:35:17.000Z,DefiyantlyFree,True,False,"Chamath Palihapitiya says that the only politician that ever called him just to say thank you and be kind was Donald Trump. That every time Democrats ever called him in the past, it has been ask for money.",22824,1424,15,396,60,,:,,,:
2024:11:08T20:45:38.000Z,BehizyTweets,True,False,"Trump plans to redirect the money being spent on Ukraine towards a nationwide initiative to get the homeless off the streets by building ""tent cities"" where they can be relocated.,,,,,,,,:,,,:
,,,,,,,,,,,,:,,,:
His plan includes banning urban camping & arresting violators while empowering rehab organizations.",6643224,93205,2436,18508,13373,,,,,,,:,,,:
2024:11:08T18:27:10.000Z,FFT1776,True,False,"Notice how the World is cleaning up their act … ,,,,,,,,:,,,:
,,,,,,,,,,,,:,,,:
Hamas will fall in line.,,,,,,,,,,,,:,,,:
,,,,,,,,,,,,:,,,:
The hostages better be home before he assumes office or Hamas will pay a very big price. : Trump,,,,,,,,,,,,:,,,:
,,,,,,,,,,,,:,,,:
Chilling response in cheers",21713,907,31,291,25,,,,,,,:,,,:
2024:11:13T18:23:00.000Z,profwolff,True,False,"Rest of world sees serious economic disruption coming from Trump win. In today's world economy, stock falls elsewhere will arrive in the US very soon.,,,,,,,:,,,:
https://bloomberg.com/news/articles/2024:11:13/global:markets:reel:as:trump:s:america:first:agenda:unfolds?cmpid=BBD111324_MKTDLY&utm_medium=email&utm_source=newsletter&utm_term=241113&utm_campaign=marketsdaily&embedded:checkout=true…",8371,191,11,77,13,,,,,,,:,,,:
2024:11:11T11:29:07.000Z,SquawkCNBC,True,False,"""Instead of criticizing Jay Powell, I think Trump should thank Jay Powell because his overly easy policy during the Biden administration causing all that inflation was certainly one of the reasons Trump won the election,"" says ,,,,,,:,,,:
@Wharton,,,,,,,,,,,,:,,,:
's Jeremy Siegel.",129053,752,73,101,108,,,,,,,:,,,:
2024:11:08T13:21:02.000Z,YourAnonCentral,True,False,"""the very best thing Trump could do is nothing at all. Go play golf and take credit for the economic trends that we already have. Just take credit for the economy he inherited and do nothing else and that is the best possible outcome we could hope for.""",149724,1111,18,176,67,,,:,,,:
2024:11:07T20:20:36.000Z,YALiberty,True,False,"Fed Chairman Jerome Powell says he'll refuse to leave if Donald Trump asks for his resignation.,,,,,,,,:,,,:
,,,,,,,,,,,,:,,,:
Here's something many don't know: The Fed is not actually part of the government. Unelected bureaucrats control your money and cause inflation.,,,,,,,,,,,,:,,,:
,,,,,,,,,,,,:,,,:
There's only one solution: END THE FED",323190,1225,168,422,106,,,,,,,:,,,:
