timestamp username icon:verified fact:checked text views likes replies reposts bookmarks   :   :            :   :
2024:11:02T08:10:54.000Z,mollie_don,True,False,"Trump's economic policies, including tariffs, tax cuts, and immigration control, aim to address inflation and stimulate economic growth. Supporters believe his straightforward approach could eliminate bureaucratic hurdles and stimulate immediate economic activity.,,,,:,,,:
,,,,,,,,,,,,:,,,:
If we want to",8894,270,14,208,3,,,,,,,:,,,:
2024:11:15T12:34:37.000Z,LanceRoberts,True,False,"#President #Trump is walking into an #economy and #market that has a vastly different setup than when elected in 2016. ,,,,,,,,:,,,:
@thedailyshot",32303,320,21,86,126,,,,,,,:,,,:
2024:11:15T18:40:39.000Z,TheUSASingers,False,False,Donald Trump is already crashing the stock market because he’s an unhinged fascist traitor moron.,24353,1328,44,663,36,,,:,,,:
2024:11:20T14:41:19.000Z,IvankaNews_,True,False,"HONEST QUESTION:,,,,,,,,:,,,:
,,,,,,,,,,,,:,,,:
If Elon Musk come up with an 𝕏 phone to compete in the market, would you choose it over Apple and Android?,,,,,,,,,,,:,,,:
,,,,,,,,,,,,:,,,:
A.  YES ,,,,,,,,,,,,:,,,:
B.   NO",112395,4276,2284,475,42,,,,,,,:,,,:
2024:11:15T18:22:00.000Z,RepTenney,True,False,". ,,,,,,,,:,,,:
@HouseGOP,,,,,,,,,,,,:,,,:
 is committed to working with President Trump to implement his America First agenda.,,,,,,,,,,,,:,,,:
,,,,,,,,,,,,:,,,:
This includes preserving and expanding the important Tax Cuts and Jobs Act to lower taxes for hardworking Americans!",11336,166,45,45,1,,,,,,,:,,,:
2024:11:17T18:57:31.000Z,_Crypto_Barbie,True,False,"WOW! ,,,,,,,,:,,,:
,,,,,,,,,,,,:,,,:
Brad Garlinghouse is confident that Ripple is about to unlock the U.S. market!  ,,,,,,,,,,,,:,,,:
,,,,,,,,,,,,:,,,:
I'm sure under the new Trump administration we will finally get full regulatory clarity that will unleash #XRP ",79677,1840,24,385,69,,,,,,,:,,,:
2024:11:19T02:18:04.000Z,xMarketNews,True,False,"JUST IN DONALD TRUMP STATES SHORT SELLERS CAN GET HURT VERY BADLY DURING HIS SPEECH,,,,,,,,:,,,:
,,,,,,,,,,,,:,,,:
Can Donald Trump End Illegal Short Selling & Short Selling Manipulators",66692,1931,44,474,110,,,,,,,:,,,:
2024:11:17T23:39:14.000Z,sjredmond,True,False,"Ask not why they didn't vote for Harris Bill Shatner, ask why they believed one word Trump was saying. Not one of his economic ""promises"" will be kept, except the ones that screw the bottom half of America.",96558,1393,68,262,113,:,,,:
2024:11:13T05:28:54.000Z,amerix,True,False,"President Trump has picked Elon Musk and Vivek Ramaswamy to lead The Department of Government Efficiency (DOGE),,,,,,,,:,,,:
,,,,,,,,,,,,:,,,:
This department is tasked with ending wastage of taxpayers' money and draining the swamp.,,,,,,,,,,,,:,,,:
,,,,,,,,,,,,:,,,:
America has Vivek, Kenya has David Ndii.,,,,,,,,,,,:,,,:
,,,,,,,,,,,,:,,,:
Kenya is led by fools.",346384,6687,322,2133,224,,,,,,,:,,,:
2024:11:18T13:50:44.000Z,BenSwann_,True,False,"TRUMP: “I refuse to accept another round of endless war in Ukraine.,,,,,,,,:,,,:
,,,,,,,,,,,,:,,,:
I want peace, they want money and conflict! Even if it means pushing us to the brink of World War III, which, frankly, is already happening and very quickly.”",19406,717,19,141,12,,,:,,,:
2024:11:13T03:23:49.000Z,AutismCapital,True,False," HOROWITZ: ""Within 24 hours of Trump being elected, the stock market had its 5th biggest day in history. No economic news, no 'the economy is going well,’ no nothing. The Crypto markets went way beyond that. All fintech went up. Just the fact that it wasn't going to be the",129218,1874,36,212,:,,,:
2024:11:12T22:52:58.000Z,AP,True,False,A judge postponed a decision on whether to undo President:elect Donald Trump’s conviction in his hush money case as prosecutors consider how to proceed in light of last week's election.,106032,79,43,41,3,,,:,,,:
2024:11:14T01:14:12.000Z,jcokechukwu,True,False,"By the way, here’s Tulsi, Trump’s pick for DNI (Director of National Intelligence), exposing the Ukrainian bio labs and wandering why American money would go to shady, dirty ventures like bio labs in Ukraine and China and elsewhere, from where COVID and other designer diseases",15418,546,:,376,69,:
2024:11:20T00:09:05.000Z,RepMTG,True,False," I just confronted FEMA Administrator Criswell ,,,,,,,,:,,,:
,,,,,,,,,,,,:,,,:
Criswell prioritized equity programs and politics over providing aid to Americans in need after historic natural disasters—simply because they supported President Trump.,,,,,,,,,,,,:,,,:
,,,,,,,,,,,,:,,,:
Meanwhile, FEMA had plenty of money and resources to",792648,38051,1372,13222,1277,,,,,,:,,,:
2024:11:18T18:00:01.000Z,CREWcrew,True,False,"""The crypto industry plowed tens of millions into the election. Now, it’s looking for a return on that investment."",,,,,,,:,,,:
,,,,,,,,,,,,:,,,:
For the record, this kind of thing is why we need limits on money in politics.",6050,386,9,260,10,,,,,,:,,,:
2024:11:13T16:26:54.000Z,JavonAPrice,True,False,"Notice how President Trump sits beneath a portrait of Abraham Lincoln—the first Republican president, who also faced a hostile media & unfortunately lost his life from an assassin. Yet, both transformed our nation for the better in just four years.,,,,,,:,,,:
,,,,,,,,,,,,:,,,:
Godspeed, President Trump! ",8590,651,26,116,10,,,,,,:,,,:
2024:11:20T00:12:39.000Z,TONYxTWO,True,False,"This clip of Donald Trump’s Parents is so wholesome!! They said he loved playing monopoly growing up and building blocks!! ,,,,,,,,:,,,:
,,,,,,,,,,,,:,,,:
Makes a whole lot of sense why he became such a successful businessman building buildings and making money ,,,,,,,,,,,,:,,,:
,,,,,,,,,,,,:,,,:
Love this!!  ,,,,,,,,,,,,:,,,:
@realDonaldTrump",54192,3815,39,820,355,,,,,,,:,,,:
2024:11:19T15:39:32.000Z,EricLDaugh,True,False," BREAKING: Trump has selected Howard Lutnick as his Commerce Secretary : Punchbowl News,,,,,,,,:,,,:
,,,,,,,,,,,,:,,,:
Lutnick SUPPORTS Trump's efforts to bring companies back to the USA.,,,,,,,,,,,,:,,,:
,,,,,,,,,,,,:,,,:
,,,,,,,,,,,,:,,,:
,,,,,,,,,,,,:,,,:
""Come to America, build in America."",,,,,,,,,,,:,,,:
,,,,,,,,,,,,:,,,:
""Put a tariff out, and say to the company : if you come to America and you",177731,3444,73,764,149,,,,,,:,,,:
2024:11:12T15:37:09.000Z,Bubblebathgirl,True,False,"Even if the hush money case against Trump gets dismissed, that doesn’t mean the lawfare against him is forgotten.,,,,,,,:,,,:
,,,,,,,,,,,,:,,,:
Our government, DAs, and judges abused our judicial system in order to interfere in the 2024 presidential election.,,,,,,,,,,:,,,:
,,,,,,,,,,,,:,,,:
They need to face legal consequences.",16616,1847,52,717,13,,,,,,,:,,,:
2024:11:14T19:00:19.000Z,FoxNews,True,False,MAKES 'CENTS': CEO gives vision for U.S. economy as Trump considers him for Treasury pick. What to know about the president:elect's potential nominee. https://trib.al/4NOiE6L,75933,413,43,63,5,,,:,,,:
2024:11:18T15:09:26.000Z,politvidchannel,True,False,BREAKING: Restaurant owners who rely on immigrant labor to stay afloat are saying President:elect Donald Trump's mass deportations will Lead to a downturn in the economy,19436,1153,209,613,35,,,:,,,:
2024:11:15T10:59:55.000Z,trumprealparody,True,False,"Will you ever pay money to watch a Robert DeNiro film again ,,,,,,,,:,,,:
,,,,,,,,,,,,:,,,:
Yes or No?",54167,897,2827,243,11,,,,,,,:,,,:
