timestamp username icon:verified fact:checked text views likes replies reposts bookmarks   :   :            :   :
2024:11:17T23:36:29.000Z,AaronParnas,True,False,"President Biden is right: he is leaving Donald Trump with a booming economy and a country that has made it out of a pandemic. Thank you, President Biden.",358573,10816,2268,2051,135,,:,,,:
2024:11:02T08:10:54.000Z,mollie_don,True,False,"Trump's economic policies, including tariffs, tax cuts, and immigration control, aim to address inflation and stimulate economic growth. Supporters believe his straightforward approach could eliminate bureaucratic hurdles and stimulate immediate economic activity.,,,,:,,,:
,,,,,,,,,,,,:,,,:
If we want to",8844,269,14,208,3,,,,,,,:,,,:
2024:11:12T02:27:02.000Z,abcnews,True,False,"“Trump is waging a war on trade itself”: Malcolm Turnbull says if Anthony Albanese wants to protect Australia’s economic interests, he has to level directly with Donald Trump.,,,,,,,:,,,:
,,,,,,,,,,,,:,,,:
Catch up on #QandA on iview: https://ab.co/2E7R5d9",34294,112,128,29,16,,,,,,,:,,,:
2024:11:15T15:23:34.000Z,MAGAResource,True,False,"Just In: New Trump Attorney General Matt Gaetz refuses to take money from Lobbyists and PACs. ,,,,,,,,:,,,:
,,,,,,,,,,,,:,,,:
That’s why the deep state uniparty establishment hates him.",48132,2741,39,618,51,,,,,,,:,,,:
2024:11:16T18:17:52.000Z,BreitbartNews,True,False,Trump tells the story of a woman who had to return one of the apples she was attempting to buy at a grocery store when she realized how expensive they were in the Biden:Harris economy.,44800,530,40,75,8,,,:,,,:
2024:11:11T18:15:12.000Z,KristiNoem,True,False,"The American people know how to spend their own money. By eliminating government waste and focusing federal spending on the core functions of government, President Trump will deal with the debt and unleash economic growth. That’s what we did in South Dakota!",165214,3308,238,543,65,,:,,,:
2024:11:10T18:59:56.000Z,Jeremyybtc,True,False,"doge will be the biggest runner of this bull run,,,,,,,,:,,,:
,,,,,,,,,,,,:,,,:
elon musk publicly comes out as the co founder of dogecoin,,,,,,,,,,,,:,,,:
,,,,,,,,,,,,:,,,:
trump and elon both mentioned integrating dogecoin as a big part of america's economy,,,,,,,,,,,,:,,,:
,,,,,,,,,,,,:,,,:
1 $doge = $1",155593,862,96,155,43,,,,,,,:,,,:
2024:11:17T22:47:05.000Z,thebearablebull,True,False,"US Based Cryptos Are Outperforming The Market & Will ABSOLUTELY THRIVE!!!!,,,,,,,,:,,,:
,,,,,,,,,,,,:,,,:
Think XRP, XLM, HBAR, ADA, ALGO, DAG, PROPY & Many More,,,,,,:,,,:
,,,,,,,,,,,,:,,,:
Ladies & Gentlemen Everything Has Changed Since Trump Got Elected!!!,,,,,,,,,,,,:,,,:
,,,,,,,,,,,,:,,,:
This Cycle Will Be Completely Different From 2021",41949,997,51,177,68,,,,,,,:,,,:
2024:11:09T22:08:54.000Z,DanCrenshawTX,True,False,"This video is for Bernie Bro ,,,,,,,,:,,,:
@cenkuygur,,,,,,,,,,,,:,,,:
. Perhaps it will help him begin his journey to economic literacy.,,,,,,,,,,,,:,,,:
,,,,,,,,,,,,:,,,:
During our debate on ,,,,,,,,,,,,:,,,:
@PiersUncensored,,,,,,,,,,,,:,,,:
, he had a near emotional breakdown about Trump’s corporate tax cuts, reciting the same old tired talking points about “helping your",65468,797,49,180,142,,,,,:,,,:
2024:11:15T01:10:00.000Z,SenTedCruz,True,False,"I am confident the Republican House and Senate will work hand:in:hand with President Trump to deliver on his promises.,,,,,,,,:,,,:
,,,,,,,,,,,,:,,,:
Election Day was a MANDATE from the American people.,,,,,,,,,,,,:,,,:
,,,,,,,,,,,,:,,,:
We are going to bring back jobs, secure our border, crush inflation, and protect America from our",160306,5805,1200,809,44,,,,:,,,:
2024:11:15T12:34:37.000Z,LanceRoberts,True,False,"#President #Trump is walking into an #economy and #market that has a vastly different setup than when elected in 2016. ,,,,,,,,:,,,:
@thedailyshot",31717,321,21,85,127,,,,,,,:,,,:
2024:11:17T16:51:02.000Z,bravosresearch,True,False,"In 2016, when Trump took office, small caps surged by 20%,,,,,,:,,,:
,,,,,,,,,,,,:,,,:
Reflecting the market’s anticipation of tax cuts for small businesses,,,,,,,,,,,,:,,,:
,,,,,,,,,,,,:,,,:
Like 2016, we anticipate a short:term market boost this time as well,,,,,,,,,,,:,,,:
,,,,,,,,,,,,:,,,:
But whether this becomes a broader bull market depends on economic resilience",14208,76,9,7,10,,,,,,,:,,,:
2024:11:09T14:01:39.000Z,Bubblebathgirl,True,False,"First 100 days of Trump Part 2 is going to be EPIC:,,,,,,,,:,,,:
,,,,,,,,,,,,:,,,:
Close border,,,,,,,,,,,,:,,,:
Resume border wall construction,,,,,,,,,,,,:,,,:
Mass deportation,,,,,,,,,,,,:,,,:
Unleash oil production,,,,,,,,,,,,:,,,:
Leave Paris Climate Agreement,,,,,,,,,,,,:,,,:
End Ukraine/Russia War,,,,,,,,,,,,:,,,:
End Israel/Hamas War,,,,,,,,,,,,:,,,:
Save US economy",9083,731,34,221,16,,,,,,,:,,,:
2024:11:09T17:42:01.000Z,katiephangshow,True,False,"""There's no reason that sentencing can't move forward..."" ,,,,,,,,:,,,:
@JoyceWhiteVance,,,,,,,,,,,,:,,,:
 talks about what to expect this week from Trump's NY election interference/hush money trial.",186421,4916,265,1578,123,,,,,,,:,,,:
2024:11:14T18:22:22.000Z,bitcoinlfgo,True,False,"BIG BREAKING  ,,,,,,,,:,,,:
,,,,,,,,,,,,:,,,:
PRO : #BITCOIN President Trump is considering 0% capital gains tax on #Bitcoin and cryptocurrency! ",232341,7239,214,1273,124,,,,,,,:,,,:
2024:11:13T16:26:54.000Z,JavonAPrice,True,False,"Notice how President Trump sits beneath a portrait of Abraham Lincoln—the first Republican president, who also faced a hostile media & unfortunately lost his life from an assassin. Yet, both transformed our nation for the better in just four years.,,,,,,:,,,:
,,,,,,,,,,,,:,,,:
Godspeed, President Trump! ",8500,648,26,117,10,,,,,,:,,,:
2024:11:13T03:23:49.000Z,AutismCapital,True,False," HOROWITZ: ""Within 24 hours of Trump being elected, the stock market had its 5th biggest day in history. No economic news, no 'the economy is going well,’ no nothing. The Crypto markets went way beyond that. All fintech went up. Just the fact that it wasn't going to be the",129054,1874,36,211,:,,,:
2024:11:12T14:09:19.000Z,4TaxFairness,False,False,"The cost of eggs is higher because Kroger, Costco, Albertsons, Target, and Walmart raised prices.,,,,:,,,:
,,,,,,,,,,,,:,,,:
These five corporations have reported over $29 billion in profits.,,,,,,,,,,,,:,,,:
,,,,,,,,,,,,:,,,:
Trump wants to give them a $1.7 billion yearly tax break.,,,,,,,,,,,,:,,,:
,,,,,,,,,,,,:,,,:
Yes, really.",350781,17705,773,6887,702,,,,,,:,,,:
2024:11:12T22:52:58.000Z,AP,True,False,A judge postponed a decision on whether to undo President:elect Donald Trump’s conviction in his hush money case as prosecutors consider how to proceed in light of last week's election.,105900,79,43,41,4,,,:,,,:
2024:11:15T07:47:59.000Z,ProjectConstitu,True,False," Trump just delivered an incredible speech at the Mar:a:Lago Gala for the America First Policy Institute (AFPI)! ,,,,,,,,:,,,:
,,,,,,,,,,,,:,,,:
 Watch the full video to see his powerful message on putting America first, securing our borders, strengthening the economy, and the future of our nation. If",509734,1200,88,477,324,,,,:,,,:
2024:11:12T00:45:45.000Z,William_E_Wolfe,True,False,"Trump commits to shutting down the Department of Education! ,,,,,,,,:,,,:
,,,,,,,,,,,,:,,,:
This, combined with his tax credits for homeschooling families, could revolutionize education in America.",25910,763,32,101,20,,,,,:,,,:
