timestamp username icon:verified fact:checked text views likes replies reposts bookmarks   :   :            :   :
2024:11:19T13:27:08.000Z,TrumpjrJohn,True,False,"As promised,,,,,,,,:,,,:
I want to change someone's life and send 100 $Sol (~$23,500) to one person by tomorrow. ,,,,,,,,,,,:,,,:
,,,,,,,,,,,,:,,,:
Just like, retweet and comment 'done'.,,,,,,,,,,,:,,,:
,,,,,,,,,,,,:,,,:
I DIDNT MISS $PNUT ,,,,,,,,,,,,:,,,:
I DIDNT MISS $BITCAT,,,,,,,,,,,,:,,,:
I DIDNT MISS $BARSIK",25404,365,313,256,10,,,,,,,:,,,:
2024:11:18T12:49:43.000Z,JavonAPrice,True,False,Seems Joe and Mika woke up with a newfound realization this morning: apparently President Trump is no longer Hitler nor a threat to American democracy.,39802,1093,184,213,34,,,:,,,:
2024:11:12T17:21:17.000Z,kurtbardella,True,False,"First off, I’m not sure how the economy gets to where we want it to go if the first move is to deport everyone who does the hard labor (for menial wages). The Trump economy means the rich get richer and everyone else gets left behind.",39401,1005,72,357,30,,:,,,:
2024:11:19T17:08:30.000Z,ReallyAmerican1,True,False,"Republicans can hardly wait to cut services for the poor, like Medicaid and food stamps, in order to fund Trump's tax cuts for the rich.,,,,,,:,,,:
,,,,,,,,,,,,:,,,:
Many of MAGA need those services.,,,,,,,,,,,,:,,,:
This is what they voted for.",23751,520,93,306,18,,,,,,,:,,,:
2024:11:12T02:27:02.000Z,abcnews,True,False,"“Trump is waging a war on trade itself”: Malcolm Turnbull says if Anthony Albanese wants to protect Australia’s economic interests, he has to level directly with Donald Trump.,,,,,,,:,,,:
,,,,,,,,,,,,:,,,:
Catch up on #QandA on iview: https://ab.co/2E7R5d9",34368,112,128,29,16,,,,,,,:,,,:
2024:11:18T14:24:29.000Z,FoxNews,True,False,"'GET RID OF THE ILLEGALS!': Chicago voters confront Mayor Brandon Johnson (D) for catering to illegal immigrants who have flooded the city, telling him they hope Trump 'will address' him after the city council unanimously rejects his proposed $300 million property tax hike.",317606,9874,334,2545,238,,:,,,:
2024:11:18T17:03:13.000Z,tooronlists,False,False,"If you think inflation is bad now, wait until Trump declares National Emergency & deports immigrants who pick & process your food, the people who build your houses, & add in 20% to 200% tariffs passed on to consumers. America is dumb and hateful af.",330746,6415,1919,2083,:,,,:
2024:11:14T01:14:12.000Z,jcokechukwu,True,False,"By the way, here’s Tulsi, Trump’s pick for DNI (Director of National Intelligence), exposing the Ukrainian bio labs and wandering why American money would go to shady, dirty ventures like bio labs in Ukraine and China and elsewhere, from where COVID and other designer diseases",15307,545,:,376,69,:
2024:11:14T13:00:00.000Z,brutamerica,True,False,"Trump’s proposals for the economy are sparking debates. But economists warn his tariffs could lead to higher prices for consumers, and his tax cuts might mainly benefit the wealthy. ,,,,,,,:,,,:
#ElectionEconomics #Trump2024 #EconomicPolicy",0,3,1,1,197,,,,,,,:,,,:
2024:11:18T01:00:46.000Z,BehizyTweets,True,False,"BREAKING: Anthony Constantino, the New York hero who triggered his woke mayor by putting a giant ""Vote for Trump"" sign on his building, just announced that he will be spending $3 MILLION of his own money to run for Elise Stefanik's seat,,,,,,:,,,:
,,,,,,,,,,,,:,,,:
The special election is imminent. When",1508151,45400,327,11613,1195,,,,,,,:,,,:
2024:11:19T10:55:07.000Z,NobodymrRobert,True,False,"THEY TRIED TO STOP US "",,,,,,,,:,,,:
THEY TRIED EVERYTHING. ,,,,,,,,,,,,:,,,:
THEY ATTACKED ,,,,,,,,,,,,:,,,:
TRUMP ,,,,,,,,,,,,:,,,:
ELON ,,,,,,,,,,,,:,,,:
BOBBY ,,,,,,,,,,,,:,,,:
TULSI ,,,,,,,,,,,,:,,,:
They tried to silence  us.,,,,,,,,,,,,:,,,:
,,,,,,,,,,,,:,,,:
THEY HAD MORE MEDIA MORE MONEY. ,,,,,,,,,,,,:,,,:
 BUT THEY FAILED. ,,,,,,,,,,,,:,,,:
CONGRATULATIONS "",,,,,,,,,,,,:,,,:
,,,,,,,,,,,,:,,,:
            ",4194,209,7,136,2,,,,,,,:,,,:
2024:11:18T23:29:07.000Z,Rachel4Trump_45,True,False,"Georgia needs to throw her in jail for illegal use of taxpayer money, lying under oath, and misuse of government power.",7600,458,23,288,4,:,,,:
2024:11:16T20:34:47.000Z,TomHoman_,True,False,"President Trump is right. There is no price tag on mass deportation. ,,,,,,,,:,,,:
,,,,,,,,,,,,:,,,:
Democrats waste trillions yet fight us on $15 billion to build a wall and deem it too wasteful?,,,,,,,,,,,,:,,,:
,,,,,,,,,,,,:,,,:
Mass deportation is happening!,,,,,,,,,,,,:,,,:
,,,,,,,,,,,,:,,,:
Finishing the wall is happening!",35310,2563,124,648,25,,,,,,,:,,,:
2024:11:13T13:55:49.000Z,tribelaw,True,False,"Biden must urgently act with the Europeans to transfer frozen Russian assets to Kyiv—not just the interest but the capital. This money—more than $300 billion—can be used to purchase weapons, rebuild the country, and keep the economy going for many months.",131541,9637,612,4417,117,:,,,:
2024:11:14T02:09:16.000Z,JasonMiller,True,False,"President Trump: ,,,,,,,,:,,,:
,,,,,,,,,,,,:,,,:
I want to Make America Great Again by fixing our economy for everyone, securing our border, making our streets safe, and bringing peace back to the world…and I’m going to hire good people to get it done!,,,,,,,,,:,,,:
,,,,,,,,,,,,:,,,:
The few remaining holdouts on the extreme left:",19870,669,33,137,4,,,,,,,:,,,:
2024:11:11T14:20:40.000Z,MAGA__Patriot,True,False,We must NEVER FORGET the high price paid for the freedom we enjoy. Thank you Veterans! ,14331,795,35,417,14,,,:,,,:
2024:11:11T23:15:47.000Z,realDailyWire,True,False,"""The time of concessions, the time of weakness is over. The time of the strength that President Trump brings back to the office has returned."",,,,,,,:,,,:
@BenShapiro,,,,,,,,,,,,:,,,:
 on what the Iranian economy could look like with President Trump back in office,,,,,,,,,,,,:,,,:
@FoxBusiness",256637,1455,34,136,49,,,,,,,:,,,:
2024:11:12T14:09:19.000Z,4TaxFairness,False,False,"The cost of eggs is higher because Kroger, Costco, Albertsons, Target, and Walmart raised prices.,,,,:,,,:
,,,,,,,,,,,,:,,,:
These five corporations have reported over $29 billion in profits.,,,,,,,,,,,,:,,,:
,,,,,,,,,,,,:,,,:
Trump wants to give them a $1.7 billion yearly tax break.,,,,,,,,,,,,:,,,:
,,,,,,,,,,,,:,,,:
Yes, really.",351443,17576,773,6882,697,,,,,,:,,,:
2024:11:14T02:10:15.000Z,oroogle,True,False,"BREAKING: President Trump wants to eliminate all capital gains taxes on Cryptocurrencies issued by U.S. companies,,,,,,,,:,,,:
,,,,,,,,,,,,:,,,:
This would ultimately make all profits Americans make on holding crypto assets such as $ADA $ALGO $XRP and $HBAR fully tax free, as their creators are U.S.",4476802,28344,1104,6822,3774,,,,,,:,,,:
2024:11:15T01:11:20.000Z,RealAmVoice,True,False,"""I'D LIKE TO SEE $2 GASOLINE, ZERO INFLATION, THE BORDER CLOSED, AND TO DEPORT ALL OF THE CRIMINALS AND THE TERRORISTS!"" ,,,,,:,,,:
@larry_kudlow,,,,,,,,,,,,:,,,:
 is only asking for a few things of the Trump Administration as they take back the White House in 2025. ,,,,,,,,,,,,:,,,:
@A1Policy",22812,808,6,206,33,,,,,,,:,,,:
