timestamp username icon:verified fact:checked text views likes replies reposts bookmarks   :   :            :   :
2024:11:10T18:59:56.000Z,Jeremyybtc,True,False,"doge will be the biggest runner of this bull run,,,,,,,,:,,,:
,,,,,,,,,,,,:,,,:
elon musk publicly comes out as the co founder of dogecoin,,,,,,,,,,,,:,,,:
,,,,,,,,,,,,:,,,:
trump and elon both mentioned integrating dogecoin as a big part of america's economy,,,,,,,,,,,,:,,,:
,,,,,,,,,,,,:,,,:
1 $doge = $1",98277,692,92,120,27,,,,,,,:,,,:
2024:11:07T21:17:38.000Z,SeibtNaomi,True,False,"GERMAN TYRANNY FALLS : THANKS TO TRUMP AND X!,,,,,,,,:,,,:
,,,,,,,,,,,,:,,,:
The German government is imploding because the far:left establishment refuses to change its disastrous economic policies.,,,,,,,,,,,,:,,,:
,,,,,,,,,,,,:,,,:
Trump’s victory EXPOSED that we have been lied to by our tax:funded media. ,,,,,,,,,,,,:,,,:
,,,,,,,,,,,,:,,,:
We want the tyranny to END!",1443979,43108,1734,9498,3318,,,,,,,:,,,:
2024:11:11T20:30:28.000Z,Marmel,True,False,This is a metaphor for the upcoming Trump economy.,78787,5357,14,938,74,,,:,,,:
2024:11:12T00:26:18.000Z,RealAlexJones,True,False,"Economic Bombshell President Trump Announces Ban On Credit Card Interest Rates Above 10%!,,,,,,,,:,,,:
,,,,,,,,,,,,:,,,:
DJT Renewed His Pledge To Get American Out Of Debt And Make America Wealthy Again,,,,,,,,,,,,:,,,:
,,,,,,,,,,,,:,,,:
Watch And Share My Live Stream Here:,,,,,,,,,,,,:,,,:
https://x.com/i/broadcasts/1eaJbaqnlgvGX…",24693006,224730,5729,40224,13996,,,,,,,:,,,:
2024:11:08T00:50:45.000Z,TheBTCTherapist,True,False,"The market doesn’t think President Trump is going to stockpile a Bitcoin treasury. ,,,,,,,,:,,,:
,,,,,,,,,,,,:,,,:
Repost if you want ,,,,,,,,,,,,:,,,:
@realDonaldTrump,,,,,,,,,,,,:,,,:
 to create a strategic US Bitcoin reserve.",74779,1815,112,459,54,,,,,,,:,,,:
2024:11:07T20:31:58.000Z,RealJamesWoods,True,False,"As the stock market sets record highs, as Americans once again celebrate holidays with joy, as the dark cloud of divisive hate dissipates over the horizon, let’s smile, ignore the sour losers, and cherish our landslide victory to a brighter tomorrow.",268632,27763,:,4353,151,:
2024:11:12T05:46:11.000Z,Princeujay,True,False,"Economic Game:Changer! ,,,,,,,,:,,,:
President Trump just announced a cap on credit card interest rates—no more than 10%!,,,,,,,,,,,,:,,,:
Imagine saving THOUSANDS in interest fees!",24247,338,32,100,19,,,,,,,:,,,:
2024:11:10T00:00:00.000Z,DavidJHarrisJr,True,False,"Trump announces he'll provide immediate relief for millions of working Americans by capping credit card interest rates which are at an all:time high.,,,,,,,,:,,,:
,,,,,,,,,,,,:,,,:
I missed common sense economic policies like this!",32378,1384,22,196,26,,,,,,,:,,,:
2024:11:12T02:10:21.000Z,vydamo_,True,False,"12 hours ago ,,,,,,,,:,,,:
@Cointelegraph,,,,,,,,,,,,:,,,:
 tweeted that Trump owned 1.7% of $PNUT,,,,,,,,,,,,:,,,:
,,,,,,,,,,,,:,,,:
However, the wallet they attached was his eth wallet, not a solana wallet, and he actually only held $65 of this erc:20 pnut (with a market cap of 20k), not 6.5m. The screenshot had been edited.,,,,,,,,:,,,:
,,,,,,,,,,,,:,,,:
This token was a",46512,363,51,29,22,,,,,,,:,,,:
2024:11:09T19:51:55.000Z,kbyrd2_,False,False,"Kamala literally said i will give yall a $6000 tax credit for the first year of your child’s life & $25,000 the first time you buy a home.,,,,,,,:,,,:
,,,,,,,,,,,,:,,,:
And people said Trump, who wants to lower taxes for the wealthiest earners, is going to make them rich again. You can’t make this up.",9401484,275688,18305,37506,11627,,,,,:,,,:
2024:11:12T14:27:33.000Z,legen_eth,True,False,"A dip is good.,,,,,,,,:,,,:
,,,,,,,,,,,,:,,,:
Trump isn’t in office yet.,,,,,,,,,,,,:,,,:
,,,,,,,,,,,,:,,,:
The real bull market hasn’t even started yet.,,,,,,,,,,,,:,,,:
,,,,,,,,,,,,:,,,:
Just buy the discount and keep showing up.,,,,,,,,,,,,:,,,:
,,,,,,,,,,,,:,,,:
This isn’t the time to panic or try to time the market.",7167,110,18,6,1,,,,,,,:,,,:
2024:11:12T15:19:24.000Z,Loveof1776,True,False,"Trump has only been President Elect for 72 hours, and just the anticipation of his administration, has resulted in positive changes here and geopolitically. The stock markets had record highs. The migrant caravan heading toward our border has now dwindled by half. Hamas wants an",3170,133,14,82,1,:,,,:
2024:11:12T17:21:17.000Z,kurtbardella,True,False,"First off, I’m not sure how the economy gets to where we want it to go if the first move is to deport everyone who does the hard labor (for menial wages). The Trump economy means the rich get richer and everyone else gets left behind.",4690,195,16,52,2,,:,,,:
2024:11:12T12:33:59.000Z,grantstern,True,False,"Trump wants to spend $88 billion deporting people and whole families, but this election is about economic anxiety.,,,,,,,:,,,:
,,,,,,,,,,,,:,,,:
Got it.",18834,1403,64,556,24,,,,,,,:,,,:
2024:11:08T14:34:09.000Z,WatchChad,True,False,"Lawsuits disappearing,,,,,,,,:,,,:
Stock market soaring ,,,,,,,,,,,,:,,,:
Interest rates down ,,,,,,,,,,,,:,,,:
In talks w/ Putin to end war in Ukraine. ,,,,,,,,,,,,:,,,:
Cease fire in Iran ,,,,,,,,,,,,:,,,:
Hamas calls for “immediate end to war”,,,,,,,,,,,,:,,,:
China is optimistic and talking peaceful co:existence ,,,,,,,,,,,,:,,,:
,,,,,,,,,,,,:,,,:
Trump is a crappy Hitler.",121422,10123,209,2555,223,,,,,,,:,,,:
2024:11:09T15:36:17.000Z,maddenifico,True,False,"It's already started. In anticipation of Trump's draconian tariff policy, companies are firing workers. ",387535,10620,898,3527,1353,,:,,,:
2024:11:08T17:12:54.000Z,paularambles,True,False,the republicanism leaving tech bros’ bodies as soon as trump announces a 60% tariff on uniqlo,1525886,97806,55,4431,2415,,,:,,,:
2024:11:12T03:19:18.000Z,3orovik,True,False,"Nearly $800 billion dollars added to the total Crypto market cap since Trump won,,,,,,,,:,,,:
,,,,,,,,,,,,:,,,:
Total market cap is now $3 TRILLION dollars",8467,177,37,26,5,,,,,,,:,,,:
2024:11:11T18:25:24.000Z,kayleighmcenany,True,False,"THE TRUMP EFFECT,,,,,,,,:,,,:
,,,,,,,,,,,,:,,,:
In just a few days and before he is even President ,,,,,,,,,,,,:,,,:
,,,,,,,,,,,,:,,,:
 First female Chief of Staff appointed,,,,,,,,,,,,:,,,:
 Stock market hitting all:time:highs,,,,,,,,,,,,:,,,:
 Newest migrant caravan breaking up,,,,,,,,,,,,:,,,:
 NYC to stop giving debit cards to illegal immigrants,,,,,,,,,,,,:,,,:
 EU wants to buy US gas, not",719293,21212,433,4311,1505,,,,,,:,,,:
2024:11:08T13:39:23.000Z,weeklyshowpod,True,False,"“You can get people to vote away their democracy… as long as you create a false world for them to believe in.” : ,,,,,,,,:,,,:
@HC_Richardson,,,,,,,,,,,,:,,,:
 on how fear and disinformation helped shape this election. #TheWeeklyShow #JonStewart #Trump #Economy",1146423,9220,1138,3394,1791,,,,,,,:,,,:
2024:11:10T14:55:29.000Z,TrumpWarRoom,True,False,"President Trump on his plan for mass deportations of criminal illegal aliens: ""When people have killed and murdered ... they're not staying here. There is no price tag.""",136560,3771,222,824,96,,,:,,,:
2024:11:07T20:20:36.000Z,YALiberty,True,False,"Fed Chairman Jerome Powell says he'll refuse to leave if Donald Trump asks for his resignation.,,,,,,,,:,,,:
,,,,,,,,,,,,:,,,:
Here's something many don't know: The Fed is not actually part of the government. Unelected bureaucrats control your money and cause inflation.,,,,,,,,,,,,:,,,:
,,,,,,,,,,,,:,,,:
There's only one solution: END THE FED",318743,1223,168,421,106,,,,,,,:,,,:
2024:11:08T13:53:48.000Z,Web3Pikachu,True,False," Breaking News This Week ,,,,,,,,:,,,:
,,,,,,,,,,,,:,,,:
#Trump won the election, and Giga ignited the market to start the true bull run!,,,,,,,,,,,:,,,:
,,,,,,,,,,,,:,,,:
2.11 billion dollars flowed into the Bitcoin market.,,,,,,,,,,,,:,,,:
,,,,,,,,,,,,:,,,:
The FOMC cut rates by 0.25% yesterday.,,,,,,,,,,,,:,,,:
,,,,,,,,,,,,:,,,:
And $Brump ($Brett Trump) became the first president of the #basechain.",33176,603,319,60,8,,,,,,,:,,,:
