timestamp username icon:verified fact:checked text views likes replies reposts bookmarks   :   :            :   :
2024:11:02T08:10:54.000Z,mollie_don,True,False,"Trump's economic policies, including tariffs, tax cuts, and immigration control, aim to address inflation and stimulate economic growth. Supporters believe his straightforward approach could eliminate bureaucratic hurdles and stimulate immediate economic activity.,,,,:,,,:
,,,,,,,,,,,,:,,,:
If we want to",8891,270,14,208,3,,,,,,,:,,,:
2024:11:20T22:42:36.000Z,SaveAmericaNew,True,False,"DO YOU THINK PRESIDENT TRUMP IS RIGHT TO SAY SENIORS SHOULDN’T PAY TAX ON SOCIAL SECURITY?,,,,,,,,:,,,:
,,,,,,,,,,,,:,,,:
A. YES,,,,,,,,,,,,:,,,:
B. NO",10665,712,244,71,2,,,,,,,:,,,:
2024:11:20T19:52:41.000Z,AFLCIO,True,False,"Billionaires have enjoyed a system that always works in their favor. Many literally pay ZERO dollars in taxes while workers pay their share.,,,,,,,,:,,,:
,,,,,,,,,,,,:,,,:
Watch as AFL:CIO President ,,,,,,,,,,,,:,,,:
@LizShuler,,,,,,,,,,,,:,,,:
 talks about how Trump's tax policies will help CEOs and billionaires while hurting working people.",6461,95,3,63,3,,,,,,,:,,,:
2024:11:12T17:21:17.000Z,kurtbardella,True,False,"First off, I’m not sure how the economy gets to where we want it to go if the first move is to deport everyone who does the hard labor (for menial wages). The Trump economy means the rich get richer and everyone else gets left behind.",39417,1004,72,358,30,,:,,,:
2024:11:11T21:01:02.000Z,CNBCClosingBell,True,False,"#Tesla popping again today, with the stock seeing a more than 40% gain since the election. ,,,,,,,:,,,:
@DivesTech,,,,,,,,,,,,:,,,:
, who is raising his price target to $400 from $300, calls president:elect Trump's victory a ""game changer"" for Tesla:",401944,302,22,84,33,,,,,:,,,:
2024:11:15T18:40:39.000Z,TheUSASingers,False,False,Donald Trump is already crashing the stock market because he’s an unhinged fascist traitor moron.,24313,1330,44,663,36,,,:,,,:
2024:11:17T22:00:07.000Z,RBReich,True,False,"In his first term, Trump oversaw huge increases in Pentagon spending that enriched defense contractors and drained money from public investments.,,,,,,,:,,,:
,,,,,,,,,,,,:,,,:
His appointment of war hawks like Marco Rubio and Mike Waltz will only further the military:industrial drain.",69548,1513,155,692,72,,,,,,,:,,,:
2024:11:17T17:54:03.000Z,highbrow_nobrow,True,False,"Donald Trump: A tariff is a tax on a foreign country. A lot of people like to say it’s a tax on us. No… It’s is a tax that doesn’t affect our country. ,,,,,,,,:,,,:
@Acyn,,,,,,,,,,,,:,,,:
Fact:check: Wrong. (September)",412312,9100,1113,1980,296,,,,,,,:,,,:
2024:11:20T21:25:21.000Z,GBNEWS,True,False,"'People revolted, and I suspect the same sentiments are going to happen on this side of the pond in the UK.',,,,,,,:,,,:
,,,,,,,,,,,,:,,,:
Donald Trump's son, Eric Trump, has thrown his support behind British farmers following the Labour Government's raid on their inheritance tax relief.",23308,738,24,155,12,,,,,:,,,:
2024:11:18T12:49:43.000Z,JavonAPrice,True,False,Seems Joe and Mika woke up with a newfound realization this morning: apparently President Trump is no longer Hitler nor a threat to American democracy.,40470,1104,186,215,36,,,:,,,:
2024:11:13T05:28:54.000Z,amerix,True,False,"President Trump has picked Elon Musk and Vivek Ramaswamy to lead The Department of Government Efficiency (DOGE),,,,,,,,:,,,:
,,,,,,,,,,,,:,,,:
This department is tasked with ending wastage of taxpayers' money and draining the swamp.,,,,,,,,,,,,:,,,:
,,,,,,,,,,,,:,,,:
America has Vivek, Kenya has David Ndii.,,,,,,,,,,,:,,,:
,,,,,,,,,,,,:,,,:
Kenya is led by fools.",346040,6686,322,2133,224,,,,,,,:,,,:
2024:11:12T19:42:50.000Z,Sassafrass_84,True,False,"I really hope President Trump fixes the tax system. We are broke, and it's broken. I don't want to be a debt slave to the irs anymore.",29124,1724,144,645,65,,:,,,:
2024:11:18T17:03:13.000Z,tooronlists,False,False,"If you think inflation is bad now, wait until Trump declares National Emergency & deports immigrants who pick & process your food, the people who build your houses, & add in 20% to 200% tariffs passed on to consumers. America is dumb and hateful af.",339235,6492,2021,2125,:,,,:
2024:11:20T00:12:39.000Z,TONYxTWO,True,False,"This clip of Donald Trump’s Parents is so wholesome!! They said he loved playing monopoly growing up and building blocks!! ,,,,,,,,:,,,:
,,,,,,,,,,,,:,,,:
Makes a whole lot of sense why he became such a successful businessman building buildings and making money ,,,,,,,,,,,,:,,,:
,,,,,,,,,,,,:,,,:
Love this!!  ,,,,,,,,,,,,:,,,:
@realDonaldTrump",52770,3734,39,800,350,,,,,,,:,,,:
2024:11:12T21:31:15.000Z,TrueJMitchell,True,False,"This lady says:Says the boom you felt during Donald Trump's first term was because of Obama, not Trump.,,,,,,,:,,,:
,,,,,,,,,,,,:,,,:
She goes on to say that the last 4 years of inflation and high prices are because of Donald Trump, not Biden.,,,,,,,,,,,:,,,:
,,,,,,,,,,,,:,,,:
Jeff brings the facts.",18638,454,67,256,45,,,,,,,:,,,:
2024:11:12T15:37:09.000Z,Bubblebathgirl,True,False,"Even if the hush money case against Trump gets dismissed, that doesn’t mean the lawfare against him is forgotten.,,,,,,,:,,,:
,,,,,,,,,,,,:,,,:
Our government, DAs, and judges abused our judicial system in order to interfere in the 2024 presidential election.,,,,,,,,,,:,,,:
,,,,,,,,,,,,:,,,:
They need to face legal consequences.",16612,1848,52,717,13,,,,,,,:,,,:
2024:11:15T16:39:33.000Z,WSJ,True,False,Donald Trump is considering tapping Fox Business Network host Larry Kudlow for a senior economic policy role in his administration,51004,83,18,36,2,,,:,,,:
2024:11:20T21:47:54.000Z,GBNEWS,True,False,"'My father just wants to stop the death and destruction.',,,,,,,,:,,,:
,,,,,,,,,,,,:,,,:
Son of Donald Trump, Eric Trump, wants US money to be spent on 'productive things' not death and destruction, claiming his father will 'end the chaos'.",10560,170,3,39,1,,,,:,,,:
2024:11:20T12:59:52.000Z,DavidANicholas,True,False,"A Trump corporate tax cut is what the stock market is looking for.,,,,,,,,:,,,:
,,,,,,,,,,,,:,,,:
With a boost in spending power, companies like Amazon $AMZN will thrive. Tesla $TSLA benefits as EV subsidies are rolled back, and eased regulations would be a boon for Meta $META.,,,,,,,,,,:,,,:
,,,,,,,,,,,,:,,,:
Strategically putting money to",11358,59,4,17,2,,,,,,,:,,,:
2024:11:20T23:59:00.000Z,georgegalloway,True,False,"None of the attack 'ems or Storm Shadows hit their targets. Burning money. Biden time and waiting for Trump. Plus EU's losing hand,,,,,,,,:,,,:
,,,,,,,,,,,,:,,,:
Follow #MOATS 397 ,,,,,,,,,,,,:,,,:
@DanielLDavis1,,,,,,,,,,,,:,,,:
 #Trump #Biden #EU #StormShadow #Atacams",0,996,5,16,0,,,,,,,:,,,:
2024:11:18T15:30:28.000Z,forwardbluepac,True,False,"President Biden is leaving Donald Trump the best economy in the world right now. ,,,,,,,,:,,,:
,,,,,,,,,,,,:,,,:
We are forever grateful for President Biden's leadership.",4050,215,16,59,3,,,,,,,:,,,:
