timestamp username icon:verified fact:checked text views likes replies reposts bookmarks   :   :            :   :
2024:11:02T08:10:54.000Z,mollie_don,True,False,"Trump's economic policies, including tariffs, tax cuts, and immigration control, aim to address inflation and stimulate economic growth. Supporters believe his straightforward approach could eliminate bureaucratic hurdles and stimulate immediate economic activity.,,,,:,,,:
,,,,,,,,,,,,:,,,:
If we want to",8849,270,14,208,3,,,,,,,:,,,:
2024:11:17T23:09:14.000Z,piyushmittal,False,False,"Trump wants to cut $2 trillion from the budget, which tells me the US doesn’t have enough money.,,,,,,,:,,,:
But if we don’t have money, why are the Republicans planning to give a tax cut to the rich? It makes no sense.",4961,333,5,138,20,,,,,,:,,,:
2024:11:12T17:21:17.000Z,kurtbardella,True,False,"First off, I’m not sure how the economy gets to where we want it to go if the first move is to deport everyone who does the hard labor (for menial wages). The Trump economy means the rich get richer and everyone else gets left behind.",39386,1012,72,359,30,,:,,,:
2024:11:14T16:41:03.000Z,SimplyBitcoinTV,True,False,BULLISH: President Trump is considering 0% capital gains tax on #Bitcoin and crypto. ,176573,5903,150,861,108,,,:,,,:
2024:11:10T20:01:28.000Z,JohnBasham,True,False,"FACT: EVERY CELEBRITY (Including Oprah) OR LEFT:WING PODCASTER Who Took Money From The ,,,,,,,,:,,,:
@KamalaHarris,,,,,,,,,,,,:,,,:
 Campaign AND DID NOT DISCLOSE THEY WERE A PAID POLITICAL ADVERTISEMENT, BROKE FEDERAL LAW!,,,,,,,,,,,:,,,:
Get A Lawyer Now!,,,,,,,,,,,,:,,,:
The Law Applies To Both Parties & A Trump DOJ MUST Investigate.",3172915,104391,1041,32245,5756,,,,,,,:,,,:
2024:11:16T18:17:52.000Z,BreitbartNews,True,False,Trump tells the story of a woman who had to return one of the apples she was attempting to buy at a grocery store when she realized how expensive they were in the Biden:Harris economy.,44931,530,40,75,8,,,:,,,:
2024:11:16T13:19:58.000Z,iamnot_elon,True,False,"Good morning 𝕏! President Trump and I are having coffee here at Mar:a:lago on a beautiful Saturday morning. We're going through plans to delete the IRS and majorly simplify the tax code. We think you should just be able to log into a website, it tells you exactly how much you",3243012,75322,6760,9845,2207,,:,,,:
2024:11:17T17:54:03.000Z,highbrow_nobrow,True,False,"Donald Trump: A tariff is a tax on a foreign country. A lot of people like to say it’s a tax on us. No… It’s is a tax that doesn’t affect our country. ,,,,,,,,:,,,:
@Acyn,,,,,,,,,,,,:,,,:
Fact:check: Wrong. (September)",134404,4230,505,955,147,,,,,,,:,,,:
2024:11:12T00:45:45.000Z,William_E_Wolfe,True,False,"Trump commits to shutting down the Department of Education! ,,,,,,,,:,,,:
,,,,,,,,,,,,:,,,:
This, combined with his tax credits for homeschooling families, could revolutionize education in America.",25917,763,33,101,20,,,,,:,,,:
2024:11:10T05:21:30.000Z,Poe_Ether,True,False,"FELLERS WE ARE GOING INTO A PRO CRYPTO GOVERNMENT ELECT ,,,,,,,,:,,,:
,,,,,,,,,,,,:,,,:
THE 47TH PRESIDENT TO BE,,,,,,,,,,,,:,,,:
,,,,,,,,,,,,:,,,:
DONALD J TRUMP,,,,,,,,,,,,:,,,:
,,,,,,,,,,,,:,,,:
HIS STOCK MARKET TICKER IS $DJT,,,,,,,,,,,,:,,,:
,,,,,,,,,,,,:,,,:
HIS SHIT COIN TICKER IS $DJT4700 #DJT4700",17330,219,155,93,25,,,,,,,:,,,:
2024:11:09T19:55:38.000Z,TheTNHoller,True,False,"WATCH: ,,,,,,,,:,,,:
@Matthewcanwrite,,,,,,,,,,,,:,,,:
 on the OPEC 2020 deal by TRUMP— Russia & Saudi Arabia cut oil for 2 years, spiking oil prices and the cost of EVERYTHING (aka “INFLATION”) enriching Saudi Aramco,,,,,,,,,,,:,,,:
,,,,,,,,,,,,:,,,:
Trump’s son:in:law Kushner then got $2 BILLION from the Saudis. (Hunter hunters don’t care)",143664,3551,75,2308,1042,,,,,,,:,,,:
2024:11:10T06:29:55.000Z,Whiplash437,True,False,"BOOM! Trump’s Executive Orders Set NESARA in Motion: Transition to Greatness & the Global Currency Reset (GCR),,,,,,,,:,,,:
,,,,,,,,,,,,:,,,:
America stands at a monumental turning point. President Donald J. Trump is leading us to a new era, a rebirth fueled by the promise of NESARA—the National Economic",30148,1152,26,406,221,,,,,,:,,,:
2024:11:11T23:15:47.000Z,realDailyWire,True,False,"""The time of concessions, the time of weakness is over. The time of the strength that President Trump brings back to the office has returned."",,,,,,,:,,,:
@BenShapiro,,,,,,,,,,,,:,,,:
 on what the Iranian economy could look like with President Trump back in office,,,,,,,,,,,,:,,,:
@FoxBusiness",256441,1456,34,137,49,,,,,,,:,,,:
2024:11:15T12:34:37.000Z,LanceRoberts,True,False,"#President #Trump is walking into an #economy and #market that has a vastly different setup than when elected in 2016. ,,,,,,,,:,,,:
@thedailyshot",31801,321,21,85,127,,,,,,,:,,,:
2024:11:14T02:10:15.000Z,oroogle,True,False,"BREAKING: President Trump wants to eliminate all capital gains taxes on Cryptocurrencies issued by U.S. companies,,,,,,,,:,,,:
,,,,,,,,,,,,:,,,:
This would ultimately make all profits Americans make on holding crypto assets such as $ADA $ALGO $XRP and $HBAR fully tax free, as their creators are U.S.",4419169,28238,1097,6792,3765,,,,,,:,,,:
2024:11:09T17:42:01.000Z,katiephangshow,True,False,"""There's no reason that sentencing can't move forward..."" ,,,,,,,,:,,,:
@JoyceWhiteVance,,,,,,,,,,,,:,,,:
 talks about what to expect this week from Trump's NY election interference/hush money trial.",186433,4911,265,1578,123,,,,,,,:,,,:
2024:11:11T20:53:13.000Z,treasonstickers,False,False,"Trump is dismantling the department of education for 4 reasons:,,,,,,,,:,,,:
,,,,,,,,,,,,:,,,:
1. Uneducated people vote for republicans,,,,,,,,,,,,:,,,:
,,,,,,,,,,,,:,,,:
2. To allow red states to white wash history,,,,,,,,,,,,:,,,:
,,,,,,,,,,,,:,,,:
3. To funnel tax dollars into private for:profit Christian schools that promote the patriarchy,,,,,,,,,,,,:,,,:
,,,,,,,,,,,,:,,,:
4. Project 2025 said to do it",1457243,62919,5484,14107,2687,,,,,,,:,,,:
2024:11:15T20:59:12.000Z,renoomokri,True,False,How We Will Keep Making Money In The Trump Era,24258,281,19,57,57,,,:,,,:
2024:11:09T14:01:39.000Z,Bubblebathgirl,True,False,"First 100 days of Trump Part 2 is going to be EPIC:,,,,,,,,:,,,:
,,,,,,,,,,,,:,,,:
Close border,,,,,,,,,,,,:,,,:
Resume border wall construction,,,,,,,,,,,,:,,,:
Mass deportation,,,,,,,,,,,,:,,,:
Unleash oil production,,,,,,,,,,,,:,,,:
Leave Paris Climate Agreement,,,,,,,,,,,,:,,,:
End Ukraine/Russia War,,,,,,,,,,,,:,,,:
End Israel/Hamas War,,,,,,,,,,,,:,,,:
Save US economy",9092,731,34,221,16,,,,,,,:,,,:
2024:11:13T20:42:45.000Z,GeorgeGammon,True,False,"If I’m a gold bug who loves Trump…,,,,,,,,:,,,:
,,,,,,,,,,,,:,,,:
Am I supposed to believe the economy is going to boom and inflation will be less of an issue because he was elected (negative for gold),,,,,,,,,,,,:,,,:
,,,,,,,,,,,,:,,,:
Or am I supposed to believe we’re still on track for 1970s stagflation? (positive for gold)",27215,298,129,13,10,,,,,,,:,,,:
2024:08:25T17:53:38.000Z,BetterOff2024,True,False,"A reminder that Trump's only stated specific economic policy:,,,,,,,,:,,,:
,,,,,,,,,,,,:,,,:
Tariffs of 10:60% on *all* US imports that will fuel inflation across the board as consumers will naturally pay the difference for goods.,,,,,,,,,,,,:,,,:
,,,,,,,,,,,,:,,,:
Basically a #TrumpTax on all Americans.",34381,635,65,388,17,,,,,,,:,,,:
2024:11:14T02:09:16.000Z,JasonMiller,True,False,"President Trump: ,,,,,,,,:,,,:
,,,,,,,,,,,,:,,,:
I want to Make America Great Again by fixing our economy for everyone, securing our border, making our streets safe, and bringing peace back to the world…and I’m going to hire good people to get it done!,,,,,,,,,:,,,:
,,,,,,,,,,,,:,,,:
The few remaining holdouts on the extreme left:",19796,668,34,137,4,,,,,,,:,,,:
2024:11:11T14:53:35.000Z,proxcee,True,False,"Liberals: ""Where is Donald Trump going to get the money to deport all illegal aliens?"",,,,,,,,:,,,:
,,,,,,,,,,,,:,,,:
A:  Let's start with the monthly balances on the debit cards that Democrats gave them when they crossed the border illegally. ",14094,1216,72,314,10,,,,,,,:,,,:
2024:11:15T20:20:58.000Z,nypost,True,False,"Trump eyeing Fox Business host Larry Kudlow for Treasury, National Economic Council https://trib.al/PbP7rJX",37078,690,49,87,12,,:,,,:
