timestamp username icon:verified fact:checked text views likes replies reposts bookmarks   :   :            :   :
2024:11:10T18:59:56.000Z,Jeremyybtc,True,False,"doge will be the biggest runner of this bull run,,,,,,,,:,,,:
,,,,,,,,,,,,:,,,:
elon musk publicly comes out as the co founder of dogecoin,,,,,,,,,,,,:,,,:
,,,,,,,,,,,,:,,,:
trump and elon both mentioned integrating dogecoin as a big part of america's economy,,,,,,,,,,,,:,,,:
,,,,,,,,,,,,:,,,:
1 $doge = $1",152956,859,96,156,43,,,,,,,:,,,:
2024:11:12T15:37:09.000Z,Bubblebathgirl,True,False,"Even if the hush money case against Trump gets dismissed, that doesn’t mean the lawfare against him is forgotten.,,,,,,,:,,,:
,,,,,,,,,,,,:,,,:
Our government, DAs, and judges abused our judicial system in order to interfere in the 2024 presidential election.,,,,,,,,,,:,,,:
,,,,,,,,,,,,:,,,:
They need to face legal consequences.",16380,1849,53,718,14,,,,,,,:,,,:
2024:11:15T01:11:20.000Z,RealAmVoice,True,False,"""I'D LIKE TO SEE $2 GASOLINE, ZERO INFLATION, THE BORDER CLOSED, AND TO DEPORT ALL OF THE CRIMINALS AND THE TERRORISTS!"" ,,,,,:,,,:
@larry_kudlow,,,,,,,,,,,,:,,,:
 is only asking for a few things of the Trump Administration as they take back the White House in 2025. ,,,,,,,,,,,,:,,,:
@A1Policy",20930,753,6,198,30,,,,,,,:,,,:
2024:11:14T23:21:06.000Z,Barchart,True,False,President Donald Trump proposes eliminating capital gains tax on U.S.:made cryptocurrencies ,55498,528,34,125,50,,,:,,,:
2024:11:11T14:20:40.000Z,MAGA__Patriot,True,False,We must NEVER FORGET the high price paid for the freedom we enjoy. Thank you Veterans! ,14213,795,34,418,14,,,:,,,:
2024:11:12T15:47:33.000Z,RealAmVoice,True,False,"CONVERSATIONS ARE NOT ALLOWED: Judge Merchon delayed the Trump immunity decision in the NY hush:money case. ""Now, he has to declare a mistrial. No need for another delay. Does he really think he's going to send President:Elect Trump to Rikers?"",,,,,,,:,,,:
@mrddmia,,,,,,,,,,,,:,,,:
 @Bannons_WarRoom,,,,,,,,,,,,:,,,:
 #WarRoom",27962,686,20,275,31,,,,,,,:,,,:
2024:11:07T17:45:38.000Z,1MarkMoss,True,False," You’re NOT ready for what’s coming next ,,,,,,,,:,,,:
,,,,,,,,,,,,:,,,:
Bitcoin just broke $75,000—but that’s only the beginning. ,,,,,,,,,,,:,,,:
,,,,,,,,,,,,:,,,:
A Trump landslide win has set the stage for a massive shift setting the stage for the U.S. and other major powers jumping in to stockpile BTC.,,,,,,,,,,,,:,,,:
,,,,,,,,,,,,:,,,:
This isn’t just a price",80734,1672,75,334,402,,,,,,,:,,,:
2024:11:15T17:51:36.000Z,MelaniaTrumpo,True,False,"BREAKING: Trump attorney Alina Habba says that both of Trump’s trials should be THROWN OUT and that Trump should receive money for DAMAGES.,,,,,,,,:,,,:
,,,,,,,,,,,,:,,,:
Does Alina have your full support on this? ,,,,,,,,,,,,:,,,:
,,,,,,,,,,,,:,,,:
A. YES       B. NO",1669,135,41,19,1,,,,,,,:,,,:
2024:11:07T15:18:31.000Z,Yeahaboutthat3,True,False,"How Trump's Tariffs would work and how getting rid of the Income Tax would benefit you,,,,,,,,:,,,:
,,,,,,,,,,,,:,,,:
What would you do if your family kept an extra $15k : $30k annually?",2148388,39925,755,13975,17073,,,,,,,:,,,:
2024:11:08T12:22:09.000Z,lindyli,True,False,"Democrats, we’re gonna keep losing if we attack ALL Trump voters as racists & misogynists,,,,,,,:,,,:
,,,,,,,,,,,,:,,,:
Yes, racism & misogyny are factors but they are NOT the only reason why Harris lost,,,,,,,,,,,:,,,:
,,,,,,,,,,,,:,,,:
Inflation was a HUGE reason,,,,,,,,,,,,:,,,:
,,,,,,,,,,,,:,,,:
We’re gonna keep losing if we denigrate the entire country",118122,544,412,140,34,,,,,,,:,,,:
2024:11:10T23:46:08.000Z,DarrigoMelanie,True,False,"Trump's 10 point plan for education:,,,,,,,,:,,,:
,,,,,,,,,,,,:,,,:
: eliminate the Dept. of Education,,,,,,,,,,,,:,,,:
: cut federal funding,,,,,,,,,,,,:,,,:
: promote Christian Nationalism,,,,,,,,,,,,:,,,:
: attack teacher's unions,,,,,,,,,,,,:,,,:
: give public money to for:profit private schools,,,,,,,,,,,,:,,,:
,,,,,,,,,,,,:,,,:
He warned us, and you voted for him anyway.",14471116,111545,14941,22086,14842,,,,,,:,,,:
2024:11:14T11:05:45.000Z,cherrytgbot,True,False,"Bitcoin has reached a new all:time high of $93,000, sparked by market enthusiasm following Donald Trump’s re:election. Ethereum 3.0 is also making waves, with rumors of its development stirring optimism about greater scalability and efficiency for the network. ,,,,,:,,,:
,,,,,,,,,,,,:,,,:
Meanwhile, FTX",11958,1210,323,443,86,,,,,,:,,,:
2024:11:09T16:05:45.000Z,owenslindsay1,False,False,"There are many unknowns about exactly how a second Trump term will play out and precisely which types of chaos it will bring about. ,,,,,,,,:,,,:
,,,,,,,,,,,,:,,,:
One thing is certain: it will start with tax cuts for Musk and his billionaire boys club. My latest for ,,,,,,,,,,,,:,,,:
@RollingStone,,,,,,,,,,,,:,,,:
.",221631,1091,429,497,89,,,,,,,:,,,:
2024:11:14T01:14:12.000Z,jcokechukwu,True,False,"By the way, here’s Tulsi, Trump’s pick for DNI (Director of National Intelligence), exposing the Ukrainian bio labs and wandering why American money would go to shady, dirty ventures like bio labs in Ukraine and China and elsewhere, from where COVID and other designer diseases",14171,499,:,346,65,:
2024:11:12T16:18:57.000Z,greg_price11,True,False,"The FEMA official who was just fired for telling workers to avoid homes impacted by the hurricanes in Florida if they had Trump signs says that it was not ""isolated"" and that FEMA workers were instructed to do it in the Carolinas too.",3245849,19820,1565,7992,3046,,,:,,,:
2024:11:12T14:09:19.000Z,4TaxFairness,False,False,"The cost of eggs is higher because Kroger, Costco, Albertsons, Target, and Walmart raised prices.,,,,:,,,:
,,,,,,,,,,,,:,,,:
These five corporations have reported over $29 billion in profits.,,,,,,,,,,,,:,,,:
,,,,,,,,,,,,:,,,:
Trump wants to give them a $1.7 billion yearly tax break.,,,,,,,,,,,,:,,,:
,,,,,,,,,,,,:,,,:
Yes, really.",348345,18036,773,6900,710,,,,,,:,,,:
2024:11:14T16:08:10.000Z,StockMKTNewz,True,False,Wedbush analyst Dan Ives said today he sees Tesla $TSLA hitting the $2 trillion mark under the  Trump administration,49279,606,37,57,28,,,:,,,:
2024:08:25T17:53:38.000Z,BetterOff2024,True,False,"A reminder that Trump's only stated specific economic policy:,,,,,,,,:,,,:
,,,,,,,,,,,,:,,,:
Tariffs of 10:60% on *all* US imports that will fuel inflation across the board as consumers will naturally pay the difference for goods.,,,,,,,,,,,,:,,,:
,,,,,,,,,,,,:,,,:
Basically a #TrumpTax on all Americans.",34377,658,65,390,17,,,,,,,:,,,:
2024:11:12T15:19:24.000Z,Loveof1776,True,False,"Trump has only been President Elect for 72 hours, and just the anticipation of his administration, has resulted in positive changes here and geopolitically. The stock markets had record highs. The migrant caravan heading toward our border has now dwindled by half. Hamas wants an",6816,248,16,142,7,:,,,:
2024:11:09T03:00:24.000Z,FinanceLancelot,True,False,"Anyone who says ""Tariffs are inflationary"" should look back at history. Tariffs have always been deflationary because they slow economic growth.,,,,,,,,:,,,:
,,,,,,,,,,,,:,,,:
Like 2016, Trump is using Tariffs as a weapon for concessions on exports, which is inherently deflationary by stimulating the economy.",65745,920,58,160,295,,,,,:,,,:
2024:11:14T21:45:00.000Z,1zzyzyx1,True,False,"I hope people are ready for what is coming, as the destruction of our government and economic system is starting as Trump isn’t even in power yet. The MSM is normalizing him. People need to listen to ,,,,,,,:,,,:
@ruthbenghiat,,,,,,,,,,,,:,,,:
.,,,,,,,,,,,,:,,,:
#DemVoice1 #DemsUnited",118078,4057,98,2255,523,,,,,,,:,,,:
2024:11:09T21:40:34.000Z,TimOBrien,True,False,"Trump hasn’t and won’t do a thing that benefits working class and middle class Americans. But those voters bought Trump’s carny act. Because, indeed, it’s the economy, stupid:",79710,2524,357,1011,:,,,:
2024:11:13T16:34:21.000Z,VigilantFox,True,False,"REPORT: Trump has inherited a “turd of an economy,” and when things “roll over,” he’ll be the one blamed for it.,,,,,,:,,,:
,,,,,,,,,,,,:,,,:
This dire news comes from COVID vaccine data analyst and former BlackRock asset manager Edward Dowd.,,,,,,,,,,,,:,,,:
,,,,,,,,,,,,:,,,:
Dowd predicts things could “unravel anytime between now and",93918,907,58,308,205,,,,,,,:,,,:
