timestamp username icon:verified fact:checked text views likes replies reposts bookmarks   :   :            :   :
2024:11:02T08:10:54.000Z,mollie_don,True,False,"Trump's economic policies, including tariffs, tax cuts, and immigration control, aim to address inflation and stimulate economic growth. Supporters believe his straightforward approach could eliminate bureaucratic hurdles and stimulate immediate economic activity.,,,,:,,,:
,,,,,,,,,,,,:,,,:
If we want to",8859,271,14,208,3,,,,,,,:,,,:
2024:11:15T18:40:39.000Z,TheUSASingers,False,False,Donald Trump is already crashing the stock market because he’s an unhinged fascist traitor moron.,23885,1340,44,667,36,,,:,,,:
2024:11:17T15:52:01.000Z,RpsAgainstTrump,True,False,"This is what a Banana Republic looks like: an oligarch with an enormous economic stake controls the president and dictates policy. ,,,,,,,,:,,,:
,,,,,,,,,,,,:,,,:
Well done, everyone.",835285,14663,786,3696,686,,,,,,:,,,:
2024:11:17T22:00:07.000Z,RBReich,False,False,"In his first term, Trump oversaw huge increases in Pentagon spending that enriched defense contractors and drained money from public investments.,,,,,,,:,,,:
,,,,,,,,,,,,:,,,:
His appointment of war hawks like Marco Rubio and Mike Waltz will only further the military:industrial drain.",60066,1356,131,614,61,,,,,,,:,,,:
2024:11:14T01:14:12.000Z,jcokechukwu,True,False,"By the way, here’s Tulsi, Trump’s pick for DNI (Director of National Intelligence), exposing the Ukrainian bio labs and wandering why American money would go to shady, dirty ventures like bio labs in Ukraine and China and elsewhere, from where COVID and other designer diseases",15216,545,:,375,69,:
2024:11:18T04:08:11.000Z,LloydChapman,True,False,Have you noticed how aggressive the democrats are about losing this election? I think I know why. Trillions in our tax dollars have disappeared across the government. The democrats are terrified Elon Musk and the Trump team are going to expose the fact they looted trillions.,11685,675,18,166,27,,,:,,,:
2024:11:12T15:22:05.000Z,DixiDarlen,True,False,"It seems these entertainers that took money from the Kamala campaign to twerk, sing, dole out endorsements, whatever, were actually paid advertisements—if they didn’t disclose that— they broke federal law.",12644,641,19,:,13,,:
2024:11:18T14:00:36.000Z,CREWcrew,True,False,"Donald Trump's social media platform and crypto companies are unprecedented ways for deep pocketed individuals or foreign governments to throw big money Trump's way, with limited disclosure. ,,,,,,,:,,,:
,,,,,,,,,,,,:,,,:
So, yeah, we're going to be busy.",5593,163,5,76,2,,,,,:,,,:
2024:11:09T15:04:12.000Z,Bubblebathgirl,True,False,"MSNBC panelist Professor Glaude Jr. completely snaps and wrongly says Americans didn’t vote for Trump because of the economy, rather they voted for Trump because America is racist.,,,,,,,:,,,:
,,,,,,,,,,,,:,,,:
People like Glaude Jr. ignoring reality is exactly why Democrats lost.",24844,1628,617,550,33,,,,,,,:,,,:
2024:11:10T20:01:28.000Z,JohnBasham,True,False,"FACT: EVERY CELEBRITY (Including Oprah) OR LEFT:WING PODCASTER Who Took Money From The ,,,,,,,,:,,,:
@KamalaHarris,,,,,,,,,,,,:,,,:
 Campaign AND DID NOT DISCLOSE THEY WERE A PAID POLITICAL ADVERTISEMENT, BROKE FEDERAL LAW!,,,,,,,,,,,:,,,:
Get A Lawyer Now!,,,,,,,,,,,,:,,,:
The Law Applies To Both Parties & A Trump DOJ MUST Investigate.",3173195,104391,1041,32245,5752,,,,,,,:,,,:
2024:11:18T03:13:47.000Z,Prof_heist,True,False,"If you don’t believe next 4 years will be revolutionary for Elon and ,,,,,,,,:,,,:
@Tesla,,,,,,,,,,,,:,,,:
 : then you are oblivious.,,,,,,,,,,,,:,,,:
,,,,,,,,,,,,:,,,:
Stock was $180 in August, stock touched $358 in November: A 100% INCREASE. ,,,,,,,,,,,:,,,:
Stock can touch $2000+ by the end of Trump’s term. ,,,,,,,,,,,,:,,,:
,,,,,,,,,,,,:,,,:
Choice is yours #TSLA $TSLA",35712,394,31,24,25,,,,,,,:,,,:
2024:11:14T02:10:15.000Z,oroogle,True,False,"BREAKING: President Trump wants to eliminate all capital gains taxes on Cryptocurrencies issued by U.S. companies,,,,,,,,:,,,:
,,,,,,,,,,,,:,,,:
This would ultimately make all profits Americans make on holding crypto assets such as $ADA $ALGO $XRP and $HBAR fully tax free, as their creators are U.S.",4430970,28256,1099,6795,3764,,,,,,:,,,:
2024:11:11T14:11:03.000Z,DC_Draino,True,False,"The Visa/MC credit card monopoly has put Americans into excessive debt with usurious interest rates at 25%+,,,,,,,,:,,,:
,,,,,,,,,,,,:,,,:
President Trump wants a 10% cap on all credit card interest rates,,,,,,,,,,,,:,,,:
,,,,,,,,,,,,:,,,:
JD Vance co:sponsored the Credit Card Competition act which fights the 2:4% hidden tax you pay every",5517756,88971,2028,21076,5489,,,,,,,:,,,:
2024:11:14T23:21:06.000Z,Barchart,True,False,President Donald Trump proposes eliminating capital gains tax on U.S.:made cryptocurrencies ,60837,572,39,129,55,,,:,,,:
2024:11:14T20:58:39.000Z,blueheartedly,False,False,Who thinks Trump is going to rob money from the government while in office?,298978,13234,4572,1473,44,,,:,,,:
2024:11:11T20:53:13.000Z,treasonstickers,False,False,"Trump is dismantling the department of education for 4 reasons:,,,,,,,,:,,,:
,,,,,,,,,,,,:,,,:
1. Uneducated people vote for republicans,,,,,,,,,,,,:,,,:
,,,,,,,,,,,,:,,,:
2. To allow red states to white wash history,,,,,,,,,,,,:,,,:
,,,,,,,,,,,,:,,,:
3. To funnel tax dollars into private for:profit Christian schools that promote the patriarchy,,,,,,,,,,,,:,,,:
,,,,,,,,,,,,:,,,:
4. Project 2025 said to do it",1457677,62898,5484,14107,2686,,,,,,,:,,,:
2024:11:10T06:29:55.000Z,Whiplash437,True,False,"BOOM! Trump’s Executive Orders Set NESARA in Motion: Transition to Greatness & the Global Currency Reset (GCR),,,,,,,,:,,,:
,,,,,,,,,,,,:,,,:
America stands at a monumental turning point. President Donald J. Trump is leading us to a new era, a rebirth fueled by the promise of NESARA—the National Economic",30154,1151,26,406,221,,,,,,:,,,:
2024:11:12T15:58:44.000Z,SenatorLankford,True,False,"Next year, the Trump tax cuts are set to expire, and we must take action. Otherwise, Americans—including Oklahomans—could face tax hikes. We need to get to work to keep taxes low and support hardworking families.",28546,550,511,86,:,,,:
2024:11:18T01:02:49.000Z,MaryLTrump,True,False,"Like many of you, I’ve spent the last few days taking stock. Very much unlike 2016, I feel neither despair nor paralysis. Instead, I shift between a clear:eyed detachment and a grim determination.  ,,,,,:,,,:
,,,,,,,,,,,,:,,,:
My latest:",44091,2023,137,346,58,,,,,,,:,,,:
2024:11:11T00:46:39.000Z,60Minutes,True,False,Republicans spent $143 million on an advertising blitz focusing on Harris’s support of transgender rights. https://cbsn.ws/3O104Oj,1366870,1438,589,717,471,,,:,,,:
2024:11:17T23:39:14.000Z,sjredmond,True,False,"Ask not why they didn't vote for Harris Bill Shatner, ask why they believed one word Trump was saying. Not one of his economic ""promises"" will be kept, except the ones that screw the bottom half of America.",73218,1239,62,244,96,:,,,:
2024:11:10T23:36:29.000Z,xAlphaWarriorx,True,False,"For those who say Donald Trump accomplished little in his first term, the facts tell otherwise. His administration brought sweeping changes across the economy, healthcare, foreign policy, and more. From job growth and tax cuts to historic peace deals and energy independence,",4010,208,:,91,72,:
