timestamp username icon:verified fact:checked text views likes replies reposts bookmarks   :   :            :   :
2024:11:10T20:01:28.000Z,JohnBasham,True,False,"FACT: EVERY CELEBRITY (Including Oprah) OR LEFT:WING PODCASTER Who Took Money From The ,,,,,,,,:,,,:
@KamalaHarris,,,,,,,,,,,,:,,,:
 Campaign AND DID NOT DISCLOSE THEY WERE A PAID POLITICAL ADVERTISEMENT, BROKE FEDERAL LAW!,,,,,,,,,,,:,,,:
Get A Lawyer Now!,,,,,,,,,,,,:,,,:
The Law Applies To Both Parties & A Trump DOJ MUST Investigate.",2546512,84360,735,26296,4629,,,,,,,:,,,:
2024:11:10T18:59:56.000Z,Jeremyybtc,True,False,"doge will be the biggest runner of this bull run,,,,,,,,:,,,:
,,,,,,,,,,,,:,,,:
elon musk publicly comes out as the co founder of dogecoin,,,,,,,,,,,,:,,,:
,,,,,,,,,,,,:,,,:
trump and elon both mentioned integrating dogecoin as a big part of america's economy,,,,,,,,,,,,:,,,:
,,,,,,,,,,,,:,,,:
1 $doge = $1",86403,634,86,111,24,,,,,,,:,,,:
2024:11:10T14:37:24.000Z,maddenifico,True,False,"Once again, Trump is going to fuck:up an American economy that is  the ""envy of the world,"" due to President Biden's economic policies.",71411,5096,139,1617,531,:,,,:
2024:11:10T14:59:18.000Z,GuntherEagleman,True,False,"A NBC hack tried to corner Trump on the cost of deporting millions of criminal aliens.,,,,,,,,:,,,:
,,,,,,,,,,,,:,,,:
Trump handled it perfectly:,,,,,,,,,,,,:,,,:
“We have NO choice when people have k*lled and m*rdered. They’re not staying here. There is NO price tag.”,,,,,,,,,,,,:,,,:
,,,,,,,,,,,,:,,,:
They ALL have to go back!",1683360,36795,1023,6370,628,,,,,,,:,,,:
2024:11:07T20:31:58.000Z,RealJamesWoods,True,False,"As the stock market sets record highs, as Americans once again celebrate holidays with joy, as the dark cloud of divisive hate dissipates over the horizon, let’s smile, ignore the sour losers, and cherish our landslide victory to a brighter tomorrow.",268505,27752,:,4350,151,:
2024:11:06T15:22:41.000Z,MarinaPurkiss,True,False,"For every fool that thinks Trump will be good for the economy…,,,,,,,,:,,,:
,,,,,,,,,,,,:,,,:
You’re in for one hell of a shock.",5734266,110473,9790,24038,17668,,,,,,,:,,,:
2024:11:12T02:10:21.000Z,vydamo_,True,False,"12 hours ago ,,,,,,,,:,,,:
@Cointelegraph,,,,,,,,,,,,:,,,:
 tweeted that Trump owned 1.7% of $PNUT,,,,,,,,,,,,:,,,:
,,,,,,,,,,,,:,,,:
However, the wallet they attached was his eth wallet, not a solana wallet, and he actually only held $65 of this erc:20 pnut (with a market cap of 20k), not 6.5m. The screenshot had been edited.,,,,,,,,:,,,:
,,,,,,,,,,,,:,,,:
This token was a",38936,314,46,28,18,,,,,,,:,,,:
2024:11:11T13:50:16.000Z,smalls2672,True,False,"Maga: I voted for Trump because of the economy and prices being too high. ,,,,,,,,:,,,:
,,,,,,,,,,,,:,,,:
Also maga: what's a tariff?",946613,58065,2399,5796,596,,,,,,,:,,,:
2024:11:08T02:11:40.000Z,BehizyTweets,True,False,"Charlie Kirk is calling for a Trump DOJ investigation into ActBlue for their illegal donation scheme, which involves using the names of elderly people to launder foreign money into Democrat campaigns.,,,,,,,:,,,:
,,,,,,,,,,,,:,,,:
Election Watch has uncovered $100s of millions in laundered cash, not just in",870524,51876,482,15291,1408,,,,,,:,,,:
2024:11:09T03:41:40.000Z,saras76,True,False,"Trump plans to redirect the money being spent on Ukraine towards a nationwide initiative to get the homeless off the streets in America. ,,,,,,,,:,,,:
,,,,,,,,,,,,:,,,:
How can anybody be against this? ,,,,,,,,,,,,:,,,:
This is amazing. ,,,,,,,,,,,,:,,,:
America FIRST.",53620,3021,125,694,146,,,,,,,:,,,:
2024:11:08T17:12:54.000Z,paularambles,True,False,the republicanism leaving tech bros’ bodies as soon as trump announces a 60% tariff on uniqlo,1524502,97817,55,4431,2416,,,:,,,:
2024:11:10T23:14:58.000Z,CryptoHayes,True,False,"Some of y'all don't believe Trump is about to trash the $ and print money. $BTC disagrees. Here is #Bitcoin leading vs. my new money supply indicator US Bank Credit. The market is speaking, listen up.,,,,,,,:,,,:
,,,,,,,,,,,,:,,,:
More explanation in my essay ""Black or White"" that drops tom.",148394,2095,151,202,282,,,,,,,:,,,:
2024:11:10T20:41:05.000Z,greg_price11,True,False,"Bosa and the Niners D just hit the Trump dance after a sack ,,,,,,,,:,,,:
,,,,,,,,,,,,:,,,:
The NFL can't fine him for that. ",1918827,38312,436,4762,1094,,,,,,,:,,,:
2024:11:07T11:25:48.000Z,kyle_chasse,True,False," JUST IN: COINBASE CEO SAYS TRUMP'S WIN WILL DRIVE PRO:CRYPTO REGULATION AND ECONOMIC FREEDOM.,,,,,,,,:,,,:
,,,,,,,,,,,,:,,,:
SO BULLISH!!! ",42445,2870,49,374,16,,,,,,,:,,,:
2024:11:09T19:51:55.000Z,kbyrd2_,False,False,"Kamala literally said i will give yall a $6000 tax credit for the first year of your child’s life & $25,000 the first time you buy a home.,,,,,,,:,,,:
,,,,,,,,,,,,:,,,:
And people said Trump, who wants to lower taxes for the wealthiest earners, is going to make them rich again. You can’t make this up.",9391474,275709,18299,37485,11631,,,,,:,,,:
2024:11:08T16:46:50.000Z,tedcruz,True,False,"The corporate media are losing their minds because Donald Trump won.,,,,,,,,:,,,:
,,,,,,,,,,,,:,,,:
They are so radical that not a single one of them has stopped to think that maybe, just maybe, Americans are tired of open borders, rampant inflation, and chaos around the world.,,,,,,,,:,,,:
https://podcasts.apple.com/us/podcast/media:weeps:leftists:in:angry:disbelief:zero:lessons/id1495601614?i=1000676188846…",74608,1828,305,359,25,,,,,,,:,,,:
2024:11:06T07:33:23.000Z,agentselfNSA,True,False,"Just so we’re clear: Trump is going to take credit for the current state of the economy.,,,,,,,,:,,,:
,,,,,,,,,,,,:,,,:
The job reports that were “fake news” will suddenly become real. The drop in immigration numbers, which were once dismissed, will now be cited as accurate.,,,,,,,,,,:,,,:
,,,,,,,,,,,,:,,,:
And before a single piece of",556834,22818,589,5600,1889,,,,,,,:,,,:
2024:11:10T05:21:30.000Z,Poe_Ether,True,False,"FELLERS WE ARE GOING INTO A PRO CRYPTO GOVERNMENT ELECT ,,,,,,,,:,,,:
,,,,,,,,,,,,:,,,:
THE 47TH PRESIDENT TO BE,,,,,,,,,,,,:,,,:
,,,,,,,,,,,,:,,,:
DONALD J TRUMP,,,,,,,,,,,,:,,,:
,,,,,,,,,,,,:,,,:
HIS STOCK MARKET TICKER IS $DJT,,,,,,,,,,,,:,,,:
,,,,,,,,,,,,:,,,:
HIS SHIT COIN TICKER IS $DJT4700 #DJT4700",16479,220,157,98,25,,,,,,,:,,,:
2024:11:11T14:52:36.000Z,farokh,True,False,"Dear boomers,,,,,,,,:,,,:
,,,,,,,,,,,,:,,,:
BTC is hitting ATH's daily but you know what you have access to and hasn't hit it yet?,,,,,,,,,,,,:,,,:
,,,,,,,,,,,,:,,,:
Ethereum.,,,,,,,,,,,,:,,,:
,,,,,,,,,,,,:,,,:
Hear me out:,,,,,,,,,,,,:,,,:
,,,,,,,,,,,,:,,,:
: Ultrasound Money",11563,298,46,26,4,,,,,,,:,,,:
2024:11:07T13:39:35.000Z,IsabellaMWeber,False,False,"Polls: Inflation is #1 concern.,,,,,,,,:,,,:
,,,,,,,,,,,,:,,,:
Harris first economic policy proposal: Price gouging law for food.,,,,,,,,,,,,:,,,:
,,,,,,,,,,,,:,,,:
Most economists: This is price controls. (Me: No, it’s good policy.),,,,,,,,,,,:,,,:
,,,,,,,,,,,,:,,,:
Trump: This is Communist.,,,,,,,,,,,,:,,,:
,,,,,,,,,,,,:,,,:
Harris: Goes quiet.",227032,1959,74,437,207,,,,,,,:,,,:
2024:11:08T14:34:09.000Z,WatchChad,True,False,"Lawsuits disappearing,,,,,,,,:,,,:
Stock market soaring ,,,,,,,,,,,,:,,,:
Interest rates down ,,,,,,,,,,,,:,,,:
In talks w/ Putin to end war in Ukraine. ,,,,,,,,,,,,:,,,:
Cease fire in Iran ,,,,,,,,,,,,:,,,:
Hamas calls for “immediate end to war”,,,,,,,,,,,,:,,,:
China is optimistic and talking peaceful co:existence ,,,,,,,,,,,,:,,,:
,,,,,,,,,,,,:,,,:
Trump is a crappy Hitler.",121178,10113,209,2554,224,,,,,,,:,,,:
2024:11:06T21:23:58.000Z,taradublinrocks,True,False,"Bookmark this tweet,,,,,,,,:,,,:
,,,,,,,,,,,,:,,,:
When Trump left office, inflation was 6.7%,,,,,,,,,,,:,,,:
Today, it's 2.4%,,,,,,,,,,,:,,,:
,,,,,,,,,,,,:,,,:
Come back in one year and see where it is.,,,,,,,,,,,,:,,,:
,,,,,,,,,,,,:,,,:
YOU FUCKERS.,,,,,,,,,,,,:,,,:
,,,,,,,,,,,,:,,,:
#TrumpWillEndAmerica",24374,1220,35,373,335,,,,,,,:,,,:
2024:11:06T02:27:03.000Z,lololitsdes,False,False,"yall are literally on food stamps, medi:cal,  section 8, only doctors office yall been in is planned parenthood & a clinic and parents ain’t NEVER owned a house you don’t qualify for NOTHING trump is planning on doing to help the economy he not talking about yall I swear he not",2051741,89764,702,16326,:,,,:
2024:11:06T18:25:54.000Z,aly_rendon,False,False,saying i voted for trump because he’s better for the economy when you’re posting your cash app on your story for your birthday is insane,530792,36324,88,4487,467,,,:,,,:
2024:11:07T15:18:31.000Z,Yeahaboutthat3,True,False,"How Trump's Tariffs would work and how getting rid of the Income Tax would benefit you,,,,,,,,:,,,:
,,,,,,,,,,,,:,,,:
What would you do if your family kept an extra $15k : $30k annually?",2137141,39943,755,13970,17137,,,,,,,:,,,:
