timestamp username icon:verified fact:checked text views likes replies reposts bookmarks   :   :            :   :
2024:11:21T19:25:11.000Z,BloombergTV,True,False,"Billionaire and Citadel Founder Ken Griffin said he is “gravely concerned” that the rise of tariffs would put the US on a slippery slope towards crony capitalism. He spoke with Bloomberg Television’s ,,,,,,,,:,,,:
@sonalibasak,,,,,,,,,,,,:,,,:
 at the Economic Club of New York Thursday https://trib.al/rS6mDul",4479,11,3,9,5,,,,,,,:,,,:
2024:11:20T22:42:36.000Z,SaveAmericaNew,True,False,"DO YOU THINK PRESIDENT TRUMP IS RIGHT TO SAY SENIORS SHOULDN’T PAY TAX ON SOCIAL SECURITY?,,,,,,,,:,,,:
,,,,,,,,,,,,:,,,:
A. YES,,,,,,,,,,,,:,,,:
B. NO",246136,16962,7940,1285,41,,,,,,,:,,,:
2024:11:20T00:12:39.000Z,TONYxTWO,True,False,"This clip of Donald Trump’s Parents is so wholesome!! They said he loved playing monopoly growing up and building blocks!! ,,,,,,,,:,,,:
,,,,,,,,,,,,:,,,:
Makes a whole lot of sense why he became such a successful businessman building buildings and making money ,,,,,,,,,,,,:,,,:
,,,,,,,,,,,,:,,,:
Love this!!  ,,,,,,,,,,,,:,,,:
@realDonaldTrump",54561,3828,40,821,357,,,,,,,:,,,:
2024:11:21T20:28:20.000Z,AFLCIO,True,False,"Despite Trump and past administrations trying multiple times, giving tax cuts to billionaires has NEVER helped working people.,,,,,,,:,,,:
,,,,,,,,,,,,:,,,:
It is insane to keep trying to do it and expecting different results.",0,43,2,25,1760,,,,,,,:,,,:
2024:11:21T20:40:32.000Z,WAGOP,True,False,"Glen Morgan highlights how the Trump Administration could help WA state withstand the challenges from Gov.:elect Bob Ferguson, including appointing new US attorneys to launch public integrity investigations, Federal Election Reform, & withholding grant money in sanctuary cities.",736,39,4,16,:,,,:
2024:11:14T21:24:22.000Z,SpeakerJohnson,True,False,".,,,,,,,,:,,,:
@SenJohnThune,,,,,,,,,,,,:,,,:
 and I are ready to hit the ground running and put America first in the 119th Congress.,,,,,,,,,,,,:,,,:
,,,,,,,,,,,,:,,,:
Congress has been given a clear mandate from the American people, and we look forward to working with President Trump to secure our borders, cut taxes, reduce inflation, slash",297071,7447,2093,1148,125,,,:,,,:
2024:11:15T07:47:59.000Z,ProjectConstitu,True,False," Trump just delivered an incredible speech at the Mar:a:Lago Gala for the America First Policy Institute (AFPI)! ,,,,,,,,:,,,:
,,,,,,,,,,,,:,,,:
 Watch the full video to see his powerful message on putting America first, securing our borders, strengthening the economy, and the future of our nation. If",590592,1439,100,586,395,,,,:,,,:
2024:11:18T18:57:06.000Z,ClassicLearner,True,False,President Trump just tweeted that this was the most consequential election in the last 129 years… a reference to the 1896 election of President William McKinley. Here is why it matters. McKinley was America’s last champion of tariffs… Imposing a 50% tariff on nearly all,61638,2469,26,1068,980,,,:,,,:
2024:11:21T19:39:41.000Z,MarketWatch,True,False,Sam Altman says Trump could be a ‘visionary leader’ by backing AI infrastructure,0,10,2,8,11261,,,:,,,:
2024:11:15T14:27:55.000Z,BarronTNews,True,False,"America is stronger, safer, and more prosperous. ,,,,,,:,,,:
   Expect bold action to revive the economy, to create jobs, and to unleash the American energy. The border will be secure, and immigration laws will be enforced. ,,,,,,,,,:,,,:
: We will continue putting America First in every international",23779,2046,75,315,26,,,,,,,:,,,:
2024:11:21T18:09:35.000Z,realMikeLindell,True,False,"Who's ready for a thriving economy again?,,,,,,,,:,,,:
Reminder that under Trump's last term, Gold went up in value over 50%, and Silver a whopping 53%! For a Limited time, my gold partner is offering up to $15,000 in FREE SILVER! Visit: https://link.goldco.com/lindell and request your FREE gold and",10173,167,14,31,2,,,:,,,:
2024:11:21T06:39:36.000Z,GeorgeMonbiot,True,False,"The soil carbon market is going to collapse : and that's a good thing.,,,,,,,,:,,,:
One of the issues I explore in this week's column, about the dreamworld of climate fakery our legislators have created.",19043,372,20,190,31,,,,,,:,,,:
2024:11:13T21:50:22.000Z,SteveRattner,True,False,States that went to Trump stand to lose much more from his plan to abolish the Dept of Education. They receive more federal funds than blue states despite contributing fewer tax dollars.,366235,6488,1301,3945,813,,,:,,,:
2024:11:21T20:48:29.000Z,nickgerli1,True,False,"I joined Bloomberg Television today to give my thoughts on Mortgage Rates, Trump's impact on the housing market, and my 2025 housing market forecast. ,,,,,,:,,,:
,,,,,,,,,,,,:,,,:
Make sure to watch and give the video a like.",7001,66,6,4,15,,,,,,,:,,,:
2024:11:17T22:47:05.000Z,thebearablebull,True,False,"US Based Cryptos Are Outperforming The Market & Will ABSOLUTELY THRIVE!!!!,,,,,,,,:,,,:
,,,,,,,,,,,,:,,,:
Think XRP, XLM, HBAR, ADA, ALGO, DAG, PROPY & Many More,,,,,,:,,,:
,,,,,,,,,,,,:,,,:
Ladies & Gentlemen Everything Has Changed Since Trump Got Elected!!!,,,,,,,,,,,,:,,,:
,,,,,,,,,,,,:,,,:
This Cycle Will Be Completely Different From 2021",157101,2469,83,477,215,,,,,,,:,,,:
2024:11:19T22:09:57.000Z,SteveScalise,True,False," House Republicans are already working with President Trump on a plan to hit the ground running:,,,,,,,,:,,,:
,,,,,,,,,,,,:,,,:
: Lock in the Trump Tax Cuts to prevent the largest tax hike in American history,,,,,,,,,,,,:,,,:
: Unleash American energy to drive down inflation and costs for families,,,,,,,,,,,,:,,,:
: Surge resources to fund",13133,466,62,104,5,,,,,,,:,,,:
2024:11:14T23:25:46.000Z,ByronDonalds,True,False,"Trump admin economic policy will put YOU FIRST.,,,,,,,,:,,,:
,,,,,,,,,,,,:,,,:
The Trump Tax Cuts & Jobs Act (currently in place) cut tax rates & has raised record federal revenue.,,,,,,,,,,,,:,,,:
,,,,,,,,,,,,:,,,:
Strategic tariffs will protect domestic manufacturing, industry, & critical jobs.,,,,,,,,,,:,,,:
,,,,,,,,,,,,:,,,:
And the time for unfair trade deals is OVER.",75381,5568,184,966,62,,,,,,,:,,,:
2024:11:21T15:38:09.000Z,NowPammsy,True,False,"RFK Jr explains the Ukraine war in a couple of words! Money laundering & another Black Rock! Mitch the traitor turtle also explains why we spent billions there in Ukraine,except it didn’t go there! We knew it! I can’t wait for Trump to stop this! Listen!",9619,380,22,276,42,,:,,,:
2024:11:20T02:56:31.000Z,Acyn,True,False,"Graham: You know the richest country in all of Europe for rare earth minerals is Ukraine? Trump will do a deal to get our money back, to enrich ourselves with rare earth minerals, a good deal for Ukraine and us.",264663,447,276,173,129,:,,,:
2024:11:19T10:55:07.000Z,NobodymrRobert,True,False,"THEY TRIED TO STOP US "",,,,,,,,:,,,:
THEY TRIED EVERYTHING. ,,,,,,,,,,,,:,,,:
THEY ATTACKED ,,,,,,,,,,,,:,,,:
TRUMP ,,,,,,,,,,,,:,,,:
ELON ,,,,,,,,,,,,:,,,:
BOBBY ,,,,,,,,,,,,:,,,:
TULSI ,,,,,,,,,,,,:,,,:
They tried to silence  us.,,,,,,,,,,,,:,,,:
,,,,,,,,,,,,:,,,:
THEY HAD MORE MEDIA MORE MONEY. ,,,,,,,,,,,,:,,,:
 BUT THEY FAILED. ,,,,,,,,,,,,:,,,:
CONGRATULATIONS "",,,,,,,,,,,,:,,,:
,,,,,,,,,,,,:,,,:
            ",5371,254,9,161,3,,,,,,,:,,,:
