timestamp username icon:verified fact:checked text views likes replies reposts bookmarks   :   :            :   :
2024:11:02T08:10:54.000Z,mollie_don,True,False,"Trump's economic policies, including tariffs, tax cuts, and immigration control, aim to address inflation and stimulate economic growth. Supporters believe his straightforward approach could eliminate bureaucratic hurdles and stimulate immediate economic activity.,,,,:,,,:
,,,,,,,,,,,,:,,,:
If we want to",8895,270,14,208,3,,,,,,,:,,,:
2024:11:20T14:41:19.000Z,IvankaNews_,True,False,"HONEST QUESTION:,,,,,,,,:,,,:
,,,,,,,,,,,,:,,,:
If Elon Musk come up with an 𝕏 phone to compete in the market, would you choose it over Apple and Android?,,,,,,,,,,,:,,,:
,,,,,,,,,,,,:,,,:
A.  YES ,,,,,,,,,,,,:,,,:
B.   NO",185229,7263,3746,745,63,,,,,,,:,,,:
2024:11:19T14:54:04.000Z,essenviews,True,False,Don’t Give Trump Credit for the Success of the Biden Economy,2780,319,18,170,7,,,:,,,:
2024:11:12T15:47:33.000Z,RealAmVoice,True,False,"CONVERSATIONS ARE NOT ALLOWED: Judge Merchon delayed the Trump immunity decision in the NY hush:money case. ""Now, he has to declare a mistrial. No need for another delay. Does he really think he's going to send President:Elect Trump to Rikers?"",,,,,,,:,,,:
@mrddmia,,,,,,,,,,,,:,,,:
 @Bannons_WarRoom,,,,,,,,,,,,:,,,:
 #WarRoom",28188,685,20,275,31,,,,,,,:,,,:
2024:11:18T01:02:49.000Z,MaryLTrump,True,False,"Like many of you, I’ve spent the last few days taking stock. Very much unlike 2016, I feel neither despair nor paralysis. Instead, I shift between a clear:eyed detachment and a grim determination.  ,,,,,:,,,:
,,,,,,,,,,,,:,,,:
My latest:",55646,2485,207,452,78,,,,,,,:,,,:
2024:11:19T17:08:30.000Z,ReallyAmerican1,True,False,"Republicans can hardly wait to cut services for the poor, like Medicaid and food stamps, in order to fund Trump's tax cuts for the rich.,,,,,,:,,,:
,,,,,,,,,,,,:,,,:
Many of MAGA need those services.,,,,,,,,,,,,:,,,:
This is what they voted for.",88544,2098,210,1136,94,,,,,,,:,,,:
2024:11:20T22:42:36.000Z,SaveAmericaNew,True,False,"DO YOU THINK PRESIDENT TRUMP IS RIGHT TO SAY SENIORS SHOULDN’T PAY TAX ON SOCIAL SECURITY?,,,,,,,,:,,,:
,,,,,,,,,,,,:,,,:
A. YES,,,,,,,,,,,,:,,,:
B. NO",74012,6465,2422,573,16,,,,,,,:,,,:
2024:11:17T21:01:38.000Z,SpeakerJohnson,True,False,"With President Trump back in the White House and Republicans in control of Congress, we'll grow the economy and lower costs.,,,,,,,:,,,:
 ,,,,,,,,,,,,:,,,:
How?,,,,,,,,,,,,:,,,:
 ,,,,,,,,,,,,:,,,:
By preventing the largest tax hike in US history, cutting reckless spending, and incentivizing companies to invest in America and create new jobs.",551122,11172,1617,1551,141,,,,,:,,,:
2024:11:17T18:57:31.000Z,_Crypto_Barbie,True,False,"WOW! ,,,,,,,,:,,,:
,,,,,,,,,,,,:,,,:
Brad Garlinghouse is confident that Ripple is about to unlock the U.S. market!  ,,,,,,,,,,,,:,,,:
,,,,,,,,,,,,:,,,:
I'm sure under the new Trump administration we will finally get full regulatory clarity that will unleash #XRP ",79727,1839,24,386,69,,,,,,,:,,,:
2024:11:13T21:57:49.000Z,listen_2learn,True,False,"The ACLU is planning their resistance to the Trump administration. It includes lawfare, states rights (did they help Texas?), and BLMing. ,,,,,,:,,,:
,,,,,,,,,,,,:,,,:
At a minimum, their tax status should be revoked.",23799,263,52,110,26,,,,,,:,,,:
2024:11:18T14:24:29.000Z,FoxNews,True,False,"'GET RID OF THE ILLEGALS!': Chicago voters confront Mayor Brandon Johnson (D) for catering to illegal immigrants who have flooded the city, telling him they hope Trump 'will address' him after the city council unanimously rejects his proposed $300 million property tax hike.",329214,10068,342,2595,241,,:,,,:
2024:11:21T14:29:42.000Z,WHGrampa0,True,False,"BE HONEST:,,,,,,,,:,,,:
,,,,,,,,,,,,:,,,:
Do you Agree with Trump that Retired people should be completely tax Exempt, they have already paid their dues?,,,,,,,,,,,:,,,:
,,,,,,,,,,,,:,,,:
A. YES,,,,,,,,,,,,:,,,:
B. NO,,,,,,,,,,,,:,,,:
,,,,,,,,,,,,:,,,:
Follow  W.H.G",1064,121,26,19,1,,,,,,,:,,,:
2024:11:14T15:36:44.000Z,ChainLinkGod,True,False,">it was real,,,,,,,,:,,,:
,,,,,,,,,,,,:,,,:
.,,,,,,,,,,,,:,,,:
@worldlibertyfi,,,,,,,,,,,,:,,,:
, the DeFi protocol supported by ,,,,,,,,,,,:,,,:
@realDonaldTrump,,,,,,,,,,,,:,,,:
 and the Trump family, is adopting the #Chainlink standard,,,,,,,,,,,:,,,:
,,,,,,,,,,,,:,,,:
Price Feeds will secure WLFI’s Aave V3 deployment, while CCIP and PoR will support future protocol expansions",33176,607,32,101,26,,,,,,:,,,:
2024:11:21T03:06:17.000Z,TimRunsHisMouth,True,False,"Trump completely destroyed the Democrat party...,,,,,,,,:,,,:
,,,,,,,,,,,,:,,,:
The DNC lost so badly and blew so much money...,,,,,,,,,,,,:,,,:
,,,,,,,,,,,,:,,,:
That they're laying off piles of employees, including senior staff.",52422,2619,63,515,63,,,,,,:,,,:
2024:11:12T20:16:25.000Z,USATODAY,True,False,"President:elect Donald Trump does not have the power to unilaterally get rid of the Department of Education, though he has been vocal about his desire to close it down in favor of giving that money ""back to the states.""",33393,52,48,26,10,,:,,,:
2024:11:15T16:28:25.000Z,DisavowTrump20,True,False,"After record growth under the Biden Economy, stock market is plummeting with the chaos of a Trump Administration looming.",60656,1983,93,898,96,,:,,,:
2024:11:14T16:08:10.000Z,StockMKTNewz,True,False,Wedbush analyst Dan Ives said today he sees Tesla $TSLA hitting the $2 trillion mark under the  Trump administration,50929,619,38,59,28,,,:,,,:
2024:11:17T22:47:05.000Z,thebearablebull,True,False,"US Based Cryptos Are Outperforming The Market & Will ABSOLUTELY THRIVE!!!!,,,,,,,,:,,,:
,,,,,,,,,,,,:,,,:
Think XRP, XLM, HBAR, ADA, ALGO, DAG, PROPY & Many More,,,,,,:,,,:
,,,,,,,,,,,,:,,,:
Ladies & Gentlemen Everything Has Changed Since Trump Got Elected!!!,,,,,,,,,,,,:,,,:
,,,,,,,,,,,,:,,,:
This Cycle Will Be Completely Different From 2021",156679,2470,83,477,215,,,,,,,:,,,:
2024:11:20T02:07:15.000Z,TiffanyFong_,True,False,There’s a Cybertruck in Donald Trump’s motorcade. No amount of money could produce a car ad cooler than this. ,57621,2137,159,189,68,,,:,,,:
2024:11:18T13:50:44.000Z,BenSwann_,True,False,"TRUMP: “I refuse to accept another round of endless war in Ukraine.,,,,,,,,:,,,:
,,,,,,,,,,,,:,,,:
I want peace, they want money and conflict! Even if it means pushing us to the brink of World War III, which, frankly, is already happening and very quickly.”",19420,717,19,141,12,,,:,,,:
