timestamp username icon:verified fact:checked text views likes replies reposts bookmarks   :   :            :   :
2024:11:02T08:10:54.000Z,mollie_don,True,False,"Trump's economic policies, including tariffs, tax cuts, and immigration control, aim to address inflation and stimulate economic growth. Supporters believe his straightforward approach could eliminate bureaucratic hurdles and stimulate immediate economic activity.,,,,:,,,:
,,,,,,,,,,,,:,,,:
If we want to",8880,270,14,208,3,,,,,,,:,,,:
2024:11:19T22:01:35.000Z,howardlutnick,True,False,"Thank you, President Trump for your trust in me to help Make America Great Again. As the next Secretary of Commerce, I will join the best administration the US has ever seen and unleash our full economic potential.",1047404,19939,700,2658,402,:,,,:
2024:11:18T01:02:49.000Z,MaryLTrump,True,False,"Like many of you, I’ve spent the last few days taking stock. Very much unlike 2016, I feel neither despair nor paralysis. Instead, I shift between a clear:eyed detachment and a grim determination.  ,,,,,:,,,:
,,,,,,,,,,,,:,,,:
My latest:",54595,2472,199,447,78,,,,,,,:,,,:
2024:11:15T18:40:39.000Z,TheUSASingers,False,False,Donald Trump is already crashing the stock market because he’s an unhinged fascist traitor moron.,24270,1330,44,664,36,,,:,,,:
2024:11:12T21:34:55.000Z,LiberalHivemind,True,False,"MASSIVE: Trump Announces the American Academy, with the mission of making world:class education available to every American free of charge.,,,,,,,:,,,:
,,,,,,,,,,,,:,,,:
The money used will be collected by suing large university endowments that have propagated far:left ideology.,,,,,,,,,,,,:,,,:
,,,,,,,,,,,,:,,,:
damn",21711,1111,42,206,76,,,,,,,:,,,:
2024:11:11T21:01:02.000Z,CNBCClosingBell,True,False,"#Tesla popping again today, with the stock seeing a more than 40% gain since the election. ,,,,,,,:,,,:
@DivesTech,,,,,,,,,,,,:,,,:
, who is raising his price target to $400 from $300, calls president:elect Trump's victory a ""game changer"" for Tesla:",401875,303,24,85,33,,,,,:,,,:
2024:11:14T19:15:59.000Z,NMalliotakis,True,False, Everyone is looking to President Trump to save the day and ax the tax because Kathy Hochul ignores the will of New Yorkers.,9123,459,39,99,4,,,:,,,:
2024:11:18T12:49:43.000Z,JavonAPrice,True,False,Seems Joe and Mika woke up with a newfound realization this morning: apparently President Trump is no longer Hitler nor a threat to American democracy.,40168,1098,185,213,35,,,:,,,:
2024:11:13T21:28:21.000Z,kdollsweety,True,False,"The stock market is soaring, the U.S. dollar is gaining strength, and crude oil futures are crashing.,,,,,,:,,,:
,,,,,,,,,,,,:,,,:
And Donald Trump hasn’t even taken office yet!",9203,506,27,102,2,,,,,,,:,,,:
2024:11:19T02:18:04.000Z,xMarketNews,True,False,"JUST IN DONALD TRUMP STATES SHORT SELLERS CAN GET HURT VERY BADLY DURING HIS SPEECH,,,,,,,,:,,,:
,,,,,,,,,,,,:,,,:
Can Donald Trump End Illegal Short Selling & Short Selling Manipulators",51869,1794,40,440,104,,,,,,,:,,,:
2024:11:19T19:38:33.000Z,4TaxFairness,False,False,"WATCH: Republicans are holding a hearing ahead of their plan to renew the Trump tax scam for the rich and corporations.,,,,,,,,:,,,:
,,,,,,,,,,,,:,,,:
We'll be fact:checking live.,,,,,,,,,,,,:,,,:
,,,,,,,,,,,,:,,,:
You don't build an economy that works for working people by giving tax breaks to those at the top.",1539,48,3,27,6,,,,,,,:,,,:
2024:11:18T04:08:11.000Z,LloydChapman,True,False,Have you noticed how aggressive the democrats are about losing this election? I think I know why. Trillions in our tax dollars have disappeared across the government. The democrats are terrified Elon Musk and the Trump team are going to expose the fact they looted trillions.,15310,857,27,211,36,,,:,,,:
2024:11:17T17:54:03.000Z,highbrow_nobrow,True,False,"Donald Trump: A tariff is a tax on a foreign country. A lot of people like to say it’s a tax on us. No… It’s is a tax that doesn’t affect our country. ,,,,,,,,:,,,:
@Acyn,,,,,,,,,,,,:,,,:
Fact:check: Wrong. (September)",409665,9099,1110,1977,297,,,,,,,:,,,:
2024:11:15T16:39:33.000Z,WSJ,True,False,Donald Trump is considering tapping Fox Business Network host Larry Kudlow for a senior economic policy role in his administration,50934,81,18,36,2,,,:,,,:
2024:11:19T23:04:11.000Z,SenTuberville,True,False,"Howard Lutnick will do great work leading the Commerce Department.,,,,,,,,:,,,:
,,,,,,,,,,,,:,,,:
He’s one of the most successful guys on Wall Street, and nobody is better suited to represent America abroad than Howard.,,,,,,,,,,,:,,,:
,,,,,,,,,,,,:,,,:
He’s fully behind President Trump’s America First tariff policy and will get us back on",3603,191,16,37,3,,,,,,,:,,,:
2024:11:15T07:50:50.000Z,Cointelegraph,True,False,"The 2024 US elections have sparked a surge in #Bitcoin and crypto  interest, with many believing Trump’s policies could make the US the  global crypto hub.,,,,,,,:,,,:
,,,,,,,,,,,,:,,,:
Dive into the full report on how his presidency may impact the market. ",21295,227,40,44,7,,,,,,,:,,,:
2024:11:11T11:29:07.000Z,SquawkCNBC,True,False,"""Instead of criticizing Jay Powell, I think Trump should thank Jay Powell because his overly easy policy during the Biden administration causing all that inflation was certainly one of the reasons Trump won the election,"" says ,,,,,,:,,,:
@Wharton,,,,,,,,,,,,:,,,:
's Jeremy Siegel.",129864,748,73,101,103,,,,,,,:,,,:
2024:11:17T22:47:05.000Z,thebearablebull,True,False,"US Based Cryptos Are Outperforming The Market & Will ABSOLUTELY THRIVE!!!!,,,,,,,,:,,,:
,,,,,,,,,,,,:,,,:
Think XRP, XLM, HBAR, ADA, ALGO, DAG, PROPY & Many More,,,,,,:,,,:
,,,,,,,,,,,,:,,,:
Ladies & Gentlemen Everything Has Changed Since Trump Got Elected!!!,,,,,,,,,,,,:,,,:
,,,,,,,,,,,,:,,,:
This Cycle Will Be Completely Different From 2021",152584,2455,83,469,215,,,,,,,:,,,:
2024:11:13T20:59:12.000Z,NMalliotakis,True,False,"Trump is already slashing prices! ,,,,,,,,:,,,:
@GovKathyHochul,,,,,,,,,,,,:,,,:
 is cutting her congestion tax from $15 to $9, but we won’t stop fighting until it’s gone! If she insists, every federal dollar to ,,,,,,,,,,:,,,:
@MTA,,,,,,,,,,,,:,,,:
 will be scrutinized & we’ll demand answers for its gross mismanagement!",13773,670,90,175,7,,,,,,,:,,,:
2024:11:16T16:30:14.000Z,RBReich,True,False,"Trump’s team claimed that their tax cuts would boost household income by $4,000.,,,,,,,:,,,:
,,,,,,,,,,,,:,,,:
But research shows that the lowest paid workers saw no change in earnings. Meanwhile, exec salaries increased sharply.,,,,,,,,,,,:,,,:
,,,,,,,,,,,,:,,,:
Trump and Republicans want to double down on yet another trickle:down scam.",51409,2044,223,1226,99,,,,,,,:,,,:
2024:11:17T20:24:43.000Z,GoldTelegraph_,True,False,"In my conversation with Judy Shelton, who served as an economic advisor to President Trump during his last presidency:,,,,,,,:,,,:
,,,,,,,,,,,,:,,,:
• The U.S. should combine the strengths of gold:backed systems with blockchain technology's benefits.,,,,,,,,,,,,:,,,:
,,,,,,,,,,,,:,,,:
• Integrate stablecoins into future advancements.,,,,,,,,,,,,:,,,:
,,,,,,,,,,,,:,,,:
•",65667,679,33,237,86,,,,,,,:,,,:
2024:11:17T19:28:02.000Z,TrumpjrJohn,True,False,"I'm printing money with #Memecoins. ,,,,,,,,:,,,:
,,,,,,,,,,,,:,,,:
If you see this, like, retweet, and follow.,,,,,,,,,:,,,:
,,,,,,,,,,,,:,,,:
I might just change your life.",104918,612,227,349,22,,,,,,,:,,,:
