timestamp username icon:verified fact:checked text views likes replies reposts bookmarks   :   :            :   :
2024:11:02T08:10:54.000Z,mollie_don,True,False,"Trump's economic policies, including tariffs, tax cuts, and immigration control, aim to address inflation and stimulate economic growth. Supporters believe his straightforward approach could eliminate bureaucratic hurdles and stimulate immediate economic activity.,,,,:,,,:
,,,,,,,,,,,,:,,,:
If we want to",8907,270,14,208,3,,,,,,,:,,,:
2024:11:22T05:13:01.000Z,oroogle,True,False,"$HBAR and $XRP will shape the future of American Crypto ,,,,,,,,:,,,:
,,,,,,,,,,,,:,,,:
 Tax Free with the American Crypto Act,,,,,,,,,,,,:,,,:
,,,,,,,,,,,,:,,,:
God bless President Trump and RFK!",7733,176,10,38,4,,,,,,,:,,,:
2024:11:21T14:25:02.000Z,trumprealparody,True,False,"BE HONEST:,,,,,,,,:,,,:
,,,,,,,,,,,,:,,,:
Do you Agree with Trump that Retired people should be completely tax Exempt, they have already paid their dues?,,,,,,,,,,,:,,,:
,,,,,,,,,,,,:,,,:
A. YES,,,,,,,,,,,,:,,,:
B. NO",60786,4906,2889,670,18,,,,,,,:,,,:
2024:11:22T01:58:28.000Z,ChrisVanHollen,True,False,"Economic fantasy theory.,,,,,,,,:,,,:
Hocus pocus dominocus.,,,,,,,,,,,,:,,,:
 ,,,,,,,,,,,,:,,,:
Whatever you want to call it, the claim that the 2017 Trump tax cuts would pay for themselves was nonsense from the start — and they're trying to make us fall for it again",0,60,12,19,4047,,,,,,:,,,:
2024:11:17T19:28:02.000Z,TrumpjrJohn,True,False,"I'm printing money with #Memecoins. ,,,,,,,,:,,,:
,,,,,,,,,,,,:,,,:
If you see this, like, retweet, and follow.,,,,,,,,,:,,,:
,,,,,,,,,,,,:,,,:
I might just change your life.",112046,644,247,353,22,,,,,,,:,,,:
2024:11:18T19:10:00.000Z,farzyness,True,False,Trump Just Made Tesla Stock Go Crazy.,28057,370,20,38,33,,,:,,,:
2024:11:21T21:21:34.000Z,greg_ip,True,False,"Trump's 2 key economic planks, tax cuts/deregulation to bolster  growth; and tariffs to reduce trade deficit & bring back factory jobs, are in conflict.  What his Treasury pick means for how it gets resolved. My column.",9422,46,5,20,13,:,,,:
2024:11:15T07:47:59.000Z,ProjectConstitu,True,False," Trump just delivered an incredible speech at the Mar:a:Lago Gala for the America First Policy Institute (AFPI)! ,,,,,,,,:,,,:
,,,,,,,,,,,,:,,,:
 Watch the full video to see his powerful message on putting America first, securing our borders, strengthening the economy, and the future of our nation. If",591400,1442,100,587,396,,,,:,,,:
2024:11:21T12:33:16.000Z,Mollyploofkins,True,False,Who will they blame when Trump's tariffs and mass deportations increase the price of everything?,4796,567,98,193,7,,,:,,,:
2024:11:21T19:25:11.000Z,BloombergTV,True,False,"Billionaire and Citadel Founder Ken Griffin said he is “gravely concerned” that the rise of tariffs would put the US on a slippery slope towards crony capitalism. He spoke with Bloomberg Television’s ,,,,,,,,:,,,:
@sonalibasak,,,,,,,,,,,,:,,,:
 at the Economic Club of New York Thursday https://trib.al/rS6mDul",6770,20,5,15,8,,,,,,,:,,,:
2024:11:17T23:00:45.000Z,TheThe1776,True,False,Don Jr. talks to Maria Bartiromo why his father’s pick this time around is different.  It’s because they know who the good guys and who the bad/fake guys are and want to surround his dad with competent and loyal people. President Trump's nominees will have big money spent by Big,30290,836,36,341,32,,,:,,,:
2024:11:21T23:00:55.000Z,GovofCO,True,False,"We are focused on saving people money and building on our amazing quality of life in the free state of Colorado.,,,,,,,,:,,,:
,,,,,,,,,,,,:,,,:
https://ow.ly/IlJh50UbWYm",30847,63,231,37,10,,,,,,,:,,,:
2024:11:19T22:09:57.000Z,SteveScalise,True,False," House Republicans are already working with President Trump on a plan to hit the ground running:,,,,,,,,:,,,:
,,,,,,,,,,,,:,,,:
: Lock in the Trump Tax Cuts to prevent the largest tax hike in American history,,,,,,,,,,,,:,,,:
: Unleash American energy to drive down inflation and costs for families,,,,,,,,,,,,:,,,:
: Surge resources to fund",13209,466,62,104,5,,,,,,,:,,,:
2024:11:20T13:40:02.000Z,LloydChapman,True,False,"99% of all businesses in America are small businesses. It’s impossible to MAGA without programs to support and grow American small businesses. So far, President Trump doesn’t any such programs. He should adopt RFK Jr.’s brilliant economic stimulus plan for all small businesses.",0,28,8,7,1487,,:,,,:
2024:11:21T07:55:47.000Z,iam_smx,True,False,"Elon Musk just learned tonight at Mar:a:Lago that Jeff Bezos was reportedly telling people to bet against Donald Trump and sell all their Tesla and SpaceX stock, confident Trump would lose.,,,,,,,:,,,:
,,,,,,,,,,,,:,,,:
""Jeff who?"" ",27679,617,62,154,48,,,,,,,:,,,:
2024:11:22T07:09:52.000Z,Nouriel,True,False,"Trump's America must deepen ties with Asian allies to counter China. In new era, U.S. should reinforce economic alliances with Japan, South Korea and Taiwan. by ,,,,,,:,,,:
@Nouriel,,,,,,,,,,,,:,,,:
 Roubini https://asia.nikkei.com/Opinion/Trump:s:America:must:deepen:ties:with:Asian:allies:to:counter:China… via ,,,,,,,,,,,,:,,,:
@NikkeiAsia",6803,25,10,7,1,,,,,,,:,,,:
2024:11:19T23:04:11.000Z,SenTuberville,True,False,"Howard Lutnick will do great work leading the Commerce Department.,,,,,,,,:,,,:
,,,,,,,,,,,,:,,,:
He’s one of the most successful guys on Wall Street, and nobody is better suited to represent America abroad than Howard.,,,,,,,,,,,:,,,:
,,,,,,,,,,,,:,,,:
He’s fully behind President Trump’s America First tariff policy and will get us back on",5177,251,20,50,6,,,,,,,:,,,:
2024:11:22T07:55:42.000Z,GrandpaDennisP,True,False,"All you fools who voted for the orange disgrace because he told you he’d make you more money just got that promise shoved up your ass. A  TRUMP appointed judge just made a ruling that said your corporate employer can make you work overtime, BUT DOESN’T HAVE TO PAY YOU FOR THE",1392,230,5,99,7,,:,,,:
2024:11:22T06:17:37.000Z,realTrumpMania,True,False,My Quant is a fat little f*ck but he knows how to make money.,446,12,7,9,8,,,:,,,:
2024:11:20T02:03:00.000Z,Forbes,True,False,"A protege of hedge fund tycoon George Soros, Bessent is now all in on Trump. Meet the man who could become a key player steering the U.S. economy.,,,,,,,:,,,:
Raed more: https://forbes.com/sites/johnhyatt/2024/11/15/the:inside:story:of:scott:bessents:ascent:to:possible:treasury:secretary:nominee/?utm_source=TWITTER&utm_medium=social&utm_campaign=forbes…",42035,24,7,8,5,,,,,,,:,,,:
