timestamp username icon:verified fact:checked text views likes replies reposts bookmarks   :   :            :   :
2024:11:10T18:59:56.000Z,Jeremyybtc,True,False,"doge will be the biggest runner of this bull run,,,,,,,,:,,,:
,,,,,,,,,,,,:,,,:
elon musk publicly comes out as the co founder of dogecoin,,,,,,,,,,,,:,,,:
,,,,,,,,,,,,:,,,:
trump and elon both mentioned integrating dogecoin as a big part of america's economy,,,,,,,,,,,,:,,,:
,,,,,,,,,,,,:,,,:
1 $doge = $1",105248,718,92,123,28,,,,,,,:,,,:
2024:11:12T21:31:15.000Z,TrueJMitchell,True,False,"This lady says:Says the boom you felt during Donald Trump's first term was because of Obama, not Trump.,,,,,,,:,,,:
,,,,,,,,,,,,:,,,:
She goes on to say that the last 4 years of inflation and high prices are because of Donald Trump, not Biden.,,,,,,,,,,,:,,,:
,,,,,,,,,,,,:,,,:
Jeff brings the facts.",8623,282,47,158,23,,,,,,,:,,,:
2024:11:06T04:29:42.000Z,charliekirk11,True,False,"Nicolle Wallace's brain simply cannot comprehend how young men think that the economy would be better under Donald Trump:,,,,,,,,:,,,:
,,,,,,,,,,,,:,,,:
""It never was."",,,,,,,,,,,,:,,,:
,,,,,,,,,,,,:,,,:
These people are liars to the bitter end.",2184682,35124,1435,3854,1208,,,,,,,:,,,:
2024:11:12T15:58:44.000Z,SenatorLankford,True,False,"Next year, the Trump tax cuts are set to expire, and we must take action. Otherwise, Americans—including Oklahomans—could face tax hikes. We need to get to work to keep taxes low and support hardworking families.",20379,448,421,71,:,,,:
2024:11:11T18:25:24.000Z,kayleighmcenany,True,False,"THE TRUMP EFFECT,,,,,,,,:,,,:
,,,,,,,,,,,,:,,,:
In just a few days and before he is even President ,,,,,,,,,,,,:,,,:
,,,,,,,,,,,,:,,,:
 First female Chief of Staff appointed,,,,,,,,,,,,:,,,:
 Stock market hitting all:time:highs,,,,,,,,,,,,:,,,:
 Newest migrant caravan breaking up,,,,,,,,,,,,:,,,:
 NYC to stop giving debit cards to illegal immigrants,,,,,,,,,,,,:,,,:
 EU wants to buy US gas, not",764691,22187,450,4507,1583,,,,,,:,,,:
2024:11:12T06:13:54.000Z,RajaBanks,True,False,"I have said it once, and I will say it again, Trump is the best thing to happen to the markets.,,,,,,:,,,:
,,,,,,,,,,,,:,,,:
Be prepared for the best market conditions for the next few years. I have done more in this month alone than what I did in the last 3 months combined !",32042,676,49,41,36,,,,,,,:,,,:
2024:11:13T00:45:30.000Z,realkarenjean,True,False,"BREAKING: PRESIDENT TRUMP ANNOUNCES AN END TO FUNDING MIGRANTS; MONEY TO HOUSE HOMELESS VETERANS!,,,,,,,,:,,,:
#TrumpVance2024",3197,443,23,114,20,,,,,,,:,,,:
2024:11:08T02:06:08.000Z,TONYxTWO,True,False,"“So Trump gets elected President, Hamas calls to end the war, bitcoin shoots to the highest it’s ever been, the stock market shoots to the sky in record numbers, and Putin says he’s ready for negotiations to end the war in Ukraine.,,,,:,,,:
,,,,,,,,,,,,:,,,:
He hasn’t even stepped in office yet.”",4906102,170461,2076,35903,17206,,,,,,,:,,,:
2024:11:11T00:43:22.000Z,60Minutes,True,False,"“I voted for Donald Trump,” says Ronald Corales, citing his top issue as the economy.,,,,,,:,,,:
,,,,,,,,,,,,:,,,:
Latinos are 20% of the U.S. population and the fastest:growing community in Northampton County, Pennsylvania. https://cbsn.ws/4fnISic",122775,803,188,196,143,,,,,,:,,,:
2024:11:07T03:57:28.000Z,AltcoinDailyio,True,False,"""First market I saw move was Bitcoin"",,,,,,,,:,,,:
,,,,,,,,,,,,:,,,:
Kevin O'Leary reacts to Trump victory:",95789,1624,61,156,78,,,,,,,:,,,:
2024:11:05T20:41:16.000Z,lopezalejndraxo,False,False,Yall voting for trump bc of his “economic policy” but yall don’t even make enough to qualify for the tax cuts. broke and dumb ,17505388,593622,9449,77833,13167,,,:,,,:
2024:11:12T13:01:39.000Z,SquawkCNBC,True,False,".,,,,,,,,:,,,:
@AmyWuSilverman,,,,,,,,,,,,:,,,:
 says the Trump trade is not over. ""When you see that FOMO momentum in the derivatives market, it often means that momentum will continue,"" she says.",31512,136,13,26,23,,,,,:,,,:
2024:11:11T17:29:14.000Z,cturnbull1968,True,False,"The reason Trump wants to eliminate the Department of Education, has nothing to do with improving education. Their $280B budget will help offset his corporate tax cuts. ,,,,,,,:,,,:
,,,,,,,,,,,,:,,,:
States will make up the difference via higher property and sales taxes, as well as education budget cuts.",78100,1310,150,638,171,,,,,,:,,,:
2024:11:13T00:50:15.000Z,stocktalkweekly,True,False,BREAKING: TRUMP OFFICIALLY ANNOUNCES THAT ELON MUSK AND VIVEK RAMASWAMY WILL LEAD THE NEW DEPARTMENT OF GOVERNMENT EFFICIENCY ('DOGE'),15857,259,17,48,21,,,:,,,:
2024:11:10T14:59:18.000Z,GuntherEagleman,True,False,"A NBC hack tried to corner Trump on the cost of deporting millions of criminal aliens.,,,,,,,,:,,,:
,,,,,,,,,,,,:,,,:
Trump handled it perfectly:,,,,,,,,,,,,:,,,:
“We have NO choice when people have k*lled and m*rdered. They’re not staying here. There is NO price tag.”,,,,,,,,,,,,:,,,:
,,,,,,,,,,,,:,,,:
They ALL have to go back!",1686190,36825,1027,6379,622,,,,,,,:,,,:
2024:11:08T14:34:09.000Z,WatchChad,True,False,"Lawsuits disappearing,,,,,,,,:,,,:
Stock market soaring ,,,,,,,,,,,,:,,,:
Interest rates down ,,,,,,,,,,,,:,,,:
In talks w/ Putin to end war in Ukraine. ,,,,,,,,,,,,:,,,:
Cease fire in Iran ,,,,,,,,,,,,:,,,:
Hamas calls for “immediate end to war”,,,,,,,,,,,,:,,,:
China is optimistic and talking peaceful co:existence ,,,,,,,,,,,,:,,,:
,,,,,,,,,,,,:,,,:
Trump is a crappy Hitler.",121668,10123,209,2556,225,,,,,,,:,,,:
2024:11:05T21:32:40.000Z,KamalaHQ,True,False,"Wisconsin voter: I agree with Kamala Harris. Her housing plan and her tax plan are going to help the middle class, and Donald Trump's is not",641660,11878,455,1923,124,,:,,,:
2024:11:06T16:44:44.000Z,CollinRugg,True,False,"NEW: Entire CNN panel sits in silence as Scott Jennings rips apart the Democrats and the media, says Donald Trump's win is the ""revenge of the regular ole working class American."",,,,,,,:,,,:
,,,,,,,,,,,,:,,,:
,,,,,,,,,,,,:,,,:
,,,,,,,,,,,,:,,,:
""This is a mandate to do what you said you were gonna do. Get the economy working again for",4492786,96083,1429,16935,9547,,,,,,,:,,,:
2024:11:07T17:10:26.000Z,CollinRugg,True,False,"60 Minutes: Is spending billions on deportation worth it?,,,,,,,,:,,,:
,,,,,,,,,,,,:,,,:
Former ICE director and Trump ally Tom Homan: What price do you put on our national security?,,,,,,,,,,,,:,,,:
,,,,,,,,,,,,:,,,:
60 Minutes: Is there a way to carry out mass deportations without separating families?,,,,,,,,,,,,:,,,:
,,,,,,,,,,,,:,,,:
Homan: Of course there is. Families",2223877,39075,1209,6055,2537,,,,,,,:,,,:
2024:11:10T23:14:58.000Z,CryptoHayes,True,False,"Some of y'all don't believe Trump is about to trash the $ and print money. $BTC disagrees. Here is #Bitcoin leading vs. my new money supply indicator US Bank Credit. The market is speaking, listen up.,,,,,,,:,,,:
,,,,,,,,,,,,:,,,:
More explanation in my essay ""Black or White"" that drops tom.",150480,2104,153,206,282,,,,,,,:,,,:
2024:11:12T22:52:58.000Z,AP,True,False,A judge postponed a decision on whether to undo President:elect Donald Trump’s conviction in his hush money case as prosecutors consider how to proceed in light of last week's election.,78998,56,37,27,4,,,:,,,:
2024:11:12T11:47:56.000Z,BGatesIsaPyscho,True,False," “The Economy of the future”,,,,,,,,:,,,:
,,,,,,,,,,,,:,,,:
“We are the first Country in the G7 to completely phase out coal”,,,,,,,,,,,,:,,,:
,,,,,,,,,,,,:,,,:
Keir Starmer committing Britain to Climate Communism, the destruction of farms, higher bills & energy control.  ,,,,,,,,,,:,,,:
Britain is 1% of 3% of 0.04% of Global Co2.,,,,,,,,,,,,:,,,:
What a Scam. ,,,,,,,,,,,,:,,,:
,,,,,,,,,,,,:,,,:
Trump",345078,8534,1323,2764,416,,,,,,,:,,,:
2024:11:07T02:30:07.000Z,Reuters,True,False,"China expressed respect for the US election result and congratulated Donald Trump on his victory, and an official newspaper called for a ‘pragmatic’ approach to bilateral differences as US tariff threats loomed",50283,82,10,27,4,,:,,,:
