timestamp username icon:verified fact:checked text views likes replies reposts bookmarks   :   :            :   :
2024:11:02T08:10:54.000Z,mollie_don,True,False,"Trump's economic policies, including tariffs, tax cuts, and immigration control, aim to address inflation and stimulate economic growth. Supporters believe his straightforward approach could eliminate bureaucratic hurdles and stimulate immediate economic activity.,,,,:,,,:
,,,,,,,,,,,,:,,,:
If we want to",8875,271,14,208,3,,,,,,,:,,,:
2024:11:18T19:19:38.000Z,RepJayapal,True,False,"Next year, when Republicans try to extend the Trump Tax Scam and give big handouts to their rich friends, the American people will see a strong contrast between the two parties.,,,,,,:,,,:
,,,,,,,,,,,,:,,,:
Republicans stand up for the wealthy. Democrats stand up for working families.",8128,89,126,38,5,,,,,,,:,,,:
2024:11:18T15:52:47.000Z,patrickbetdavid,True,False,"Capitalism is FORCING MSNBC to set their egos aside and meet with Trump.  ,,,,,,,,:,,,:
,,,,,,,,,,,,:,,,:
If they don’t, they’re DONE.  ,,,,,,,,,,,:,,,:
,,,,,,,,,,,,:,,,:
The market has spoken and they’re sick of their fear porn.  ,,,,,,,,,,,,:,,,:
,,,,,,,,,,,,:,,,:
Good on them to meet with Trump.  ,,,,,,,,,,,,:,,,:
Good on Trump for accepting their offer.",306858,5740,663,696,405,,,,,,,:,,,:
2024:11:12T15:37:09.000Z,Bubblebathgirl,True,False,"Even if the hush money case against Trump gets dismissed, that doesn’t mean the lawfare against him is forgotten.,,,,,,,:,,,:
,,,,,,,,,,,,:,,,:
Our government, DAs, and judges abused our judicial system in order to interfere in the 2024 presidential election.,,,,,,,,,,:,,,:
,,,,,,,,,,,,:,,,:
They need to face legal consequences.",16506,1850,52,718,14,,,,,,,:,,,:
2024:11:16T18:17:52.000Z,BreitbartNews,True,False,Trump tells the story of a woman who had to return one of the apples she was attempting to buy at a grocery store when she realized how expensive they were in the Biden:Harris economy.,45191,529,40,75,8,,,:,,,:
2024:11:12T00:45:45.000Z,William_E_Wolfe,True,False,"Trump commits to shutting down the Department of Education! ,,,,,,,,:,,,:
,,,,,,,,,,,,:,,,:
This, combined with his tax credits for homeschooling families, could revolutionize education in America.",25927,763,33,101,20,,,,,:,,,:
2024:11:17T22:00:07.000Z,RBReich,False,False,"In his first term, Trump oversaw huge increases in Pentagon spending that enriched defense contractors and drained money from public investments.,,,,,,,:,,,:
,,,,,,,,,,,,:,,,:
His appointment of war hawks like Marco Rubio and Mike Waltz will only further the military:industrial drain.",67040,1490,154,676,70,,,,,,,:,,,:
2024:11:18T22:31:04.000Z,RepLisaMcClain,True,False,"After years of record inflation, the last thing American families need right now is a tax increase. Americans deserve more money in their paycheck instead of continuing to fund a bloated bureaucracy. We'll work to extend the Trump tax cuts in the first 100 days.",0,48,6,7,1581,,:,,,:
2024:11:16T16:23:31.000Z,againstgrmrs,True,False,"Dr. Sidhbh Gallagher wants everyone to know she is prepared to butcher as many children as she can before Trump takes office and bars her from doing so.  ,,,,,,,,:,,,:
,,,,,,,,,,,,:,,,:
She’s fear:mongering to make sure her followers know she is making space for their parents’ money—erm, ""appointments.""",59697,2029,172,653,98,,,,,,:,,,:
2024:11:18T13:50:44.000Z,BenSwann_,True,False,"TRUMP: “I refuse to accept another round of endless war in Ukraine.,,,,,,,,:,,,:
,,,,,,,,,,,,:,,,:
I want peace, they want money and conflict! Even if it means pushing us to the brink of World War III, which, frankly, is already happening and very quickly.”",17183,656,17,128,12,,,:,,,:
2024:11:11T14:20:40.000Z,MAGA__Patriot,True,False,We must NEVER FORGET the high price paid for the freedom we enjoy. Thank you Veterans! ,14312,796,35,418,14,,,:,,,:
2024:11:10T06:29:55.000Z,Whiplash437,True,False,"BOOM! Trump’s Executive Orders Set NESARA in Motion: Transition to Greatness & the Global Currency Reset (GCR),,,,,,,,:,,,:
,,,,,,,,,,,,:,,,:
America stands at a monumental turning point. President Donald J. Trump is leading us to a new era, a rebirth fueled by the promise of NESARA—the National Economic",30167,1150,26,406,221,,,,,,:,,,:
2024:11:17T16:51:02.000Z,bravosresearch,True,False,"In 2016, when Trump took office, small caps surged by 20%,,,,,,:,,,:
,,,,,,,,,,,,:,,,:
Reflecting the market’s anticipation of tax cuts for small businesses,,,,,,,,,,,,:,,,:
,,,,,,,,,,,,:,,,:
Like 2016, we anticipate a short:term market boost this time as well,,,,,,,,,,,:,,,:
,,,,,,,,,,,,:,,,:
But whether this becomes a broader bull market depends on economic resilience",15654,92,9,8,12,,,,,,,:,,,:
2024:11:10T17:43:00.000Z,InsideWithPsaki,True,False,"“There’s a real disconnect between how voters perceived Trump’s economic plan, and what we have in store for us.”,,,,,,,:,,,:
,,,,,,,,,,,,:,,,:
.,,,,,,,,,,,,:,,,:
@katieporteroc,,,,,,,,,,,,:,,,:
 brings out her whiteboard to explain how Trump’s agenda will lead to higher costs.",242631,5714,484,2135,576,,,,,,,:,,,:
2024:11:13T03:23:49.000Z,AutismCapital,True,False," HOROWITZ: ""Within 24 hours of Trump being elected, the stock market had its 5th biggest day in history. No economic news, no 'the economy is going well,’ no nothing. The Crypto markets went way beyond that. All fintech went up. Just the fact that it wasn't going to be the",129128,1873,36,213,:,,,:
2024:11:11T11:29:07.000Z,SquawkCNBC,True,False,"""Instead of criticizing Jay Powell, I think Trump should thank Jay Powell because his overly easy policy during the Biden administration causing all that inflation was certainly one of the reasons Trump won the election,"" says ,,,,,,:,,,:
@Wharton,,,,,,,,,,,,:,,,:
's Jeremy Siegel.",129796,748,73,101,103,,,,,,,:,,,:
2024:11:14T01:14:12.000Z,jcokechukwu,True,False,"By the way, here’s Tulsi, Trump’s pick for DNI (Director of National Intelligence), exposing the Ukrainian bio labs and wandering why American money would go to shady, dirty ventures like bio labs in Ukraine and China and elsewhere, from where COVID and other designer diseases",15256,545,:,376,69,:
2024:11:10T03:53:30.000Z,TheTNHoller,True,False,"So Trump bragged about Russia and the Saudis cutting oil production for 2 years, prices spiked, Saudis print& give Trump’s wife’s husband $2 Billion — Biden gets blame for inflation. Some deal!,,,,,,:,,,:
,,,,,,,,,,,,:,,,:
More about this underdiscussed cause of inflation: https://x.com/thetnholler/status/1855338476713189751?s=46…",20258,544,15,287,39,,,,,,,:,,,:
2024:11:15T20:20:58.000Z,nypost,True,False,"Trump eyeing Fox Business host Larry Kudlow for Treasury, National Economic Council https://trib.al/PbP7rJX",37186,691,50,87,12,,:,,,:
2024:08:25T17:53:38.000Z,BetterOff2024,True,False,"A reminder that Trump's only stated specific economic policy:,,,,,,,,:,,,:
,,,,,,,,,,,,:,,,:
Tariffs of 10:60% on *all* US imports that will fuel inflation across the board as consumers will naturally pay the difference for goods.,,,,,,,,,,,,:,,,:
,,,,,,,,,,,,:,,,:
Basically a #TrumpTax on all Americans.",34383,631,65,388,17,,,,,,,:,,,:
2024:11:15T23:17:55.000Z,MrReaganUSA,True,False,"Guess how much Trump merch is going for vs Kamala merch.,,,,,,,,:,,,:
And this is in deep blue Washington DC.,,,,,,,,,,,,:,,,:
My dad joked that Kamala is finally bringing down inflation! ",7328,158,24,31,4,,,,,,,:,,,:
