timestamp username icon:verified fact:checked text views likes replies reposts bookmarks   :   :            :   :
2024:11:02T08:10:54.000Z,mollie_don,True,False,"Trump's economic policies, including tariffs, tax cuts, and immigration control, aim to address inflation and stimulate economic growth. Supporters believe his straightforward approach could eliminate bureaucratic hurdles and stimulate immediate economic activity.,,,,:,,,:
,,,,,,,,,,,,:,,,:
If we want to",8861,271,14,208,3,,,,,,,:,,,:
2024:11:17T18:25:43.000Z,CalltoActivism,True,False,"BREAKING NEWS:,,,,,,,,:,,,:
,,,,,,,,,,,,:,,,:
Former federal prosecutor Randall Eliason says Trump's New York hush money case sentencing should still move forward.,,,,,,,,,,,,:,,,:
,,,,,,,,,,,,:,,,:
He argues the election did not wipe the slate clean, and the state jury’s decision stands. ,,,,,,,,,,,:,,,:
,,,,,,,,,,,,:,,,:
Who else agrees Trump must be sentenced?",642834,39692,3100,7339,240,,,,,,,:,,,:
2024:11:16T22:30:01.000Z,RBReich,False,False,"Trump has named Stephen Miller and Tom Homan — the architects of his family separation policy — to powerful roles in his White House.,,,,,,,,:,,,:
,,,,,,,,,,,,:,,,:
Their fingerprints are all over Trump's mass deportation scheme, which would wreck the economy and rip families apart.",69630,2285,391,1205,150,,,,,,:,,,:
2024:11:11T21:01:02.000Z,CNBCClosingBell,True,False,"#Tesla popping again today, with the stock seeing a more than 40% gain since the election. ,,,,,,,:,,,:
@DivesTech,,,,,,,,,,,,:,,,:
, who is raising his price target to $400 from $300, calls president:elect Trump's victory a ""game changer"" for Tesla:",401631,302,24,86,33,,,,,:,,,:
2024:11:12T21:31:15.000Z,TrueJMitchell,True,False,"This lady says:Says the boom you felt during Donald Trump's first term was because of Obama, not Trump.,,,,,,,:,,,:
,,,,,,,,,,,,:,,,:
She goes on to say that the last 4 years of inflation and high prices are because of Donald Trump, not Biden.,,,,,,,,,,,:,,,:
,,,,,,,,,,,,:,,,:
Jeff brings the facts.",18520,453,66,255,45,,,,,,,:,,,:
2024:11:10T05:21:30.000Z,Poe_Ether,True,False,"FELLERS WE ARE GOING INTO A PRO CRYPTO GOVERNMENT ELECT ,,,,,,,,:,,,:
,,,,,,,,,,,,:,,,:
THE 47TH PRESIDENT TO BE,,,,,,,,,,,,:,,,:
,,,,,,,,,,,,:,,,:
DONALD J TRUMP,,,,,,,,,,,,:,,,:
,,,,,,,,,,,,:,,,:
HIS STOCK MARKET TICKER IS $DJT,,,,,,,,,,,,:,,,:
,,,,,,,,,,,,:,,,:
HIS SHIT COIN TICKER IS $DJT4700 #DJT4700",17342,220,155,94,25,,,,,,,:,,,:
2024:11:14T02:37:17.000Z,w_terrence,True,False,"KAMALAAAAAAAA CALL ME!!!!!!,,,,,,,,:,,,:
,,,,,,,,,,,,:,,,:
Send this to ,,,,,,,,,,,,:,,,:
@KamalaHarris,,,,,,,,,,,,:,,,:
 ,,,,,,,,,,,,:,,,:
,,,,,,,,,,,,:,,,:
You raised $1 BILLION and now you are negative $20 million dollars, you can’t pay people or the vendors BUT you were going to fix the Economy over night!,,,,,,,,,,,:,,,:
,,,,,,,,,,,,:,,,:
Trump offered to help so I have some coins I would like to give you",295124,6508,398,1525,217,,,,,,,:,,,:
2024:11:18T12:36:00.000Z,JavonAPrice,True,False,"Two weeks ago, Joe and Mika told the world Trump was a “fascist” who was going to “end our democracy.” ,,,,,,,:,,,:
,,,,,,,,,,,,:,,,:
How in the world do you go from that to “restarting communications” and having civil disagreements on policy?",6008,311,40,54,4,,,,,,,:,,,:
2024:11:13T21:50:22.000Z,SteveRattner,True,False,States that went to Trump stand to lose much more from his plan to abolish the Dept of Education. They receive more federal funds than blue states despite contributing fewer tax dollars.,363716,6527,1303,3937,811,,,:,,,:
2024:11:18T03:13:47.000Z,Prof_heist,True,False,"If you don’t believe next 4 years will be revolutionary for Elon and ,,,,,,,,:,,,:
@Tesla,,,,,,,,,,,,:,,,:
 : then you are oblivious.,,,,,,,,,,,,:,,,:
,,,,,,,,,,,,:,,,:
Stock was $180 in August, stock touched $358 in November: A 100% INCREASE. ,,,,,,,,,,,:,,,:
Stock can touch $2000+ by the end of Trump’s term. ,,,,,,,,,,,,:,,,:
,,,,,,,,,,,,:,,,:
Choice is yours #TSLA $TSLA",36842,396,31,24,25,,,,,,,:,,,:
2024:11:15T02:23:31.000Z,TimRunsHisMouth,True,False,"Biden's Secretary of State, Antony Blinken, announces that they're going to launder as much money as possible through Ukraine before Trump takes office...,,,,,,:,,,:
,,,,,,,,,,,,:,,,:
I mean... send support to Ukraine.",54778,3392,108,767,39,,,,,,,:,,,:
2024:11:14T23:25:46.000Z,ByronDonalds,True,False,"Trump admin economic policy will put YOU FIRST.,,,,,,,,:,,,:
,,,,,,,,,,,,:,,,:
The Trump Tax Cuts & Jobs Act (currently in place) cut tax rates & has raised record federal revenue.,,,,,,,,,,,,:,,,:
,,,,,,,,,,,,:,,,:
Strategic tariffs will protect domestic manufacturing, industry, & critical jobs.,,,,,,,,,,:,,,:
,,,,,,,,,,,,:,,,:
And the time for unfair trade deals is OVER.",73782,5526,185,954,59,,,,,,,:,,,:
2024:11:11T20:53:13.000Z,treasonstickers,False,False,"Trump is dismantling the department of education for 4 reasons:,,,,,,,,:,,,:
,,,,,,,,,,,,:,,,:
1. Uneducated people vote for republicans,,,,,,,,,,,,:,,,:
,,,,,,,,,,,,:,,,:
2. To allow red states to white wash history,,,,,,,,,,,,:,,,:
,,,,,,,,,,,,:,,,:
3. To funnel tax dollars into private for:profit Christian schools that promote the patriarchy,,,,,,,,,,,,:,,,:
,,,,,,,,,,,,:,,,:
4. Project 2025 said to do it",1457824,62906,5483,14108,2686,,,,,,,:,,,:
2024:11:15T23:17:55.000Z,MrReaganUSA,True,False,"Guess how much Trump merch is going for vs Kamala merch.,,,,,,,,:,,,:
And this is in deep blue Washington DC.,,,,,,,,,,,,:,,,:
My dad joked that Kamala is finally bringing down inflation! ",7303,158,23,31,4,,,,,,,:,,,:
2024:11:16T16:23:31.000Z,againstgrmrs,True,False,"Dr. Sidhbh Gallagher wants everyone to know she is prepared to butcher as many children as she can before Trump takes office and bars her from doing so.  ,,,,,,,,:,,,:
,,,,,,,,,,,,:,,,:
She’s fear:mongering to make sure her followers know she is making space for their parents’ money—erm, ""appointments.""",59237,2028,171,652,98,,,,,,:,,,:
2024:11:11T14:11:03.000Z,DC_Draino,True,False,"The Visa/MC credit card monopoly has put Americans into excessive debt with usurious interest rates at 25%+,,,,,,,,:,,,:
,,,,,,,,,,,,:,,,:
President Trump wants a 10% cap on all credit card interest rates,,,,,,,,,,,,:,,,:
,,,,,,,,,,,,:,,,:
JD Vance co:sponsored the Credit Card Competition act which fights the 2:4% hidden tax you pay every",5518014,88969,2028,21077,5489,,,,,,,:,,,:
2024:11:12T15:58:44.000Z,SenatorLankford,True,False,"Next year, the Trump tax cuts are set to expire, and we must take action. Otherwise, Americans—including Oklahomans—could face tax hikes. We need to get to work to keep taxes low and support hardworking families.",28555,551,511,86,:,,,:
2024:11:14T23:11:02.000Z,Barchart,True,False,"Tesla $TSLA declines almost 6% after President Trump proposes removing the $7,500 EV Tax Credit",80379,589,47,115,35,,:,,,:
2024:11:15T22:32:05.000Z,TrumpBaroon,True,False,"Most of time Dad keeps telling me that he will do the best for USA in matters developments, economy growth and it’s Sustainability.,,,,,,,:,,,:
,,,,,,,,,,,,:,,,:
Pray for Him, because he loves United States of America so much",100469,8365,543,997,38,,,,,,:,,,:
2017:11:01T22:27:54.000Z,mikandynothem,True,False,"Trump's ECONOMY is a train that is rolling full steam ahead with no brakes to stop it! ,,,,,,,,:,,,:
*3% GDP growth.,,,,,,,,,,,,:,,,:
*Stock Market breaking record highs weekly.,,,,,,,,,,,,:,,,:
*Unemployment at record lows.,,,,,,,,,,,,:,,,:
...and much more!,,,,,,,,,,,,:,,,:
Jump on board or get the hell out of the way! ,,,,,,,,,,,,:,,,:
#WednesdayWisdom #MAGA #tcot #FoxNews",0,479,42,298,0,,,,,,,:,,,:
2024:11:15T15:12:21.000Z,DeanObeidallah,True,False,Today's stock market crash is 100% brought to you by Donald Trump and his extreme cabinet choices.,15247,1035,31,343,9,,,:,,,:
2024:11:11T17:57:39.000Z,ElijahSchaffer,True,False,"The dominance of Visa and Mastercard in the credit card market has resulted in Americans facing overwhelming debt due to excessively high interest rates exceeding 25%.,,,,,,,,:,,,:
,,,,,,,,,,,,:,,,:
President Trump is advocating for a policy to limit credit card interest rates to no more than 10%.,,,,,,,,,,,,:,,,:
,,,,,,,,,,,,:,,,:
Senator JD",26204,524,44,81,23,,,,,,,:,,,:
2024:11:15T19:13:09.000Z,Forbes,True,False,"Pharmaceuticals have mostly been spared from past tariff battles, but this time they’re on the block.,,,,,,,:,,,:
Read more: https://forbes.com/sites/alexknapp/2024/11/14/trump:promised:to:make:your:medicines:cheaper:his:tariffs:will:make:them:more:expensive/?utm_source=TWITTER&utm_medium=social&utm_campaign=forbes…",24360,29,11,7,2,,,,,,,:,,,:
2024:11:15T14:33:28.000Z,CollinRugg,True,False,"NEW: Border Czar Tom Homan says Trump will treat the cartels like ISIS, will “wipe them off the face of the Earth.”,,,,,,,:,,,:
,,,,,,,,,,,,:,,,:
“So it's gonna take the US special operations, US intelligence to track these guys down, follow the money…,,,,,,,,,,:,,,:
,,,,,,,,,,,,:,,,:
“And just the same thing President Trump did to ISIS",380849,10430,298,1852,315,,,,,,,:,,,:
