timestamp username icon:verified fact:checked text views likes replies reposts bookmarks   :   :            :   :
2024:11:10T20:01:28.000Z,JohnBasham,True,False,"FACT: EVERY CELEBRITY (Including Oprah) OR LEFT:WING PODCASTER Who Took Money From The ,,,,,,,,:,,,:
@KamalaHarris,,,,,,,,,,,,:,,,:
 Campaign AND DID NOT DISCLOSE THEY WERE A PAID POLITICAL ADVERTISEMENT, BROKE FEDERAL LAW!,,,,,,,,,,,:,,,:
Get A Lawyer Now!,,,,,,,,,,,,:,,,:
The Law Applies To Both Parties & A Trump DOJ MUST Investigate.",3089601,99877,931,30933,5415,,,,,,,:,,,:
2024:11:10T18:59:56.000Z,Jeremyybtc,True,False,"doge will be the biggest runner of this bull run,,,,,,,,:,,,:
,,,,,,,,,,,,:,,,:
elon musk publicly comes out as the co founder of dogecoin,,,,,,,,,,,,:,,,:
,,,,,,,,,,,,:,,,:
trump and elon both mentioned integrating dogecoin as a big part of america's economy,,,,,,,,,,,,:,,,:
,,,,,,,,,,,,:,,,:
1 $doge = $1",101167,707,92,120,27,,,,,,,:,,,:
