timestamp username icon:verified fact:checked text views likes replies reposts bookmarks   :   :            :   :
2024:11:02T08:10:54.000Z,mollie_don,True,False,"Trump's economic policies, including tariffs, tax cuts, and immigration control, aim to address inflation and stimulate economic growth. Supporters believe his straightforward approach could eliminate bureaucratic hurdles and stimulate immediate economic activity.,,,,:,,,:
,,,,,,,,,,,,:,,,:
If we want to",8879,270,14,208,3,,,,,,,:,,,:
2024:11:14T02:37:17.000Z,w_terrence,True,False,"KAMALAAAAAAAA CALL ME!!!!!!,,,,,,,,:,,,:
,,,,,,,,,,,,:,,,:
Send this to ,,,,,,,,,,,,:,,,:
@KamalaHarris,,,,,,,,,,,,:,,,:
 ,,,,,,,,,,,,:,,,:
,,,,,,,,,,,,:,,,:
You raised $1 BILLION and now you are negative $20 million dollars, you can’t pay people or the vendors BUT you were going to fix the Economy over night!,,,,,,,,,,,:,,,:
,,,,,,,,,,,,:,,,:
Trump offered to help so I have some coins I would like to give you",296728,6520,398,1528,215,,,,,,,:,,,:
2024:11:12T17:21:17.000Z,kurtbardella,True,False,"First off, I’m not sure how the economy gets to where we want it to go if the first move is to deport everyone who does the hard labor (for menial wages). The Trump economy means the rich get richer and everyone else gets left behind.",39405,1005,72,357,30,,:,,,:
2024:11:14T03:08:52.000Z,MemeNonLibs,True,False,"“You f**king b**ches elected Trump into office”,,,,,,,,:,,,:
,,,,,,,,,,,,:,,,:
You’d think a week would be enough time for these liberals to calm down ,,,,,,,,,,,,:,,,:
,,,,,,,,,,,,:,,,:
Do we really care that much more about “the economy” over “women’s rights?”",152183,793,962,221,117,,,,,,,:,,,:
2024:11:19T19:38:33.000Z,4TaxFairness,False,False,"WATCH: Republicans are holding a hearing ahead of their plan to renew the Trump tax scam for the rich and corporations.,,,,,,,,:,,,:
,,,,,,,,,,,,:,,,:
We'll be fact:checking live.,,,,,,,,,,,,:,,,:
,,,,,,,,,,,,:,,,:
You don't build an economy that works for working people by giving tax breaks to those at the top.",1447,43,3,24,6,,,,,,,:,,,:
2024:11:12T16:18:57.000Z,greg_price11,True,False,"The FEMA official who was just fired for telling workers to avoid homes impacted by the hurricanes in Florida if they had Trump signs says that it was not ""isolated"" and that FEMA workers were instructed to do it in the Carolinas too.",3269332,19818,1567,8002,3007,,,:,,,:
2024:11:17T17:54:03.000Z,highbrow_nobrow,True,False,"Donald Trump: A tariff is a tax on a foreign country. A lot of people like to say it’s a tax on us. No… It’s is a tax that doesn’t affect our country. ,,,,,,,,:,,,:
@Acyn,,,,,,,,,,,,:,,,:
Fact:check: Wrong. (September)",408523,9101,1110,1976,296,,,,,,,:,,,:
2024:11:17T23:39:14.000Z,sjredmond,True,False,"Ask not why they didn't vote for Harris Bill Shatner, ask why they believed one word Trump was saying. Not one of his economic ""promises"" will be kept, except the ones that screw the bottom half of America.",96414,1398,68,263,113,:,,,:
2024:11:19T19:59:50.000Z,MJTruthUltra,True,False,"KABOOM! ,,,,,,,,:,,,:
,,,,,,,,,,,,:,,,:
Trump just announced that Howard Lutnick will be Commerce Secretary  ,,,,,,,,,,,,:,,,:
,,,,,,,,,,,,:,,,:
Do you have any idea how big this is? ,,,,,,,,,,,,:,,,:
,,,,,,,,,,,,:,,,:
Lutnick speaks about eliminating income tax and fund the government solely on tariffs… just like Trump has been hinting at.. read the below thread.",755440,13224,146,4532,1476,,,,,,,:,,,:
2024:11:16T22:30:01.000Z,RBReich,True,False,"Trump has named Stephen Miller and Tom Homan — the architects of his family separation policy — to powerful roles in his White House.,,,,,,,,:,,,:
,,,,,,,,,,,,:,,,:
Their fingerprints are all over Trump's mass deportation scheme, which would wreck the economy and rip families apart.",71428,2332,400,1231,156,,,,,,:,,,:
2024:11:11T21:01:02.000Z,CNBCClosingBell,True,False,"#Tesla popping again today, with the stock seeing a more than 40% gain since the election. ,,,,,,,:,,,:
@DivesTech,,,,,,,,,,,,:,,,:
, who is raising his price target to $400 from $300, calls president:elect Trump's victory a ""game changer"" for Tesla:",401842,303,24,86,33,,,,,:,,,:
2024:11:17T22:47:05.000Z,thebearablebull,True,False,"US Based Cryptos Are Outperforming The Market & Will ABSOLUTELY THRIVE!!!!,,,,,,,,:,,,:
,,,,,,,,,,,,:,,,:
Think XRP, XLM, HBAR, ADA, ALGO, DAG, PROPY & Many More,,,,,,:,,,:
,,,,,,,,,,,,:,,,:
Ladies & Gentlemen Everything Has Changed Since Trump Got Elected!!!,,,,,,,,,,,,:,,,:
,,,,,,,,,,,,:,,,:
This Cycle Will Be Completely Different From 2021",151224,2446,82,465,214,,,,,,,:,,,:
2024:11:19T22:35:42.000Z,TheCompoundNews,True,False,"Something's Going to Break, We Don't Know What,,,,,,,:,,,:
,,,,,,,,,,,,:,,,:
 Michael Cembalest joins ,,,,,,,,,,,,:,,,:
@Downtown,,,,,,,,,,,,:,,,:
 and ,,,,,,,,,,,,:,,,:
@michaelbatnick,,,,,,,,,,,,:,,,:
 to discuss: what Trump's win means for stocks and the economy, how Democrats lost big on inflation, the biggest risks to the market in 2025, and more! Out now on YouTube and",18839,50,11,8,9,,,,:,,,:
2024:11:19T23:17:04.000Z,kyle_chasse,True,False,"BULLISH NEWS!,,,,,,,,:,,,:
,,,,,,,,,,,,:,,,:
HOWARD LUTNICK, CEO OF CANTOR FITZGERALD, IS JOINING TRUMP'S ADMINISTRATION AS THE US SECURITY OD COMMERCE.,,,,,,,,,,:,,,:
,,,,,,,,,,,,:,,,:
HE WILL LEAD THE TARIFF AND TRADE AGENDA.,,,,,,,,,,,,:,,,:
,,,,,,,,,,,,:,,,:
HIS JOB IS MAKING MONEY ON WALLSTREET. ,,,,,,,,,,,,:,,,:
,,,,,,,,,,,,:,,,:
IMAGINE WHAT HE CAN DO FOR YOU!",5301,93,12,10,1,,,,,,,:,,,:
2024:11:15T01:11:20.000Z,RealAmVoice,True,False,"""I'D LIKE TO SEE $2 GASOLINE, ZERO INFLATION, THE BORDER CLOSED, AND TO DEPORT ALL OF THE CRIMINALS AND THE TERRORISTS!"" ,,,,,:,,,:
@larry_kudlow,,,,,,,,,,,,:,,,:
 is only asking for a few things of the Trump Administration as they take back the White House in 2025. ,,,,,,,,,,,,:,,,:
@A1Policy",22822,809,6,206,33,,,,,,,:,,,:
2024:11:15T07:50:50.000Z,Cointelegraph,True,False,"The 2024 US elections have sparked a surge in #Bitcoin and crypto  interest, with many believing Trump’s policies could make the US the  global crypto hub.,,,,,,,:,,,:
,,,,,,,,,,,,:,,,:
Dive into the full report on how his presidency may impact the market. ",21281,227,40,44,7,,,,,,,:,,,:
2024:11:19T21:39:21.000Z,MichaelSteele,True,False,"Robert F. Kennedy at HHS; now Dr. Mehmet Oz to run Medicare and Medicaid. And Republicans want to cut the social safety net to pay for renewing Trump's tax cuts. Reality TV personalities for a Reality TV administration. Unfortunately, we live in a world where diseases are real,",203364,3603,367,1184,84,:,,,:
2024:11:13T12:06:53.000Z,GoPlusSecurity,True,False,"GoPlus Alert,,,,,,,,:,,,:
,,,,,,,,,,,,:,,,:
Recently,  ,,,,,,,,,,,:,,,:
@Cointelegraph,,,,,,,,,,,,:,,,:
  published the false information that ""Trump is the largest holder of $PNUT "".,,,,,,,,,,,,:,,,:
,,,,,,,,,,,,:,,,:
Please be cautious in the bull market and carefully verify the information released by media outlets and KOLs to avoid falling victim to copycat projects,",31735,965,30,4780,1,,,,,,:,,,:
2024:11:15T00:35:00.000Z,its_The_Dr,True,False,DO YOU THINK PRESIDENT TRUMP IS RIGHT TO SAY SENIORS SHOULDN’T PAY TAX ON SOCIAL SECURITY?,21729,1883,266,243,10,,,:,,,:
2024:11:19T16:16:29.000Z,Crypto_Briefing,True,False," BREAKING: Trump picks Howard Lutnick as Commerce Secretary.,,,,,,,,:,,,:
,,,,,,,,,,,,:,,,:
Lutnick champions US manufacturing: “Build in America, get tax credits for tariffs!”,,,,,,,,,,,:,,,:
,,,,,,,,,,,,:,,,:
Source: CNBC",6669,13,3,4,1,,,,,,,:,,,:
