timestamp username icon:verified fact:checked text views likes replies reposts bookmarks   :   :            :   :
2024:11:10T18:59:56.000Z,Jeremyybtc,True,False,"doge will be the biggest runner of this bull run,,,,,,,,:,,,:
,,,,,,,,,,,,:,,,:
elon musk publicly comes out as the co founder of dogecoin,,,,,,,,,,,,:,,,:
,,,,,,,,,,,,:,,,:
trump and elon both mentioned integrating dogecoin as a big part of america's economy,,,,,,,,,,,,:,,,:
,,,,,,,,,,,,:,,,:
1 $doge = $1",150602,861,96,156,41,,,,,,,:,,,:
2024:11:13T11:32:02.000Z,CharlieKNews,True,False,"DO YOU THINK PRESIDENT TRUMP IS RIGHT TO SAY SENIORS SHOULDN’T PAY TAX ON SOCIAL SECURITY?,,,,,,,,:,,,:
,,,,,,,,,,,,:,,,:
A. YES,,,,,,,,,,,,:,,,:
B. NO",762379,50929,24518,4040,152,,,,,,,:,,,:
2024:11:13T15:40:35.000Z,DineshDSouza,True,False,"Trump’s going to not only tax, but confiscate the endowments of every university that the Department of Justice finds has engaged in illegal discrimination under the guise of ""equity"". ,,,,,,,:,,,:
,,,,,,,,,,,,:,,,:
We are witnessing one of the strongholds of the left crumble in real time.",222304,13328,163,2563,239,,,,,,,:,,,:
2024:11:09T19:51:55.000Z,kbyrd2_,False,False,"Kamala literally said i will give yall a $6000 tax credit for the first year of your child’s life & $25,000 the first time you buy a home.,,,,,,,:,,,:
,,,,,,,,,,,,:,,,:
And people said Trump, who wants to lower taxes for the wealthiest earners, is going to make them rich again. You can’t make this up.",9441462,273507,18275,37473,11544,,,,,:,,,:
2024:11:11T14:20:40.000Z,MAGA__Patriot,True,False,We must NEVER FORGET the high price paid for the freedom we enjoy. Thank you Veterans! ,14199,795,34,418,14,,,:,,,:
2024:11:11T18:15:12.000Z,KristiNoem,True,False,"The American people know how to spend their own money. By eliminating government waste and focusing federal spending on the core functions of government, President Trump will deal with the debt and unleash economic growth. That’s what we did in South Dakota!",149498,3299,237,540,64,,:,,,:
2024:11:12T02:27:02.000Z,abcnews,True,False,"“Trump is waging a war on trade itself”: Malcolm Turnbull says if Anthony Albanese wants to protect Australia’s economic interests, he has to level directly with Donald Trump.,,,,,,,:,,,:
,,,,,,,,,,,,:,,,:
Catch up on #QandA on iview: https://ab.co/2E7R5d9",34024,112,128,30,16,,,,,,,:,,,:
2024:11:08T14:10:14.000Z,jsolomonReports,True,False,"Trump: 'No price tag' for mass deportation effort, 'We have no choice'",26455,840,72,171,4,,:,,,:
2024:11:15T05:55:15.000Z,3orovik,True,False,The real bull market starts when Trump takes office,1909,80,36,8,2,,,:,,,:
2024:11:14T13:00:00.000Z,brutamerica,True,False,"Trump’s proposals for the economy are sparking debates. But economists warn his tariffs could lead to higher prices for consumers, and his tax cuts might mainly benefit the wealthy. ,,,,,,,:,,,:
#ElectionEconomics #Trump2024 #EconomicPolicy",0,0,1,127,0,,,,,,,:,,,:
2024:11:08T00:32:06.000Z,LeadingReport,True,False,"BREAKING: Trump said his administration will have “no choice” but to carry out his mass deportation plan, and that there is “no price tag.”",856241,42934,2417,4695,775,,:,,,:
2024:11:13T18:04:01.000Z,piyushmittal,False,False,Trump’s promise of removing overtime tax is a scam like everything else he does,231969,4560,393,1221,940,,,:,,,:
2024:11:07T23:00:02.000Z,DineshDSouza,True,False,"Stock Market Soars, US Dollar Surges Following Trump Victory",35817,1119,29,161,6,,:,,,:
2024:11:14T18:00:00.000Z,DavidJHarrisJr,True,False,"This will BLOW YOUR MIND on what your tax dollars have been going to under the Biden/Harris administration. ,,,,,,,,:,,,:
,,,,,,,,,,,,:,,,:
This all changes on January 20th, 2025! Trump, Elon, and Vivek are ON IT!",11435,338,10,116,25,,,,:,,,:
2024:11:14T14:24:09.000Z,MarioNawfal,True,False,"BILL ACKMAN: THERE WILL BE AN ECONOMIC BOOM UNDER TRUMP,,,,,,,,:,,,:
@BillAckman,,,,,,,,,,,,:,,,:
 : ""Even those that have voted against Trump are excited about what's gonna happen with the economy…""",159007,1371,47,203,31,,,,,,,:,,,:
2024:11:10T23:14:58.000Z,CryptoHayes,True,False,"Some of y'all don't believe Trump is about to trash the $ and print money. $BTC disagrees. Here is #Bitcoin leading vs. my new money supply indicator US Bank Credit. The market is speaking, listen up.,,,,,,,:,,,:
,,,,,,,,,,,,:,,,:
More explanation in my essay ""Black or White"" that drops tom.",154811,2120,155,205,285,,,,,,,:,,,:
2024:11:14T21:53:52.000Z,4TaxFairness,False,False,"If you make under $94k, your tax bill would go up under Trump's tax and tariff plans.,,,,,,,:,,,:
,,,,,,,,,,,,:,,,:
The middle 20% of Americans would see an average tax hike of $1,530 in 2026 alone.,,,,,,,,,,,:,,,:
,,,,,,,,,,,,:,,,:
The richest 5% would get a tax break.,,,,,,,,,,,,:,,,:
,,,,,,,,,,,,:,,,:
And the whole thing would cost America $7.5 trillion.,,,,,,,,,,,,:,,,:
,,,,,,,,,,,,:,,,:
Unacceptable.",5066,329,3,230,28,,,,,,,:,,,:
2024:11:15T03:49:50.000Z,VigilantFox,True,False,"CNN Hack Loses His Cool When He Picks a Fight With Scott Jennings,,,,,,,,:,,,:
,,,,,,,,,,,,:,,,:
GEOFF DUNCAN: “Scott, can you tell me what his [Trump's] economic plan is to lower inflation in less than 10 seconds?”,,,,,,,,,,,:,,,:
,,,,,,,,,,,,:,,,:
SCOTT JENNINGS: “Yeah. Extend the tax cuts, fight for American workers, get the immigration",226990,6288,220,1013,689,,,,,:,,,:
2024:11:10T02:18:00.000Z,Bubblebathgirl,True,False,"Kamala Harris supporter at Women’s March in DC says Kamala lost because of sexism and racism.,,,,,,,,:,,,:
,,,,,,,,,,,,:,,,:
Completely ignores that Kamala cancels women by saying men can be them.,,,,,,,,,,,,:,,,:
,,,,,,,,,,,,:,,,:
Also ignores the border and economic issues that people voted for Trump to address.",13483,472,93,119,11,,,,,,,:,,,:
2024:11:08T22:43:12.000Z,TheThe1776,True,False,"This lady said she sees alot of Black women making videos talking down to Black men for voting Trump and she wants to thank all the Black men who voted for Trump because they voted for:,,,,,,,,:,,,:
◦Secure our borders, so women and children can be safe.,,,,,,,,,,,:,,,:
◦Strong economy, so women and",33569,1611,68,451,53,,,,,,:,,,:
2024:11:12T03:22:54.000Z,BehizyTweets,True,False,"President Trump's new Treasury Secretary, Scott Bessent, plans to cut the spending deficit immediately, ""I think we're going to do it through deregulation, energy dominance, and re:privatizing the economy."",,,:,,,:
,,,,,,,,,,,,:,,,:
He'll also work with Elon Musk to cut out the waste.,,,,,,,,,,,,:,,,:
,,,,,,,,,,,,:,,,:
I've seen a few",110111,3605,122,905,199,,,,,,,:,,,:
2024:11:09T22:15:00.000Z,abcnews,True,False,"WATCH: Donald Trump returns to the White House on a wave of cost:of:living anger. In Australia, both sides of politics are preparing for a similar contest over inflation at next year's election. #auspol #ABCInsiders",32025,93,119,30,2,,:,,,:
