timestamp username icon:verified fact:checked text views likes replies reposts bookmarks   :   :            :   :
2024:11:17T19:28:02.000Z,TrumpjrJohn,True,False,"I'm printing money with #Memecoins. ,,,,,,,,:,,,:
,,,,,,,,,,,,:,,,:
If you see this, like, retweet, and follow.,,,,,,,,,:,,,:
,,,,,,,,,,,,:,,,:
I might just change your life.",111703,643,247,353,22,,,,,,,:,,,:
2024:11:02T08:10:54.000Z,mollie_don,True,False,"Trump's economic policies, including tariffs, tax cuts, and immigration control, aim to address inflation and stimulate economic growth. Supporters believe his straightforward approach could eliminate bureaucratic hurdles and stimulate immediate economic activity.,,,,:,,,:
,,,,,,,,,,,,:,,,:
If we want to",8907,268,14,208,3,,,,,,,:,,,:
2024:11:22T05:13:01.000Z,oroogle,True,False,"$HBAR and $XRP will shape the future of American Crypto ,,,,,,,,:,,,:
,,,,,,,,,,,,:,,,:
 Tax Free with the American Crypto Act,,,,,,,,,,,,:,,,:
,,,,,,,,,,,,:,,,:
God bless President Trump and RFK!",7159,168,10,34,3,,,,,,,:,,,:
2024:11:15T22:30:24.000Z,newrepublic,True,False,Stock Market Tanks as Trump Unveils Nightmare Cabinet Picks,42463,1149,43,661,53,,,:,,,:
2024:11:14T12:30:00.000Z,TheRedactedInc,True,False," We’re on the brink of a revolution in the U.S., and Trump’s plan is MASSIVE in scale! From tariffs to tax cuts, we’re breaking down all the major points in today’s video. ",13003,510,9,174,58,:,,,:
2024:11:22T01:58:28.000Z,ChrisVanHollen,True,False,"Economic fantasy theory.,,,,,,,,:,,,:
Hocus pocus dominocus.,,,,,,,,,,,,:,,,:
 ,,,,,,,,,,,,:,,,:
Whatever you want to call it, the claim that the 2017 Trump tax cuts would pay for themselves was nonsense from the start — and they're trying to make us fall for it again",0,57,12,17,3881,,,,,,:,,,:
2024:11:21T19:11:28.000Z,TaxFoundation,True,False,"Studies have shown that tariffs result in lower income, reduced employment, and lower economic output.,,,,,,:,,,:
,,,,,,,,,,,,:,,,:
According to our analysis, tariffs imposed by the Trump administration in 2018 and 2019 were equivalent to one of the largest tax increases in decades: https://taxfoundation.org/research/all/federal/tariffs/…",2016,17,3,9,2,,,,,,:,,,:
2024:11:21T16:58:16.000Z,EndTribalism,True,False,"Cenk Uygur: “RFK's anti corruption plan was also excellent. Where the states call a convention to propose an amendment, an amendment to get big money out of politics.”,,,,,,,:,,,:
,,,,,,,,,,,,:,,,:
“If Trump does that, he'll be a demigod. He will walk out of office as the most popular politician we have ever",71240,2260,63,331,305,,,,,,:,,,:
2024:11:19T17:08:30.000Z,ReallyAmerican1,True,False,"Republicans can hardly wait to cut services for the poor, like Medicaid and food stamps, in order to fund Trump's tax cuts for the rich.,,,,,,:,,,:
,,,,,,,,,,,,:,,,:
Many of MAGA need those services.,,,,,,,,,,,,:,,,:
This is what they voted for.",89137,2105,211,1145,96,,,,,,,:,,,:
2024:11:17T21:01:38.000Z,SpeakerJohnson,True,False,"With President Trump back in the White House and Republicans in control of Congress, we'll grow the economy and lower costs.,,,,,,,:,,,:
 ,,,,,,,,,,,,:,,,:
How?,,,,,,,,,,,,:,,,:
 ,,,,,,,,,,,,:,,,:
By preventing the largest tax hike in US history, cutting reckless spending, and incentivizing companies to invest in America and create new jobs.",551749,11176,1618,1551,141,,,,,:,,,:
2024:11:18T00:12:36.000Z,bySukie,True,False,"Kaspa is going to surpass $100B MC,,,,,,,,:,,,:
,,,,,,,,,,,,:,,,:
Why?,,,,,,,,,,,,:,,,:
,,,,,,,,,,,,:,,,:
Money is energy & Kaspa is one of the hardest currencies out there next to $BTC,,,,,,,,,,,,:,,,:
,,,,,,,,,,,,:,,,:
$KAS is a blackhole, absorbing liquidity from all Cryptos as more people find out about it,,,,,,,,,,,:,,,:
,,,,,,,,,,,,:,,,:
People like Elon, ",32896,503,26,116,39,,,,,,:,,,:
2024:11:15T14:27:55.000Z,BarronTNews,True,False,"America is stronger, safer, and more prosperous. ,,,,,,:,,,:
   Expect bold action to revive the economy, to create jobs, and to unleash the American energy. The border will be secure, and immigration laws will be enforced. ,,,,,,,,,:,,,:
: We will continue putting America First in every international",23891,2046,77,314,26,,,,,,,:,,,:
2024:11:21T00:39:37.000Z,BenjaminNorton,True,False,"Wall Street private equity firm Blackstone is cannibalizing the US economy, buying up popular businesses; asset:stripping them; cutting workers' wages, hours, & benefits; leaving behind a bankrupt shell.,,,,,:,,,:
,,,,,,,,,,,,:,,,:
By the way, Blackstone's billionaire CEO Steve Schwarzman funded Trump.",13006,360,11,187,28,,,,,,:,,,:
2024:11:21T23:06:55.000Z,FrankLuntz,True,False,"The share of companies moving operations out of China jumped to 69% in 2024, up from 55% in 2022.",15549,142,17,32,8,,:,,,:
2024:11:21T20:40:32.000Z,WAGOP,True,False,"Glen Morgan highlights how the Trump Administration could help WA state withstand the challenges from Gov.:elect Bob Ferguson, including appointing new US attorneys to launch public integrity investigations, Federal Election Reform, & withholding grant money in sanctuary cities.",2382,114,9,52,:,,,:
2024:11:17T18:45:26.000Z,BenBayer,True,False,A leading GOP senator gets on board with a socialist’s endorsement of Trump’s promise to impose price controls on credit cards. The GOP has abandoned free markets.,36337,573,101,119,29,,,:,,,:
2024:11:22T01:59:32.000Z,highbrow_nobrow,True,False,"Donald Trump: A tariff is a tax on a foreign country. A lot of people like to say it’s a tax on us. No… It’s is a tax that doesn’t affect our country. ,,,,,,,,:,,,:
@Acyn,,,,,,,,,,,,:,,,:
Fact:check: Wrong. (September)",20941,599,94,105,26,,,,,,,:,,,:
2024:11:21T07:55:47.000Z,iam_smx,True,False,"Elon Musk just learned tonight at Mar:a:Lago that Jeff Bezos was reportedly telling people to bet against Donald Trump and sell all their Tesla and SpaceX stock, confident Trump would lose.,,,,,,,:,,,:
,,,,,,,,,,,,:,,,:
""Jeff who?"" ",27617,612,62,153,46,,,,,,,:,,,:
2017:11:01T22:27:54.000Z,mikandynothem,True,False,"Trump's ECONOMY is a train that is rolling full steam ahead with no brakes to stop it! ,,,,,,,,:,,,:
*3% GDP growth.,,,,,,,,,,,,:,,,:
*Stock Market breaking record highs weekly.,,,,,,,,,,,,:,,,:
*Unemployment at record lows.,,,,,,,,,,,,:,,,:
...and much more!,,,,,,,,,,,,:,,,:
Jump on board or get the hell out of the way! ,,,,,,,,,,,,:,,,:
#WednesdayWisdom #MAGA #tcot #FoxNews",0,479,42,297,0,,,,,,,:,,,:
2024:11:15T22:13:46.000Z,iAnonPatriot,True,False,Bill Ackman is predicting an ECONOMIC BOOM under Trump. ,10022,391,26,58,17,,,:,,,:
