timestamp username icon:verified fact:checked text views likes replies reposts bookmarks   :   :            :   :
2024:11:10T23:46:08.000Z,DarrigoMelanie,True,False,"Trump's 10 point plan for education:,,,,,,,,:,,,:
,,,,,,,,,,,,:,,,:
: eliminate the Dept. of Education,,,,,,,,,,,,:,,,:
: cut federal funding,,,,,,,,,,,,:,,,:
: promote Christian Nationalism,,,,,,,,,,,,:,,,:
: attack teacher's unions,,,,,,,,,,,,:,,,:
: give public money to for:profit private schools,,,,,,,,,,,,:,,,:
,,,,,,,,,,,,:,,,:
He warned us, and you voted for him anyway.",9911654,80638,10317,15270,11074,,,,,,:,,,:
2024:11:11T12:23:06.000Z,xMarketNews,True,False,"Let’s not forget Ken Griffin didn’t donate any money to Donald Trump, and called him a three:time loser,,,,,,,:,,,:
,,,,,,,,,,,,:,,,:
Donald Trump on Corrupt Donors:,,,,,,,,,,,,:,,,:
,,,,,,,,,,,,:,,,:
“I don’t want their money, I’m going to do the right thing for the American Public.. I don’t need their money”",54093,830,24,225,71,,,,,,:,,,:
2024:11:11T13:05:59.000Z,BitcoinPierre,True,False,"Trump should issue an Executive Order to exempt BTC from capital gains taxes within the first 100 days of his presidency.,,,,,,,,:,,,:
,,,,,,,,,,,,:,,,:
Bring all that money back to the United States and grow the economy.",67115,3106,115,345,29,,,,,,,:,,,:
2024:11:11T16:38:23.000Z,beautyofhelin,True,False,"Yo, I’ve jumped into ,,,,,,,:,,,:
@TrumpEffectERC,,,,,,,,,,,,:,,,:
, and this thing’s got serious potential! ,,,,,,,,,,,:,,,:
,,,,,,,,,,,,:,,,:
Trump’s win, Bitcoin rocketing to $84k... ,,,,,,,,,,,:,,,:
,,,,,,,,,,,,:,,,:
#TrumpEffect69420 is that next:level play, blending Trump’s market vibes with the iconic meme energy of ""69420."" ,,,,,,,,,,,:,,,:
,,,,,,,,,,,,:,,,:
Shoutout to the Elon:inspired",8820,56,19,19,11,,,,,,,:,,,:
2024:11:09T03:41:40.000Z,saras76,True,False,"Trump plans to redirect the money being spent on Ukraine towards a nationwide initiative to get the homeless off the streets in America. ,,,,,,,,:,,,:
,,,,,,,,,,,,:,,,:
How can anybody be against this? ,,,,,,,,,,,,:,,,:
This is amazing. ,,,,,,,,,,,,:,,,:
America FIRST.",53260,3018,125,694,146,,,,,,,:,,,:
2024:11:07T21:17:38.000Z,SeibtNaomi,True,False,"GERMAN TYRANNY FALLS : THANKS TO TRUMP AND X!,,,,,,,,:,,,:
,,,,,,,,,,,,:,,,:
The German government is imploding because the far:left establishment refuses to change its disastrous economic policies.,,,,,,,,,,,,:,,,:
,,,,,,,,,,,,:,,,:
Trump’s victory EXPOSED that we have been lied to by our tax:funded media. ,,,,,,,,,,,,:,,,:
,,,,,,,,,,,,:,,,:
We want the tyranny to END!",1439662,43124,1736,9508,3324,,,,,,,:,,,:
2024:11:08T15:09:03.000Z,IvanOnTech,True,False,"Insane week,,,,,,,,:,,,:
 Trump ,,,,,,,,,,,,:,,,:
 Bitcoin pump,,,,,,,,,,,,:,,,:
 bull market starts for real,,,,,,,,,,,,:,,,:
@moraliscom,,,,,,,,,,,,:,,,:
 team celebrating with cake ",46311,2735,5241,1736,160,,,,,,,:,,,:
2024:11:09T11:15:13.000Z,wideawake_media,True,False,"In 2020, Donald Trump told the World Economic Forum:,,,,,,,:,,,:
,,,,,,,,,,,,:,,,:
""We must reject the perennial prophets of doom and their predictions of the apocalypse."",,,,,,,,,,,,:,,,:
,,,,,,,,,,,,:,,,:
""These alarmists always demand the same thing: absolute power to dominate, transform and control every aspect of our lives."",,,,,,,,,,,:,,,:
,,,,,,,,,,,,:,,,:
""We will",151725,8191,116,2851,833,,,,,,,:,,,:
2024:11:06T05:13:06.000Z,Ashcryptoreal,True,False,"Trump is winning US elections. ,,,,,,,,:,,,:
,,,,,,,,,,,,:,,,:
Bitcoin is going to $100,000,,,,,,,,,,,:,,,:
,,,,,,,,,,,,:,,,:
Massive Bull market is coming.,,,,,,,,,,,,:,,,:
,,,,,,,,,,,,:,,,:
FUCK ALL THE BEARS",110602,3177,340,438,33,,,,,,,:,,,:
2024:11:05T04:16:31.000Z,yennifurrrr,False,False,Hispanic mutuals posting about voting for Trump because of his “economic policies” brotha you struggled to graduate high school I promise you know nothing about the economy ,3442162,172280,351,25761,4414,,,:,,,:
2024:11:07T00:29:41.000Z,JoshuaBHoe,True,False,"3 out of 4 people whose biggest concern was the economy voted for Trump  ,,,,,,,,:,,,:
,,,,,,,,,,,,:,,,:
Some have even called it an inflation election  ,,,,,,,,,,,,:,,,:
Trump's policies are:  ,,,,,,,,,,,,:,,,:
,,,,,,,,,,,,:,,,:
* Inflationary Tariffs   ,,,,,,,,,,,,:,,,:
* Deportations, which are inflationary,,,,,,,,,,,:,,,:
* Tax cuts, which are...you guessed it, inflationary  ,,,,,,,,,,:,,,:
,,,,,,,,,,,,:,,,:
...sigh",366,7,1,1,1,,,,,,,:,,,:
2024:11:11T17:20:17.000Z,wiseadvicesumit,True,False,"In just 6:7 hours ,,,,,,,,:,,,:
 ,,,,,,,,,,,,:,,,:
#TRUMP at 235% PROFIT ,,,,,,,,,,,,:,,,:
 ,,,,,,,,,,,,:,,,:
SPOT: ~50% PROFIT AS WELL ,,,,,,,,,,,,:,,,:
 ,,,,,,,,,,,,:,,,:
Money printing season is on for the Wise Advice community ",0,104,40,42,3387,,,,,,,:,,,:
2024:11:07T15:18:31.000Z,Yeahaboutthat3,True,False,"How Trump's Tariffs would work and how getting rid of the Income Tax would benefit you,,,,,,,,:,,,:
,,,,,,,,,,,,:,,,:
What would you do if your family kept an extra $15k : $30k annually?",2132451,39951,753,13985,17157,,,,,,,:,,,:
2024:11:07T11:15:37.000Z,wideawake_media,True,False,"Trump: ""One of the most urgent tasks... is to decisively defeat the climate hysteria hoax."",,,,,,,,:,,,:
,,,,,,,,,,,,:,,,:
""The radical left's fearmongering about climate and our future is... destroying America's economy, weakening our society, and eviscerating our middle class. It's really hurting us."",,,,,,,,,,:,,,:
,,,,,,,,,,,,:,,,:
""We",1824483,45036,1376,15400,4402,,,,,,,:,,,:
2024:11:11T12:10:56.000Z,DewsNewz,False,False,"Money Laundering 101,,,,,,,,:,,,:
Install Candidate,,,,,,,,,,,,:,,,:
Run donations through mules via ACT BLUE,,,,,,,,,,,,:,,,:
Pay staff exorbitant amounts ,,,,,,,,,,,,:,,,:
End the game the zero dollars and millions in debt,,,,,,,,,,,,:,,,:
Blame Trump",16710,265,15,94,23,,,,,,,:,,,:
2024:11:06T19:34:18.000Z,bruce_mcgonigal,True,False,"Video : Pierre Poilievre says it’s Dumb, Dumber & Dumbest for Justin Trudeau to impose a $0.61 a litre carbon tax on Canadians & asks why Trudeau wants to help Donald Trump create American jobs, with Canadian money.,,,,,,:,,,:
,,,,,,,,,,,,:,,,:
Trudeau prattles on about the NSICOP security clearance.",68256,1570,48,406,37,,,,,,,:,,,:
2024:11:10T23:14:58.000Z,CryptoHayes,True,False,"Some of y'all don't believe Trump is about to trash the $ and print money. $BTC disagrees. Here is #Bitcoin leading vs. my new money supply indicator US Bank Credit. The market is speaking, listen up.,,,,,,,:,,,:
,,,,,,,,,,,,:,,,:
More explanation in my essay ""Black or White"" that drops tom.",141696,2028,150,190,272,,,,,,,:,,,:
2024:11:11T16:07:34.000Z,Ian_Fraser,False,False,"The free market experiment failed. Wealth didn’t trickle down. Instead, workers laid off when factories closed were thrown on the scrapheap or found low:paid, insecure work, as inequalities widened. Larry Elliott on 28 years as Guardian economics editor.",4873,78,8,53,:,,,:
2024:11:07T15:32:26.000Z,eth_apple,True,False,"GMGM,,,,,,,,:,,,:
This is Apple Trump doing the APT dance.,,,,,,,,,,,,:,,,:
,,,,,,,,,,,,:,,,:
Since Trump’s election win, the Korean crypto market has seen some major shake:ups. Trading volume is back over the 100 trillion won mark, and we’re seeing a shift in market share as well.,,,,,,,,,,:,,,:
,,,,,,,,,,,,:,,,:
In November 2023, Upbit dominated with",8945,328,119,201,2,,,,,,:,,,:
2024:11:08T14:15:40.000Z,natbrunell,True,False,"This interview surpassed 300k views on YouTube in less than 24 hours. Many of you are requesting it in full here on X so here it is.,,,,,,,,:,,,:
,,,,,,,,,,,,:,,,:
Col. ,,,,,,,,,,,,:,,,:
@DougAMacgregor,,,,,,,,,,,,:,,,:
 weighs in on Trump vs. the deep state bureaucracy, the debt:loaded economy, Bitcoin, gold & threat of global war.,,,,,,,,,:,,,:
,,,,,,,,,,,,:,,,:
Timecodes:",134190,1365,68,368,552,,,,,,,:,,,:
2024:11:11T17:10:37.000Z,MelaniaTrumpo,True,False,"BREAKING: Trump attorney Alina Habba says that both of Trump’s trials should be THROWN OUT and that Trump should receive money for damages. ,,,,,,,,:,,,:
,,,,,,,,,,,,:,,,:
Do you agree with her?,,,,,,,,,,,,:,,,:
,,,,,,,,,,,,:,,,:
YES OR NO?",7846,876,227,155,5,,,,,,,:,,,:
2024:11:11T17:37:20.000Z,EmperorBTC,True,False,"100K is a small target and your Dump Bearish influencer doesn't understand this.,,,,,,,,:,,,:
,,,,,,,,,,,,:,,,:
Do you understand we avoided the most obvious recession, the most obvious housing default market, we have halving with us and Trump will do anything to keep us happy.",21356,596,33,40,16,,,,,:,,,:
2024:11:06T19:12:31.000Z,AndyOstroy,True,False,"Enjoy your Trump victory. But please come up with a better excuse for voting for him than this economy was a ‘disaster’,,,,,,,,:,,,:
,,,,,,,,,,,,:,,,:
*3% GDP, 2.4% inflation, 4.1% unemployment, gas under $3/gallon, record job growth, record stock market.",7218,355,25,102,23,,:,,,:
2024:11:11T09:05:38.000Z,BGatesIsaPyscho,True,False,"“I don’t want their money, I don’t need their money”,,,,,,,:,,,:
,,,,,,,,,,,,:,,,:
If you’re still wondering how Trump won, it’s because he not controlled, compromised or blackmailed by The Deep State.",35619,1971,78,491,108,,,,,:,,,:
2024:11:11T19:18:23.000Z,dlacalle_IA,True,False,"The Trump Trade Is In Full Swing.,,,,,,,,:,,,:
,,,,,,,,,,,,:,,,:
Inflation? Recession?,,,,,,,,,,,,:,,,:
,,,,,,,,,,,,:,,,:
Debunking some myths of the Trump economic plan.,,,,,,,,,,,,:,,,:
,,,,,,,,,,,,:,,,:
Watch ",5593,64,2,10,24,,,,,,,:,,,:
