timestamp username icon:verified fact:checked text views likes replies reposts bookmarks   :   :            :   :
2024:11:19T13:27:08.000Z,TrumpjrJohn,True,False,"As promised,,,,,,,,:,,,:
I want to change someone's life and send 100 $Sol (~$23,500) to one person by tomorrow. ,,,,,,,,,,,:,,,:
,,,,,,,,,,,,:,,,:
Just like, retweet and comment 'done'.,,,,,,,,,,,:,,,:
,,,,,,,,,,,,:,,,:
I DIDNT MISS $PNUT ,,,,,,,,,,,,:,,,:
I DIDNT MISS $BITCAT,,,,,,,,,,,,:,,,:
I DIDNT MISS $BARSIK",18518,301,268,218,7,,,,,,,:,,,:
2024:11:10T20:41:05.000Z,greg_price11,True,False,"Bosa and the Niners D just hit the Trump dance after a sack ,,,,,,,,:,,,:
,,,,,,,,,,,,:,,,:
The NFL can't fine him for that. ",1969164,38724,449,4858,1095,,,,,,,:,,,:
2024:11:12T17:21:17.000Z,kurtbardella,True,False,"First off, I’m not sure how the economy gets to where we want it to go if the first move is to deport everyone who does the hard labor (for menial wages). The Trump economy means the rich get richer and everyone else gets left behind.",39400,1004,72,358,30,,:,,,:
2024:11:12T00:45:45.000Z,William_E_Wolfe,True,False,"Trump commits to shutting down the Department of Education! ,,,,,,,,:,,,:
,,,,,,,,,,,,:,,,:
This, combined with his tax credits for homeschooling families, could revolutionize education in America.",25935,762,33,101,20,,,,,:,,,:
2024:11:17T15:52:01.000Z,RpsAgainstTrump,True,False,"This is what a Banana Republic looks like: an oligarch with an enormous economic stake controls the president and dictates policy. ,,,,,,,,:,,,:
,,,,,,,,,,,,:,,,:
Well done, everyone.",900607,16275,861,4169,768,,,,,,:,,,:
2024:11:12T15:22:05.000Z,DixiDarlen,True,False,"It seems these entertainers that took money from the Kamala campaign to twerk, sing, dole out endorsements, whatever, were actually paid advertisements—if they didn’t disclose that— they broke federal law.",12790,642,19,:,13,,:
2024:11:19T02:18:04.000Z,xMarketNews,True,False,"JUST IN DONALD TRUMP STATES SHORT SELLERS CAN GET HURT VERY BADLY DURING HIS SPEECH,,,,,,,,:,,,:
,,,,,,,,,,,,:,,,:
Can Donald Trump End Illegal Short Selling & Short Selling Manipulators",36507,1454,34,376,85,,,,,,,:,,,:
2024:11:17T18:57:31.000Z,_Crypto_Barbie,True,False,"WOW! ,,,,,,,,:,,,:
,,,,,,,,,,,,:,,,:
Brad Garlinghouse is confident that Ripple is about to unlock the U.S. market!  ,,,,,,,,,,,,:,,,:
,,,,,,,,,,,,:,,,:
I'm sure under the new Trump administration we will finally get full regulatory clarity that will unleash #XRP ",78656,1834,24,381,69,,,,,,,:,,,:
2024:11:10T20:06:21.000Z,DefiyantlyFree,True,False,"Clearly just having a lot of money to run is not enough to win. ,,,,,,,,:,,,:
,,,,,,,,,,,,:,,,:
Harris spent double what Trump spent and lost every single swing state.",12181,501,30,132,14,,,,,,,:,,,:
2024:11:18T21:08:16.000Z,itzjoshuajake,True,False,"Running out of Time  ,,,,,,,,:,,,:
,,,,,,,,,,,,:,,,:
Donald Trump to Appoint New Treasury Secretary and here is what it means for projects like $Ondo,,,,,,,,,,,,:,,,:
,,,,,,,,,,,,:,,,:
Price prediction ",25035,257,18,36,38,,,,,,,:,,,:
2024:11:14T01:14:12.000Z,jcokechukwu,True,False,"By the way, here’s Tulsi, Trump’s pick for DNI (Director of National Intelligence), exposing the Ukrainian bio labs and wandering why American money would go to shady, dirty ventures like bio labs in Ukraine and China and elsewhere, from where COVID and other designer diseases",15295,544,:,375,69,:
2024:11:17T23:36:29.000Z,AaronParnas,True,False,"President Biden is right: he is leaving Donald Trump with a booming economy and a country that has made it out of a pandemic. Thank you, President Biden.",1457095,29001,8001,5330,461,,:,,,:
2024:11:14T19:15:59.000Z,NMalliotakis,True,False, Everyone is looking to President Trump to save the day and ax the tax because Kathy Hochul ignores the will of New Yorkers.,9116,459,39,99,4,,,:,,,:
2024:11:15T20:59:12.000Z,renoomokri,True,False,How We Will Keep Making Money In The Trump Era,24629,283,19,57,57,,,:,,,:
2024:11:17T22:00:07.000Z,RBReich,False,False,"In his first term, Trump oversaw huge increases in Pentagon spending that enriched defense contractors and drained money from public investments.,,,,,,,:,,,:
,,,,,,,,,,,,:,,,:
His appointment of war hawks like Marco Rubio and Mike Waltz will only further the military:industrial drain.",68784,1509,155,690,74,,,,,,,:,,,:
2024:11:15T22:32:05.000Z,TrumpBaroon,True,False,"Most of time Dad keeps telling me that he will do the best for USA in matters developments, economy growth and it’s Sustainability.,,,,,,,:,,,:
,,,,,,,,,,,,:,,,:
Pray for Him, because he loves United States of America so much",100840,8368,542,996,38,,,,,,:,,,:
2024:11:12T14:09:19.000Z,4TaxFairness,False,False,"The cost of eggs is higher because Kroger, Costco, Albertsons, Target, and Walmart raised prices.,,,,:,,,:
,,,,,,,,,,,,:,,,:
These five corporations have reported over $29 billion in profits.,,,,,,,,,,,,:,,,:
,,,,,,,,,,,,:,,,:
Trump wants to give them a $1.7 billion yearly tax break.,,,,,,,,,,,,:,,,:
,,,,,,,,,,,,:,,,:
Yes, really.",351375,17584,773,6880,700,,,,,,:,,,:
2024:11:11T17:57:39.000Z,ElijahSchaffer,True,False,"The dominance of Visa and Mastercard in the credit card market has resulted in Americans facing overwhelming debt due to excessively high interest rates exceeding 25%.,,,,,,,,:,,,:
,,,,,,,,,,,,:,,,:
President Trump is advocating for a policy to limit credit card interest rates to no more than 10%.,,,,,,,,,,,,:,,,:
,,,,,,,,,,,,:,,,:
Senator JD",26256,523,44,81,22,,,,,,,:,,,:
2024:11:11T14:20:40.000Z,MAGA__Patriot,True,False,We must NEVER FORGET the high price paid for the freedom we enjoy. Thank you Veterans! ,14327,797,35,418,14,,,:,,,:
2024:11:11T00:52:26.000Z,TaraSetmayer,True,False,"I had a few things to say on ,,,,,,,,:,,,:
@NewsCentralCNN,,,,,,,,,,,,:,,,:
 ,,,,,,,,,,,,:,,,:
about the people who voted for Trump owning all of the ilk that goes along with that. ,,,,,,,,,,,,:,,,:
You don’t get to just complain about the price of eggs and ignore the anti:democratic, racism & sexism MAGA represents.",534164,7455,1284,1868,529,,,,,,:,,,:
