timestamp username icon:verified fact:checked text views likes replies reposts bookmarks   :   :            :   :
2024:11:10T18:59:56.000Z,Jeremyybtc,True,False,"doge will be the biggest runner of this bull run,,,,,,,,:,,,:
,,,,,,,,,,,,:,,,:
elon musk publicly comes out as the co founder of dogecoin,,,,,,,,,,,,:,,,:
,,,,,,,,,,,,:,,,:
trump and elon both mentioned integrating dogecoin as a big part of america's economy,,,,,,,,,,,,:,,,:
,,,,,,,,,,,,:,,,:
1 $doge = $1",107422,727,92,129,29,,,,,,,:,,,:
2024:11:12T18:14:40.000Z,RolandForTexas,True,False,"Donald Trump’s border czar is ready to start mass deportations from day one, throwing our economy into chaos and ripping families apart.",4141,142,30,74,5,,:,,,:
2024:11:07T23:18:58.000Z,Cointelegraph,True,False," TRUMP: ""Soon [#Bitcoin] will be surpassing the entire market cap of silver and one day it probably will overtake gold.""",51159,1245,45,248,72,,,:,,,:
2024:11:11T20:53:13.000Z,treasonstickers,False,False,"Trump is dismantling the department of education for 4 reasons:,,,,,,,,:,,,:
,,,,,,,,,,,,:,,,:
1. Uneducated people vote for republicans,,,,,,,,,,,,:,,,:
,,,,,,,,,,,,:,,,:
2. To allow red states to white wash history,,,,,,,,,,,,:,,,:
,,,,,,,,,,,,:,,,:
3. To funnel tax dollars into private for:profit Christian schools that promote the patriarchy,,,,,,,,,,,,:,,,:
,,,,,,,,,,,,:,,,:
4. Project 2025 said to do it",1151249,49147,4577,10687,2105,,,,,,,:,,,:
2024:11:12T15:58:44.000Z,SenatorLankford,True,False,"Next year, the Trump tax cuts are set to expire, and we must take action. Otherwise, Americans—including Oklahomans—could face tax hikes. We need to get to work to keep taxes low and support hardworking families.",21228,463,432,73,:,,,:
2024:11:07T14:38:50.000Z,Bubblebathgirl,True,False,"Woman refuses to accept the US election results because “something isn’t adding up here” and says you are “evil, bigoted, and disgusting” if you voted for Trump.,,,,,,:,,,:
,,,,,,,,,,,,:,,,:
Of course, she’s not considering the basic fact that people just wanted a secure border and a strong economy again.",40609,1724,1253,510,77,,,,,,:,,,:
2024:11:11T14:11:03.000Z,DC_Draino,True,False,"The Visa/MC credit card monopoly has put Americans into excessive debt with usurious interest rates at 25%+,,,,,,,,:,,,:
,,,,,,,,,,,,:,,,:
President Trump wants a 10% cap on all credit card interest rates,,,,,,,,,,,,:,,,:
,,,,,,,,,,,,:,,,:
JD Vance co:sponsored the Credit Card Competition act which fights the 2:4% hidden tax you pay every",5426950,87863,2012,20793,5476,,,,,,,:,,,:
2024:11:12T23:27:21.000Z,tsarnick,True,False,"Ben Horowitz and Marc Andreessen say the election of Donald Trump led to the stock market having its 5th biggest day ever and is ""a boot off the throat"" of startups and founders in tech and crypto who are now free to build products in those spaces",4085,76,5,7,7,,,:,,,:
2024:11:07T02:41:46.000Z,Damondyor,False,False,"Since Donald Trump is the 47th president, I will be giving away $47,000 to someone that engages. ,,,,,,:,,,:
,,,,,,,,,,,,:,,,:
I have no reason to lie, we all just made so much money yesterday. TRY ME.",187748,4014,1610,1086,80,,,,,,:,,,:
2024:11:11T17:29:14.000Z,cturnbull1968,True,False,"The reason Trump wants to eliminate the Department of Education, has nothing to do with improving education. Their $280B budget will help offset his corporate tax cuts. ,,,,,,,:,,,:
,,,,,,,,,,,,:,,,:
States will make up the difference via higher property and sales taxes, as well as education budget cuts.",78174,1311,150,637,171,,,,,,:,,,:
2024:11:12T15:29:50.000Z,MSNBC,True,False,BREAKING: Judge in Trump hush money case delays key ruling ahead of sentencing.,174441,883,490,353,115,,,:,,,:
2024:11:07T17:53:33.000Z,greg_price11,True,False,"Donald Trump has been the President:Elect for not even two days:,,,,,,,,:,,,:
,,,,,,,,,,,,:,,,:
: Steve Madden is halting manufacturing in China by half in a yr,,,,,,,,,,,,:,,,:
: Hamas calls for an end to the war in the Middle East,,,,,,,,,,,,:,,,:
: The Iran backed Houthis announced a ceasefire.,,,,,,,,,,,,:,,,:
: Putin said he’s ready to work toward peace",6826256,169083,3225,44330,18025,,,,,,,:,,,:
2024:11:07T20:54:19.000Z,RBReich,False,False,"Trump says there's ""no price tag"" for his mass deportation plan. He's wrong. Here's the cost.",250630,7969,1030,3840,932,,,:,,,:
2024:11:09T19:55:38.000Z,TheTNHoller,True,False,"WATCH: ,,,,,,,,:,,,:
@Matthewcanwrite,,,,,,,,,,,,:,,,:
 on the OPEC 2020 deal by TRUMP— Russia & Saudi Arabia cut oil for 2 years, spiking oil prices and the cost of EVERYTHING (aka “INFLATION”) enriching Saudi Aramco,,,,,,,,,,,:,,,:
,,,,,,,,,,,,:,,,:
Trump’s son:in:law Kushner then got $2 BILLION from the Saudis. (Hunter hunters don’t care)",139957,3785,71,2309,1090,,,,,,,:,,,:
2024:11:10T02:18:00.000Z,Bubblebathgirl,True,False,"Kamala Harris supporter at Women’s March in DC says Kamala lost because of sexism and racism.,,,,,,,,:,,,:
,,,,,,,,,,,,:,,,:
Completely ignores that Kamala cancels women by saying men can be them.,,,,,,,,,,,,:,,,:
,,,,,,,,,,,,:,,,:
Also ignores the border and economic issues that people voted for Trump to address.",13263,470,93,118,11,,,,,,,:,,,:
2024:11:06T10:48:34.000Z,Fidias0,True,False,What Trump's Victory Means For European Economy,87714,1889,179,237,394,,,:,,,:
2024:11:11T14:53:35.000Z,proxcee,True,False,"Liberals: ""Where is Donald Trump going to get the money to deport all illegal aliens?"",,,,,,,,:,,,:
,,,,,,,,,,,,:,,,:
A:  Let's start with the monthly balances on the debit cards that Democrats gave them when they crossed the border illegally. ",13798,1212,73,311,10,,,,,,,:,,,:
2024:11:08T13:39:23.000Z,weeklyshowpod,True,False,"“You can get people to vote away their democracy… as long as you create a false world for them to believe in.” : ,,,,,,,,:,,,:
@HC_Richardson,,,,,,,,,,,,:,,,:
 on how fear and disinformation helped shape this election. #TheWeeklyShow #JonStewart #Trump #Economy",1147971,9203,1138,3396,1787,,,,,,,:,,,:
2024:11:11T23:42:22.000Z,TrumpDailyPosts,True,False,"Day 1,  Use Impoundment to Cut Waste, Stop Inflation, and Crush the Deep State",129489,3542,124,1099,:,,,:
2024:11:12T15:19:24.000Z,Loveof1776,True,False,"Trump has only been President Elect for 72 hours, and just the anticipation of his administration, has resulted in positive changes here and geopolitically. The stock markets had record highs. The migrant caravan heading toward our border has now dwindled by half. Hamas wants an",5684,221,16,127,6,:,,,:
2024:11:12T16:24:38.000Z,amitisinvesting,True,False,"$HOOD ROBINHOOD CEO VLAD TENEV TODAY ON:,,,,,,,,:,,,:
,,,,,,,,,,,,:,,,:
: Market momentum post Trump,,,,,,,,,,,,:,,,:
: $BTC Bitcoin strength ,,,,,,,,,,,,:,,,:
: 500M+ election contracts traded on the platform during the election",38698,337,17,35,48,,,,,,,:,,,:
