timestamp username icon:verified fact:checked text views likes replies reposts bookmarks   :   :            :   :
2024:11:10T18:59:56.000Z,Jeremyybtc,True,False,"doge will be the biggest runner of this bull run,,,,,,,,:,,,:
,,,,,,,,,,,,:,,,:
elon musk publicly comes out as the co founder of dogecoin,,,,,,,,,,,,:,,,:
,,,,,,,,,,,,:,,,:
trump and elon both mentioned integrating dogecoin as a big part of america's economy,,,,,,,,,,,,:,,,:
,,,,,,,,,,,,:,,,:
1 $doge = $1",151466,860,96,156,42,,,,,,,:,,,:
2024:11:07T20:20:36.000Z,YALiberty,True,False,"Fed Chairman Jerome Powell says he'll refuse to leave if Donald Trump asks for his resignation.,,,,,,,,:,,,:
,,,,,,,,,,,,:,,,:
Here's something many don't know: The Fed is not actually part of the government. Unelected bureaucrats control your money and cause inflation.,,,,,,,,,,,,:,,,:
,,,,,,,,,,,,:,,,:
There's only one solution: END THE FED",325337,1224,168,422,106,,,,,,,:,,,:
2024:11:12T14:09:19.000Z,4TaxFairness,False,False,"The cost of eggs is higher because Kroger, Costco, Albertsons, Target, and Walmart raised prices.,,,,:,,,:
,,,,,,,,,,,,:,,,:
These five corporations have reported over $29 billion in profits.,,,,,,,,,,,,:,,,:
,,,,,,,,,,,,:,,,:
Trump wants to give them a $1.7 billion yearly tax break.,,,,,,,,,,,,:,,,:
,,,,,,,,,,,,:,,,:
Yes, really.",347666,18145,772,6902,712,,,,,,:,,,:
2024:11:15T03:30:01.000Z,RealAmVoice,True,False,"AMERICA WILL HAVE ECONOMIC SUCCESS UNDER DONALD TRUMP,,,,,,,,:,,,:
@KHerriage,,,,,,,,,,,,:,,,:
, from Vertical Research Advisory, joins ,,,,,,,,,,:,,,:
@RealWayneRoot,,,,,,,,,,,,:,,,:
 to discuss how ,,,,,,,,,,,,:,,,:
@realDonaldTrump,,,,,,,,,,,,:,,,:
  will successfully impact the economy and the market.",6134,85,3,25,6,,,,,,,:,,,:
2024:11:11T14:20:40.000Z,MAGA__Patriot,True,False,We must NEVER FORGET the high price paid for the freedom we enjoy. Thank you Veterans! ,14202,795,34,417,14,,,:,,,:
2024:11:14T18:22:22.000Z,bitcoinlfgo,True,False,"BIG BREAKING  ,,,,,,,,:,,,:
,,,,,,,,,,,,:,,,:
PRO : #BITCOIN President Trump is considering 0% capital gains tax on #Bitcoin and cryptocurrency! ",144646,5566,187,973,93,,,,,,,:,,,:
2024:11:13T13:30:00.000Z,profstonge,True,False,"Can Trump fire Jerome Powell?,,,,,,,,:,,,:
,,,,,,,,,,,,:,,,:
Powell says no — the Fed can ignore Trump just like it ignores Congress.,,,,,,,,,,,,:,,,:
,,,,,,,,,,,,:,,,:
If our economic overlords really are independent of voters, we are living under occupation.",222256,3616,188,1122,287,,,,,,:,,,:
2024:11:11T18:15:12.000Z,KristiNoem,True,False,"The American people know how to spend their own money. By eliminating government waste and focusing federal spending on the core functions of government, President Trump will deal with the debt and unleash economic growth. That’s what we did in South Dakota!",149707,3299,237,540,64,,:,,,:
2024:11:10T20:41:05.000Z,greg_price11,True,False,"Bosa and the Niners D just hit the Trump dance after a sack ,,,,,,,,:,,,:
,,,,,,,,,,,,:,,,:
The NFL can't fine him for that. ",1948495,38462,441,4784,1088,,,,,,,:,,,:
2024:11:12T15:37:09.000Z,Bubblebathgirl,True,False,"Even if the hush money case against Trump gets dismissed, that doesn’t mean the lawfare against him is forgotten.,,,,,,,:,,,:
,,,,,,,,,,,,:,,,:
Our government, DAs, and judges abused our judicial system in order to interfere in the 2024 presidential election.,,,,,,,,,,:,,,:
,,,,,,,,,,,,:,,,:
They need to face legal consequences.",16361,1850,53,717,14,,,,,,,:,,,:
2024:11:14T11:05:45.000Z,cherrytgbot,True,False,"Bitcoin has reached a new all:time high of $93,000, sparked by market enthusiasm following Donald Trump’s re:election. Ethereum 3.0 is also making waves, with rumors of its development stirring optimism about greater scalability and efficiency for the network. ,,,,,:,,,:
,,,,,,,,,,,,:,,,:
Meanwhile, FTX",9313,963,287,340,73,,,,,,:,,,:
2024:11:14T18:00:00.000Z,DavidJHarrisJr,True,False,"This will BLOW YOUR MIND on what your tax dollars have been going to under the Biden/Harris administration. ,,,,,,,,:,,,:
,,,,,,,,,,,,:,,,:
This all changes on January 20th, 2025! Trump, Elon, and Vivek are ON IT!",11679,342,10,119,25,,,,:,,,:
2024:11:14T16:02:22.000Z,BullNakedCrypto,True,False,"Want to know how I know the market,,,,,,,,:,,,:
 is controlled and manipulated ,,,,,,,,,,,,:,,,:
,,,,,,,,,,,,:,,,:
1) $ADA CEO talking about how we wants to work on policy with trump, pumps 100%. No real confirmation.,,,,,,,,,,,:,,,:
,,,,,,,,,,,,:,,,:
2) $TRUMP team literally saying theyre using ,,,,,,,,,,,,:,,,:
@chainlink,,,,,,,,,,,,:,,,:
 ,,,,,,,,,,,,:,,,:
market dumps.,,,,,,,,,,,,:,,,:
,,,,,,,,,,,,:,,,:
Maybe I am full delulu, ,,,,,,,,,,,:,,,:
but I",42660,668,87,66,41,,,,,,,:,,,:
2024:11:09T22:15:00.000Z,abcnews,True,False,"WATCH: Donald Trump returns to the White House on a wave of cost:of:living anger. In Australia, both sides of politics are preparing for a similar contest over inflation at next year's election. #auspol #ABCInsiders",32036,93,119,30,2,,:,,,:
2024:11:14T01:14:12.000Z,jcokechukwu,True,False,"By the way, here’s Tulsi, Trump’s pick for DNI (Director of National Intelligence), exposing the Ukrainian bio labs and wandering why American money would go to shady, dirty ventures like bio labs in Ukraine and China and elsewhere, from where COVID and other designer diseases",13454,483,:,328,65,:
2024:11:13T22:26:34.000Z,DefiyantlyFree,True,False,". ,,,,,,,,:,,,:
@BillAckman,,,,,,,,,,,,:,,,:
 discusses the potential economic boom due to a second Trump term and how even investors who didn’t vote for Trump are excited.",1292636,9192,301,1693,547,,,,,,,:,,,:
2024:08:25T17:53:38.000Z,BetterOff2024,True,False,"A reminder that Trump's only stated specific economic policy:,,,,,,,,:,,,:
,,,,,,,,,,,,:,,,:
Tariffs of 10:60% on *all* US imports that will fuel inflation across the board as consumers will naturally pay the difference for goods.,,,,,,,,,,,,:,,,:
,,,,,,,,,,,,:,,,:
Basically a #TrumpTax on all Americans.",34376,664,65,390,17,,,,,,,:,,,:
2024:11:07T15:18:31.000Z,Yeahaboutthat3,True,False,"How Trump's Tariffs would work and how getting rid of the Income Tax would benefit you,,,,,,,,:,,,:
,,,,,,,,,,,,:,,,:
What would you do if your family kept an extra $15k : $30k annually?",2147799,39929,756,13972,17079,,,,,,,:,,,:
2024:11:13T23:01:05.000Z,RBReich,False,False,"Wondering why food prices are still high?  Little:to:no competition across the entire food supply chain allows for a price gouging free:for:all.,,,,,,,,:,,,:
,,,,,,,,,,,,:,,,:
Corporate monopolies get rich, and we pay the tab.,,,,,,,,,,,:,,,:
,,,,,,,,,,,,:,,,:
Does Trump have a plan to combat this? Of course not.,,,,,,,,,,,,:,,,:
,,,,,,,,,,,,:,,,:
Keep the receipts.",115835,5230,653,2620,525,,,,,,,:,,,:
2024:11:11T02:34:15.000Z,tommysantos14,True,False," Baselined: The Biden Economy,,,,,,,,:,,,:
We are taking a snapshot of Joe Biden's economy before he leaves office so we have a point of comparison when Donald Trump begins to take credit for it, like he did the economy he inherited form Barack Obama.",2475275,29249,2772,8089,8970,,,,,,:,,,:
