timestamp username icon:verified fact:checked text views likes replies reposts bookmarks   :   :            :   :
2024:11:10T18:59:56.000Z,Jeremyybtc,True,False,"doge will be the biggest runner of this bull run,,,,,,,,:,,,:
,,,,,,,,,,,,:,,,:
elon musk publicly comes out as the co founder of dogecoin,,,,,,,,,,,,:,,,:
,,,,,,,,,,,,:,,,:
trump and elon both mentioned integrating dogecoin as a big part of america's economy,,,,,,,,,,,,:,,,:
,,,,,,,,,,,,:,,,:
1 $doge = $1",111417,745,92,132,29,,,,,,,:,,,:
2024:11:10T20:01:28.000Z,JohnBasham,True,False,"FACT: EVERY CELEBRITY (Including Oprah) OR LEFT:WING PODCASTER Who Took Money From The ,,,,,,,,:,,,:
@KamalaHarris,,,,,,,,,,,,:,,,:
 Campaign AND DID NOT DISCLOSE THEY WERE A PAID POLITICAL ADVERTISEMENT, BROKE FEDERAL LAW!,,,,,,,,,,,:,,,:
Get A Lawyer Now!,,,,,,,,,,,,:,,,:
The Law Applies To Both Parties & A Trump DOJ MUST Investigate.",3133309,102920,1006,31867,5694,,,,,,,:,,,:
2024:11:12T06:13:54.000Z,RajaBanks,True,False,"I have said it once, and I will say it again, Trump is the best thing to happen to the markets.,,,,,,:,,,:
,,,,,,,,,,,,:,,,:
Be prepared for the best market conditions for the next few years. I have done more in this month alone than what I did in the last 3 months combined !",33916,707,51,42,39,,,,,,,:,,,:
2024:11:08T02:11:40.000Z,BehizyTweets,True,False,"Charlie Kirk is calling for a Trump DOJ investigation into ActBlue for their illegal donation scheme, which involves using the names of elderly people to launder foreign money into Democrat campaigns.,,,,,,,:,,,:
,,,,,,,,,,,,:,,,:
Election Watch has uncovered $100s of millions in laundered cash, not just in",871070,51892,483,15303,1407,,,,,,:,,,:
2024:11:12T12:33:59.000Z,grantstern,True,False,"Trump wants to spend $88 billion deporting people and whole families, but this election is about economic anxiety.,,,,,,,:,,,:
,,,,,,,,,,,,:,,,:
Got it.",34147,2206,146,819,46,,,,,,,:,,,:
2024:11:07T23:22:11.000Z,kbyrd2_,False,False,Trump got all the credit for Obama’s economy. Just for America to turn around & blame Biden for Trump’s economy.,8246429,240058,3718,28460,7387,,,:,,,:
2024:11:06T04:29:42.000Z,charliekirk11,True,False,"Nicolle Wallace's brain simply cannot comprehend how young men think that the economy would be better under Donald Trump:,,,,,,,,:,,,:
,,,,,,,,,,,,:,,,:
""It never was."",,,,,,,,,,,,:,,,:
,,,,,,,,,,,,:,,,:
These people are liars to the bitter end.",2184758,35122,1435,3854,1208,,,,,,,:,,,:
2024:11:07T20:54:19.000Z,RBReich,False,False,"Trump says there's ""no price tag"" for his mass deportation plan. He's wrong. Here's the cost.",250769,7960,1030,3840,932,,,:,,,:
2024:11:07T15:18:31.000Z,Yeahaboutthat3,True,False,"How Trump's Tariffs would work and how getting rid of the Income Tax would benefit you,,,,,,,,:,,,:
,,,,,,,,,,,,:,,,:
What would you do if your family kept an extra $15k : $30k annually?",2141649,39953,756,13978,17119,,,,,,,:,,,:
2024:11:12T18:14:40.000Z,RolandForTexas,True,False,"Donald Trump’s border czar is ready to start mass deportations from day one, throwing our economy into chaos and ripping families apart.",4838,163,31,86,6,,:,,,:
2024:11:12T17:21:17.000Z,kurtbardella,True,False,"First off, I’m not sure how the economy gets to where we want it to go if the first move is to deport everyone who does the hard labor (for menial wages). The Trump economy means the rich get richer and everyone else gets left behind.",31047,873,59,292,23,,:,,,:
2024:11:09T03:00:24.000Z,FinanceLancelot,True,False,"Anyone who says ""Tariffs are inflationary"" should look back at history. Tariffs have always been deflationary because they slow economic growth.,,,,,,,,:,,,:
,,,,,,,,,,,,:,,,:
Like 2016, Trump is using Tariffs as a weapon for concessions on exports, which is inherently deflationary by stimulating the economy.",65361,920,59,160,294,,,,,:,,,:
2024:11:12T14:09:19.000Z,4TaxFairness,False,False,"The cost of eggs is higher because Kroger, Costco, Albertsons, Target, and Walmart raised prices.,,,,:,,,:
,,,,,,,,,,,,:,,,:
These five corporations have reported over $29 billion in profits.,,,,,,,,,,,,:,,,:
,,,,,,,,,,,,:,,,:
Trump wants to give them a $1.7 billion yearly tax break.,,,,,,,,,,,,:,,,:
,,,,,,,,,,,,:,,,:
Yes, really.",226157,12584,481,4832,466,,,,,,:,,,:
2024:11:07T20:10:57.000Z,DiligentDenizen,True,False," BREAKING: FED CHAIRMAN JEROME POWELL SAYS HE WILL REFUSE TO STEP DOWN IF TRUMP REQUESTS IT,,,,,,,,:,,,:
,,,,,,,,,,,,:,,,:
This man has done irreparable harm to our economy. ,,,,,,,,,,,,:,,,:
,,,,,,,,,,,,:,,,:
I'm sure Trump will figure out what to do with his A$$.",38872,614,142,272,32,,,,,,,:,,,:
2024:11:07T18:30:02.000Z,MaxFlugrath,True,False,Trump won with voters in income brackets that will see the largest tax increases under his plan.,139771,3768,143,1227,361,,,:,,,:
2024:11:12T15:22:05.000Z,DixiDarlen,True,False,"It seems these entertainers that took money from the Kamala campaign to twerk, sing, dole out endorsements, whatever, were actually paid advertisements—if they didn’t disclose that— they broke federal law.",10840,598,17,:,11,,:
2024:11:11T23:42:22.000Z,TrumpDailyPosts,True,False,"Day 1,  Use Impoundment to Cut Waste, Stop Inflation, and Crush the Deep State",130689,3563,124,1107,:,,,:
2024:11:09T07:57:14.000Z,janetmachuka_,True,False,"10 YouTube Documentaries to Watch ,,,,,,,,:,,,:
,,,,,,,,,,,,:,,,:
1. The Deadly Consequences of Social Media  — ABC News In:depth ,,,,,,,,,,,,:,,,:
,,,,,,,,,,,,:,,,:
2. Tax Havens: The Heist of the Century— Investigations ,,,,,,,,,,,,:,,,:
,,,,,,,,,,,,:,,,:
3. The Billion:Dollar Gold Mining Scam that Fooled the World — Wonder,,,,,,,,,,,,:,,,:
,,,,,,,,,,,,:,,,:
4. Operation Trump: Russian Spies Conquer America",41913,635,12,347,859,,,,,,,:,,,:
2024:11:13T03:09:41.000Z,MorningBrew,True,False,"Elon Musk since last Tuesday:,,,,,,,,:,,,:
,,,,,,,,,,,,:,,,:
• Net worth grew by $70 billion,,,,,,,,,,,,:,,,:
• Tesla market cap climbed above $1 trillion,,,,,,,,,,,,:,,,:
• Tapped to lead Trump's Gov't Efficiency Department ,,,,,,,,,,,,:,,,:
,,,,,,,,,,,,:,,,:
Pretty decent week.",13514,146,11,11,4,,,,,,,:,,,:
2024:11:11T23:17:13.000Z,mjfree,True,False,"Trump's 10 point plan for education:,,,,,,,,:,,,:
,,,,,,,,,,,,:,,,:
: eliminate the Dept. of Education,,,,,,,,,,,,:,,,:
: cut federal funding,,,,,,,,,,,,:,,,:
: promote Christian Nationalism,,,,,,,,,,,,:,,,:
: attack teacher's unions,,,,,,,,,,,,:,,,:
: give public money to for:profit private schools,,,,,,,,,,,,:,,,:
,,,,,,,,,,,,:,,,:
He warned us, and you voted for him anyway.",40780,741,119,308,56,,,,,,:,,,:
2024:11:06T15:22:41.000Z,MarinaPurkiss,True,False,"For every fool that thinks Trump will be good for the economy…,,,,,,,,:,,,:
,,,,,,,,,,,,:,,,:
You’re in for one hell of a shock.",5741553,110261,9784,24037,17629,,,,,,,:,,,:
