timestamp username icon:verified fact:checked text views likes replies reposts bookmarks   :   :            :   :
2024:11:02T08:10:54.000Z,mollie_don,True,False,"Trump's economic policies, including tariffs, tax cuts, and immigration control, aim to address inflation and stimulate economic growth. Supporters believe his straightforward approach could eliminate bureaucratic hurdles and stimulate immediate economic activity.,,,,:,,,:
,,,,,,,,,,,,:,,,:
If we want to",8885,270,14,208,3,,,,,,,:,,,:
2024:11:11T21:01:02.000Z,CNBCClosingBell,True,False,"#Tesla popping again today, with the stock seeing a more than 40% gain since the election. ,,,,,,,:,,,:
@DivesTech,,,,,,,,,,,,:,,,:
, who is raising his price target to $400 from $300, calls president:elect Trump's victory a ""game changer"" for Tesla:",401905,303,24,85,33,,,,,:,,,:
2024:11:12T15:26:44.000Z,CollinRugg,True,False,"JUST IN: Judge Juan Merchan delays ruling on whether or not to dismiss Donald Trump’s guilty verdict in the hush money case.,,,,,,,,:,,,:
,,,,,,,,,,,,:,,,:
The decision was supposed to be made today however it will be delayed until November 19.,,,,,,,,,,,,:,,,:
,,,,,,,,,,,,:,,,:
The freeze will allow prosecutors to respond to Trump’s demand",380976,3079,348,693,111,,,,,,,:,,,:
2024:11:19T22:09:57.000Z,SteveScalise,True,False," House Republicans are already working with President Trump on a plan to hit the ground running:,,,,,,,,:,,,:
,,,,,,,,,,,,:,,,:
: Lock in the Trump Tax Cuts to prevent the largest tax hike in American history,,,,,,,,,,,,:,,,:
: Unleash American energy to drive down inflation and costs for families,,,,,,,,,,,,:,,,:
: Surge resources to fund",12386,448,53,98,5,,,,,,,:,,,:
2024:11:16T18:17:52.000Z,BreitbartNews,True,False,Trump tells the story of a woman who had to return one of the apples she was attempting to buy at a grocery store when she realized how expensive they were in the Biden:Harris economy.,45363,532,40,76,8,,,:,,,:
2024:11:15T12:34:37.000Z,LanceRoberts,True,False,"#President #Trump is walking into an #economy and #market that has a vastly different setup than when elected in 2016. ,,,,,,,,:,,,:
@thedailyshot",32226,321,21,86,126,,,,,,,:,,,:
2024:11:12T18:14:40.000Z,RolandForTexas,True,False,"Donald Trump’s border czar is ready to start mass deportations from day one, throwing our economy into chaos and ripping families apart.",17825,205,549,135,12,,:,,,:
2024:11:20T02:07:15.000Z,TiffanyFong_,True,False,There’s a Cybertruck in Donald Trump’s motorcade. No amount of money could produce a car ad cooler than this. ,49172,1938,156,163,58,,,:,,,:
2024:11:13T05:28:54.000Z,amerix,True,False,"President Trump has picked Elon Musk and Vivek Ramaswamy to lead The Department of Government Efficiency (DOGE),,,,,,,,:,,,:
,,,,,,,,,,,,:,,,:
This department is tasked with ending wastage of taxpayers' money and draining the swamp.,,,,,,,,,,,,:,,,:
,,,,,,,,,,,,:,,,:
America has Vivek, Kenya has David Ndii.,,,,,,,,,,,:,,,:
,,,,,,,,,,,,:,,,:
Kenya is led by fools.",345852,6688,322,2133,224,,,,,,,:,,,:
2024:11:19T02:18:04.000Z,xMarketNews,True,False,"JUST IN DONALD TRUMP STATES SHORT SELLERS CAN GET HURT VERY BADLY DURING HIS SPEECH,,,,,,,,:,,,:
,,,,,,,,,,,,:,,,:
Can Donald Trump End Illegal Short Selling & Short Selling Manipulators",61505,1884,41,461,109,,,,,,,:,,,:
2024:11:18T17:03:13.000Z,tooronlists,False,False,"If you think inflation is bad now, wait until Trump declares National Emergency & deports immigrants who pick & process your food, the people who build your houses, & add in 20% to 200% tariffs passed on to consumers. America is dumb and hateful af.",338790,6491,2021,2122,:,,,:
2024:11:19T14:00:05.000Z,abc7newsbayarea,True,False,"While nothing has changed yet, Trump's tariff proposals are worrying many Bay Area business owners who rely on imported goods.. http://abc7ne.ws/48Ufa1Z",541468,701,26,654,133,,:,,,:
2024:11:20T17:38:01.000Z,TimmerFidelity,True,False,"The stock market in 2024 has rallied strongly on a combination of growing earnings and expanding P/E:multiples. ,,,,,,,,:,,,:
,,,,,,,,,,,,:,,,:
The same thing happened in 2017, which was the first calendar year of Trump 45. ,,,,,,,,,,,:,,,:
,,,,,,,,,,,,:,,,:
Then in 2018 earnings continued to grow but valuations started to compress (as is",6762,65,6,14,22,,,,,,,:,,,:
2024:11:15T20:20:58.000Z,nypost,True,False,"Trump eyeing Fox Business host Larry Kudlow for Treasury, National Economic Council https://trib.al/PbP7rJX",37297,691,50,87,12,,:,,,:
2024:11:14T01:14:12.000Z,jcokechukwu,True,False,"By the way, here’s Tulsi, Trump’s pick for DNI (Director of National Intelligence), exposing the Ukrainian bio labs and wandering why American money would go to shady, dirty ventures like bio labs in Ukraine and China and elsewhere, from where COVID and other designer diseases",15392,546,:,376,69,:
2024:11:13T20:59:12.000Z,NMalliotakis,True,False,"Trump is already slashing prices! ,,,,,,,,:,,,:
@GovKathyHochul,,,,,,,,,,,,:,,,:
 is cutting her congestion tax from $15 to $9, but we won’t stop fighting until it’s gone! If she insists, every federal dollar to ,,,,,,,,,,:,,,:
@MTA,,,,,,,,,,,,:,,,:
 will be scrutinized & we’ll demand answers for its gross mismanagement!",13779,669,90,175,7,,,,,,,:,,,:
2024:11:15T01:11:20.000Z,RealAmVoice,True,False,"""I'D LIKE TO SEE $2 GASOLINE, ZERO INFLATION, THE BORDER CLOSED, AND TO DEPORT ALL OF THE CRIMINALS AND THE TERRORISTS!"" ,,,,,:,,,:
@larry_kudlow,,,,,,,,,,,,:,,,:
 is only asking for a few things of the Trump Administration as they take back the White House in 2025. ,,,,,,,,,,,,:,,,:
@A1Policy",22864,809,6,206,33,,,,,,,:,,,:
2024:11:20T17:07:50.000Z,ImMeme0,True,False,Liberal Looney urges other retarded individuals to not support “Trump’s economy” for the next four years.,17485,294,257,51,15,,,:,,,:
2024:11:19T16:31:00.000Z,wesbury,True,False,"The Trump Tax Cut did not boost deficits.  Spending did that.  Extending TCJA will not increase the deficit.  We need an economics team that pushes dynamic scoring, not Keynesian static scoring.  See chart below: Tell me where TCJA actually hurt revenues?",11398,309,24,86,36,,:,,,:
2024:11:19T18:28:22.000Z,ABC,True,False,"NEW: Prosecutors with the Manhattan DA’s office said they would oppose President:elect Trump’s attempt to dismiss his criminal conviction in New York but told the judge they do not object to pausing the case.,,,,,,,,:,,,:
,,,,,,,,,,,,:,,,:
https://abcnews.go.com/US/manhattan:da:propose:steps:trumps:criminal:hush:money/story?id=115985430…",37581,67,25,24,4,,,,,,,:,,,:
