timestamp username icon:verified fact:checked text views likes replies reposts bookmarks   :   :            :   :
2024:11:10T18:59:56.000Z,Jeremyybtc,True,False,"doge will be the biggest runner of this bull run,,,,,,,,:,,,:
,,,,,,,,,,,,:,,,:
elon musk publicly comes out as the co founder of dogecoin,,,,,,,,,,,,:,,,:
,,,,,,,,,,,,:,,,:
trump and elon both mentioned integrating dogecoin as a big part of america's economy,,,,,,,,,,,,:,,,:
,,,,,,,,,,,,:,,,:
1 $doge = $1",152275,860,96,157,43,,,,,,,:,,,:
2024:11:09T22:08:54.000Z,DanCrenshawTX,True,False,"This video is for Bernie Bro ,,,,,,,,:,,,:
@cenkuygur,,,,,,,,,,,,:,,,:
. Perhaps it will help him begin his journey to economic literacy.,,,,,,,,,,,,:,,,:
,,,,,,,,,,,,:,,,:
During our debate on ,,,,,,,,,,,,:,,,:
@PiersUncensored,,,,,,,,,,,,:,,,:
, he had a near emotional breakdown about Trump’s corporate tax cuts, reciting the same old tired talking points about “helping your",65096,795,48,181,141,,,,,:,,,:
2024:11:10T23:46:08.000Z,DarrigoMelanie,True,False,"Trump's 10 point plan for education:,,,,,,,,:,,,:
,,,,,,,,,,,,:,,,:
: eliminate the Dept. of Education,,,,,,,,,,,,:,,,:
: cut federal funding,,,,,,,,,,,,:,,,:
: promote Christian Nationalism,,,,,,,,,,,,:,,,:
: attack teacher's unions,,,,,,,,,,,,:,,,:
: give public money to for:profit private schools,,,,,,,,,,,,:,,,:
,,,,,,,,,,,,:,,,:
He warned us, and you voted for him anyway.",14468655,111642,14944,22091,14851,,,,,,:,,,:
2024:11:09T01:48:40.000Z,KristiNoem,True,False,"President Trump is going to do BIG things when he takes office, and he wants people around him with big vision to accomplish those goals for the American people.,,,,,,,:,,,:
,,,,,,,,,,,,:,,,:
His tax plan will absolutely unleash American growth.",54115,3016,93,405,28,,,,,,,:,,,:
2024:11:13T13:30:00.000Z,profstonge,True,False,"Can Trump fire Jerome Powell?,,,,,,,,:,,,:
,,,,,,,,,,,,:,,,:
Powell says no — the Fed can ignore Trump just like it ignores Congress.,,,,,,,,,,,,:,,,:
,,,,,,,,,,,,:,,,:
If our economic overlords really are independent of voters, we are living under occupation.",223000,3626,188,1125,287,,,,,,:,,,:
2024:11:15T14:00:21.000Z,realTrumpNewsX,True,False,"Do you Agree with Trump, that Retired people should be completely tax Exempt, they have already paid their dues?,,,,,,:,,,:
,,,,,,,,,,,,:,,,:
A. YES,,,,,,,,,,,,:,,,:
B. NO",2206,217,110,28,2,,,,,,,:,,,:
2024:11:12T15:37:09.000Z,Bubblebathgirl,True,False,"Even if the hush money case against Trump gets dismissed, that doesn’t mean the lawfare against him is forgotten.,,,,,,,:,,,:
,,,,,,,,,,,,:,,,:
Our government, DAs, and judges abused our judicial system in order to interfere in the 2024 presidential election.,,,,,,,,,,:,,,:
,,,,,,,,,,,,:,,,:
They need to face legal consequences.",16366,1850,53,718,14,,,,,,,:,,,:
2024:11:15T12:42:51.000Z,Bubblebathgirl,True,False,"Adam Kinzinger goes on Jimmy Kimmel and says President Trump smells.,,,,,,,,:,,,:
,,,,,,,,,,,,:,,,:
This is an attack a child makes, so it’s no surprise it comes from Kinzinger.,,,,,,,,,,,:,,,:
,,,,,,,,,,,,:,,,:
Americans care about the border, economy, and peace.,,,,,,,,,,:,,,:
,,,,,,,,,,,,:,,,:
Trump is great with all three and that’s why he won.",12510,590,205,134,11,,,,,,,:,,,:
2024:11:12T08:55:00.000Z,Reuters,True,False,"Donald Trump said he will appoint Republican former Congressman Lee Zeldin, who often voted against legislation on green issues including a measure to stop oil companies from price gouging, to head the Environmental Protection Agency https://reut.rs/4fLy7Gp",32595,43,11,23,4,:,,,:
2024:11:15T13:38:33.000Z,xCryptoParadise,True,False," Good morning from paradise! Bitcoin above $90K, and we’re in the middle of a face:melting bull run!  Found a spicy new gem for you: $TRUMPE ,,,,,,,:,,,:
@trumpeonsolana,,,,,,,,,,,,:,,,:
 Trump + Matt Furie play on $SOL  High risk, high reward, sitting at around $50K market cap! DYOR, but this team",221,29,15,23,17,,,,:,,,:
2024:11:09T20:18:20.000Z,CalltoActivism,True,False,"BREAKING NEWS:,,,,,,,,:,,,:
,,,,,,,,,,,,:,,,:
Trump says he’ll sign an executive order instructing all Federal agencies to cease all programs that promote gender transition AT ANY AGE.,,,,,,,,,,,,:,,,:
,,,,,,,,,,,,:,,,:
Trump will also call on Congress to prohibit tax payer funding for sex affirming procedures.,,,,,,,,,,,,:,,,:
,,,,,,,,,,,,:,,,:
This will ruin people’s lives.",14594366,92478,15898,13236,10466,,,,,,,:,,,:
2024:11:11T23:15:47.000Z,realDailyWire,True,False,"""The time of concessions, the time of weakness is over. The time of the strength that President Trump brings back to the office has returned."",,,,,,,:,,,:
@BenShapiro,,,,,,,,,,,,:,,,:
 on what the Iranian economy could look like with President Trump back in office,,,,,,,,,,,,:,,,:
@FoxBusiness",255433,1453,34,137,49,,,,,,,:,,,:
2024:11:12T15:22:05.000Z,DixiDarlen,True,False,"It seems these entertainers that took money from the Kamala campaign to twerk, sing, dole out endorsements, whatever, were actually paid advertisements—if they didn’t disclose that— they broke federal law.",12235,639,18,:,13,,:
2024:11:11T14:20:40.000Z,MAGA__Patriot,True,False,We must NEVER FORGET the high price paid for the freedom we enjoy. Thank you Veterans! ,14206,796,34,417,14,,,:,,,:
2024:11:11T03:09:54.000Z,FoxNews,True,False,"FULL SPEED AHEAD: Tesla CEO Elon Musk endorsed Trump's bid to return to the White House and was a prominent financial backer of his campaign, which helped send Tesla’s market value above the $1 trillion mark after a rally on Friday. https://trib.al/q1hHGXb",128947,2408,125,287,22,,:,,,:
2024:11:14T16:02:22.000Z,BullNakedCrypto,True,False,"Want to know how I know the market,,,,,,,,:,,,:
 is controlled and manipulated ,,,,,,,,,,,,:,,,:
,,,,,,,,,,,,:,,,:
1) $ADA CEO talking about how we wants to work on policy with trump, pumps 100%. No real confirmation.,,,,,,,,,,,:,,,:
,,,,,,,,,,,,:,,,:
2) $TRUMP team literally saying theyre using ,,,,,,,,,,,,:,,,:
@chainlink,,,,,,,,,,,,:,,,:
 ,,,,,,,,,,,,:,,,:
market dumps.,,,,,,,,,,,,:,,,:
,,,,,,,,,,,,:,,,:
Maybe I am full delulu, ,,,,,,,,,,,:,,,:
but I",45080,692,87,68,45,,,,,,,:,,,:
2024:11:14T02:37:17.000Z,w_terrence,True,False,"KAMALAAAAAAAA CALL ME!!!!!!,,,,,,,,:,,,:
,,,,,,,,,,,,:,,,:
Send this to ,,,,,,,,,,,,:,,,:
@KamalaHarris,,,,,,,,,,,,:,,,:
 ,,,,,,,,,,,,:,,,:
,,,,,,,,,,,,:,,,:
You raised $1 BILLION and now you are negative $20 million dollars, you can’t pay people or the vendors BUT you were going to fix the Economy over night!,,,,,,,,,,,:,,,:
,,,,,,,,,,,,:,,,:
Trump offered to help so I have some coins I would like to give you",285353,6421,397,1519,227,,,,,,,:,,,:
2024:11:11T21:01:02.000Z,CNBCClosingBell,True,False,"#Tesla popping again today, with the stock seeing a more than 40% gain since the election. ,,,,,,,:,,,:
@DivesTech,,,,,,,,,,,,:,,,:
, who is raising his price target to $400 from $300, calls president:elect Trump's victory a ""game changer"" for Tesla:",400658,301,24,85,33,,,,,:,,,:
2024:11:10T03:53:30.000Z,TheTNHoller,True,False,"So Trump bragged about Russia and the Saudis cutting oil production for 2 years, prices spiked, Saudis print& give Trump’s wife’s husband $2 Billion — Biden gets blame for inflation. Some deal!,,,,,,:,,,:
,,,,,,,,,,,,:,,,:
More about this underdiscussed cause of inflation: https://x.com/thetnholler/status/1855338476713189751?s=46…",20189,559,15,289,42,,,,,,,:,,,:
2024:11:07T16:02:22.000Z,JYSexton,True,False,"Pay attention to the money.,,,,,,,,:,,,:
,,,,,,,,,,,,:,,,:
The billionaires either funneled millions into Trump's campaign or aggressively capitulated to help him. They've already made billions in the past few days.,,,,,,,,,,,,:,,,:
,,,,,,,,,,,,:,,,:
The stock market is pumping with corporations looking to cash in on authoritarianism.",15163,738,22,258,38,,,,,,,:,,,:
2024:11:14T23:21:06.000Z,Barchart,True,False,President Donald Trump proposes eliminating capital gains tax on U.S.:made cryptocurrencies ,52656,508,33,124,48,,,:,,,:
2024:11:13T14:39:35.000Z,Bubblebathgirl,True,False,"Chuck Schumer scolds Republicans and says, “Do not abandon the need for bipartisanship.”,,,,,,,:,,,:
,,,,,,,,,,,,:,,,:
Democrat policies under Joe Biden ruined our border and economy while escalating war.,,,,,,,,,,,,:,,,:
,,,,,,,,,,,,:,,,:
America voted for that to end.,,,,,,,,,,,,:,,,:
,,,,,,,,,,,,:,,,:
Dem lawmakers need to now follow Trump’s lead.",17483,1216,372,304,18,,,,,,,:,,,:
2024:11:14T21:45:44.000Z,JohnRuddick2,True,False,"Robert F Kennedy will be Trump’s Secretary of Health and Human Services.,,,,,,,,:,,,:
,,,,,,,,,,,,:,,,:
Stand tall all you who resisted the warp:speed COVID vax : a juggernaut of vindication is coming your way.,,,,,,,,,,,,:,,,:
,,,,,,,,,,,,:,,,:
In unrelated news, the Pfizer share price was sharply down in late trading ",43498,1889,101,328,43,,,,,,:,,,:
