timestamp username icon:verified fact:checked text views likes replies reposts bookmarks   :   :            :   :
2024:11:17T19:28:02.000Z,TrumpjrJohn,True,False,"I'm printing money with #Memecoins. ,,,,,,,,:,,,:
,,,,,,,,,,,,:,,,:
If you see this, like, retweet, and follow.,,,,,,,,,:,,,:
,,,,,,,,,,,,:,,,:
I might just change your life.",113397,657,253,354,24,,,,,,,:,,,:
2024:11:21T21:26:48.000Z,classicsgroyp,True,False,"Mass deportations mean appropriate the money, build the infrastructure, bring aboard the personnel, go door to door, detain these people, send them home, make sure their countries take them back. Trump doesn't have the will to do this. His donors and the GOP are against it",12107,:,13,72,:
2024:11:22T15:53:53.000Z,cnnbrk,True,False,Judge indefinitely postpones sentencing in Trump’s hush money trial as he reviews filings,31906,72,44,30,6,,,:,,,:
2024:11:21T23:00:55.000Z,GovofCO,True,False,"We are focused on saving people money and building on our amazing quality of life in the free state of Colorado.,,,,,,,,:,,,:
,,,,,,,,,,,,:,,,:
https://ow.ly/IlJh50UbWYm",36722,65,256,42,11,,,,,,,:,,,:
2024:11:14T12:30:00.000Z,TheRedactedInc,True,False," We’re on the brink of a revolution in the U.S., and Trump’s plan is MASSIVE in scale! From tariffs to tax cuts, we’re breaking down all the major points in today’s video. ",13013,510,9,174,58,:,,,:
2024:11:22T16:02:25.000Z,CBSNews,True,False,A New York judge postpones President:elect Donald Trump’s sentencing in his “hush money” case.,0,12,10,1,1526,,,:,,,:
2024:11:14T02:10:15.000Z,oroogle,True,False,"BREAKING: President Trump wants to eliminate all capital gains taxes on Cryptocurrencies issued by U.S. companies,,,,,,,,:,,,:
,,,,,,,,,,,,:,,,:
This would ultimately make all profits Americans make on holding crypto assets such as $ADA $ALGO $XRP and $HBAR fully tax free, as their creators are U.S.",4536099,28384,1107,6842,3777,,,,,,:,,,:
2024:11:19T17:08:30.000Z,ReallyAmerican1,True,False,"Republicans can hardly wait to cut services for the poor, like Medicaid and food stamps, in order to fund Trump's tax cuts for the rich.,,,,,,:,,,:
,,,,,,,,,,,,:,,,:
Many of MAGA need those services.,,,,,,,,,,,,:,,,:
This is what they voted for.",89204,2106,211,1146,96,,,,,,,:,,,:
2024:11:15T07:47:59.000Z,ProjectConstitu,True,False," Trump just delivered an incredible speech at the Mar:a:Lago Gala for the America First Policy Institute (AFPI)! ,,,,,,,,:,,,:
,,,,,,,,,,,,:,,,:
 Watch the full video to see his powerful message on putting America first, securing our borders, strengthening the economy, and the future of our nation. If",591490,1443,100,587,396,,,,:,,,:
2024:11:15T14:33:28.000Z,CollinRugg,True,False,"NEW: Border Czar Tom Homan says Trump will treat the cartels like ISIS, will “wipe them off the face of the Earth.”,,,,,,,:,,,:
,,,,,,,,,,,,:,,,:
“So it's gonna take the US special operations, US intelligence to track these guys down, follow the money…,,,,,,,,,,:,,,:
,,,,,,,,,,,,:,,,:
“And just the same thing President Trump did to ISIS",382634,10423,296,1853,313,,,,,,,:,,,:
2024:11:18T18:57:06.000Z,ClassicLearner,True,False,President Trump just tweeted that this was the most consequential election in the last 129 years… a reference to the 1896 election of President William McKinley. Here is why it matters. McKinley was America’s last champion of tariffs… Imposing a 50% tariff on nearly all,61953,2474,26,1071,979,,,:,,,:
2024:11:20T03:00:47.000Z,highbrow_nobrow,True,False,"Graham: You know the richest country in all of Europe for rare earth minerals is Ukraine? Trump will do a deal to get our money back, to enrich ourselves with rare earth minerals, a good deal for Ukraine and us. ,,,,,,:,,,:
@Acyn",48036,257,128,79,39,,,,,,,:,,,:
2024:11:14T16:08:10.000Z,StockMKTNewz,True,False,Wedbush analyst Dan Ives said today he sees Tesla $TSLA hitting the $2 trillion mark under the  Trump administration,50956,619,38,59,28,,,:,,,:
2024:11:19T21:52:00.000Z,tpvsean,True,False," WEF Insider: Elite Planning WW3 'Within Weeks' To Rebuild World From Nuclear Ashes,,,,,,,,:,,,:
,,,,,,,,,,,,:,,,:
The stakes have never been higher. The global elite : who know their days are numbered following Trump’s election win : are pushing us toward World War 3, all to protect their money laundering",141708,3111,170,2130,983,,,,,,:,,,:
2024:11:13T23:30:24.000Z,caroljsroth,True,False,"We need strong small business representation in the Trump administration. ,,,,,,,,:,,,:
,,,,,,,,,,,,:,,,:
Some top priorities,,,,,,,,,,,,:,,,:
:Rolling back + eliminating regulation, from CTA BOI to flexible work and more,,,,,,,,,,,:,,,:
:Making sure #smallbiz aren't hurt by tariff proposals,,,,,,,,,,,,:,,,:
:Addressing family biz estate/death tax issues,,,,,,,,,,,,:,,,:
,,,,,,,,,,,,:,,,:
We",12638,351,15,98,10,,,,,,,:,,,:
2024:11:15T17:25:18.000Z,newstart_2024,True,False,"Jillian Michaels on Trump picking RFK Jr. to lead HHS: ""The lobbies of big pharma, big food, and big insurance are in an absolute panic. He is going to tear down their multi:billion dollar industries. When you think about how much of our tax subsidy dollars go to companies like",61491,1110,25,322,117,:,,,:
2024:11:22T16:03:30.000Z,disclosetv,True,False,JUST IN : Judge delays Trump's hush money case indefinitely.,3534,191,32,47,7,,,:,,,:
2024:11:14T23:25:46.000Z,ByronDonalds,True,False,"Trump admin economic policy will put YOU FIRST.,,,,,,,,:,,,:
,,,,,,,,,,,,:,,,:
The Trump Tax Cuts & Jobs Act (currently in place) cut tax rates & has raised record federal revenue.,,,,,,,,,,,,:,,,:
,,,,,,,,,,,,:,,,:
Strategic tariffs will protect domestic manufacturing, industry, & critical jobs.,,,,,,,,,,:,,,:
,,,,,,,,,,,,:,,,:
And the time for unfair trade deals is OVER.",75500,5571,185,967,62,,,,,,,:,,,:
2024:11:19T21:36:34.000Z,SpeakerJohnson,True,False,".,,,,,,,,:,,,:
@HouseGOP,,,,,,,,,,,,:,,,:
 is committed to working with President Trump and ,,,,,,,,,,,,:,,,:
@SenateGOP,,,,,,,,,,,,:,,,:
 to boost the economy, combat inflation, restore the border, reestablish America's energy dominance, provide educational freedom, and dismantle the Deep State.,,,,,,,:,,,:
,,,,,,,,,,,,:,,,:
We’ll get it done for the American people.",119850,4285,866,666,58,,,,,,,:,,,:
2024:11:17T15:46:30.000Z,CNNSOTU,True,False,"""We're going to try to make that happen."",,,,,,,,:,,,:
,,,,,,,,,,,,:,,,:
.,,,,,,,,,,,,:,,,:
@SpeakerJohnson,,,,,,,,,,,,:,,,:
 tells ,,,,,,,,,,,,:,,,:
@jaketapper,,,,,,,,,,,,:,,,:
 that President:elect Trump’s vow to eliminate tax on tips is “an important promise.""",62105,81,62,33,8,,,,,,,:,,,:
2024:11:18T22:24:36.000Z,RealAlexJones,True,False,"Trump Pledges To Lower The Trade Deficit With Passage Of The Trump Reciprocal Trade Act, Which Will Match Tariff Rates That Are Imposed By All Outside Countries.,,,,,,,:,,,:
,,,,,,,,,,,,:,,,:
Watch Our Livestream Here:,,,,,,,,,,,,:,,,:
https://x.com/i/broadcasts/1jMJgBqkmlbGL…",11530999,86142,1544,15096,3160,,,,,,,:,,,:
