timestamp username icon:verified fact:checked text views likes replies reposts bookmarks   :   :            :   :
2024:11:13T05:28:54.000Z,amerix,True,False,"President Trump has picked Elon Musk and Vivek Ramaswamy to lead The Department of Government Efficiency (DOGE),,,,,,,,:,,,:
,,,,,,,,,,,,:,,,:
This department is tasked with ending wastage of taxpayers' money and draining the swamp.,,,,,,,,,,,,:,,,:
,,,,,,,,,,,,:,,,:
America has Vivek, Kenya has David Ndii.,,,,,,,,,,,:,,,:
,,,,,,,,,,,,:,,,:
Kenya is led by fools.",253038,5875,294,1897,206,,,,,,,:,,,:
2024:11:10T05:21:30.000Z,Poe_Ether,True,False,"FELLERS WE ARE GOING INTO A PRO CRYPTO GOVERNMENT ELECT ,,,,,,,,:,,,:
,,,,,,,,,,,,:,,,:
THE 47TH PRESIDENT TO BE,,,,,,,,,,,,:,,,:
,,,,,,,,,,,,:,,,:
DONALD J TRUMP,,,,,,,,,,,,:,,,:
,,,,,,,,,,,,:,,,:
HIS STOCK MARKET TICKER IS $DJT,,,,,,,,,,,,:,,,:
,,,,,,,,,,,,:,,,:
HIS SHIT COIN TICKER IS $DJT4700 #DJT4700",17007,224,157,100,25,,,,,,,:,,,:
2024:11:08T00:32:06.000Z,LeadingReport,True,False,"BREAKING: Trump said his administration will have “no choice” but to carry out his mass deportation plan, and that there is “no price tag.”",855164,42956,2416,4702,779,,:,,,:
2024:11:08T20:45:38.000Z,BehizyTweets,True,False,"Trump plans to redirect the money being spent on Ukraine towards a nationwide initiative to get the homeless off the streets by building ""tent cities"" where they can be relocated.,,,,,,,,:,,,:
,,,,,,,,,,,,:,,,:
His plan includes banning urban camping & arresting violators while empowering rehab organizations.",6640253,93203,2437,18518,13394,,,,,,,:,,,:
2024:11:11T18:15:12.000Z,KristiNoem,True,False,"The American people know how to spend their own money. By eliminating government waste and focusing federal spending on the core functions of government, President Trump will deal with the debt and unleash economic growth. That’s what we did in South Dakota!",140426,3246,230,526,63,,:,,,:
2024:11:07T20:54:19.000Z,RBReich,False,False,"Trump says there's ""no price tag"" for his mass deportation plan. He's wrong. Here's the cost.",251790,7936,1030,3838,927,,,:,,,:
2024:11:06T19:56:15.000Z,Osint613,True,False,"Trump at the RNC in a message to Hamxs: ,,,,,,,,:,,,:
,,,,,,,,,,,,:,,,:
“We want our hostages back, and they better be back before I assume office or you will be paying a very big price.”",1192612,39691,829,9477,1883,,,,,,:,,,:
2024:11:13T01:25:54.000Z,3orovik,True,False,"Trump literally just named a government department after a memecoin,,,,,,,,:,,,:
,,,,,,,,,,,,:,,,:
You’re not ready for this bull market",184616,7646,226,791,151,,,,,,,:,,,:
2024:11:11T02:34:15.000Z,tommysantos14,True,False," Baselined: The Biden Economy,,,,,,,,:,,,:
We are taking a snapshot of Joe Biden's economy before he leaves office so we have a point of comparison when Donald Trump begins to take credit for it, like he did the economy he inherited form Barack Obama.",2461810,29755,2767,8091,9131,,,,,,:,,,:
2024:11:12T02:27:02.000Z,abcnews,True,False,"“Trump is waging a war on trade itself”: Malcolm Turnbull says if Anthony Albanese wants to protect Australia’s economic interests, he has to level directly with Donald Trump.,,,,,,,:,,,:
,,,,,,,,,,,,:,,,:
Catch up on #QandA on iview: https://ab.co/2E7R5d9",33255,113,127,30,18,,,,,,,:,,,:
2024:11:13T19:50:59.000Z,opinion,True,False,Where is the economy headed now that Trump will be in office? We tried to unlock some answers though data ,13526,13,7,7,1,,,:,,,:
2024:11:13T16:59:41.000Z,publicpolicyman,True,False,I hope President Trump cancels northern Illinois emission testing which costs a billion dollars a year.  97% of the cars pass so it is a complete waste of time & money for Illinois drivers. There is no measurement if this improves quality of life or less emissions.,20420,1033,97,242,29,,,:,,,:
2024:11:07T20:28:01.000Z,PopCrave,True,False,"Donald Trump when asked by ,,,,,,,,:,,,:
@NBCNews,,,,,,,,,,,,:,,,:
 about the cost of his mass deportation plan:,,,,,,,,,,,,:,,,:
,,,,,,,,,,,,:,,,:
""It’s not a question of a price tag. It’s not — really, we have no choice.”",426995,5428,346,722,574,,,,,,:,,,:
2024:11:11T00:44:05.000Z,60Minutes,True,False,"“If Trump can really meet those promises—bring inflation down, make things more affordable, and make these families feel more financially secure—he's going to have an ally for probably several election cycles going forward,” says Leslie Sanchez. https://cbsn.ws/3YGVzNW",178605,730,215,192,:,,,:
2024:11:09T16:05:45.000Z,owenslindsay1,False,False,"There are many unknowns about exactly how a second Trump term will play out and precisely which types of chaos it will bring about. ,,,,,,,,:,,,:
,,,,,,,,,,,,:,,,:
One thing is certain: it will start with tax cuts for Musk and his billionaire boys club. My latest for ,,,,,,,,,,,,:,,,:
@RollingStone,,,,,,,,,,,,:,,,:
.",199161,1091,355,480,89,,,,,,,:,,,:
2024:11:08T22:43:12.000Z,TheThe1776,True,False,"This lady said she sees alot of Black women making videos talking down to Black men for voting Trump and she wants to thank all the Black men who voted for Trump because they voted for:,,,,,,,,:,,,:
◦Secure our borders, so women and children can be safe.,,,,,,,,,,,:,,,:
◦Strong economy, so women and",33469,1610,68,450,53,,,,,,:,,,:
2024:11:09T21:40:34.000Z,TimOBrien,True,False,"Trump hasn’t and won’t do a thing that benefits working class and middle class Americans. But those voters bought Trump’s carny act. Because, indeed, it’s the economy, stupid:",79606,2623,359,1010,:,,,:
2024:11:09T01:48:40.000Z,KristiNoem,True,False,"President Trump is going to do BIG things when he takes office, and he wants people around him with big vision to accomplish those goals for the American people.,,,,,,,:,,,:
,,,,,,,,,,,,:,,,:
His tax plan will absolutely unleash American growth.",52554,3012,93,404,28,,,,,,,:,,,:
2024:11:06T01:22:01.000Z,RobertJSalvador,True,False,"Ron DeSantis is the most effective elected official in modern history.,,,,,,,,:,,,:
,,,,,,,,,,,,:,,,:
FL has the top economy.,,,,,,,,,,,,:,,,:
,,,,,,,,,,,,:,,,:
Safe elections.,,,,,,,,,,,,:,,,:
,,,,,,,,,,,,:,,,:
Won every issue from school choice to pronouns.,,,,,,,,,,,,:,,,:
,,,,,,,,,,,,:,,,:
Now delivers big fundraising and a massive win for Trump.,,,,,,,,,,,,:,,,:
,,,,,,,,,,,,:,,,:
And beat 2 bad amendments.,,,,,,,,,,,,:,,,:
,,,,,,,,,,,,:,,,:
Proud to support him!",52930,4944,141,606,35,,,,,,,:,,,:
2024:11:11T23:15:47.000Z,realDailyWire,True,False,"""The time of concessions, the time of weakness is over. The time of the strength that President Trump brings back to the office has returned."",,,,,,,:,,,:
@BenShapiro,,,,,,,,,,,,:,,,:
 on what the Iranian economy could look like with President Trump back in office,,,,,,,,,,,,:,,,:
@FoxBusiness",253376,1451,34,136,49,,,,,,,:,,,:
2024:11:09T16:42:19.000Z,nypost,True,False,Trump plans ambitious tax agenda — with insiders revealing how it could put more money in Americans’ pockets https://trib.al/oEiA6JY,47396,1225,56,262,27,,,:,,,:
2024:11:10T22:00:02.000Z,MarioNawfal,True,False," RICK SCOTT PITCHES HIMSELF AS SENATE GOP “CHANGE” CANDIDATE,,,,,,,,:,,,:
,,,,,,,,,,,,:,,,:
Florida Senator Rick Scott positioned himself as the “change” candidate in the Senate GOP leadership race, vowing to advance Trump’s agenda on border security, military strength, and economic reform. ,,,,,,,,,:,,,:
,,,,,,,,,,,,:,,,:
He emphasized",126424,1032,55,226,23,,,,,,,:,,,:
2024:11:12T13:13:05.000Z,BrilynHollyhand,True,False,"Gen Z wants no new wars that we’d be drafted to serve on the frontlines in, a safe and secure country to raise families in, lower inflation to buy our first home, and tax cuts like No Tax on Tips and No Tax on Overtime.,,,,,:,,,:
,,,,,,,,,,,,:,,,:
Trump won this election because of Gen Z and he will be a",2048,54,1,13,5,,,,,,,:,,,:
