timestamp username icon:verified fact:checked text views likes replies reposts bookmarks   :   :            :   :
2024:11:02T08:10:54.000Z,mollie_don,True,False,"Trump's economic policies, including tariffs, tax cuts, and immigration control, aim to address inflation and stimulate economic growth. Supporters believe his straightforward approach could eliminate bureaucratic hurdles and stimulate immediate economic activity.,,,,:,,,:
,,,,,,,,,,,,:,,,:
If we want to",8876,271,14,208,3,,,,,,,:,,,:
2024:11:12T21:31:15.000Z,TrueJMitchell,True,False,"This lady says:Says the boom you felt during Donald Trump's first term was because of Obama, not Trump.,,,,,,,:,,,:
,,,,,,,,,,,,:,,,:
She goes on to say that the last 4 years of inflation and high prices are because of Donald Trump, not Biden.,,,,,,,,,,,:,,,:
,,,,,,,,,,,,:,,,:
Jeff brings the facts.",18563,454,67,255,45,,,,,,,:,,,:
2024:11:16T18:17:52.000Z,BreitbartNews,True,False,Trump tells the story of a woman who had to return one of the apples she was attempting to buy at a grocery store when she realized how expensive they were in the Biden:Harris economy.,45254,531,40,76,8,,,:,,,:
2024:11:18T13:50:44.000Z,BenSwann_,True,False,"TRUMP: “I refuse to accept another round of endless war in Ukraine.,,,,,,,,:,,,:
,,,,,,,,,,,,:,,,:
I want peace, they want money and conflict! Even if it means pushing us to the brink of World War III, which, frankly, is already happening and very quickly.”",18149,691,18,138,12,,,:,,,:
2024:11:11T18:15:12.000Z,KristiNoem,True,False,"The American people know how to spend their own money. By eliminating government waste and focusing federal spending on the core functions of government, President Trump will deal with the debt and unleash economic growth. That’s what we did in South Dakota!",170533,3312,238,543,65,,:,,,:
2024:11:13T03:53:17.000Z,TheThe1776,True,False,"This young lady has been dating a guy for 5:6 years.  He’s from Algeria and been in the states for over 10 years and after paying lots of money and going through the legal process, he got his citizenship over the summer and she agrees with President Trump strict immigration",22409,837,33,308,63,,:,,,:
2024:11:19T08:03:00.000Z,TrueNorthCentre,True,False,Pierre Poilievre accuses PM Trudeau of enabling President:Elect Donald Trump to exploit Canadian industries through harmful trade deals and tariffs. He pledges to eliminate the carbon tax and restore investment and jobs lost to the U.S.,4030,105,7,14,1,,,:,,,:
2024:11:10T20:05:03.000Z,KING5Seattle,True,False,Young Black and Latino men say they chose Trump because of the economy and jobs. Here's how and why,22692,621,116,64,10,,,:,,,:
2024:11:14T03:08:52.000Z,MemeNonLibs,True,False,"“You f**king b**ches elected Trump into office”,,,,,,,,:,,,:
,,,,,,,,,,,,:,,,:
You’d think a week would be enough time for these liberals to calm down ,,,,,,,,,,,,:,,,:
,,,,,,,,,,,,:,,,:
Do we really care that much more about “the economy” over “women’s rights?”",152031,795,963,220,117,,,,,,,:,,,:
2024:11:11T18:25:24.000Z,kayleighmcenany,True,False,"THE TRUMP EFFECT,,,,,,,,:,,,:
,,,,,,,,,,,,:,,,:
In just a few days and before he is even President ,,,,,,,,,,,,:,,,:
,,,,,,,,,,,,:,,,:
 First female Chief of Staff appointed,,,,,,,,,,,,:,,,:
 Stock market hitting all:time:highs,,,,,,,,,,,,:,,,:
 Newest migrant caravan breaking up,,,,,,,,,,,,:,,,:
 NYC to stop giving debit cards to illegal immigrants,,,,,,,,,,,,:,,,:
 EU wants to buy US gas, not",816748,23239,460,4655,1625,,,,,,:,,,:
2024:11:10T20:06:21.000Z,DefiyantlyFree,True,False,"Clearly just having a lot of money to run is not enough to win. ,,,,,,,,:,,,:
,,,,,,,,,,,,:,,,:
Harris spent double what Trump spent and lost every single swing state.",12181,501,30,132,14,,,,,,,:,,,:
2024:11:16T20:34:47.000Z,TomHoman_,True,False,"President Trump is right. There is no price tag on mass deportation. ,,,,,,,,:,,,:
,,,,,,,,,,,,:,,,:
Democrats waste trillions yet fight us on $15 billion to build a wall and deem it too wasteful?,,,,,,,,,,,,:,,,:
,,,,,,,,,,,,:,,,:
Mass deportation is happening!,,,,,,,,,,,,:,,,:
,,,,,,,,,,,,:,,,:
Finishing the wall is happening!",34775,2557,123,646,25,,,,,,,:,,,:
2024:11:12T15:37:09.000Z,Bubblebathgirl,True,False,"Even if the hush money case against Trump gets dismissed, that doesn’t mean the lawfare against him is forgotten.,,,,,,,:,,,:
,,,,,,,,,,,,:,,,:
Our government, DAs, and judges abused our judicial system in order to interfere in the 2024 presidential election.,,,,,,,,,,:,,,:
,,,,,,,,,,,,:,,,:
They need to face legal consequences.",16511,1850,52,717,13,,,,,,,:,,,:
2024:11:15T01:11:20.000Z,RealAmVoice,True,False,"""I'D LIKE TO SEE $2 GASOLINE, ZERO INFLATION, THE BORDER CLOSED, AND TO DEPORT ALL OF THE CRIMINALS AND THE TERRORISTS!"" ,,,,,:,,,:
@larry_kudlow,,,,,,,,,,,,:,,,:
 is only asking for a few things of the Trump Administration as they take back the White House in 2025. ,,,,,,,,,,,,:,,,:
@A1Policy",22797,808,6,206,33,,,,,,,:,,,:
2024:11:14T23:11:02.000Z,Barchart,True,False,"Tesla $TSLA declines almost 6% after President Trump proposes removing the $7,500 EV Tax Credit",80572,590,47,115,35,,:,,,:
2024:11:16T01:44:36.000Z,JDunlap1974,True,False,"A cruise company is offering  4:year journey's to escape Donald Trump's presidency.,,,,,,,,:,,,:
,,,,,,,,,,,,:,,,:
The price is $255,999 for 1 person to have their own room for four years",6578,94,52,28,5,,,,,,:,,,:
2024:11:17T18:57:31.000Z,_Crypto_Barbie,True,False,"WOW! ,,,,,,,,:,,,:
,,,,,,,,,,,,:,,,:
Brad Garlinghouse is confident that Ripple is about to unlock the U.S. market!  ,,,,,,,,,,,,:,,,:
,,,,,,,,,,,,:,,,:
I'm sure under the new Trump administration we will finally get full regulatory clarity that will unleash #XRP ",78379,1831,24,380,69,,,,,,,:,,,:
2024:11:18T15:09:26.000Z,politvidchannel,True,False,BREAKING: Restaurant owners who rely on immigrant labor to stay afloat are saying President:elect Donald Trump's mass deportations will Lead to a downturn in the economy,17423,1087,202,574,33,,,:,,,:
2024:11:18T18:05:03.000Z,TheTNHoller,True,False,"As the ,,,,,,,,:,,,:
@WSJ,,,,,,,,,,,,:,,,:
 editorial board warns Musk/Trump’s “blow:it:all:up” ideas could devastate the economy, worth keeping in mind ,,,,,,,,,,,:,,,:
@davetroy,,,,,,,,,,,,:,,,:
’s warnings this is actually a feature not a bug, spiking crypto and steering the world away from  and the dollar. https://rawstory.com/wsj:editorial:warns:elon:musks:blow:it:all:up:ideas:will:devastate:u:s:economy/…",7882,257,14,169,17,,,,,,:,,,:
2024:11:15T13:27:33.000Z,trumprealparody,True,False,"Do you agree with Tucker Carlson that Joe Biden and the Democrats are laundering US taxpayer money through Ukraine & Zelensky?,,,,,,,,:,,,:
,,,,,,,,,,,,:,,,:
A. YES ,,,,,,,,,,,,:,,,:
B. NO",246332,20638,8293,3866,113,,,,,,,:,,,:
2024:11:10T14:49:00.000Z,MeetThePress,True,False,"WATCH: Trump’s deportation plan — which he says has no “price tag” — could cost as much as $88 billion a year to deport 1 million people.,,,,,,,,:,,,:
@kwelkerNBC,,,,,,,,,,,,:,,,:
: “Would you approve of a package that big?”,,,,,,,,,,,,:,,,:
@SenJohnBarrasso,,,,,,,,,,,,:,,,:
: “I agree with the president [on] where we need to start.”",18416,49,161,44,7,,,,,,,:,,,:
2024:11:13T00:52:33.000Z,SenBrianJones,True,False,We can only hope that the Biden Administration (or the Trump Administration) will step in and STOP Newsom’s real priority to price gouge his own constituents with his 65:cent gas price hike starting next year. #FixCalifornia,7917,465,27,142,5,,,:,,,:
