timestamp username icon:verified fact:checked text views likes replies reposts bookmarks   :   :            :   :
2024:11:10T18:59:56.000Z,Jeremyybtc,True,False,"doge will be the biggest runner of this bull run,,,,,,,,:,,,:
,,,,,,,,,,,,:,,,:
elon musk publicly comes out as the co founder of dogecoin,,,,,,,,,,,,:,,,:
,,,,,,,,,,,,:,,,:
trump and elon both mentioned integrating dogecoin as a big part of america's economy,,,,,,,,,,,,:,,,:
,,,,,,,,,,,,:,,,:
1 $doge = $1",146106,852,96,154,41,,,,,,,:,,,:
2024:11:13T05:28:54.000Z,amerix,True,False,"President Trump has picked Elon Musk and Vivek Ramaswamy to lead The Department of Government Efficiency (DOGE),,,,,,,,:,,,:
,,,,,,,,,,,,:,,,:
This department is tasked with ending wastage of taxpayers' money and draining the swamp.,,,,,,,,,,,,:,,,:
,,,,,,,,,,,,:,,,:
America has Vivek, Kenya has David Ndii.,,,,,,,,,,,:,,,:
,,,,,,,,,,,,:,,,:
Kenya is led by fools.",323147,6552,314,2091,226,,,,,,,:,,,:
2024:11:14T15:14:27.000Z,bsurveillance,True,False,"Dan Ives of Wedbush sees $TSLA hitting the $2 trillion mark under the next administration. ""For Musk, this is a bet for the ages on Trump"",,,,,,,:,,,:
https://bloomberg.com/news/articles/2024:11:13/stock:market:today:dow:s:p:live:updates?srnd=phx:markets…",82960,122,11,27,11,,,,,,,:,,,:
2024:11:09T01:21:04.000Z,xMarketNews,True,False,"JUST IN SOUTH KOREA TO MONITOR DONALD TRUMP’S STOCK FOLLOWING PRESIDENTIAL ELECTION ,,,,,,,,:,,,:
,,,,,,,,,,,,:,,,:
 TODAY DONALD TRUMP ANNOUNCED AN INVESTIGATION INTO MARKET MANIPULATORS OF $DJT,,,,,,,,,,,,:,,,:
,,,,,,,,,,,,:,,,:
WHY CAN’T U.S. REGULATORS DO THIS?",20863,903,35,229,21,,,,,,,:,,,:
2024:11:14T04:01:12.000Z,3orovik,True,False,"HUGE RUMOR: Trump considering 0% capital gains tax on Crypto,,,,,,,,:,,,:
,,,,,,,,,,,,:,,,:
THIS WOULD BE MEGA BULLISH!!",361403,10820,419,1132,186,,,,,,,:,,,:
2024:11:14T16:02:22.000Z,BullNakedCrypto,True,False,"Want to know how I know the market,,,,,,,,:,,,:
 is controlled and manipulated ,,,,,,,,,,,,:,,,:
,,,,,,,,,,,,:,,,:
1) $ADA CEO talking about how we wants to work on policy with trump, pumps 100%. No real confirmation.,,,,,,,,,,,:,,,:
,,,,,,,,,,,,:,,,:
2) $TRUMP team literally saying theyre using ,,,,,,,,,,,,:,,,:
@chainlink,,,,,,,,,,,,:,,,:
 ,,,,,,,,,,,,:,,,:
market dumps.,,,,,,,,,,,,:,,,:
,,,,,,,,,,,,:,,,:
Maybe I am full delulu, ,,,,,,,,,,,:,,,:
but I",17158,409,56,44,23,,,,,,,:,,,:
2024:11:11T22:14:56.000Z,ShabbosK,True,False,"If you are an Ivy League college with students protesting *Veterans Day* then let’s be absolutely clear: the Trump White House will ensure you don’t receive a penny of American taxpayer money. If you hate America, go to Qatar. The indoctrination ends NOW",135234,7788,212,1392,104,,:,,,:
2024:11:02T08:10:54.000Z,mollie_don,True,False,"Trump's economic policies, including tariffs, tax cuts, and immigration control, aim to address inflation and stimulate economic growth. Supporters believe his straightforward approach could eliminate bureaucratic hurdles and stimulate immediate economic activity.,,,,:,,,:
,,,,,,,,,,,,:,,,:
If we want to",8822,268,14,208,3,,,,,,,:,,,:
2024:11:09T07:35:17.000Z,DefiyantlyFree,True,False,"Chamath Palihapitiya says that the only politician that ever called him just to say thank you and be kind was Donald Trump. That every time Democrats ever called him in the past, it has been ask for money.",22832,1422,15,396,60,,:,,,:
2024:11:10T20:41:05.000Z,greg_price11,True,False,"Bosa and the Niners D just hit the Trump dance after a sack ,,,,,,,,:,,,:
,,,,,,,,,,,,:,,,:
The NFL can't fine him for that. ",1947239,38463,441,4788,1089,,,,,,,:,,,:
2024:11:14T18:07:23.000Z,Investingcom,True,False," JUST IN:,,,,,,,,:,,,:
,,,,,,,,,,,,:,,,:
*TRUMP TEAM PLANS TO KILL $7,500 EV TAX CREDIT: REUTERS",18039,143,17,47,5,,,,,,:,,,:
2024:11:08T16:26:28.000Z,xMarketNews,True,False,BREAKING NEWS DONALD TRUMP CALLS FOR AN INVESTIGATION INTO SHORT SELLERS WHO MADE FAKE RUMORS REGARDING $DJT,72113,2524,89,731,73,,,:,,,:
2024:11:14T02:37:17.000Z,w_terrence,True,False,"KAMALAAAAAAAA CALL ME!!!!!!,,,,,,,,:,,,:
,,,,,,,,,,,,:,,,:
Send this to ,,,,,,,,,,,,:,,,:
@KamalaHarris,,,,,,,,,,,,:,,,:
 ,,,,,,,,,,,,:,,,:
,,,,,,,,,,,,:,,,:
You raised $1 BILLION and now you are negative $20 million dollars, you can’t pay people or the vendors BUT you were going to fix the Economy over night!,,,,,,,,,,,:,,,:
,,,,,,,,,,,,:,,,:
Trump offered to help so I have some coins I would like to give you",198114,4740,300,1102,169,,,,,,,:,,,:
2024:11:14T03:01:38.000Z,CryptoBull2020,True,False,"BREAKING: Trump Proposes To Eliminate ALL Capital Gains Tax On Cryptocurrencies Issued In The USA!,,,,,,,,:,,,:
,,,,,,,,,,,,:,,,:
This means #XRP would be tax free, as their creators are a U.S. company. ,,,,,,,,,,,:,,,:
,,,,,,,,,,,,:,,,:
Source: Member of Trump Transition Team",130619,3099,80,539,180,,,,,,,:,,,:
2024:11:12T20:23:20.000Z,Davidwoounbound,True,False,Market consensus about Trump 2.0: tariffs + tax cuts = higher inflation. But will Trump risk exacerbating surging interest costs on U.S. government debt? #USTreasuryDebt #EconomicPolicy,971,9,1,1,1,,,:,,,:
2024:11:11T23:13:49.000Z,4TaxFairness,False,False,"Let's get this straight:,,,,,,,,:,,,:
,,,,,,,,,,,,:,,,:
Trump wants to spend $5 trillion renewing his tax cuts skewed to the wealthy and corporations.,,,,,,,,,,,,:,,,:
,,,,,,,,,,,,:,,,:
He's also directed Elon Musk to cut $2 trillion from the deficit.,,,,,,,,,,,,:,,,:
,,,,,,,,,,,,:,,,:
Do we think Musk would rather cut his own tax breaks, or YOUR Social Security and Medicare?",4514,301,8,202,9,,,,,,:,,,:
2024:11:13T15:32:36.000Z,CryptoKaleo,True,False,"Just a reminder: The last time the $DOGE / $BTC pair had this type of a breakout, it had a swift 175% pump to its previous all time highs.,,,,,,,:,,,:
,,,,,,,,,,,,:,,,:
With the way the market has moved recently, and how much strength Dogecoin has shown after Trump was elected and Elon starting to push",72826,768,41,81,57,,,,,,:,,,:
2024:11:14T16:33:41.000Z,Heritage,True,False,"The same people who told you that the Biden:Harris admin’s policies wouldn’t cause runaway inflation now want you to think that the Trump admin’s policies would. Ultimately, inflation is a consequence of the government printing money that we do not have.,,,,,,,:,,,:
@RealEJAntoni",6299,71,17,20,1,,,,,,,:,,,:
2024:11:13T18:04:01.000Z,piyushmittal,False,False,Trump’s promise of removing overtime tax is a scam like everything else he does,224027,4351,372,1155,907,,,:,,,:
2024:11:08T20:25:00.000Z,CBSNews,True,False,"Donald Trump says he has no plans to sell DJT stock, calls for probe into ""market manipulators.""",27432,77,43,18,3,,:,,,:
2024:11:14T02:50:49.000Z,AbsGMCrypto,True,False,"JUST IN:  Trump Proposes To Eliminate ALL Capital Gains Tax On Cryptocurrencies Issued In The USA!,,,,,,,,:,,,:
,,,,,,,,,,,,:,,,:
This would make all American profits made on projects created in the United States FULLY Tax Free! ,,,,,,,,,,,,:,,,:
,,,,,,,,,,,,:,,,:
This includes projects such as $BTC $ADA $ALGO $XRP $XLM and $HBAR would be",347506,4578,218,1257,450,,,,,,,:,,,:
2024:11:14T18:58:59.000Z,Holo_Thunder,True,False,"$HBAR and $ADA about to have a chat regarding #TRUMP. Could American #crypto companies see huge tax breaks which lead to massive gains on assets such as $XRP, $HBAR, $ADA, etc.",0,0,2,170,:,,,:
2024:11:13T03:23:49.000Z,AutismCapital,True,False," HOROWITZ: ""Within 24 hours of Trump being elected, the stock market had its 5th biggest day in history. No economic news, no 'the economy is going well,’ no nothing. The Crypto markets went way beyond that. All fintech went up. Just the fact that it wasn't going to be the",128317,1874,36,209,:,,,:
