timestamp username icon:verified fact:checked text views likes replies reposts bookmarks   :   :            :   :
2024:11:10T18:59:56.000Z,Jeremyybtc,True,False,"doge will be the biggest runner of this bull run,,,,,,,,:,,,:
,,,,,,,,,,,,:,,,:
elon musk publicly comes out as the co founder of dogecoin,,,,,,,,,,,,:,,,:
,,,,,,,,,,,,:,,,:
trump and elon both mentioned integrating dogecoin as a big part of america's economy,,,,,,,,,,,,:,,,:
,,,,,,,,,,,,:,,,:
1 $doge = $1",93160,660,87,115,26,,,,,,,:,,,:
2024:11:12T13:13:05.000Z,BrilynHollyhand,True,False,"Gen Z wants no new wars that we’d be drafted to serve on the frontlines in, a safe and secure country to raise families in, lower inflation to buy our first home, and tax cuts like No Tax on Tips and No Tax on Overtime.,,,,,:,,,:
,,,,,,,,,,,,:,,,:
Trump won this election because of Gen Z and he will be a",0,3,12,44,1030,,,,,,,:,,,:
2024:11:12T13:45:26.000Z,IsabellaMWeber,False,False,"Unemployment weakens governments. Inflation kills. The politically destructive power of inflation had been forgotten. Standard policy tools left us unprepared and fueled inequality. The re:election of Trump should serve as a warning to  all democrats. ,,,,,,,,:,,,:
,,,,,,,,,,,,:,,,:
My first ,,,,,,,,,,,,:,,,:
@nytopinion,,,,,,,,,,,,:,,,:
. 1/",22489,277,16,117,106,,,,,,,:,,,:
2024:11:08T20:45:38.000Z,BehizyTweets,True,False,"Trump plans to redirect the money being spent on Ukraine towards a nationwide initiative to get the homeless off the streets by building ""tent cities"" where they can be relocated.,,,,,,,,:,,,:
,,,,,,,,,,,,:,,,:
His plan includes banning urban camping & arresting violators while empowering rehab organizations.",6629406,93172,2452,18517,13424,,,,,,,:,,,:
2024:11:10T20:41:05.000Z,greg_price11,True,False,"Bosa and the Niners D just hit the Trump dance after a sack ,,,,,,,,:,,,:
,,,,,,,,,,,,:,,,:
The NFL can't fine him for that. ",1932330,38393,436,4772,1097,,,,,,,:,,,:
2024:11:07T22:42:01.000Z,DrLoupis,True,False,"President Trump on Climate:,,,,,,,,:,,,:
,,,,,,,,,,,,:,,,:
""One of the most urgent tasks... is to decisively defeat the climate hysteria hoax."",,,,,,,,,,,,:,,,:
,,,,,,,,,,,,:,,,:
""The radical left's fearmongering about climate and our future is... destroying America's economy, weakening our society, and eviscerating our middle class. It's",143953,3208,132,1040,326,,,,,:,,,:
2024:11:12T11:57:57.000Z,zVxnomz,True,False,"While the entire market is excited that #Bitcoin is in price discover creating new all time highs, I’d like you to consider some things that nobody is talking about ,,,,,,,:,,,:
,,,,,,,,,,,,:,,,:
 $BTC is running off of complete speculation due to Trump being pro crypto, and the average person (or smooth",4767,86,8,24,24,,,,,,:,,,:
2024:11:07T11:15:37.000Z,wideawake_media,True,False,"Trump: ""One of the most urgent tasks... is to decisively defeat the climate hysteria hoax."",,,,,,,,:,,,:
,,,,,,,,,,,,:,,,:
""The radical left's fearmongering about climate and our future is... destroying America's economy, weakening our society, and eviscerating our middle class. It's really hurting us."",,,,,,,,,,:,,,:
,,,,,,,,,,,,:,,,:
""We",1832971,45070,1376,15410,4411,,,,,,,:,,,:
2024:11:12T12:54:29.000Z,IngrahamAngle,True,False,LAURA: This is our once:in:a:generation chance to reshape Washington. No more swamp games – the GOP must deliver Trump’s agenda or pay the price in 2026 and 2028. https://lauraingraham.com,58505,3206,153,760,51,,,:,,,:
2024:11:11T12:23:06.000Z,xMarketNews,True,False,"Let’s not forget Ken Griffin didn’t donate any money to Donald Trump, and called him a three:time loser,,,,,,,:,,,:
,,,,,,,,,,,,:,,,:
Donald Trump on Corrupt Donors:,,,,,,,,,,,,:,,,:
,,,,,,,,,,,,:,,,:
“I don’t want their money, I’m going to do the right thing for the American Public.. I don’t need their money”",62123,1082,26,284,88,,,,,,:,,,:
2024:11:07T00:29:41.000Z,JoshuaBHoe,True,False,"3 out of 4 people whose biggest concern was the economy voted for Trump  ,,,,,,,,:,,,:
,,,,,,,,,,,,:,,,:
Some have even called it an inflation election  ,,,,,,,,,,,,:,,,:
Trump's policies are:  ,,,,,,,,,,,,:,,,:
,,,,,,,,,,,,:,,,:
* Inflationary Tariffs   ,,,,,,,,,,,,:,,,:
* Deportations, which are inflationary,,,,,,,,,,,:,,,:
* Tax cuts, which are...you guessed it, inflationary  ,,,,,,,,,,:,,,:
,,,,,,,,,,,,:,,,:
...sigh",368,7,1,1,1,,,,,,,:,,,:
2024:11:06T14:21:50.000Z,Tausee_F,False,False,I’m pocket watching everybody that voted for Trump cause of the economy. Ya better not be broke still in 4 years cause I’m on that ass bitch,2164294,117157,484,19820,4007,,,:,,,:
2024:11:07T15:18:31.000Z,Yeahaboutthat3,True,False,"How Trump's Tariffs would work and how getting rid of the Income Tax would benefit you,,,,,,,,:,,,:
,,,,,,,,,,,,:,,,:
What would you do if your family kept an extra $15k : $30k annually?",2138142,39945,755,13977,17132,,,,,,,:,,,:
2024:11:08T17:12:54.000Z,paularambles,True,False,the republicanism leaving tech bros’ bodies as soon as trump announces a 60% tariff on uniqlo,1525312,97810,55,4431,2413,,,:,,,:
2024:11:06T20:23:16.000Z,kevinolearytv,True,False,The first market I saw moving last night was Bitcoin. It was a huge winner. Trump has been an advocate for Bitcoin and supports the policy around digital payment systems so this is going to be a good sector for us!,49714,639,34,77,18,,,:,,,:
2024:11:09T17:53:35.000Z,TheSonOfWalkley,True,False,"BREAKING: FUNDSTRAT ANALYST, TOM LEE, SAYS — $TSLA IS “UNDERVALUED” ,,,,,,:,,,:
,,,,,,,,,,,,:,,,:
Robotaxis/robots and Trump is pumping the stock !",74779,1405,30,146,92,,,,,,,:,,,:
2024:11:12T12:33:59.000Z,grantstern,True,False,"Trump wants to spend $88 billion deporting people and whole families, but this election is about economic anxiety.,,,,,,,:,,,:
,,,,,,,,,,,,:,,,:
Got it.",12871,894,43,354,18,,,,,,,:,,,:
2024:11:06T16:35:14.000Z,RealJamesWoods,True,False,"After four years of waking up to cold, gray days of misery and hate, America woke up today to a blazing morning of hope, joy, and a record stock market. God bless America and God bless President:elect Donald Trump.",937751,78273,2306,:,627,,:
2024:11:11T13:05:59.000Z,BitcoinPierre,True,False,"Trump should issue an Executive Order to exempt BTC from capital gains taxes within the first 100 days of his presidency.,,,,,,,,:,,,:
,,,,,,,,,,,,:,,,:
Bring all that money back to the United States and grow the economy.",210716,6807,236,702,93,,,,,,,:,,,:
2024:11:07T23:22:11.000Z,kbyrd2_,False,False,Trump got all the credit for Obama’s economy. Just for America to turn around & blame Biden for Trump’s economy.,8236811,240127,3719,28456,7392,,,:,,,:
2024:11:11T14:58:14.000Z,RadarHits,True,False,"BREAKING: ,,,,,,,,:,,,:
,,,,,,,,,,,,:,,,:
#Bitcoin and crypto market cap could hit $10 TRILLION by 2026 under Trump : Standard Chartered",164065,5322,156,814,103,,,,,,,:,,,:
2024:11:12T07:22:47.000Z,Axel_bitblaze69,True,False,"My exit plan:,,,,,,,,:,,,:
,,,,,,,,,,,,:,,,:
I plan to derisk as and when we approach key catalysts getting priced in, but for now, that's still a long way off.,,,,,,,,,,:,,,:
,,,,,,,,,,,,:,,,:
In my view, the primary catalysts fueling this bull market are all linked to the Trump administration,,,,,,,,,,,:,,,:
,,,,,,,,,,,,:,,,:
and since Donald Trump is set to return to",19939,302,17,49,166,,,,,,,:,,,:
2024:11:08T02:06:08.000Z,TONYxTWO,True,False,"“So Trump gets elected President, Hamas calls to end the war, bitcoin shoots to the highest it’s ever been, the stock market shoots to the sky in record numbers, and Putin says he’s ready for negotiations to end the war in Ukraine.,,,,:,,,:
,,,,,,,,,,,,:,,,:
He hasn’t even stepped in office yet.”",4895772,170441,2072,35889,17214,,,,,,,:,,,:
