timestamp username icon:verified fact:checked text views likes replies reposts bookmarks   :   :            :   :
2024:11:02T08:10:54.000Z,mollie_don,True,False,"Trump's economic policies, including tariffs, tax cuts, and immigration control, aim to address inflation and stimulate economic growth. Supporters believe his straightforward approach could eliminate bureaucratic hurdles and stimulate immediate economic activity.,,,,:,,,:
,,,,,,,,,,,,:,,,:
If we want to",8871,271,14,208,3,,,,,,,:,,,:
2024:11:14T16:41:03.000Z,SimplyBitcoinTV,True,False,BULLISH: President Trump is considering 0% capital gains tax on #Bitcoin and crypto. ,176983,5906,150,861,108,,,:,,,:
2024:11:18T23:10:00.000Z,RepJasmine,True,False,"Republicans & Trump are planning to gut Medicaid, SNAP, & put an additional 10%:20% sales tax on nearly everything you buy so they can give MORE tax breaks to billionaires. ,,,,,,:,,,:
,,,,,,,,,,,,:,,,:
Republican economics: Tax breaks for the rich, paid for by working Americans.",6132,154,11,102,9,,,,,,:,,,:
2024:11:18T04:08:11.000Z,LloydChapman,True,False,Have you noticed how aggressive the democrats are about losing this election? I think I know why. Trillions in our tax dollars have disappeared across the government. The democrats are terrified Elon Musk and the Trump team are going to expose the fact they looted trillions.,14528,830,25,207,34,,,:,,,:
2024:11:14T02:37:17.000Z,w_terrence,True,False,"KAMALAAAAAAAA CALL ME!!!!!!,,,,,,,,:,,,:
,,,,,,,,,,,,:,,,:
Send this to ,,,,,,,,,,,,:,,,:
@KamalaHarris,,,,,,,,,,,,:,,,:
 ,,,,,,,,,,,,:,,,:
,,,,,,,,,,,,:,,,:
You raised $1 BILLION and now you are negative $20 million dollars, you can’t pay people or the vendors BUT you were going to fix the Economy over night!,,,,,,,,,,,:,,,:
,,,,,,,,,,,,:,,,:
Trump offered to help so I have some coins I would like to give you",295621,6514,398,1525,218,,,,,,,:,,,:
2024:11:10T05:21:30.000Z,Poe_Ether,True,False,"FELLERS WE ARE GOING INTO A PRO CRYPTO GOVERNMENT ELECT ,,,,,,,,:,,,:
,,,,,,,,,,,,:,,,:
THE 47TH PRESIDENT TO BE,,,,,,,,,,,,:,,,:
,,,,,,,,,,,,:,,,:
DONALD J TRUMP,,,,,,,,,,,,:,,,:
,,,,,,,,,,,,:,,,:
HIS STOCK MARKET TICKER IS $DJT,,,,,,,,,,,,:,,,:
,,,,,,,,,,,,:,,,:
HIS SHIT COIN TICKER IS $DJT4700 #DJT4700",17354,220,155,95,25,,,,,,,:,,,:
2024:11:17T21:01:38.000Z,SpeakerJohnson,True,False,"With President Trump back in the White House and Republicans in control of Congress, we'll grow the economy and lower costs.,,,,,,,:,,,:
 ,,,,,,,,,,,,:,,,:
How?,,,,,,,,,,,,:,,,:
 ,,,,,,,,,,,,:,,,:
By preventing the largest tax hike in US history, cutting reckless spending, and incentivizing companies to invest in America and create new jobs.",539380,10997,1531,1516,146,,,,,:,,,:
2024:11:11T18:25:24.000Z,kayleighmcenany,True,False,"THE TRUMP EFFECT,,,,,,,,:,,,:
,,,,,,,,,,,,:,,,:
In just a few days and before he is even President ,,,,,,,,,,,,:,,,:
,,,,,,,,,,,,:,,,:
 First female Chief of Staff appointed,,,,,,,,,,,,:,,,:
 Stock market hitting all:time:highs,,,,,,,,,,,,:,,,:
 Newest migrant caravan breaking up,,,,,,,,,,,,:,,,:
 NYC to stop giving debit cards to illegal immigrants,,,,,,,,,,,,:,,,:
 EU wants to buy US gas, not",816397,23243,460,4661,1626,,,,,,:,,,:
2024:11:14T23:11:02.000Z,Barchart,True,False,"Tesla $TSLA declines almost 6% after President Trump proposes removing the $7,500 EV Tax Credit",80446,590,47,115,35,,:,,,:
2024:11:10T20:06:21.000Z,DefiyantlyFree,True,False,"Clearly just having a lot of money to run is not enough to win. ,,,,,,,,:,,,:
,,,,,,,,,,,,:,,,:
Harris spent double what Trump spent and lost every single swing state.",12179,501,30,132,14,,,,,,,:,,,:
2024:11:11T00:52:26.000Z,TaraSetmayer,True,False,"I had a few things to say on ,,,,,,,,:,,,:
@NewsCentralCNN,,,,,,,,,,,,:,,,:
 ,,,,,,,,,,,,:,,,:
about the people who voted for Trump owning all of the ilk that goes along with that. ,,,,,,,,,,,,:,,,:
You don’t get to just complain about the price of eggs and ignore the anti:democratic, racism & sexism MAGA represents.",534120,7479,1284,1867,530,,,,,,:,,,:
2024:11:18T20:29:57.000Z,StockSavvyShay,True,False,TRUMP TO MEET WITH $COIN CEO TO DISCUSS ADMINISTRATION APPOINTMENTS   ,12386,134,13,18,9,,,:,,,:
2024:11:18T01:02:49.000Z,MaryLTrump,True,False,"Like many of you, I’ve spent the last few days taking stock. Very much unlike 2016, I feel neither despair nor paralysis. Instead, I shift between a clear:eyed detachment and a grim determination.  ,,,,,:,,,:
,,,,,,,,,,,,:,,,:
My latest:",50433,2345,182,414,73,,,,,,,:,,,:
2024:11:10T06:29:55.000Z,Whiplash437,True,False,"BOOM! Trump’s Executive Orders Set NESARA in Motion: Transition to Greatness & the Global Currency Reset (GCR),,,,,,,,:,,,:
,,,,,,,,,,,,:,,,:
America stands at a monumental turning point. President Donald J. Trump is leading us to a new era, a rebirth fueled by the promise of NESARA—the National Economic",30164,1150,26,406,221,,,,,,:,,,:
2024:11:14T01:14:12.000Z,jcokechukwu,True,False,"By the way, here’s Tulsi, Trump’s pick for DNI (Director of National Intelligence), exposing the Ukrainian bio labs and wandering why American money would go to shady, dirty ventures like bio labs in Ukraine and China and elsewhere, from where COVID and other designer diseases",15254,545,:,376,69,:
2024:11:17T23:39:14.000Z,sjredmond,True,False,"Ask not why they didn't vote for Harris Bill Shatner, ask why they believed one word Trump was saying. Not one of his economic ""promises"" will be kept, except the ones that screw the bottom half of America.",94968,1387,64,261,115,:,,,:
2024:11:10T09:54:25.000Z,TalbertSwan,True,False,White households hold the majority of the wealth in America. They didn’t vote for Trump for economic reasons. They voted to protect white supremacy. PERIOD.,86157,4540,648,950,128,,,:,,,:
2024:11:10T23:14:58.000Z,CryptoHayes,True,False,"Some of y'all don't believe Trump is about to trash the $ and print money. $BTC disagrees. Here is #Bitcoin leading vs. my new money supply indicator US Bank Credit. The market is speaking, listen up.,,,,,,,:,,,:
,,,,,,,,,,,,:,,,:
More explanation in my essay ""Black or White"" that drops tom.",157297,2129,153,206,282,,,,,,,:,,,:
2017:11:01T22:27:54.000Z,mikandynothem,True,False,"Trump's ECONOMY is a train that is rolling full steam ahead with no brakes to stop it! ,,,,,,,,:,,,:
*3% GDP growth.,,,,,,,,,,,,:,,,:
*Stock Market breaking record highs weekly.,,,,,,,,,,,,:,,,:
*Unemployment at record lows.,,,,,,,,,,,,:,,,:
...and much more!,,,,,,,,,,,,:,,,:
Jump on board or get the hell out of the way! ,,,,,,,,,,,,:,,,:
#WednesdayWisdom #MAGA #tcot #FoxNews",0,478,42,298,0,,,,,,,:,,,:
2024:11:15T01:50:40.000Z,AutismCapital,True,False,"TRUMP: ""In two days (as of three days ago) amazing things are happening to our country: the migrant caravans are breaking up, almost every single day we've set records in the stock market...but please START MY TERM from November 5th because the markets have gone through the",104061,1496,42,190,93,,:,,,:
2024:11:18T15:09:26.000Z,politvidchannel,True,False,BREAKING: Restaurant owners who rely on immigrant labor to stay afloat are saying President:elect Donald Trump's mass deportations will Lead to a downturn in the economy,13622,875,161,470,26,,,:,,,:
