timestamp username icon:verified fact:checked text views likes replies reposts bookmarks   :   :            :   :
2024:11:02T08:10:54.000Z,mollie_don,True,False,"Trump's economic policies, including tariffs, tax cuts, and immigration control, aim to address inflation and stimulate economic growth. Supporters believe his straightforward approach could eliminate bureaucratic hurdles and stimulate immediate economic activity.,,,,:,,,:
,,,,,,,,,,,,:,,,:
If we want to",8891,270,14,208,3,,,,,,,:,,,:
2024:11:15T12:34:37.000Z,LanceRoberts,True,False,"#President #Trump is walking into an #economy and #market that has a vastly different setup than when elected in 2016. ,,,,,,,,:,,,:
@thedailyshot",32255,320,21,86,126,,,,,,,:,,,:
2024:11:12T17:21:17.000Z,kurtbardella,True,False,"First off, I’m not sure how the economy gets to where we want it to go if the first move is to deport everyone who does the hard labor (for menial wages). The Trump economy means the rich get richer and everyone else gets left behind.",39417,1004,72,358,30,,:,,,:
2024:11:17T22:00:07.000Z,RBReich,True,False,"In his first term, Trump oversaw huge increases in Pentagon spending that enriched defense contractors and drained money from public investments.,,,,,,,:,,,:
,,,,,,,,,,,,:,,,:
His appointment of war hawks like Marco Rubio and Mike Waltz will only further the military:industrial drain.",69534,1512,155,692,73,,,,,,,:,,,:
2024:11:17T21:01:38.000Z,SpeakerJohnson,True,False,"With President Trump back in the White House and Republicans in control of Congress, we'll grow the economy and lower costs.,,,,,,,:,,,:
 ,,,,,,,,,,,,:,,,:
How?,,,,,,,,,,,,:,,,:
 ,,,,,,,,,,,,:,,,:
By preventing the largest tax hike in US history, cutting reckless spending, and incentivizing companies to invest in America and create new jobs.",550162,11167,1609,1548,142,,,,,:,,,:
2024:11:17T17:54:03.000Z,highbrow_nobrow,True,False,"Donald Trump: A tariff is a tax on a foreign country. A lot of people like to say it’s a tax on us. No… It’s is a tax that doesn’t affect our country. ,,,,,,,,:,,,:
@Acyn,,,,,,,,,,,,:,,,:
Fact:check: Wrong. (September)",412254,9100,1113,1980,296,,,,,,,:,,,:
2024:11:20T21:25:21.000Z,GBNEWS,True,False,"'People revolted, and I suspect the same sentiments are going to happen on this side of the pond in the UK.',,,,,,,:,,,:
,,,,,,,,,,,,:,,,:
Donald Trump's son, Eric Trump, has thrown his support behind British farmers following the Labour Government's raid on their inheritance tax relief.",19201,607,22,127,12,,,,,:,,,:
2024:11:12T15:22:05.000Z,DixiDarlen,True,False,"It seems these entertainers that took money from the Kamala campaign to twerk, sing, dole out endorsements, whatever, were actually paid advertisements—if they didn’t disclose that— they broke federal law.",12853,643,19,:,13,,:
2024:11:20T02:07:15.000Z,TiffanyFong_,True,False,There’s a Cybertruck in Donald Trump’s motorcade. No amount of money could produce a car ad cooler than this. ,53756,2059,157,177,64,,,:,,,:
2024:11:18T17:03:13.000Z,tooronlists,False,False,"If you think inflation is bad now, wait until Trump declares National Emergency & deports immigrants who pick & process your food, the people who build your houses, & add in 20% to 200% tariffs passed on to consumers. America is dumb and hateful af.",339169,6493,2021,2125,:,,,:
2024:11:14T02:37:17.000Z,w_terrence,True,False,"KAMALAAAAAAAA CALL ME!!!!!!,,,,,,,,:,,,:
,,,,,,,,,,,,:,,,:
Send this to ,,,,,,,,,,,,:,,,:
@KamalaHarris,,,,,,,,,,,,:,,,:
 ,,,,,,,,,,,,:,,,:
,,,,,,,,,,,,:,,,:
You raised $1 BILLION and now you are negative $20 million dollars, you can’t pay people or the vendors BUT you were going to fix the Economy over night!,,,,,,,,,,,:,,,:
,,,,,,,,,,,,:,,,:
Trump offered to help so I have some coins I would like to give you",297073,6520,398,1527,214,,,,,,,:,,,:
2024:11:14T15:36:44.000Z,ChainLinkGod,True,False,">it was real,,,,,,,,:,,,:
,,,,,,,,,,,,:,,,:
.,,,,,,,,,,,,:,,,:
@worldlibertyfi,,,,,,,,,,,,:,,,:
, the DeFi protocol supported by ,,,,,,,,,,,:,,,:
@realDonaldTrump,,,,,,,,,,,,:,,,:
 and the Trump family, is adopting the #Chainlink standard,,,,,,,,,,,:,,,:
,,,,,,,,,,,,:,,,:
Price Feeds will secure WLFI’s Aave V3 deployment, while CCIP and PoR will support future protocol expansions",33105,607,32,101,26,,,,,,:,,,:
2024:11:20T22:40:47.000Z,Arightside,True,False,"BREAKING : Trump says that he will NOT arm Ukraine and supply them with money to attack Russia. But that he will end the war.,,,,,,,,:,,,:
,,,,,,,,,,,,:,,,:
Do you get it now? He wants to end the war. And for all those lunatics who said during Trump’s first term that He was a puppet of Putin because He",732,28,3,12,1,,,,,,,:,,,:
2024:11:19T23:01:08.000Z,CBSNews,True,False,"Lawyers for Manhattan DA Alvin Bragg are urging Justice Juan Merchan that Trump should not be sentenced for his crimes in his New York ""hush money"" case until after he completes his second term in office. ""We've never been here before,"" says CBS News legal contributor Jessica",67503,115,100,43,13,,:,,,:
2024:11:20T22:24:47.000Z,RickyDoggin,True,False,"Trump: ""One of the most urgent tasks... is to decisively defeat the climate hysteria hoax."",,,,,,,,:,,,:
,,,,,,,,,,,,:,,,:
""The radical left's fearmongering about climate and our future is... destroying America's economy, weakening our society, and eviscerating our middle class. It's really hurting us."",,,,,,,,,,:,,,:
,,,,,,,,,,,,:,,,:
""We",1627,65,3,16,1,,,,,,,:,,,:
2024:11:20T17:07:50.000Z,ImMeme0,True,False,Liberal Looney urges other retarded individuals to not support “Trump’s economy” for the next four years.,73952,1260,1208,265,87,,,:,,,:
2024:11:12T21:31:15.000Z,TrueJMitchell,True,False,"This lady says:Says the boom you felt during Donald Trump's first term was because of Obama, not Trump.,,,,,,,:,,,:
,,,,,,,,,,,,:,,,:
She goes on to say that the last 4 years of inflation and high prices are because of Donald Trump, not Biden.,,,,,,,,,,,:,,,:
,,,,,,,,,,,,:,,,:
Jeff brings the facts.",18635,454,67,256,45,,,,,,,:,,,:
2024:11:16T20:34:47.000Z,TomHoman_,True,False,"President Trump is right. There is no price tag on mass deportation. ,,,,,,,,:,,,:
,,,,,,,,,,,,:,,,:
Democrats waste trillions yet fight us on $15 billion to build a wall and deem it too wasteful?,,,,,,,,,,,,:,,,:
,,,,,,,,,,,,:,,,:
Mass deportation is happening!,,,,,,,,,,,,:,,,:
,,,,,,,,,,,,:,,,:
Finishing the wall is happening!",36507,2568,127,651,27,,,,,,,:,,,:
2018:12:17T18:48:19.000Z,OMGno2trump,False,False,"People who understand economics and stock markets know Trump:,,,,,,,,:,,,:
: doesn't understand markets or economics,,,,,,,,,,,,:,,,:
: has no clue how tariffs work or how they're hurting,,,,,,,,,,,,:,,,:
: tax scam caused deficit & inflation,,,,,,,,,,,,:,,,:
: has worst market since great recession & getting worse,,,,,,,,,,,,:,,,:
,,,,,,,,,,,,:,,,:
https://finance.yahoo.com/news/trump:puts:fed:blast:critical:141308520.html…",0,284,16,220,0,,,,,,,:,,,:
2024:11:20T20:56:47.000Z,4TaxFairness,False,False,"Dr. Oz wants to privatize Medicare.,,,,,,,,:,,,:
,,,,,,,,,,,,:,,,:
He called for a 20% payroll tax to pay for it.,,,,,,,,,,,,:,,,:
,,,,,,,,,,,,:,,,:
Trump wants him to make huge cuts to Medicare and Medicaid while he gives Big Pharma tax breaks.,,,,,,,,,,,,:,,,:
,,,,,,,,,,,,:,,,:
How is any of this supposed to lower costs for struggling families?",1669,140,7,81,5,,,,,,,:,,,:
2024:11:18T00:12:36.000Z,bySukie,True,False,"Kaspa is going to surpass $100B MC,,,,,,,,:,,,:
,,,,,,,,,,,,:,,,:
Why?,,,,,,,,,,,,:,,,:
,,,,,,,,,,,,:,,,:
Money is energy & Kaspa is one of the hardest currencies out there next to $BTC,,,,,,,,,,,,:,,,:
,,,,,,,,,,,,:,,,:
$KAS is a blackhole, absorbing liquidity from all Cryptos as more people find out about it,,,,,,,,,,,:,,,:
,,,,,,,,,,,,:,,,:
People like Elon, ",32250,499,26,115,39,,,,,,:,,,:
2024:11:15T16:03:34.000Z,denverpost,True,False,Trump wants to end ‘wokeness’ in education. He has vowed to use federal money as leverage,22338,815,227,60,2,,,:,,,:
2024:11:17T19:28:02.000Z,TrumpjrJohn,True,False,"I'm printing money with #Memecoins. ,,,,,,,,:,,,:
,,,,,,,,,,,,:,,,:
If you see this, like, retweet, and follow.,,,,,,,,,:,,,:
,,,,,,,,,,,,:,,,:
I might just change your life.",106212,608,227,344,23,,,,,,,:,,,:
