timestamp username icon:verified fact:checked text views likes replies reposts bookmarks   :   :            :   :
2024:11:02T08:10:54.000Z,mollie_don,True,False,"Trump's economic policies, including tariffs, tax cuts, and immigration control, aim to address inflation and stimulate economic growth. Supporters believe his straightforward approach could eliminate bureaucratic hurdles and stimulate immediate economic activity.,,,,:,,,:
,,,,,,,,,,,,:,,,:
If we want to",8885,270,14,208,3,,,,,,,:,,,:
2024:11:15T12:34:37.000Z,LanceRoberts,True,False,"#President #Trump is walking into an #economy and #market that has a vastly different setup than when elected in 2016. ,,,,,,,,:,,,:
@thedailyshot",32230,321,21,86,126,,,,,,,:,,,:
2024:11:11T21:01:02.000Z,CNBCClosingBell,True,False,"#Tesla popping again today, with the stock seeing a more than 40% gain since the election. ,,,,,,,:,,,:
@DivesTech,,,,,,,,,,,,:,,,:
, who is raising his price target to $400 from $300, calls president:elect Trump's victory a ""game changer"" for Tesla:",401909,303,22,85,33,,,,,:,,,:
2024:11:16T18:17:52.000Z,BreitbartNews,True,False,Trump tells the story of a woman who had to return one of the apples she was attempting to buy at a grocery store when she realized how expensive they were in the Biden:Harris economy.,45366,532,40,76,8,,,:,,,:
2024:11:12T15:22:05.000Z,DixiDarlen,True,False,"It seems these entertainers that took money from the Kamala campaign to twerk, sing, dole out endorsements, whatever, were actually paid advertisements—if they didn’t disclose that— they broke federal law.",12845,643,19,:,13,,:
2024:11:12T15:47:33.000Z,RealAmVoice,True,False,"CONVERSATIONS ARE NOT ALLOWED: Judge Merchon delayed the Trump immunity decision in the NY hush:money case. ""Now, he has to declare a mistrial. No need for another delay. Does he really think he's going to send President:Elect Trump to Rikers?"",,,,,,,:,,,:
@mrddmia,,,,,,,,,,,,:,,,:
 @Bannons_WarRoom,,,,,,,,,,,,:,,,:
 #WarRoom",28184,685,20,275,31,,,,,,,:,,,:
2024:11:14T03:08:52.000Z,MemeNonLibs,True,False,"“You f**king b**ches elected Trump into office”,,,,,,,,:,,,:
,,,,,,,,,,,,:,,,:
You’d think a week would be enough time for these liberals to calm down ,,,,,,,,,,,,:,,,:
,,,,,,,,,,,,:,,,:
Do we really care that much more about “the economy” over “women’s rights?”",152315,794,963,221,115,,,,,,,:,,,:
2024:11:12T18:14:40.000Z,RolandForTexas,True,False,"Donald Trump’s border czar is ready to start mass deportations from day one, throwing our economy into chaos and ripping families apart.",17826,205,549,135,12,,:,,,:
2024:11:19T23:04:11.000Z,SenTuberville,True,False,"Howard Lutnick will do great work leading the Commerce Department.,,,,,,,,:,,,:
,,,,,,,,,,,,:,,,:
He’s one of the most successful guys on Wall Street, and nobody is better suited to represent America abroad than Howard.,,,,,,,,,,,:,,,:
,,,,,,,,,,,,:,,,:
He’s fully behind President Trump’s America First tariff policy and will get us back on",4144,221,18,46,5,,,,,,,:,,,:
2024:11:13T03:53:17.000Z,TheThe1776,True,False,"This young lady has been dating a guy for 5:6 years.  He’s from Algeria and been in the states for over 10 years and after paying lots of money and going through the legal process, he got his citizenship over the summer and she agrees with President Trump strict immigration",22577,840,33,308,63,,:,,,:
2024:11:20T18:23:06.000Z,RubinReportShow,True,False,"""It won't just be that American jobs, and companies, and workers get screwed. Right now, it's a one way screwing."" ,,,,,:,,,:
@RubinReport,,,,,,,,,,,,:,,,:
 ,,,,,,,,,,,,:,,,:
,,,,,,,,,,,,:,,,:
Here is Howard Lutnick explaining why Trump's tariffs are a great idea for the American economy.",11390,94,1,11,8,,,,,,,:,,,:
2024:11:13T03:23:49.000Z,AutismCapital,True,False," HOROWITZ: ""Within 24 hours of Trump being elected, the stock market had its 5th biggest day in history. No economic news, no 'the economy is going well,’ no nothing. The Crypto markets went way beyond that. All fintech went up. Just the fact that it wasn't going to be the",129214,1874,36,213,:,,,:
2024:11:17T19:28:02.000Z,TrumpjrJohn,True,False,"I'm printing money with #Memecoins. ,,,,,,,,:,,,:
,,,,,,,,,,,,:,,,:
If you see this, like, retweet, and follow.,,,,,,,,,:,,,:
,,,,,,,,,,,,:,,,:
I might just change your life.",105922,612,227,346,23,,,,,,,:,,,:
2024:11:12T15:29:50.000Z,MSNBC,True,False,BREAKING: Judge in Trump hush money case delays key ruling ahead of sentencing.,217809,959,535,411,129,,,:,,,:
2024:11:18T04:08:11.000Z,LloydChapman,True,False,Have you noticed how aggressive the democrats are about losing this election? I think I know why. Trillions in our tax dollars have disappeared across the government. The democrats are terrified Elon Musk and the Trump team are going to expose the fact they looted trillions.,15333,857,27,211,36,,,:,,,:
2024:11:15T18:22:00.000Z,RepTenney,True,False,". ,,,,,,,,:,,,:
@HouseGOP,,,,,,,,,,,,:,,,:
 is committed to working with President Trump to implement his America First agenda.,,,,,,,,,,,,:,,,:
,,,,,,,,,,,,:,,,:
This includes preserving and expanding the important Tax Cuts and Jobs Act to lower taxes for hardworking Americans!",11317,166,45,45,1,,,,,,,:,,,:
2024:11:18T17:03:13.000Z,tooronlists,False,False,"If you think inflation is bad now, wait until Trump declares National Emergency & deports immigrants who pick & process your food, the people who build your houses, & add in 20% to 200% tariffs passed on to consumers. America is dumb and hateful af.",338875,6492,2021,2122,:,,,:
2024:11:15T00:35:00.000Z,its_The_Dr,True,False,DO YOU THINK PRESIDENT TRUMP IS RIGHT TO SAY SENIORS SHOULDN’T PAY TAX ON SOCIAL SECURITY?,21815,1886,268,243,10,,,:,,,:
2024:11:13T12:06:53.000Z,GoPlusSecurity,True,False,"GoPlus Alert,,,,,,,,:,,,:
,,,,,,,,,,,,:,,,:
Recently,  ,,,,,,,,,,,:,,,:
@Cointelegraph,,,,,,,,,,,,:,,,:
  published the false information that ""Trump is the largest holder of $PNUT "".,,,,,,,,,,,,:,,,:
,,,,,,,,,,,,:,,,:
Please be cautious in the bull market and carefully verify the information released by media outlets and KOLs to avoid falling victim to copycat projects,",32708,982,34,4906,3,,,,,,:,,,:
2024:11:13T20:59:12.000Z,NMalliotakis,True,False,"Trump is already slashing prices! ,,,,,,,,:,,,:
@GovKathyHochul,,,,,,,,,,,,:,,,:
 is cutting her congestion tax from $15 to $9, but we won’t stop fighting until it’s gone! If she insists, every federal dollar to ,,,,,,,,,,:,,,:
@MTA,,,,,,,,,,,,:,,,:
 will be scrutinized & we’ll demand answers for its gross mismanagement!",13779,669,90,175,7,,,,,,,:,,,:
