timestamp username icon:verified fact:checked text views likes replies reposts bookmarks   :   :            :   :
2024:11:10T20:01:28.000Z,JohnBasham,True,False,"FACT: EVERY CELEBRITY (Including Oprah) OR LEFT:WING PODCASTER Who Took Money From The ,,,,,,,,:,,,:
@KamalaHarris,,,,,,,,,,,,:,,,:
 Campaign AND DID NOT DISCLOSE THEY WERE A PAID POLITICAL ADVERTISEMENT, BROKE FEDERAL LAW!,,,,,,,,,,,:,,,:
Get A Lawyer Now!,,,,,,,,,,,,:,,,:
The Law Applies To Both Parties & A Trump DOJ MUST Investigate.",2674519,87855,768,27161,4799,,,,,,,:,,,:
2024:11:10T18:59:56.000Z,Jeremyybtc,True,False,"doge will be the biggest runner of this bull run,,,,,,,,:,,,:
,,,,,,,,,,,,:,,,:
elon musk publicly comes out as the co founder of dogecoin,,,,,,,,,,,,:,,,:
,,,,,,,,,,,,:,,,:
trump and elon both mentioned integrating dogecoin as a big part of america's economy,,,,,,,,,,,,:,,,:
,,,,,,,,,,,,:,,,:
1 $doge = $1",89193,650,87,113,24,,,,,,,:,,,:
2024:11:09T20:37:49.000Z,texan_maga,True,False,"Where is President Trump going to get all of this money to deport people?,,,,,,,,:,,,:
,,,,,,,,,,,,:,,,:
Here’s your common sense answer.",6221,1859,63,359,74,,,,,,,:,,,:
2024:11:07T20:31:58.000Z,RealJamesWoods,True,False,"As the stock market sets record highs, as Americans once again celebrate holidays with joy, as the dark cloud of divisive hate dissipates over the horizon, let’s smile, ignore the sour losers, and cherish our landslide victory to a brighter tomorrow.",268529,27755,:,4352,151,:
2024:11:10T23:14:58.000Z,CryptoHayes,True,False,"Some of y'all don't believe Trump is about to trash the $ and print money. $BTC disagrees. Here is #Bitcoin leading vs. my new money supply indicator US Bank Credit. The market is speaking, listen up.,,,,,,,:,,,:
,,,,,,,,,,,,:,,,:
More explanation in my essay ""Black or White"" that drops tom.",148691,2097,151,203,282,,,,,,,:,,,:
2024:11:12T03:19:18.000Z,3orovik,True,False,"Nearly $800 billion dollars added to the total Crypto market cap since Trump won,,,,,,,,:,,,:
,,,,,,,,,,,,:,,,:
Total market cap is now $3 TRILLION dollars",7882,170,36,26,5,,,,,,,:,,,:
2024:11:10T14:59:18.000Z,GuntherEagleman,True,False,"A NBC hack tried to corner Trump on the cost of deporting millions of criminal aliens.,,,,,,,,:,,,:
,,,,,,,,,,,,:,,,:
Trump handled it perfectly:,,,,,,,,,,,,:,,,:
“We have NO choice when people have k*lled and m*rdered. They’re not staying here. There is NO price tag.”,,,,,,,,,,,,:,,,:
,,,,,,,,,,,,:,,,:
They ALL have to go back!",1683865,36793,1023,6372,628,,,,,,,:,,,:
2024:11:08T02:11:40.000Z,BehizyTweets,True,False,"Charlie Kirk is calling for a Trump DOJ investigation into ActBlue for their illegal donation scheme, which involves using the names of elderly people to launder foreign money into Democrat campaigns.,,,,,,,:,,,:
,,,,,,,,,,,,:,,,:
Election Watch has uncovered $100s of millions in laundered cash, not just in",870553,51876,483,15292,1408,,,,,,:,,,:
2024:11:12T03:50:14.000Z,TylerDurden,True,False,"$TRUMP // m15,,,,,,,,:,,,:
,,,,,,,,,,,,:,,,:
Sideways accumulation, give the price action time to develop. It's found nice floor of buyers at 4mil marketcap.",18416,106,22,23,14,,,,,,:,,,:
2024:11:12T03:59:12.000Z,TasteBudB,False,False,#LastWord #MSNBC Come now everybody should know by now what republicans do to the economy. They crash good economies handed over by Democrats. Yes starting with Reagan. Here we go again. Look at the 12 yrs of this century for GOP 9/11 2 wars 2 failed economies Deadly Trump Virus,0,2,1,2,35,,,:,,,:
2024:11:07T15:18:31.000Z,Yeahaboutthat3,True,False,"How Trump's Tariffs would work and how getting rid of the Income Tax would benefit you,,,,,,,,:,,,:
,,,,,,,,,,,,:,,,:
What would you do if your family kept an extra $15k : $30k annually?",2137462,39945,755,13973,17136,,,,,,,:,,,:
2024:11:08T02:06:08.000Z,TONYxTWO,True,False,"“So Trump gets elected President, Hamas calls to end the war, bitcoin shoots to the highest it’s ever been, the stock market shoots to the sky in record numbers, and Putin says he’s ready for negotiations to end the war in Ukraine.,,,,:,,,:
,,,,,,,,,,,,:,,,:
He hasn’t even stepped in office yet.”",4892844,170438,2073,35889,17219,,,,,,,:,,,:
2024:11:09T21:20:54.000Z,RogerJStoneJr,True,False,"Black people, Hispanics —really ALL PEOPLE— want the same thing: economic  opportunity, safe neighborhoods, low gas and food prices…,,,,,:,,,:
,,,,,,,,,,,,:,,,:
They realize Trump brought us those things before and that he could bring them AGAIN.,,,,,,,,,,,,:,,,:
,,,,,,,,,,,,:,,,:
They voted for Trump bc they trust him with their future!",152998,1327,66,249,40,,,,,,,:,,,:
2024:11:07T13:39:35.000Z,IsabellaMWeber,False,False,"Polls: Inflation is #1 concern.,,,,,,,,:,,,:
,,,,,,,,,,,,:,,,:
Harris first economic policy proposal: Price gouging law for food.,,,,,,,,,,,,:,,,:
,,,,,,,,,,,,:,,,:
Most economists: This is price controls. (Me: No, it’s good policy.),,,,,,,,,,,:,,,:
,,,,,,,,,,,,:,,,:
Trump: This is Communist.,,,,,,,,,,,,:,,,:
,,,,,,,,,,,,:,,,:
Harris: Goes quiet.",227089,1960,74,437,206,,,,,,,:,,,:
2024:11:11T13:05:59.000Z,BitcoinPierre,True,False,"Trump should issue an Executive Order to exempt BTC from capital gains taxes within the first 100 days of his presidency.,,,,,,,,:,,,:
,,,,,,,,,,,,:,,,:
Bring all that money back to the United States and grow the economy.",202636,6675,230,688,91,,,,,,,:,,,:
2024:11:08T14:34:09.000Z,WatchChad,True,False,"Lawsuits disappearing,,,,,,,,:,,,:
Stock market soaring ,,,,,,,,,,,,:,,,:
Interest rates down ,,,,,,,,,,,,:,,,:
In talks w/ Putin to end war in Ukraine. ,,,,,,,,,,,,:,,,:
Cease fire in Iran ,,,,,,,,,,,,:,,,:
Hamas calls for “immediate end to war”,,,,,,,,,,,,:,,,:
China is optimistic and talking peaceful co:existence ,,,,,,,,,,,,:,,,:
,,,,,,,,,,,,:,,,:
Trump is a crappy Hitler.",121211,10113,209,2554,224,,,,,,,:,,,:
2024:11:12T07:22:47.000Z,Axel_bitblaze69,True,False,"My exit plan:,,,,,,,,:,,,:
,,,,,,,,,,,,:,,,:
I plan to derisk as and when we approach key catalysts getting priced in, but for now, that's still a long way off.,,,,,,,,,,:,,,:
,,,,,,,,,,,,:,,,:
In my view, the primary catalysts fueling this bull market are all linked to the Trump administration,,,,,,,,,,,:,,,:
,,,,,,,,,,,,:,,,:
and since Donald Trump is set to return to",13822,226,16,37,129,,,,,,,:,,,:
2024:11:12T06:13:54.000Z,RajaBanks,True,False,"I have said it once, and I will say it again, Trump is the best thing to happen to the markets.,,,,,,:,,,:
,,,,,,,,,,,,:,,,:
Be prepared for the best market conditions for the next few years. I have done more in this month alone than what I did in the last 3 months combined !",17528,430,38,27,19,,,,,,,:,,,:
2024:11:07T11:15:37.000Z,wideawake_media,True,False,"Trump: ""One of the most urgent tasks... is to decisively defeat the climate hysteria hoax."",,,,,,,,:,,,:
,,,,,,,,,,,,:,,,:
""The radical left's fearmongering about climate and our future is... destroying America's economy, weakening our society, and eviscerating our middle class. It's really hurting us."",,,,,,,,,,:,,,:
,,,,,,,,,,,,:,,,:
""We",1830477,45066,1376,15399,4411,,,,,,,:,,,:
2024:11:07T22:42:01.000Z,DrLoupis,True,False,"President Trump on Climate:,,,,,,,,:,,,:
,,,,,,,,,,,,:,,,:
""One of the most urgent tasks... is to decisively defeat the climate hysteria hoax."",,,,,,,,,,,,:,,,:
,,,,,,,,,,,,:,,,:
""The radical left's fearmongering about climate and our future is... destroying America's economy, weakening our society, and eviscerating our middle class. It's",143859,3207,132,1039,326,,,,,:,,,:
2024:11:06T16:35:14.000Z,RealJamesWoods,True,False,"After four years of waking up to cold, gray days of misery and hate, America woke up today to a blazing morning of hope, joy, and a record stock market. God bless America and God bless President:elect Donald Trump.",937474,78267,2306,:,627,,:
2024:11:06T21:23:58.000Z,taradublinrocks,True,False,"Bookmark this tweet,,,,,,,,:,,,:
,,,,,,,,,,,,:,,,:
When Trump left office, inflation was 6.7%,,,,,,,,,,,:,,,:
Today, it's 2.4%,,,,,,,,,,,:,,,:
,,,,,,,,,,,,:,,,:
Come back in one year and see where it is.,,,,,,,,,,,,:,,,:
,,,,,,,,,,,,:,,,:
YOU FUCKERS.,,,,,,,,,,,,:,,,:
,,,,,,,,,,,,:,,,:
#TrumpWillEndAmerica",24403,1220,35,373,335,,,,,,,:,,,:
2024:11:05T20:41:16.000Z,lopezalejndraxo,False,False,Yall voting for trump bc of his “economic policy” but yall don’t even make enough to qualify for the tax cuts. broke and dumb ,17487525,593892,9449,77849,13175,,,:,,,:
2024:11:05T00:59:30.000Z,SethAbramson,True,False,Anyone in America who tells you Trump will be better for our economy needs this retweeted for them immediately.,3254163,62823,2199,33119,8540,,,:,,,:
