timestamp username icon:verified fact:checked text views likes replies reposts bookmarks   :   :            :   :
2024:11:10T23:46:08.000Z,DarrigoMelanie,True,False,"Trump's 10 point plan for education:,,,,,,,,:,,,:
,,,,,,,,,,,,:,,,:
: eliminate the Dept. of Education,,,,,,,,,,,,:,,,:
: cut federal funding,,,,,,,,,,,,:,,,:
: promote Christian Nationalism,,,,,,,,,,,,:,,,:
: attack teacher's unions,,,,,,,,,,,,:,,,:
: give public money to for:profit private schools,,,,,,,,,,,,:,,,:
,,,,,,,,,,,,:,,,:
He warned us, and you voted for him anyway.",5797157,52773,6070,10261,7242,,,,,,:,,,:
2024:11:10T18:59:56.000Z,Jeremyybtc,True,False,"doge will be the biggest runner of this bull run,,,,,,,,:,,,:
,,,,,,,,,,,,:,,,:
elon musk publicly comes out as the co founder of dogecoin,,,,,,,,,,,,:,,,:
,,,,,,,,,,,,:,,,:
trump and elon both mentioned integrating dogecoin as a big part of america's economy,,,,,,,,,,,,:,,,:
,,,,,,,,,,,,:,,,:
1 $doge = $1",40617,381,73,71,12,,,,,,,:,,,:
2024:11:08T15:09:03.000Z,IvanOnTech,True,False,"Insane week,,,,,,,,:,,,:
 Trump ,,,,,,,,,,,,:,,,:
 Bitcoin pump,,,,,,,,,,,,:,,,:
 bull market starts for real,,,,,,,,,,,,:,,,:
@moraliscom,,,,,,,,,,,,:,,,:
 team celebrating with cake ",46048,2745,5216,1749,158,,,,,,,:,,,:
2024:11:06T15:07:26.000Z,jamieclimate,False,False,"Biden should go all out on climate for the next 75 days. ,,,,,,,,:,,,:
,,,,,,,,,,,,:,,,:
Declare a climate emergency. Get all the IRA money out the door. Permit new transmission lines. Stop new LNG exports. Ban drilling on public lands. ,,,,,,,,,,,,:,,,:
,,,,,,,,,,,,:,,,:
Make a mountain of progress for Trump to try and undo.",210968,8945,470,1844,237,,,,,,,:,,,:
2024:11:10T21:27:00.000Z,BBKogan,False,False,"I was very busy last month, so I just got around to updating this graph to include our the final FY2024 revenue number.,,,,,,,:,,,:
,,,,,,,,,,,,:,,,:
The Bush and Trump tax cuts broke our modern tax code. Revenue is significantly lower and no longer grows much with the economy.",59588,450,24,218,142,,,,,,,:,,,:
2024:11:11T14:20:40.000Z,MAGA__Patriot,True,False,We must NEVER FORGET the high price paid for the freedom we enjoy. Thank you Veterans! ,3945,246,14,134,3,,,:,,,:
2024:11:05T19:15:24.000Z,itsstilltru,False,False,"“trump will be better for the economy”,,,,,,,,:,,,:
,,,,,,,,,,,,:,,,:
niggaa door dash been your main source of income for about 2 years now the economy got nothing to do with you",4194477,234187,928,19744,4625,,,,,,,:,,,:
2024:11:09T21:20:54.000Z,RogerJStoneJr,True,False,"Black people, Hispanics —really ALL PEOPLE— want the same thing: economic  opportunity, safe neighborhoods, low gas and food prices…,,,,,:,,,:
,,,,,,,,,,,,:,,,:
They realize Trump brought us those things before and that he could bring them AGAIN.,,,,,,,,,,,,:,,,:
,,,,,,,,,,,,:,,,:
They voted for Trump bc they trust him with their future!",149827,1313,65,243,39,,,,,,,:,,,:
2024:11:06T18:25:54.000Z,aly_rendon,False,False,saying i voted for trump because he’s better for the economy when you’re posting your cash app on your story for your birthday is insane,528907,36337,88,4481,469,,,:,,,:
2024:11:06T20:59:46.000Z,vitamindees,True,False,It’s crazy how many people are so worried about how bad Trump will be for the Canadian economy but not how bad Justin Trudeau is for the Canadian economy.,271838,11753,378,1994,120,,,:,,,:
2024:11:05T14:03:05.000Z,TheCryptoLark,True,False,The price of Bitcoin if Trump wins:,83034,1434,189,174,13,,,:,,,:
2024:11:10T14:55:29.000Z,TrumpWarRoom,True,False,"President Trump on his plan for mass deportations of criminal illegal aliens: ""When people have killed and murdered ... they're not staying here. There is no price tag.""",131014,3711,217,809,98,,,:,,,:
2024:11:05T20:41:16.000Z,lopezalejndraxo,False,False,Yall voting for trump bc of his “economic policy” but yall don’t even make enough to qualify for the tax cuts. broke and dumb ,17455595,594341,9458,77891,13190,,,:,,,:
2024:11:06T14:22:53.000Z,Mr_Swift1594,True,False,"“But the economy was soooooooo good when Trump was President” ,,,,,,,,:,,,:
,,,,,,,,,,,,:,,,:
THAT’S BECAUSE OF BARACK OBAMA YOU FUCKING IDIOTS.",4255860,410119,25,50341,6047,,,,,,,:,,,:
2024:11:07T00:29:41.000Z,JoshuaBHoe,True,False,"3 out of 4 people whose biggest concern was the economy voted for Trump  ,,,,,,,,:,,,:
,,,,,,,,,,,,:,,,:
Some have even called it an inflation election  ,,,,,,,,,,,,:,,,:
Trump's policies are:  ,,,,,,,,,,,,:,,,:
,,,,,,,,,,,,:,,,:
* Inflationary Tariffs   ,,,,,,,,,,,,:,,,:
* Deportations, which are inflationary,,,,,,,,,,,:,,,:
* Tax cuts, which are...you guessed it, inflationary  ,,,,,,,,,,:,,,:
,,,,,,,,,,,,:,,,:
...sigh",353,7,1,1,1,,,,,,,:,,,:
2024:11:10T00:07:18.000Z,donlemon,True,False,"They want Trump because of the economy, right?",1529473,17742,3393,5614,4005,,:,,,:
2024:11:10T11:59:15.000Z,iamDCinvestor,True,False,"you literally could not ask for a better environment for crypto right now,,,,,,,,:,,,:
,,,,,,,,,,,,:,,,:
a Trump win bring the potential massive deregulation and acceptance of crypto, and an end to regulation by enforcement,,,,,,,,,,,:,,,:
,,,,,,,,,,,,:,,,:
BUT he literally can’t take any real action until January 20,,,,,,,,,,,,:,,,:
,,,,,,,,,,,,:,,,:
so the market will run",48688,855,34,58,42,,,,,,,:,,,:
2024:11:11T09:17:10.000Z,cryptorobotics,True,False,"Analytics: market outlook and forecasts* ,,,,,,,,:,,,:
,,,,,,,,,,,,:,,,:
 WHAT HAPPENED?,,,,,,,,,,,,:,,,:
,,,,,,,,,,,,:,,,:
Last week was a landmark for the entire crypto community. Against the background of the announcement of the preliminary results of the US presidential election and the leadership of Donald Trump, bitcoin resumed its",0,212,4,53,8200,,,,,,:,,,:
2024:11:11T13:50:16.000Z,smalls2672,True,False,"Maga: I voted for Trump because of the economy and prices being too high. ,,,,,,,,:,,,:
,,,,,,,,,,,,:,,,:
Also maga: what's a tariff?",19070,2323,96,441,18,,,,,,,:,,,:
2024:11:11T02:34:15.000Z,tommysantos14,True,False," Baselined: The Biden Economy,,,,,,,,:,,,:
We are taking a snapshot of Joe Biden's economy before he leaves office so we have a point of comparison when Donald Trump begins to take credit for it, like he did the economy he inherited form Barack Obama.",502550,10867,416,3425,3711,,,,,,:,,,:
2024:11:11T00:52:26.000Z,TaraSetmayer,True,False,"I had a few things to say on ,,,,,,,,:,,,:
@NewsCentralCNN,,,,,,,,,,,,:,,,:
 ,,,,,,,,,,,,:,,,:
about the people who voted for Trump owning all of the ilk that goes along with that. ,,,,,,,,,,,,:,,,:
You don’t get to just complain about the price of eggs and ignore the anti:democratic, racism & sexism MAGA represents.",290776,6280,606,1386,449,,,,,,:,,,:
