timestamp username icon:verified fact:checked text views likes replies reposts bookmarks   :   :            :   :
2024:11:02T08:10:54.000Z,mollie_don,True,False,"Trump's economic policies, including tariffs, tax cuts, and immigration control, aim to address inflation and stimulate economic growth. Supporters believe his straightforward approach could eliminate bureaucratic hurdles and stimulate immediate economic activity.,,,,:,,,:
,,,,,,,,,,,,:,,,:
If we want to",8880,270,14,208,3,,,,,,,:,,,:
2024:11:11T14:20:40.000Z,MAGA__Patriot,True,False,We must NEVER FORGET the high price paid for the freedom we enjoy. Thank you Veterans! ,14345,798,35,417,14,,,:,,,:
2024:11:16T18:17:52.000Z,BreitbartNews,True,False,Trump tells the story of a woman who had to return one of the apples she was attempting to buy at a grocery store when she realized how expensive they were in the Biden:Harris economy.,45340,532,40,76,8,,,:,,,:
2024:11:12T15:22:05.000Z,DixiDarlen,True,False,"It seems these entertainers that took money from the Kamala campaign to twerk, sing, dole out endorsements, whatever, were actually paid advertisements—if they didn’t disclose that— they broke federal law.",12827,643,19,:,13,,:
2024:11:12T17:21:17.000Z,kurtbardella,True,False,"First off, I’m not sure how the economy gets to where we want it to go if the first move is to deport everyone who does the hard labor (for menial wages). The Trump economy means the rich get richer and everyone else gets left behind.",39413,1005,72,358,30,,:,,,:
2024:11:11T02:34:15.000Z,tommysantos14,True,False," Baselined: The Biden Economy,,,,,,,,:,,,:
We are taking a snapshot of Joe Biden's economy before he leaves office so we have a point of comparison when Donald Trump begins to take credit for it, like he did the economy he inherited form Barack Obama.",2487698,28475,2765,8088,8738,,,,,,:,,,:
2024:11:09T00:03:45.000Z,cwebbonline,True,False,"A Latino family who voted for Trump speaks out. Not going to lie—this is tough to watch.,,,,,,,,:,,,:
,,,,,,,,,,,,:,,,:
SPOILER ALERT: It was about the economy. Trump’s threats of mass deportation didn’t matter to them, as they believe it won’t affect their undocumented relatives, because they aren’t",8429307,45626,7088,9597,17159,,,,,:,,,:
2024:11:19T22:09:57.000Z,SteveScalise,True,False," House Republicans are already working with President Trump on a plan to hit the ground running:,,,,,,,,:,,,:
,,,,,,,,,,,,:,,,:
: Lock in the Trump Tax Cuts to prevent the largest tax hike in American history,,,,,,,,,,,,:,,,:
: Unleash American energy to drive down inflation and costs for families,,,,,,,,,,,,:,,,:
: Surge resources to fund",11502,429,47,97,4,,,,,,,:,,,:
2024:11:14T19:15:59.000Z,NMalliotakis,True,False, Everyone is looking to President Trump to save the day and ax the tax because Kathy Hochul ignores the will of New Yorkers.,9119,459,39,99,4,,,:,,,:
2024:11:17T17:54:03.000Z,highbrow_nobrow,True,False,"Donald Trump: A tariff is a tax on a foreign country. A lot of people like to say it’s a tax on us. No… It’s is a tax that doesn’t affect our country. ,,,,,,,,:,,,:
@Acyn,,,,,,,,,,,,:,,,:
Fact:check: Wrong. (September)",409434,9101,1110,1977,297,,,,,,,:,,,:
2024:11:14T13:00:00.000Z,brutamerica,True,False,"Trump’s proposals for the economy are sparking debates. But economists warn his tariffs could lead to higher prices for consumers, and his tax cuts might mainly benefit the wealthy. ,,,,,,,:,,,:
#ElectionEconomics #Trump2024 #EconomicPolicy",0,3,1,1,206,,,,,,,:,,,:
2024:11:20T00:09:05.000Z,RepMTG,True,False," I just confronted FEMA Administrator Criswell ,,,,,,,,:,,,:
,,,,,,,,,,,,:,,,:
Criswell prioritized equity programs and politics over providing aid to Americans in need after historic natural disasters—simply because they supported President Trump.,,,,,,,,,,,,:,,,:
,,,,,,,,,,,,:,,,:
Meanwhile, FEMA had plenty of money and resources to",241311,15559,678,5470,484,,,,,,:,,,:
2024:11:16T20:55:17.000Z,trumprealparody,True,False,"FACT CHECK:,,,,,,,,:,,,:
,,,,,,,,,,,,:,,,:
Do You Agree With President Trump For Saying, Seniors Should Not Pay Tax On Social Security?,,,,,,,,,,,:,,,:
,,,,,,,,,,,,:,,,:
A. YES ,,,,,,,,,,,,:,,,:
B. NO",36826,2187,1137,303,17,,,,,,,:,,,:
2024:11:18T12:49:43.000Z,JavonAPrice,True,False,Seems Joe and Mika woke up with a newfound realization this morning: apparently President Trump is no longer Hitler nor a threat to American democracy.,40152,1098,185,213,35,,,:,,,:
2024:11:12T15:47:33.000Z,RealAmVoice,True,False,"CONVERSATIONS ARE NOT ALLOWED: Judge Merchon delayed the Trump immunity decision in the NY hush:money case. ""Now, he has to declare a mistrial. No need for another delay. Does he really think he's going to send President:Elect Trump to Rikers?"",,,,,,,:,,,:
@mrddmia,,,,,,,,,,,,:,,,:
 @Bannons_WarRoom,,,,,,,,,,,,:,,,:
 #WarRoom",28175,685,20,275,31,,,,,,,:,,,:
2024:11:13T21:28:21.000Z,kdollsweety,True,False,"The stock market is soaring, the U.S. dollar is gaining strength, and crude oil futures are crashing.,,,,,,:,,,:
,,,,,,,,,,,,:,,,:
And Donald Trump hasn’t even taken office yet!",9203,506,27,102,2,,,,,,,:,,,:
2024:11:19T15:41:21.000Z,WallStreetApes,True,False,"Republican RINOs want to release bogus ethics reports to discredit Donald Trump’s picks and Attorney General Matt Gaetz,,,,,,,,:,,,:
,,,,,,,,,,,,:,,,:
These same reps refuse to release the records on “Congress has paid over $17 million in hush money for sexual misconduct”,,,,,,,,,,,,:,,,:
,,,,,,,,,,,,:,,,:
That’s a secret they can keep, “Who",35834,2902,99,1594,236,,,,,,:,,,:
2024:11:17T21:01:38.000Z,SpeakerJohnson,True,False,"With President Trump back in the White House and Republicans in control of Congress, we'll grow the economy and lower costs.,,,,,,,:,,,:
 ,,,,,,,,,,,,:,,,:
How?,,,,,,,,,,,,:,,,:
 ,,,,,,,,,,,,:,,,:
By preventing the largest tax hike in US history, cutting reckless spending, and incentivizing companies to invest in America and create new jobs.",548632,11156,1599,1548,144,,,,,:,,,:
2024:11:19T17:08:30.000Z,ReallyAmerican1,True,False,"Republicans can hardly wait to cut services for the poor, like Medicaid and food stamps, in order to fund Trump's tax cuts for the rich.,,,,,,:,,,:
,,,,,,,,,,,,:,,,:
Many of MAGA need those services.,,,,,,,,,,,,:,,,:
This is what they voted for.",66570,1614,170,893,68,,,,,,,:,,,:
2024:11:11T23:15:47.000Z,realDailyWire,True,False,"""The time of concessions, the time of weakness is over. The time of the strength that President Trump brings back to the office has returned."",,,,,,,:,,,:
@BenShapiro,,,,,,,,,,,,:,,,:
 on what the Iranian economy could look like with President Trump back in office,,,,,,,,,,,,:,,,:
@FoxBusiness",256706,1453,34,136,49,,,,,,,:,,,:
2024:11:13T18:07:30.000Z,ReturnOfKappy,True,False,This will be pretty epic if Trump takes the money from the illegals and gives it to the Vets…,13704,547,11,96,27,,,:,,,:
2024:11:18T15:09:26.000Z,politvidchannel,True,False,BREAKING: Restaurant owners who rely on immigrant labor to stay afloat are saying President:elect Donald Trump's mass deportations will Lead to a downturn in the economy,18984,1149,208,608,35,,,:,,,:
