timestamp username icon:verified fact:checked text views likes replies reposts bookmarks   :   :            :   :
2024:11:02T08:10:54.000Z,mollie_don,True,False,"Trump's economic policies, including tariffs, tax cuts, and immigration control, aim to address inflation and stimulate economic growth. Supporters believe his straightforward approach could eliminate bureaucratic hurdles and stimulate immediate economic activity.,,,,:,,,:
,,,,,,,,,,,,:,,,:
If we want to",8885,270,14,208,3,,,,,,,:,,,:
2024:11:20T00:09:05.000Z,RepMTG,True,False," I just confronted FEMA Administrator Criswell ,,,,,,,,:,,,:
,,,,,,,,,,,,:,,,:
Criswell prioritized equity programs and politics over providing aid to Americans in need after historic natural disasters—simply because they supported President Trump.,,,,,,,,,,,,:,,,:
,,,,,,,,,,,,:,,,:
Meanwhile, FEMA had plenty of money and resources to",521480,27961,1057,9734,921,,,,,,:,,,:
2024:11:17T22:47:05.000Z,thebearablebull,True,False,"US Based Cryptos Are Outperforming The Market & Will ABSOLUTELY THRIVE!!!!,,,,,,,,:,,,:
,,,,,,,,,,,,:,,,:
Think XRP, XLM, HBAR, ADA, ALGO, DAG, PROPY & Many More,,,,,,:,,,:
,,,,,,,,,,,,:,,,:
Ladies & Gentlemen Everything Has Changed Since Trump Got Elected!!!,,,,,,,,,,,,:,,,:
,,,,,,,,,,,,:,,,:
This Cycle Will Be Completely Different From 2021",154600,2464,83,473,216,,,,,,,:,,,:
2024:11:17T15:52:01.000Z,RpsAgainstTrump,True,False,"This is what a Banana Republic looks like: an oligarch with an enormous economic stake controls the president and dictates policy. ,,,,,,,,:,,,:
,,,,,,,,,,,,:,,,:
Well done, everyone.",904893,16380,868,4213,785,,,,,,:,,,:
2024:11:17T17:54:03.000Z,highbrow_nobrow,True,False,"Donald Trump: A tariff is a tax on a foreign country. A lot of people like to say it’s a tax on us. No… It’s is a tax that doesn’t affect our country. ,,,,,,,,:,,,:
@Acyn,,,,,,,,,,,,:,,,:
Fact:check: Wrong. (September)",411825,9098,1113,1980,297,,,,,,,:,,,:
2024:11:12T15:22:05.000Z,DixiDarlen,True,False,"It seems these entertainers that took money from the Kamala campaign to twerk, sing, dole out endorsements, whatever, were actually paid advertisements—if they didn’t disclose that— they broke federal law.",12843,643,19,:,13,,:
2024:11:12T18:14:40.000Z,RolandForTexas,True,False,"Donald Trump’s border czar is ready to start mass deportations from day one, throwing our economy into chaos and ripping families apart.",17822,205,549,134,12,,:,,,:
2024:11:16T22:30:01.000Z,RBReich,True,False,"Trump has named Stephen Miller and Tom Homan — the architects of his family separation policy — to powerful roles in his White House.,,,,,,,,:,,,:
,,,,,,,,,,,,:,,,:
Their fingerprints are all over Trump's mass deportation scheme, which would wreck the economy and rip families apart.",71644,2330,400,1230,156,,,,,,:,,,:
2024:11:14T01:14:12.000Z,jcokechukwu,True,False,"By the way, here’s Tulsi, Trump’s pick for DNI (Director of National Intelligence), exposing the Ukrainian bio labs and wandering why American money would go to shady, dirty ventures like bio labs in Ukraine and China and elsewhere, from where COVID and other designer diseases",15387,546,:,376,69,:
2024:11:17T22:00:07.000Z,RBReich,True,False,"In his first term, Trump oversaw huge increases in Pentagon spending that enriched defense contractors and drained money from public investments.,,,,,,,:,,,:
,,,,,,,,,,,,:,,,:
His appointment of war hawks like Marco Rubio and Mike Waltz will only further the military:industrial drain.",69465,1510,155,692,73,,,,,,,:,,,:
2024:11:20T10:48:18.000Z,RoaringKitty,False,False,"If $Bakkt is below $10 million market cap, $20 million market cap, or $30 million market cap, it changes nothing. If Trump buys the Bakkt exchange, it will instantly pump to hundreds of millions, no matter what.",64942,825,:,174,43,:
2024:11:15T20:59:12.000Z,renoomokri,True,False,How We Will Keep Making Money In The Trump Era,24795,282,19,57,58,,,:,,,:
2024:11:18T12:49:43.000Z,JavonAPrice,True,False,Seems Joe and Mika woke up with a newfound realization this morning: apparently President Trump is no longer Hitler nor a threat to American democracy.,40391,1102,185,214,36,,,:,,,:
2024:11:20T12:59:52.000Z,DavidANicholas,True,False,"A Trump corporate tax cut is what the stock market is looking for.,,,,,,,,:,,,:
,,,,,,,,,,,,:,,,:
With a boost in spending power, companies like Amazon $AMZN will thrive. Tesla $TSLA benefits as EV subsidies are rolled back, and eased regulations would be a boon for Meta $META.,,,,,,,,,,:,,,:
,,,,,,,,,,,,:,,,:
Strategically putting money to",10445,56,4,15,2,,,,,,,:,,,:
2024:11:19T17:31:33.000Z,TheThe1776,True,False,"John Fredericks goes off on Republicans Senators who says they won’t vote for Matt Gaetz or President Trump’s nominees: “The people that have an R by their name, they think they're hot stuff right. Cause they're serving U.S. Senate. They got the big staffs to get all the stock",57632,2564,115,1361,159,,:,,,:
2024:11:11T23:15:47.000Z,realDailyWire,True,False,"""The time of concessions, the time of weakness is over. The time of the strength that President Trump brings back to the office has returned."",,,,,,,:,,,:
@BenShapiro,,,,,,,,,,,,:,,,:
 on what the Iranian economy could look like with President Trump back in office,,,,,,,,,,,,:,,,:
@FoxBusiness",256743,1453,34,136,48,,,,,,,:,,,:
2024:11:19T23:01:08.000Z,CBSNews,True,False,"Lawyers for Manhattan DA Alvin Bragg are urging Justice Juan Merchan that Trump should not be sentenced for his crimes in his New York ""hush money"" case until after he completes his second term in office. ""We've never been here before,"" says CBS News legal contributor Jessica",63492,94,91,38,10,,:,,,:
2024:11:14T01:49:18.000Z,FrankFigliuzzi1,True,False,"Day after election. Crypto:based prediction market that predicted Trump win is under FBI investigation. Oh, and Peter Theil is in there too: FBI Seizes Polymarket Founder’s Phone in Raid of Home ⁦,,,,,,,:,,,:
@FBI,,,,,,,,,,,,:,,,:
⁩",44311,755,46,402,49,,,,,,,:,,,:
2024:11:15T18:22:00.000Z,RepTenney,True,False,". ,,,,,,,,:,,,:
@HouseGOP,,,,,,,,,,,,:,,,:
 is committed to working with President Trump to implement his America First agenda.,,,,,,,,,,,,:,,,:
,,,,,,,,,,,,:,,,:
This includes preserving and expanding the important Tax Cuts and Jobs Act to lower taxes for hardworking Americans!",11311,166,45,45,1,,,,,,,:,,,:
2024:11:12T23:26:08.000Z,VigilantFox,True,False,"10 Shocking Stories the Media Buried Today,,,,,,,,:,,,:
,,,,,,,,,,,,:,,,:
#10 : Trump has inherited a “turd of an economy,” and when things “roll over,” he’ll be the one blamed for it.,,,,,,,,,,:,,,:
,,,,,,,,,,,,:,,,:
This dire news comes from COVID vaccine data analyst and former BlackRock asset manager Ed Dowd.,,,,,,,,,,,,:,,,:
,,,,,,,,,,,,:,,,:
Dowd predicts things could",1420829,9444,238,3347,2483,,,,,,,:,,,:
