timestamp username icon:verified fact:checked text views likes replies reposts bookmarks   :   :            :   :
2024:11:13T05:28:54.000Z,amerix,True,False,"President Trump has picked Elon Musk and Vivek Ramaswamy to lead The Department of Government Efficiency (DOGE),,,,,,,,:,,,:
,,,,,,,,,,,,:,,,:
This department is tasked with ending wastage of taxpayers' money and draining the swamp.,,,,,,,,,,,,:,,,:
,,,,,,,,,,,,:,,,:
America has Vivek, Kenya has David Ndii.,,,,,,,,,,,:,,,:
,,,,,,,,,,,,:,,,:
Kenya is led by fools.",303837,6425,307,2052,223,,,,,,,:,,,:
2024:11:09T20:18:20.000Z,CalltoActivism,True,False,"BREAKING NEWS:,,,,,,,,:,,,:
,,,,,,,,,,,,:,,,:
Trump says he’ll sign an executive order instructing all Federal agencies to cease all programs that promote gender transition AT ANY AGE.,,,,,,,,,,,,:,,,:
,,,,,,,,,,,,:,,,:
Trump will also call on Congress to prohibit tax payer funding for sex affirming procedures.,,,,,,,,,,,,:,,,:
,,,,,,,,,,,,:,,,:
This will ruin people’s lives.",14570842,92740,15926,13245,10519,,,,,,,:,,,:
2024:11:11T11:29:07.000Z,SquawkCNBC,True,False,"""Instead of criticizing Jay Powell, I think Trump should thank Jay Powell because his overly easy policy during the Biden administration causing all that inflation was certainly one of the reasons Trump won the election,"" says ,,,,,,:,,,:
@Wharton,,,,,,,,,,,,:,,,:
's Jeremy Siegel.",129094,753,73,101,108,,,,,,,:,,,:
2024:11:08T17:12:54.000Z,paularambles,True,False,the republicanism leaving tech bros’ bodies as soon as trump announces a 60% tariff on uniqlo,1532464,97644,54,4435,2408,,,:,,,:
2024:11:11T18:25:24.000Z,kayleighmcenany,True,False,"THE TRUMP EFFECT,,,,,,,,:,,,:
,,,,,,,,,,,,:,,,:
In just a few days and before he is even President ,,,,,,,,,,,,:,,,:
,,,,,,,,,,,,:,,,:
 First female Chief of Staff appointed,,,,,,,,,,,,:,,,:
 Stock market hitting all:time:highs,,,,,,,,,,,,:,,,:
 Newest migrant caravan breaking up,,,,,,,,,,,,:,,,:
 NYC to stop giving debit cards to illegal immigrants,,,,,,,,,,,,:,,,:
 EU wants to buy US gas, not",807198,23207,463,4639,1639,,,,,,:,,,:
2024:11:12T17:21:17.000Z,kurtbardella,True,False,"First off, I’m not sure how the economy gets to where we want it to go if the first move is to deport everyone who does the hard labor (for menial wages). The Trump economy means the rich get richer and everyone else gets left behind.",39104,1066,72,355,33,,:,,,:
2024:11:08T13:21:18.000Z,LondonEconomic,True,False,Tories reminding Trump of all the time Labour MPs have badmouthed him won't want to see this...,138344,2161,81,1361,188,,,:,,,:
2024:11:07T23:22:11.000Z,kbyrd2_,False,False,Trump got all the credit for Obama’s economy. Just for America to turn around & blame Biden for Trump’s economy.,8271431,239707,3718,28455,7391,,,:,,,:
2024:11:13T18:02:58.000Z,DogginTrump,True,False,"Billionaires are dumping stocks faster than I change my socks. Jeff Bezos has sold $12.5 billion of Amazon shares. Warren Buffett has dumped Apple stock & now has $325 billion in cash. And Buffet has a rule that he never sells. ￼,,,,,,,,:,,,:
,,,,,,,,,,,,:,,,:
The real billionaires know, Trump‘s about to",2350219,24740,2128,5999,2835,,,,,,:,,,:
2024:11:08T02:06:08.000Z,TONYxTWO,True,False,"“So Trump gets elected President, Hamas calls to end the war, bitcoin shoots to the highest it’s ever been, the stock market shoots to the sky in record numbers, and Putin says he’s ready for negotiations to end the war in Ukraine.,,,,:,,,:
,,,,,,,,,,,,:,,,:
He hasn’t even stepped in office yet.”",4926723,170428,2075,35864,17170,,,,,,,:,,,:
2024:11:09T17:42:01.000Z,katiephangshow,True,False,"""There's no reason that sentencing can't move forward..."" ,,,,,,,,:,,,:
@JoyceWhiteVance,,,,,,,,,,,,:,,,:
 talks about what to expect this week from Trump's NY election interference/hush money trial.",186118,5272,268,1581,132,,,,,,,:,,,:
2024:11:07T23:18:58.000Z,Cointelegraph,True,False," TRUMP: ""Soon [#Bitcoin] will be surpassing the entire market cap of silver and one day it probably will overtake gold.""",51381,1244,45,247,72,,,:,,,:
2024:11:14T02:37:17.000Z,w_terrence,True,False,"KAMALAAAAAAAA CALL ME!!!!!!,,,,,,,,:,,,:
,,,,,,,,,,,,:,,,:
Send this to ,,,,,,,,,,,,:,,,:
@KamalaHarris,,,,,,,,,,,,:,,,:
 ,,,,,,,,,,,,:,,,:
,,,,,,,,,,,,:,,,:
You raised $1 BILLION and now you are negative $20 million dollars, you can’t pay people or the vendors BUT you were going to fix the Economy over night!,,,,,,,,,,,:,,,:
,,,,,,,,,,,,:,,,:
Trump offered to help so I have some coins I would like to give you",127007,2625,202,632,107,,,,,,,:,,,:
2024:11:12T15:37:09.000Z,Bubblebathgirl,True,False,"Even if the hush money case against Trump gets dismissed, that doesn’t mean the lawfare against him is forgotten.,,,,,,,:,,,:
,,,,,,,,,,,,:,,,:
Our government, DAs, and judges abused our judicial system in order to interfere in the 2024 presidential election.,,,,,,,,,,:,,,:
,,,,,,,,,,,,:,,,:
They need to face legal consequences.",16278,1847,53,718,14,,,,,,,:,,,:
2024:11:12T20:23:20.000Z,Davidwoounbound,True,False,Market consensus about Trump 2.0: tariffs + tax cuts = higher inflation. But will Trump risk exacerbating surging interest costs on U.S. government debt? #USTreasuryDebt #EconomicPolicy,949,9,1,1,1,,,:,,,:
2024:11:10T18:59:56.000Z,Jeremyybtc,True,False,"doge will be the biggest runner of this bull run,,,,,,,,:,,,:
,,,,,,,,,,,,:,,,:
elon musk publicly comes out as the co founder of dogecoin,,,,,,,,,,,,:,,,:
,,,,,,,,,,,,:,,,:
trump and elon both mentioned integrating dogecoin as a big part of america's economy,,,,,,,,,,,,:,,,:
,,,,,,,,,,,,:,,,:
1 $doge = $1",141223,846,96,152,40,,,,,,,:,,,:
2024:11:13T18:04:01.000Z,piyushmittal,False,False,Trump’s promise of removing overtime tax is a scam like everything else he does,155608,3220,214,850,693,,,:,,,:
2024:11:12T15:58:44.000Z,SenatorLankford,True,False,"Next year, the Trump tax cuts are set to expire, and we must take action. Otherwise, Americans—including Oklahomans—could face tax hikes. We need to get to work to keep taxes low and support hardworking families.",27792,544,514,85,:,,,:
2024:11:12T15:47:33.000Z,RealAmVoice,True,False,"CONVERSATIONS ARE NOT ALLOWED: Judge Merchon delayed the Trump immunity decision in the NY hush:money case. ""Now, he has to declare a mistrial. No need for another delay. Does he really think he's going to send President:Elect Trump to Rikers?"",,,,,,,:,,,:
@mrddmia,,,,,,,,,,,,:,,,:
 @Bannons_WarRoom,,,,,,,,,,,,:,,,:
 #WarRoom",27857,685,20,275,32,,,,,,,:,,,:
2024:11:14T00:34:12.000Z,MarcNixon24,True,False,"#WATCH ,,,,,,,,:,,,:
,,,,,,,,,,,,:,,,:
Government of Canada committed to 100% zero:emission vehicle sales by 2035. ,,,,,,,,,,,,:,,,:
,,,,,,,,,,,,:,,,:
That’s why they invested $54.5 billion of your money to do this. ,,,,,,,,,,,,:,,,:
,,,,,,,,,,,,:,,,:
Now that Trump is elected, all of that money that we spent has officially gone into a garbage pit. ,,,,,,,,,,,:,,,:
,,,,,,,,,,,,:,,,:
Watch this video!",9469,324,20,149,36,,,,,,,:,,,:
