timestamp username icon:verified fact:checked text views likes replies reposts bookmarks   :   :            :   :
2024:11:13T05:28:54.000Z,amerix,True,False,"President Trump has picked Elon Musk and Vivek Ramaswamy to lead The Department of Government Efficiency (DOGE),,,,,,,,:,,,:
,,,,,,,,,,,,:,,,:
This department is tasked with ending wastage of taxpayers' money and draining the swamp.,,,,,,,,,,,,:,,,:
,,,,,,,,,,,,:,,,:
America has Vivek, Kenya has David Ndii.,,,,,,,,,,,:,,,:
,,,,,,,,,,,,:,,,:
Kenya is led by fools.",227797,5477,282,1789,184,,,,,,,:,,,:
2024:11:11T19:00:00.000Z,DavidJHarrisJr,True,False,"Trump announces that he is going to abolish the Department of Education and send the federal money to the states.,,,,,,,,:,,,:
,,,,,,,,,,,,:,,,:
This is great news for millions of American families!!",91252,3459,110,591,81,,,,,,,:,,,:
2024:11:12T15:58:44.000Z,SenatorLankford,True,False,"Next year, the Trump tax cuts are set to expire, and we must take action. Otherwise, Americans—including Oklahomans—could face tax hikes. We need to get to work to keep taxes low and support hardworking families.",25685,535,499,83,:,,,:
2024:11:10T20:01:28.000Z,JohnBasham,True,False,"FACT: EVERY CELEBRITY (Including Oprah) OR LEFT:WING PODCASTER Who Took Money From The ,,,,,,,,:,,,:
@KamalaHarris,,,,,,,,,,,,:,,,:
 Campaign AND DID NOT DISCLOSE THEY WERE A PAID POLITICAL ADVERTISEMENT, BROKE FEDERAL LAW!,,,,,,,,,,,:,,,:
Get A Lawyer Now!,,,,,,,,,,,,:,,,:
The Law Applies To Both Parties & A Trump DOJ MUST Investigate.",3147543,104273,1033,32237,5810,,,,,,,:,,,:
2024:11:10T05:21:30.000Z,Poe_Ether,True,False,"FELLERS WE ARE GOING INTO A PRO CRYPTO GOVERNMENT ELECT ,,,,,,,,:,,,:
,,,,,,,,,,,,:,,,:
THE 47TH PRESIDENT TO BE,,,,,,,,,,,,:,,,:
,,,,,,,,,,,,:,,,:
DONALD J TRUMP,,,,,,,,,,,,:,,,:
,,,,,,,,,,,,:,,,:
HIS STOCK MARKET TICKER IS $DJT,,,,,,,,,,,,:,,,:
,,,,,,,,,,,,:,,,:
HIS SHIT COIN TICKER IS $DJT4700 #DJT4700",16964,223,157,100,25,,,,,,,:,,,:
2024:11:07T20:54:19.000Z,RBReich,False,False,"Trump says there's ""no price tag"" for his mass deportation plan. He's wrong. Here's the cost.",251415,7949,1030,3840,928,,,:,,,:
2024:11:07T17:45:38.000Z,1MarkMoss,True,False," You’re NOT ready for what’s coming next ,,,,,,,,:,,,:
,,,,,,,,,,,,:,,,:
Bitcoin just broke $75,000—but that’s only the beginning. ,,,,,,,,,,,:,,,:
,,,,,,,,,,,,:,,,:
A Trump landslide win has set the stage for a massive shift setting the stage for the U.S. and other major powers jumping in to stockpile BTC.,,,,,,,,,,,,:,,,:
,,,,,,,,,,,,:,,,:
This isn’t just a price",80474,1673,75,337,402,,,,,,,:,,,:
2024:11:05T21:32:40.000Z,KamalaHQ,True,False,"Wisconsin voter: I agree with Kamala Harris. Her housing plan and her tax plan are going to help the middle class, and Donald Trump's is not",642275,11813,457,1925,122,,:,,,:
2024:11:07T23:06:28.000Z,RealAmVoice,True,False,"BIDEN SIGNS EXECUTIVE ORDER RESTRICTING EVEN MORE ALASKA RESERVES,,,,,,,,:,,,:
@JSolomonReports,,,,,,,,,,,,:,,,:
 says Biden is just adding to inflation with this move and is just another last minute move to hurt Trump.,,,,,,,,,,,,:,,,:
@AmandaHead",34216,676,46,590,62,,,,,,,:,,,:
2024:11:13T16:52:38.000Z,NRCC,True,False,"COPE. Ted Lieu refuses to accept blame for Democrats' failed economic policies that led to their defeat.,,,,,,,,:,,,:
,,,,,,,,,,,,:,,,:
(Inflation was ONLY 1.4% when Biden and Harris took over the economy from Trump…)",0,990,2,8,0,,,,,,,:,,,:
2024:11:11T00:43:22.000Z,60Minutes,True,False,"“I voted for Donald Trump,” says Ronald Corales, citing his top issue as the economy.,,,,,,:,,,:
,,,,,,,,,,,,:,,,:
Latinos are 20% of the U.S. population and the fastest:growing community in Northampton County, Pennsylvania. https://cbsn.ws/4fnISic",123033,801,188,196,142,,,,,,:,,,:
2024:11:11T00:52:26.000Z,TaraSetmayer,True,False,"I had a few things to say on ,,,,,,,,:,,,:
@NewsCentralCNN,,,,,,,,,,,,:,,,:
 ,,,,,,,,,,,,:,,,:
about the people who voted for Trump owning all of the ilk that goes along with that. ,,,,,,,,,,,,:,,,:
You don’t get to just complain about the price of eggs and ignore the anti:democratic, racism & sexism MAGA represents.",532726,8128,1294,1877,570,,,,,,:,,,:
2024:11:09T19:55:38.000Z,TheTNHoller,True,False,"WATCH: ,,,,,,,,:,,,:
@Matthewcanwrite,,,,,,,,,,,,:,,,:
 on the OPEC 2020 deal by TRUMP— Russia & Saudi Arabia cut oil for 2 years, spiking oil prices and the cost of EVERYTHING (aka “INFLATION”) enriching Saudi Aramco,,,,,,,,,,,:,,,:
,,,,,,,,,,,,:,,,:
Trump’s son:in:law Kushner then got $2 BILLION from the Saudis. (Hunter hunters don’t care)",140806,3781,72,2317,1092,,,,,,,:,,,:
2024:11:08T13:39:23.000Z,weeklyshowpod,True,False,"“You can get people to vote away their democracy… as long as you create a false world for them to believe in.” : ,,,,,,,,:,,,:
@HC_Richardson,,,,,,,,,,,,:,,,:
 on how fear and disinformation helped shape this election. #TheWeeklyShow #JonStewart #Trump #Economy",1149591,9148,1140,3397,1777,,,,,,,:,,,:
2024:11:08T02:11:40.000Z,BehizyTweets,True,False,"Charlie Kirk is calling for a Trump DOJ investigation into ActBlue for their illegal donation scheme, which involves using the names of elderly people to launder foreign money into Democrat campaigns.,,,,,,,:,,,:
,,,,,,,,,,,,:,,,:
Election Watch has uncovered $100s of millions in laundered cash, not just in",871263,51884,483,15304,1405,,,,,,:,,,:
2024:11:07T21:17:38.000Z,SeibtNaomi,True,False,"GERMAN TYRANNY FALLS : THANKS TO TRUMP AND X!,,,,,,,,:,,,:
,,,,,,,,,,,,:,,,:
The German government is imploding because the far:left establishment refuses to change its disastrous economic policies.,,,,,,,,,,,,:,,,:
,,,,,,,,,,,,:,,,:
Trump’s victory EXPOSED that we have been lied to by our tax:funded media. ,,,,,,,,,,,,:,,,:
,,,,,,,,,,,,:,,,:
We want the tyranny to END!",1451723,43113,1733,9504,3314,,,,,,,:,,,:
2024:11:12T03:22:54.000Z,BehizyTweets,True,False,"President Trump's new Treasury Secretary, Scott Bessent, plans to cut the spending deficit immediately, ""I think we're going to do it through deregulation, energy dominance, and re:privatizing the economy."",,,:,,,:
,,,,,,,,,,,,:,,,:
He'll also work with Elon Musk to cut out the waste.,,,,,,,,,,,,:,,,:
,,,,,,,,,,,,:,,,:
I've seen a few",107323,3582,118,893,195,,,,,,,:,,,:
2024:11:07T13:55:52.000Z,WSJ,True,False,"The experts said the economy was doing great. Everyday Americans disagreed. ,,,,,,,,:,,,:
 ,,,,,,,,,,,,:,,,:
 How Trump won the economy:is:everything election: https://on.wsj.com/3UI2Yvb",57823,53,14,22,8,,,,,,,:,,,:
2024:11:09T17:53:35.000Z,TheSonOfWalkley,True,False,"BREAKING: FUNDSTRAT ANALYST, TOM LEE, SAYS — $TSLA IS “UNDERVALUED” ,,,,,,:,,,:
,,,,,,,,,,,,:,,,:
Robotaxis/robots and Trump is pumping the stock !",74925,1406,30,146,92,,,,,,,:,,,:
2024:11:07T18:20:55.000Z,mtgreenee,True,False,"I lived in Georgia my entire life, and I knew early on that President Trump was going to win my home state in a landslide.,,,,,,,:,,,:
,,,,,,,,,,,,:,,,:
Suburban woman were concerned by the price of milk and eggs every time they went to the grocery store, not abortion like the Democrats were selling.",87954,3983,236,583,31,,,,,,:,,,:
2024:11:12T15:29:50.000Z,MSNBC,True,False,BREAKING: Judge in Trump hush money case delays key ruling ahead of sentencing.,214409,1005,540,413,135,,,:,,,:
2024:11:07T02:11:36.000Z,CBSEveningNews,True,False,"Wall Street soared as investors bet on economic growth under a Trump presidency. The Dow surged over 1,500 points to record highs. Trump has proposed tariffs on all imported goods, cutting taxes and also promised to remove tax on tips, which could bring welcome relief for the",38150,44,25,21,:,,,:
2024:11:11T04:30:14.000Z,MarioNawfal,True,False,"CATHIE WOOD: TRUMP’S POLICIES COULD FUEL AN INNOVATION BOOM,,,,,,,,:,,,:
,,,,,,,,,,,,:,,,:
Cathie Wood, the innovative mind behind ARK Invest, paints a compelling picture of the investment landscape following the election, highlighting parallels to the economic shifts of the Reagan era. ,,,,,,,,,:,,,:
,,,,,,,,,,,,:,,,:
Just as Reagan’s",124569,754,34,177,82,,,,,,,:,,,:
2024:11:07T16:02:22.000Z,JYSexton,True,False,"Pay attention to the money.,,,,,,,,:,,,:
,,,,,,,,,,,,:,,,:
The billionaires either funneled millions into Trump's campaign or aggressively capitulated to help him. They've already made billions in the past few days.,,,,,,,,,,,,:,,,:
,,,,,,,,,,,,:,,,:
The stock market is pumping with corporations looking to cash in on authoritarianism.",15072,760,23,259,37,,,,,,,:,,,:
2024:11:10T22:00:02.000Z,MarioNawfal,True,False," RICK SCOTT PITCHES HIMSELF AS SENATE GOP “CHANGE” CANDIDATE,,,,,,,,:,,,:
,,,,,,,,,,,,:,,,:
Florida Senator Rick Scott positioned himself as the “change” candidate in the Senate GOP leadership race, vowing to advance Trump’s agenda on border security, military strength, and economic reform. ,,,,,,,,,:,,,:
,,,,,,,,,,,,:,,,:
He emphasized",126397,1032,55,226,23,,,,,,,:,,,:
