timestamp username icon:verified fact:checked text views likes replies reposts bookmarks   :   :            :   :
2024:11:02T08:10:54.000Z,mollie_don,True,False,"Trump's economic policies, including tariffs, tax cuts, and immigration control, aim to address inflation and stimulate economic growth. Supporters believe his straightforward approach could eliminate bureaucratic hurdles and stimulate immediate economic activity.,,,,:,,,:
,,,,,,,,,,,,:,,,:
If we want to",8875,271,14,208,3,,,,,,,:,,,:
2024:11:15T22:32:05.000Z,TrumpBaroon,True,False,"Most of time Dad keeps telling me that he will do the best for USA in matters developments, economy growth and it’s Sustainability.,,,,,,,:,,,:
,,,,,,,,,,,,:,,,:
Pray for Him, because he loves United States of America so much",100752,8367,542,996,38,,,,,,:,,,:
2024:11:10T20:05:03.000Z,KING5Seattle,True,False,Young Black and Latino men say they chose Trump because of the economy and jobs. Here's how and why,22686,621,116,64,10,,,:,,,:
2024:11:16T18:17:52.000Z,BreitbartNews,True,False,Trump tells the story of a woman who had to return one of the apples she was attempting to buy at a grocery store when she realized how expensive they were in the Biden:Harris economy.,45245,531,40,76,8,,,:,,,:
2024:11:15T18:40:39.000Z,TheUSASingers,False,False,Donald Trump is already crashing the stock market because he’s an unhinged fascist traitor moron.,24166,1335,44,665,36,,,:,,,:
2024:11:12T15:22:05.000Z,DixiDarlen,True,False,"It seems these entertainers that took money from the Kamala campaign to twerk, sing, dole out endorsements, whatever, were actually paid advertisements—if they didn’t disclose that— they broke federal law.",12766,641,19,:,13,,:
2024:11:19T02:18:04.000Z,xMarketNews,True,False,"JUST IN DONALD TRUMP STATES SHORT SELLERS CAN GET HURT VERY BADLY DURING HIS SPEECH,,,,,,,,:,,,:
,,,,,,,,,,,,:,,,:
Can Donald Trump End Illegal Short Selling & Short Selling Manipulators",25503,1118,28,305,75,,,,,,,:,,,:
2024:11:14T19:15:59.000Z,NMalliotakis,True,False, Everyone is looking to President Trump to save the day and ax the tax because Kathy Hochul ignores the will of New Yorkers.,9116,459,39,99,4,,,:,,,:
2024:11:18T12:00:02.000Z,ByCoinvo,True,False,"The US government hasn’t started buying #Bitcoin yet.,,,,,,,,:,,,:
,,,,,,,,,,,,:,,,:
This is guaranteed to change as soon as Donald Trump moves into office.,,,,,,,,,,,,:,,,:
,,,,,,,,,,,,:,,,:
The money printers will start running, and Bitcoin will go completely parabolic.,,,,,,,,,,,:,,,:
,,,,,,,,,,,,:,,,:
 Are you ready for it?",0,789,13,67,105975,,,,,,,:,,,:
2024:11:18T12:49:43.000Z,JavonAPrice,True,False,Seems Joe and Mika woke up with a newfound realization this morning: apparently President Trump is no longer Hitler nor a threat to American democracy.,36559,1027,176,198,33,,,:,,,:
2024:11:11T19:00:00.000Z,DavidJHarrisJr,True,False,"Trump announces that he is going to abolish the Department of Education and send the federal money to the states.,,,,,,,,:,,,:
,,,,,,,,,,,,:,,,:
This is great news for millions of American families!!",93155,3473,110,593,79,,,,,,,:,,,:
2024:11:17T01:47:09.000Z,axidentaliberal,False,False,"Mitch McConnell could’ve stopped Donald Trump in 2021,,,,,,,,:,,,:
,,,,,,,,,,,,:,,,:
He endorsed Trump instead,,,,,,,,,,,,:,,,:
,,,,,,,,,,,,:,,,:
Which just proves,,,,,,,,,,,,:,,,:
,,,,,,,,,,,,:,,,:
He never cared about America,,,,,,,,,,,,:,,,:
,,,,,,,,,,,,:,,,:
Only about amassing money and power",15326,761,24,280,12,,,,,,,:,,,:
2024:11:13T21:50:22.000Z,SteveRattner,True,False,States that went to Trump stand to lose much more from his plan to abolish the Dept of Education. They receive more federal funds than blue states despite contributing fewer tax dollars.,364503,6505,1303,3940,813,,,:,,,:
2024:11:13T22:26:34.000Z,DefiyantlyFree,True,False,". ,,,,,,,,:,,,:
@BillAckman,,,,,,,,,,,,:,,,:
 discusses the potential economic boom due to a second Trump term and how even investors who didn’t vote for Trump are excited.",1510723,9608,305,1758,553,,,,,,,:,,,:
2024:11:14T14:16:40.000Z,SaltyGoat17,True,False,So who's got money on Kash Patel or Dan Bongino getting a Trump appointment today?,50593,2125,356,257,23,,,:,,,:
2024:11:18T22:31:04.000Z,RepLisaMcClain,True,False,"After years of record inflation, the last thing American families need right now is a tax increase. Americans deserve more money in their paycheck instead of continuing to fund a bloated bureaucracy. We'll work to extend the Trump tax cuts in the first 100 days.",0,57,8,8,1821,,:,,,:
2024:11:12T15:26:44.000Z,CollinRugg,True,False,"JUST IN: Judge Juan Merchan delays ruling on whether or not to dismiss Donald Trump’s guilty verdict in the hush money case.,,,,,,,,:,,,:
,,,,,,,,,,,,:,,,:
The decision was supposed to be made today however it will be delayed until November 19.,,,,,,,,,,,,:,,,:
,,,,,,,,,,,,:,,,:
The freeze will allow prosecutors to respond to Trump’s demand",377758,3058,328,687,111,,,,,,,:,,,:
2024:11:12T15:58:44.000Z,SenatorLankford,True,False,"Next year, the Trump tax cuts are set to expire, and we must take action. Otherwise, Americans—including Oklahomans—could face tax hikes. We need to get to work to keep taxes low and support hardworking families.",28593,552,509,87,:,,,:
2024:11:11T14:11:03.000Z,DC_Draino,True,False,"The Visa/MC credit card monopoly has put Americans into excessive debt with usurious interest rates at 25%+,,,,,,,,:,,,:
,,,,,,,,,,,,:,,,:
President Trump wants a 10% cap on all credit card interest rates,,,,,,,,,,,,:,,,:
,,,,,,,,,,,,:,,,:
JD Vance co:sponsored the Credit Card Competition act which fights the 2:4% hidden tax you pay every",5522137,88975,2027,21077,5487,,,,,,,:,,,:
2024:11:10T14:55:29.000Z,TrumpWarRoom,True,False,"President Trump on his plan for mass deportations of criminal illegal aliens: ""When people have killed and murdered ... they're not staying here. There is no price tag.""",160228,3965,226,858,105,,,:,,,:
2024:11:11T14:13:48.000Z,MrShermichael,True,False,"Roz, a lifelong Democrat, raised on her mom’s belief that ""you gotta vote Democrat, they're for the poor people” – just cast her vote for Trump. Here’s why she made the switch:,,,,,:,,,:
,,,,,,,,,,,,:,,,:
When the host points out that inflation is down and wages are up, Roz doesn’t hesitate. ""No, I don't",33418,608,84,85,55,,,,,:,,,:
2024:11:18T04:08:11.000Z,LloydChapman,True,False,Have you noticed how aggressive the democrats are about losing this election? I think I know why. Trillions in our tax dollars have disappeared across the government. The democrats are terrified Elon Musk and the Trump team are going to expose the fact they looted trillions.,15105,849,27,210,36,,,:,,,:
2024:11:15T01:11:20.000Z,RealAmVoice,True,False,"""I'D LIKE TO SEE $2 GASOLINE, ZERO INFLATION, THE BORDER CLOSED, AND TO DEPORT ALL OF THE CRIMINALS AND THE TERRORISTS!"" ,,,,,:,,,:
@larry_kudlow,,,,,,,,,,,,:,,,:
 is only asking for a few things of the Trump Administration as they take back the White House in 2025. ,,,,,,,,,,,,:,,,:
@A1Policy",22796,808,6,206,33,,,,,,,:,,,:
