timestamp username icon:verified fact:checked text views likes replies reposts bookmarks   :   :            :   :
2024:11:10T18:59:56.000Z,Jeremyybtc,True,False,"doge will be the biggest runner of this bull run,,,,,,,,:,,,:
,,,,,,,,,,,,:,,,:
elon musk publicly comes out as the co founder of dogecoin,,,,,,,,,,,,:,,,:
,,,,,,,,,,,,:,,,:
trump and elon both mentioned integrating dogecoin as a big part of america's economy,,,,,,,,,,,,:,,,:
,,,,,,,,,,,,:,,,:
1 $doge = $1",121225,782,94,135,35,,,,,,,:,,,:
2024:11:09T19:51:55.000Z,kbyrd2_,False,False,"Kamala literally said i will give yall a $6000 tax credit for the first year of your child’s life & $25,000 the first time you buy a home.,,,,,,,:,,,:
,,,,,,,,,,,,:,,,:
And people said Trump, who wants to lower taxes for the wealthiest earners, is going to make them rich again. You can’t make this up.",9419228,275476,18301,37503,11621,,,,,:,,,:
2024:11:08T00:32:06.000Z,LeadingReport,True,False,"BREAKING: Trump said his administration will have “no choice” but to carry out his mass deportation plan, and that there is “no price tag.”",854869,42950,2416,4700,781,,:,,,:
2024:11:12T12:33:59.000Z,grantstern,True,False,"Trump wants to spend $88 billion deporting people and whole families, but this election is about economic anxiety.,,,,,,,:,,,:
,,,,,,,,,,,,:,,,:
Got it.",36378,2320,151,862,47,,,,,,,:,,,:
2024:11:12T15:58:44.000Z,SenatorLankford,True,False,"Next year, the Trump tax cuts are set to expire, and we must take action. Otherwise, Americans—including Oklahomans—could face tax hikes. We need to get to work to keep taxes low and support hardworking families.",24377,514,482,82,:,,,:
2024:11:07T12:00:22.000Z,NEWSMAX,True,False,Donald Trump's victory in the race to become the next U.S. president will have economic consequences for the rest of the world that are likely to be deep and quite immediate. Read more: https://bit.ly/40C19E2,49777,525,45,71,10,,,:,,,:
2024:11:11T23:17:13.000Z,mjfree,True,False,"Trump's 10 point plan for education:,,,,,,,,:,,,:
,,,,,,,,,,,,:,,,:
: eliminate the Dept. of Education,,,,,,,,,,,,:,,,:
: cut federal funding,,,,,,,,,,,,:,,,:
: promote Christian Nationalism,,,,,,,,,,,,:,,,:
: attack teacher's unions,,,,,,,,,,,,:,,,:
: give public money to for:profit private schools,,,,,,,,,,,,:,,,:
,,,,,,,,,,,,:,,,:
He warned us, and you voted for him anyway.",41145,742,119,308,56,,,,,,:,,,:
2024:11:13T01:18:12.000Z,Bitcoin_Teej,True,False,"Trump and Elon pushing the coin right in your face! ,,,,,,,,:,,,:
,,,,,,,,,,,,:,,,:
$DOGE to $1",50157,527,16,74,113,,,,,,,:,,,:
2024:11:08T13:21:02.000Z,YourAnonCentral,True,False,"""the very best thing Trump could do is nothing at all. Go play golf and take credit for the economic trends that we already have. Just take credit for the economy he inherited and do nothing else and that is the best possible outcome we could hope for.""",149597,1117,18,176,67,,,:,,,:
2024:11:12T20:16:25.000Z,USATODAY,True,False,"President:elect Donald Trump does not have the power to unilaterally get rid of the Department of Education, though he has been vocal about his desire to close it down in favor of giving that money ""back to the states.""",29802,50,49,25,11,,:,,,:
2024:11:09T19:55:38.000Z,TheTNHoller,True,False,"WATCH: ,,,,,,,,:,,,:
@Matthewcanwrite,,,,,,,,,,,,:,,,:
 on the OPEC 2020 deal by TRUMP— Russia & Saudi Arabia cut oil for 2 years, spiking oil prices and the cost of EVERYTHING (aka “INFLATION”) enriching Saudi Aramco,,,,,,,,,,,:,,,:
,,,,,,,,,,,,:,,,:
Trump’s son:in:law Kushner then got $2 BILLION from the Saudis. (Hunter hunters don’t care)",140611,3782,71,2316,1091,,,,,,,:,,,:
2024:11:13T00:45:30.000Z,realkarenjean,True,False,"BREAKING: PRESIDENT TRUMP ANNOUNCES AN END TO FUNDING MIGRANTS; MONEY TO HOUSE HOMELESS VETERANS!,,,,,,,,:,,,:
#TrumpVance2024",18193,2548,109,605,93,,,,,,,:,,,:
2024:11:10T02:18:00.000Z,Bubblebathgirl,True,False,"Kamala Harris supporter at Women’s March in DC says Kamala lost because of sexism and racism.,,,,,,,,:,,,:
,,,,,,,,,,,,:,,,:
Completely ignores that Kamala cancels women by saying men can be them.,,,,,,,,,,,,:,,,:
,,,,,,,,,,,,:,,,:
Also ignores the border and economic issues that people voted for Trump to address.",13376,471,93,118,11,,,,,,,:,,,:
2024:11:08T13:53:48.000Z,Web3Pikachu,True,False," Breaking News This Week ,,,,,,,,:,,,:
,,,,,,,,,,,,:,,,:
#Trump won the election, and Giga ignited the market to start the true bull run!,,,,,,,,,,,:,,,:
,,,,,,,,,,,,:,,,:
2.11 billion dollars flowed into the Bitcoin market.,,,,,,,,,,,,:,,,:
,,,,,,,,,,,,:,,,:
The FOMC cut rates by 0.25% yesterday.,,,,,,,,,,,,:,,,:
,,,,,,,,,,,,:,,,:
And $Brump ($Brett Trump) became the first president of the #basechain.",33198,600,319,61,8,,,,,,,:,,,:
2024:11:10T20:41:05.000Z,greg_price11,True,False,"Bosa and the Niners D just hit the Trump dance after a sack ,,,,,,,,:,,,:
,,,,,,,,,,,,:,,,:
The NFL can't fine him for that. ",1942278,38448,441,4781,1098,,,,,,,:,,,:
2024:11:09T21:40:34.000Z,TimOBrien,True,False,"Trump hasn’t and won’t do a thing that benefits working class and middle class Americans. But those voters bought Trump’s carny act. Because, indeed, it’s the economy, stupid:",79584,2639,360,1011,:,,,:
2024:11:11T19:09:03.000Z,RebelNewsOnline,True,False,"Trudeau attempts to defend his record while slamming Poilievre when asked what he's learned from Trump's victory in the U.S. presidential election.,,,,,,,,:,,,:
,,,,,,,,,,,,:,,,:
""Canadians need a positive plan that'll put money in their pockets and grow the future,"" he says. ,,,,,,,,,,,:,,,:
,,,,,,,,,,,,:,,,:
http://TrudeauMustResign.com",98934,805,730,253,35,,,,,,,:,,,:
2024:11:12T14:15:04.000Z,nytimes,True,False,"President:elect Donald Trump has said he could impose tariffs as high as 200% on car imports from Mexico, a move that could hurt factories and workers on both sides of the border.",91012,80,56,37,6,,:,,,:
2024:11:08T18:27:10.000Z,FFT1776,True,False,"Notice how the World is cleaning up their act … ,,,,,,,,:,,,:
,,,,,,,,,,,,:,,,:
Hamas will fall in line.,,,,,,,,,,,,:,,,:
,,,,,,,,,,,,:,,,:
The hostages better be home before he assumes office or Hamas will pay a very big price. : Trump,,,,,,,,,,,,:,,,:
,,,,,,,,,,,,:,,,:
Chilling response in cheers",21694,909,31,291,25,,,,,,,:,,,:
2024:11:08T16:05:04.000Z,Forbes,True,False,"Tesla Hits $1 Trillion Market Cap—Musk Becomes $300 Billion Man After Trump Win,,,,,,,,:,,,:
https://go.forbes.com/c/EVMu",39793,269,21,106,17,,,,,,,:,,,:
2024:11:07T20:20:36.000Z,YALiberty,True,False,"Fed Chairman Jerome Powell says he'll refuse to leave if Donald Trump asks for his resignation.,,,,,,,,:,,,:
,,,,,,,,,,,,:,,,:
Here's something many don't know: The Fed is not actually part of the government. Unelected bureaucrats control your money and cause inflation.,,,,,,,,,,,,:,,,:
,,,,,,,,,,,,:,,,:
There's only one solution: END THE FED",320830,1225,168,421,106,,,,,,,:,,,:
2024:11:11T12:23:06.000Z,xMarketNews,True,False,"Let’s not forget Ken Griffin didn’t donate any money to Donald Trump, and called him a three:time loser,,,,,,,:,,,:
,,,,,,,,,,,,:,,,:
Donald Trump on Corrupt Donors:,,,,,,,,,,,,:,,,:
,,,,,,,,,,,,:,,,:
“I don’t want their money, I’m going to do the right thing for the American Public.. I don’t need their money”",63344,1127,28,295,93,,,,,,:,,,:
2024:11:05T23:13:44.000Z,danwootton,True,False,"Seriously ,,,,,,,,:,,,:
@BorisJohnson,,,,,,,,,,,,:,,,:
 no money is worth sitting on Channel 4 : a broadcaster that wanted to destroy you : next to a trashy pornstar who has made a living for shagging Trump being berated by Emily Maitlis & Krishnan Guru Murthy. ,,,,,,,,,,,,:,,,:
The old media is dead. ,,,,,,,,,,,,:,,,:
Stop playing MSM rules.",960961,7212,371,714,326,,,,,,,:,,,:
