timestamp username icon:verified fact:checked text views likes replies reposts bookmarks   :   :            :   :
2024:11:10T18:59:56.000Z,Jeremyybtc,True,False,"doge will be the biggest runner of this bull run,,,,,,,,:,,,:
,,,,,,,,,,,,:,,,:
elon musk publicly comes out as the co founder of dogecoin,,,,,,,,,,,,:,,,:
,,,,,,,,,,,,:,,,:
trump and elon both mentioned integrating dogecoin as a big part of america's economy,,,,,,,,,,,,:,,,:
,,,,,,,,,,,,:,,,:
1 $doge = $1",30849,293,67,54,10,,,,,,,:,,,:
2024:11:10T23:46:08.000Z,DarrigoMelanie,True,False,"Trump's 10 point plan for education:,,,,,,,,:,,,:
,,,,,,,,,,,,:,,,:
: eliminate the Dept. of Education,,,,,,,,,,,,:,,,:
: cut federal funding,,,,,,,,,,,,:,,,:
: promote Christian Nationalism,,,,,,,,,,,,:,,,:
: attack teacher's unions,,,,,,,,,,,,:,,,:
: give public money to for:profit private schools,,,,,,,,,,,,:,,,:
,,,,,,,,,,,,:,,,:
He warned us, and you voted for him anyway.",1495909,20572,1736,4764,2607,,,,,,:,,,:
2024:11:07T20:31:58.000Z,RealJamesWoods,True,False,"As the stock market sets record highs, as Americans once again celebrate holidays with joy, as the dark cloud of divisive hate dissipates over the horizon, let’s smile, ignore the sour losers, and cherish our landslide victory to a brighter tomorrow.",267794,27753,:,4347,149,:
2024:11:06T05:13:06.000Z,Ashcryptoreal,True,False,"Trump is winning US elections. ,,,,,,,,:,,,:
,,,,,,,,,,,,:,,,:
Bitcoin is going to $100,000,,,,,,,,,,,:,,,:
,,,,,,,,,,,,:,,,:
Massive Bull market is coming.,,,,,,,,,,,,:,,,:
,,,,,,,,,,,,:,,,:
FUCK ALL THE BEARS",110434,3176,340,444,33,,,,,,,:,,,:
2024:11:09T21:40:34.000Z,TimOBrien,True,False,"Trump hasn’t and won’t do a thing that benefits working class and middle class Americans. But those voters bought Trump’s carny act. Because, indeed, it’s the economy, stupid:",78425,2660,360,1006,:,,,:
2024:11:10T14:59:18.000Z,GuntherEagleman,True,False,"A NBC hack tried to corner Trump on the cost of deporting millions of criminal aliens.,,,,,,,,:,,,:
,,,,,,,,,,,,:,,,:
Trump handled it perfectly:,,,,,,,,,,,,:,,,:
“We have NO choice when people have k*lled and m*rdered. They’re not staying here. There is NO price tag.”,,,,,,,,,,,,:,,,:
,,,,,,,,,,,,:,,,:
They ALL have to go back!",1424625,32998,915,5714,582,,,,,,,:,,,:
2024:11:05T15:55:02.000Z,CalltoActivism,True,False,Anyone who is voting for the “economy” needs to see just how bad Trump’s plan is:,221538,8285,147,3727,348,,,:,,,:
2024:11:09T01:48:40.000Z,KristiNoem,True,False,"President Trump is going to do BIG things when he takes office, and he wants people around him with big vision to accomplish those goals for the American people.,,,,,,,:,,,:
,,,,,,,,,,,,:,,,:
His tax plan will absolutely unleash American growth.",43494,2958,86,397,25,,,,,,,:,,,:
2024:11:07T23:22:11.000Z,kbyrd2_,False,False,Trump got all the credit for Obama’s economy. Just for America to turn around & blame Biden for Trump’s economy.,8207821,240219,3731,28440,7407,,,:,,,:
2024:11:07T03:57:28.000Z,AltcoinDailyio,True,False,"""First market I saw move was Bitcoin"",,,,,,,,:,,,:
,,,,,,,,,,,,:,,,:
Kevin O'Leary reacts to Trump victory:",95561,1627,61,158,79,,,,,,,:,,,:
2024:11:10T21:27:00.000Z,BBKogan,False,False,"I was very busy last month, so I just got around to updating this graph to include our the final FY2024 revenue number.,,,,,,,:,,,:
,,,,,,,,,,,,:,,,:
The Bush and Trump tax cuts broke our modern tax code. Revenue is significantly lower and no longer grows much with the economy.",53341,348,21,164,107,,,,,,,:,,,:
2024:11:11T01:50:04.000Z,Wealth_Theory,True,False,"What a time to be alive.,,,,,,,,:,,,:
,,,,,,,,,,,,:,,,:
Free Speech,,,,,,,,,,,,:,,,:
Bitcoin,,,,,,,,,,,,:,,,:
Trump is back,,,,,,,,,,,,:,,,:
Woke is dead,,,,,,,,,,,,:,,,:
Bull market,,,,,,,,,,,,:,,,:
,,,,,,,,,,,,:,,,:
Thanks Elon,,,,,,,,,,,,:,,,:
Thanks Satoshi,,,,,,,,,,,,:,,,:
Thanks ",11130,452,12,35,9,,,,,,,:,,,:
2024:11:06T13:58:29.000Z,issathecooker,True,False,"put your money where your mouth is,,,,,,,,:,,,:
,,,,,,,,,,,,:,,,:
i put $800,000 on donald j trump via polymarket,,,,,,,,,,,:,,,:
made $600,000 profit,,,,,,,,,,,:,,,:
,,,,,,,,,,,,:,,,:
thanks for playing :),,,,,,,,,,,,:,,,:
sending out $1k to 3 random interactions",120062,2403,1518,805,78,,,,,,,:,,,:
2024:11:10T02:28:26.000Z,cryptorecruitr,True,False,"cardano is doing it again ,,,,,,,,:,,,:
,,,,,,,,,,,,:,,,:
Intro 00:00,,,,,,,,,,,,:,,,:
Hoskinson to be Trump advisor 1:05,,,,,,,,,,,,:,,,:
Now is not the time to be bearish 4:00,,,,,,,,,,,,:,,,:
Bitcoin and Cardano 5:15,,,,,,,,,,,,:,,,:
ADA makes massive weekly move 6:45,,,,,,,,,,,,:,,,:
Cardano momentum 11:40,,,,,,,,,,,,:,,,:
ADA short term price action 14:15,,,,,,,,,,,,:,,,:
Waiting for Cardano structure 17:30",72730,1589,55,223,83,,,,,,,:,,,:
2024:11:09T01:54:59.000Z,RpsAgainstTrump,True,False,Mark Cuban Warns Trump’s Tariff Plans Are Already Hurting the Economy: ‘All Happening Right Now’,581410,16990,2182,4578,423,,,:,,,:
2024:11:08T20:45:38.000Z,BehizyTweets,True,False,"Trump plans to redirect the money being spent on Ukraine towards a nationwide initiative to get the homeless off the streets by building ""tent cities"" where they can be relocated.,,,,,,,,:,,,:
,,,,,,,,,,,,:,,,:
His plan includes banning urban camping & arresting violators while empowering rehab organizations.",6604809,93121,2441,18479,13459,,,,,,,:,,,:
2024:11:06T07:33:23.000Z,agentselfNSA,True,False,"Just so we’re clear: Trump is going to take credit for the current state of the economy.,,,,,,,,:,,,:
,,,,,,,,,,,,:,,,:
The job reports that were “fake news” will suddenly become real. The drop in immigration numbers, which were once dismissed, will now be cited as accurate.,,,,,,,,,,:,,,:
,,,,,,,,,,,,:,,,:
And before a single piece of",555557,22918,588,5601,1892,,,,,,,:,,,:
2024:11:06T08:29:41.000Z,JohnAmaechi,False,False,"People don’t care that a rich man is a predator, a liar, a bigot & a dolt.,,,,,,:,,,:
,,,,,,,,,,,,:,,,:
Some rationalise their choice on “economy” or  “family values” but really:,,,,,,,,,,,,:,,,:
,,,,,,,,,,,,:,,,:
He hates the same people they do : and that’s the draw.,,,,,,,,,,,,:,,,:
,,,,,,,,,,,,:,,,:
Trump voters will celebrate, but they’ll learn… he hates them too.",193536,3619,116,701,122,,,,,,:,,,:
2024:11:09T03:41:40.000Z,saras76,True,False,"Trump plans to redirect the money being spent on Ukraine towards a nationwide initiative to get the homeless off the streets in America. ,,,,,,,,:,,,:
,,,,,,,,,,,,:,,,:
How can anybody be against this? ,,,,,,,,,,,,:,,,:
This is amazing. ,,,,,,,,,,,,:,,,:
America FIRST.",52833,3008,125,693,144,,,,,,,:,,,:
2024:11:07T23:06:28.000Z,RealAmVoice,True,False,"BIDEN SIGNS EXECUTIVE ORDER RESTRICTING EVEN MORE ALASKA RESERVES,,,,,,,,:,,,:
@JSolomonReports,,,,,,,,,,,,:,,,:
 says Biden is just adding to inflation with this move and is just another last minute move to hurt Trump.,,,,,,,,,,,,:,,,:
@AmandaHead",33918,676,46,591,62,,,,,,,:,,,:
2024:11:06T04:03:10.000Z,TheConsciousRN_,True,False,"If Trump wins, use these next 4 years intentionally and strategically. Get your money up!",487798,12122,140,2036,825,,:,,,:
2024:11:07T23:55:56.000Z,worqas,True,False,"Funny thing is that this guy takes money from the hard working American taxpayer, works for an institution that claims to promote democracy & is thanking the Pakistani military for saving the country from democracy, unlike in the US. If Trump needs to defund anything, it's him.",42596,2100,41,789,:,,,:
2024:11:08T17:12:54.000Z,paularambles,True,False,the republicanism leaving tech bros’ bodies as soon as trump announces a 60% tariff on uniqlo,1517227,97789,54,4419,2411,,,:,,,:
2024:11:06T13:28:50.000Z,hugehammerhaver,True,False,"Trump has won. The Economy has Won. ,,,,,,,,:,,,:
,,,,,,,,,,,,:,,,:
Millionaires will be made during his Presidency. ,,,,,,,,,,,,:,,,:
,,,,,,,,,,,,:,,,:
I put together 5 easy ways to make $1M/Month during his Presidency. ,,,,,,,,,,,,:,,,:
,,,,,,,,,,,,:,,,:
Like, Comment & RT for the doc.",61972,816,395,323,335,,,,,,:,,,:
2024:11:08T14:34:09.000Z,WatchChad,True,False,"Lawsuits disappearing,,,,,,,,:,,,:
Stock market soaring ,,,,,,,,,,,,:,,,:
Interest rates down ,,,,,,,,,,,,:,,,:
In talks w/ Putin to end war in Ukraine. ,,,,,,,,,,,,:,,,:
Cease fire in Iran ,,,,,,,,,,,,:,,,:
Hamas calls for “immediate end to war”,,,,,,,,,,,,:,,,:
China is optimistic and talking peaceful co:existence ,,,,,,,,,,,,:,,,:
,,,,,,,,,,,,:,,,:
Trump is a crappy Hitler.",120106,10109,209,2553,223,,,,,,,:,,,:
