timestamp username icon:verified fact:checked text views likes replies reposts bookmarks   :   :            :   :
2024:11:18T00:12:36.000Z,bySukie,True,False,"Kaspa is going to surpass $100B MC,,,,,,,,:,,,:
,,,,,,,,,,,,:,,,:
Why?,,,,,,,,,,,,:,,,:
,,,,,,,,,,,,:,,,:
Money is energy & Kaspa is one of the hardest currencies out there next to $BTC,,,,,,,,,,,,:,,,:
,,,,,,,,,,,,:,,,:
$KAS is a blackhole, absorbing liquidity from all Cryptos as more people find out about it,,,,,,,,,,,:,,,:
,,,,,,,,,,,,:,,,:
People like Elon, ",10183,195,15,44,15,,,,,,:,,,:
2024:11:02T08:10:54.000Z,mollie_don,True,False,"Trump's economic policies, including tariffs, tax cuts, and immigration control, aim to address inflation and stimulate economic growth. Supporters believe his straightforward approach could eliminate bureaucratic hurdles and stimulate immediate economic activity.,,,,:,,,:
,,,,,,,,,,,,:,,,:
If we want to",8856,271,14,208,3,,,,,,,:,,,:
2024:11:17T15:52:01.000Z,RpsAgainstTrump,True,False,"This is what a Banana Republic looks like: an oligarch with an enormous economic stake controls the president and dictates policy. ,,,,,,,,:,,,:
,,,,,,,,,,,,:,,,:
Well done, everyone.",803931,14308,758,3591,675,,,,,,:,,,:
2024:11:13T05:28:54.000Z,amerix,True,False,"President Trump has picked Elon Musk and Vivek Ramaswamy to lead The Department of Government Efficiency (DOGE),,,,,,,,:,,,:
,,,,,,,,,,,,:,,,:
This department is tasked with ending wastage of taxpayers' money and draining the swamp.,,,,,,,,,,,,:,,,:
,,,,,,,,,,,,:,,,:
America has Vivek, Kenya has David Ndii.,,,,,,,,,,,:,,,:
,,,,,,,,,,,,:,,,:
Kenya is led by fools.",342266,6673,321,2128,224,,,,,,,:,,,:
2024:11:18T10:33:36.000Z,JerasIkehorn,True,False,"UNFUCKINGBELIEVABLE!!,,,,,,,,:,,,:
,,,,,,,,,,,,:,,,:
Elon Musk admits Trump’s economic plans will collapse the U.S. economy — he then goes on to say: “that it's necessary for Americans to experience some temporary hardship""…,,,,,,,,,,,,:,,,:
,,,,,,,,,,,,:,,,:
These words were actually spoken by a ‘foreign agent’ who just happens to be the",76080,4153,270,1766,239,,,,,,,:,,,:
2024:11:12T17:21:17.000Z,kurtbardella,True,False,"First off, I’m not sure how the economy gets to where we want it to go if the first move is to deport everyone who does the hard labor (for menial wages). The Trump economy means the rich get richer and everyone else gets left behind.",39386,1011,72,359,30,,:,,,:
2024:11:12T21:34:55.000Z,LiberalHivemind,True,False,"MASSIVE: Trump Announces the American Academy, with the mission of making world:class education available to every American free of charge.,,,,,,,:,,,:
,,,,,,,,,,,,:,,,:
The money used will be collected by suing large university endowments that have propagated far:left ideology.,,,,,,,,,,,,:,,,:
,,,,,,,,,,,,:,,,:
damn",21629,1113,42,206,76,,,,,,,:,,,:
2024:11:09T19:55:38.000Z,TheTNHoller,True,False,"WATCH: ,,,,,,,,:,,,:
@Matthewcanwrite,,,,,,,,,,,,:,,,:
 on the OPEC 2020 deal by TRUMP— Russia & Saudi Arabia cut oil for 2 years, spiking oil prices and the cost of EVERYTHING (aka “INFLATION”) enriching Saudi Aramco,,,,,,,,,,,:,,,:
,,,,,,,,,,,,:,,,:
Trump’s son:in:law Kushner then got $2 BILLION from the Saudis. (Hunter hunters don’t care)",143733,3546,75,2307,1042,,,,,,,:,,,:
2024:11:17T23:09:14.000Z,piyushmittal,False,False,"Trump wants to cut $2 trillion from the budget, which tells me the US doesn’t have enough money.,,,,,,,:,,,:
But if we don’t have money, why are the Republicans planning to give a tax cut to the rich? It makes no sense.",6977,388,12,156,23,,,,,,:,,,:
2024:11:11T21:01:02.000Z,CNBCClosingBell,True,False,"#Tesla popping again today, with the stock seeing a more than 40% gain since the election. ,,,,,,,:,,,:
@DivesTech,,,,,,,,,,,,:,,,:
, who is raising his price target to $400 from $300, calls president:elect Trump's victory a ""game changer"" for Tesla:",401605,302,24,86,33,,,,,:,,,:
2024:11:17T19:28:02.000Z,TrumpjrJohn,True,False,"I'm printing money with #Memecoins. ,,,,,,,,:,,,:
,,,,,,,,,,,,:,,,:
If you see this, like, retweet, and follow.,,,,,,,,,:,,,:
,,,,,,,,,,,,:,,,:
I might just change your life.",79194,573,224,334,19,,,,,,,:,,,:
2024:11:14T18:22:22.000Z,bitcoinlfgo,True,False,"BIG BREAKING  ,,,,,,,,:,,,:
,,,,,,,,,,,,:,,,:
PRO : #BITCOIN President Trump is considering 0% capital gains tax on #Bitcoin and cryptocurrency! ",232626,7236,214,1267,124,,,,,,,:,,,:
2024:11:15T01:10:00.000Z,SenTedCruz,True,False,"I am confident the Republican House and Senate will work hand:in:hand with President Trump to deliver on his promises.,,,,,,,,:,,,:
,,,,,,,,,,,,:,,,:
Election Day was a MANDATE from the American people.,,,,,,,,,,,,:,,,:
,,,,,,,,,,,,:,,,:
We are going to bring back jobs, secure our border, crush inflation, and protect America from our",165245,5887,1231,826,46,,,,:,,,:
2024:11:16T20:34:47.000Z,TomHoman_,True,False,"President Trump is right. There is no price tag on mass deportation. ,,,,,,,,:,,,:
,,,,,,,,,,,,:,,,:
Democrats waste trillions yet fight us on $15 billion to build a wall and deem it too wasteful?,,,,,,,,,,,,:,,,:
,,,,,,,,,,,,:,,,:
Mass deportation is happening!,,,,,,,,,,,,:,,,:
,,,,,,,,,,,,:,,,:
Finishing the wall is happening!",30671,2516,112,629,23,,,,,,,:,,,:
2024:11:14T23:21:06.000Z,Barchart,True,False,President Donald Trump proposes eliminating capital gains tax on U.S.:made cryptocurrencies ,60822,570,39,129,55,,,:,,,:
2024:11:10T06:29:55.000Z,Whiplash437,True,False,"BOOM! Trump’s Executive Orders Set NESARA in Motion: Transition to Greatness & the Global Currency Reset (GCR),,,,,,,,:,,,:
,,,,,,,,,,,,:,,,:
America stands at a monumental turning point. President Donald J. Trump is leading us to a new era, a rebirth fueled by the promise of NESARA—the National Economic",30153,1151,26,407,221,,,,,,:,,,:
2024:11:17T22:47:05.000Z,thebearablebull,True,False,"US Based Cryptos Are Outperforming The Market & Will ABSOLUTELY THRIVE!!!!,,,,,,,,:,,,:
,,,,,,,,,,,,:,,,:
Think XRP, XLM, HBAR, ADA, ALGO, DAG, PROPY & Many More,,,,,,:,,,:
,,,,,,,,,,,,:,,,:
Ladies & Gentlemen Everything Has Changed Since Trump Got Elected!!!,,,,,,,,,,,,:,,,:
,,,,,,,,,,,,:,,,:
This Cycle Will Be Completely Different From 2021",92207,1733,71,310,142,,,,,,,:,,,:
2024:11:14T02:09:16.000Z,JasonMiller,True,False,"President Trump: ,,,,,,,,:,,,:
,,,,,,,,,,,,:,,,:
I want to Make America Great Again by fixing our economy for everyone, securing our border, making our streets safe, and bringing peace back to the world…and I’m going to hire good people to get it done!,,,,,,,,,:,,,:
,,,,,,,,,,,,:,,,:
The few remaining holdouts on the extreme left:",19808,668,34,137,4,,,,,,,:,,,:
2024:11:11T00:46:39.000Z,60Minutes,True,False,Republicans spent $143 million on an advertising blitz focusing on Harris’s support of transgender rights. https://cbsn.ws/3O104Oj,1365111,1438,589,717,471,,,:,,,:
2024:11:11T23:17:13.000Z,mjfree,True,False,"Trump's 10 point plan for education:,,,,,,,,:,,,:
,,,,,,,,,,,,:,,,:
: eliminate the Dept. of Education,,,,,,,,,,,,:,,,:
: cut federal funding,,,,,,,,,,,,:,,,:
: promote Christian Nationalism,,,,,,,,,,,,:,,,:
: attack teacher's unions,,,,,,,,,,,,:,,,:
: give public money to for:profit private schools,,,,,,,,,,,,:,,,:
,,,,,,,,,,,,:,,,:
He warned us, and you voted for him anyway.",42965,710,120,315,55,,,,,,:,,,:
2024:11:17T21:21:42.000Z,trump45coin,True,False,"$1 is the new low for #XRP ,,,,,,,,:,,,:
You all had your chance to stock up for 40c!,,,,,,,,,,,,:,,,:
,,,,,,,,,,,,:,,,:
#TRUMP in power = #XRPL going to be #1 by 2026.,,,,,,,,,,,,:,,,:
Not financial advice ",14360,220,21,92,3,,,,,,,:,,,:
2024:11:15T22:30:52.000Z,USATODAY,True,False,Will Trump's tariff policy increase prices for consumers? Here's how tariffs work: https://tinyurl.com/2xn35c3e,20195,23,8,16,6,,,:,,,:
