timestamp username icon:verified fact:checked text views likes replies reposts bookmarks   :   :            :   :
2024:11:10T23:46:08.000Z,DarrigoMelanie,True,False,"Trump's 10 point plan for education:,,,,,,,,:,,,:
,,,,,,,,,,,,:,,,:
: eliminate the Dept. of Education,,,,,,,,,,,,:,,,:
: cut federal funding,,,,,,,,,,,,:,,,:
: promote Christian Nationalism,,,,,,,,,,,,:,,,:
: attack teacher's unions,,,,,,,,,,,,:,,,:
: give public money to for:profit private schools,,,,,,,,,,,,:,,,:
,,,,,,,,,,,,:,,,:
He warned us, and you voted for him anyway.",13291031,104095,13732,20029,14090,,,,,,:,,,:
2024:11:09T21:20:54.000Z,RogerJStoneJr,True,False,"Black people, Hispanics —really ALL PEOPLE— want the same thing: economic  opportunity, safe neighborhoods, low gas and food prices…,,,,,:,,,:
,,,,,,,,,,,,:,,,:
They realize Trump brought us those things before and that he could bring them AGAIN.,,,,,,,,,,,,:,,,:
,,,,,,,,,,,,:,,,:
They voted for Trump bc they trust him with their future!",152365,1323,66,249,40,,,,,,,:,,,:
2024:11:07T20:31:58.000Z,RealJamesWoods,True,False,"As the stock market sets record highs, as Americans once again celebrate holidays with joy, as the dark cloud of divisive hate dissipates over the horizon, let’s smile, ignore the sour losers, and cherish our landslide victory to a brighter tomorrow.",268428,27761,:,4354,151,:
2024:11:09T11:15:13.000Z,wideawake_media,True,False,"In 2020, Donald Trump told the World Economic Forum:,,,,,,,:,,,:
,,,,,,,,,,,,:,,,:
""We must reject the perennial prophets of doom and their predictions of the apocalypse."",,,,,,,,,,,,:,,,:
,,,,,,,,,,,,:,,,:
""These alarmists always demand the same thing: absolute power to dominate, transform and control every aspect of our lives."",,,,,,,,,,,:,,,:
,,,,,,,,,,,,:,,,:
""We will",151965,8190,116,2846,834,,,,,,,:,,,:
2024:11:11T13:50:16.000Z,smalls2672,True,False,"Maga: I voted for Trump because of the economy and prices being too high. ,,,,,,,,:,,,:
,,,,,,,,,,,,:,,,:
Also maga: what's a tariff?",835662,50463,2248,5221,491,,,,,,,:,,,:
2024:11:11T13:05:59.000Z,BitcoinPierre,True,False,"Trump should issue an Executive Order to exempt BTC from capital gains taxes within the first 100 days of his presidency.,,,,,,,,:,,,:
,,,,,,,,,,,,:,,,:
Bring all that money back to the United States and grow the economy.",172151,5979,207,624,75,,,,,,,:,,,:
2024:11:10T14:37:24.000Z,maddenifico,True,False,"Once again, Trump is going to fuck:up an American economy that is  the ""envy of the world,"" due to President Biden's economic policies.",70098,4845,137,1546,493,:,,,:
2024:11:08T02:11:40.000Z,BehizyTweets,True,False,"Charlie Kirk is calling for a Trump DOJ investigation into ActBlue for their illegal donation scheme, which involves using the names of elderly people to launder foreign money into Democrat campaigns.,,,,,,,:,,,:
,,,,,,,,,,,,:,,,:
Election Watch has uncovered $100s of millions in laundered cash, not just in",870425,51883,482,15295,1407,,,,,,:,,,:
2024:11:11T21:29:58.000Z,kmoney_69,True,False,"i know we were saying stuff like “bitcoin to 100k regardless of who wins the election.” ,,,,,,,,:,,,:
,,,,,,,,,,,,:,,,:
but LMAOOOO imagine if we didn’t have trump man holy fuck,,,,,,,,,,,,:,,,:
,,,,,,,,,,,,:,,,:
this price action is legendary",7186,304,27,13,1,,,,,,,:,,,:
2024:11:06T18:49:29.000Z,WallStreetApes,True,False,"“If Trump becomes President again in 2024…it will be the final death blow…to the Global Order…” ,,,,,,,,:,,,:
,,,,,,,,,,,,:,,,:
: Yuval Noah Harari,,,,,,,,,,,,:,,,:
World Economic Forum Top Advisor,,,,,,,,,,,,:,,,:
,,,,,,,,,,,,:,,,:
Last Night Globalism Died ",34946,1717,142,538,135,,,,,,,:,,,:
2024:11:12T02:22:02.000Z,CYFER_01,False,False,"With Trump winning the 2024 election, the crypto market is experiencing a bullish rise. His past support for deregulation and tax cuts favored digital assets, and many expect him to continue promoting a crypto:friendly environment.,,,,,,:,,,:
#Trump,,,,,,,,,,,,:,,,:
#Trump2024,,,,,,,,,,,,:,,,:
#cryptocurrency",41,4,1,2,3,,,,,,,:,,,:
2024:11:11T15:08:34.000Z,SUNDOG_TRX,True,False,Trump Bull Market Mode,31261,570,39,85,3,,,:,,,:
2024:11:11T12:23:06.000Z,xMarketNews,True,False,"Let’s not forget Ken Griffin didn’t donate any money to Donald Trump, and called him a three:time loser,,,,,,,:,,,:
,,,,,,,,,,,,:,,,:
Donald Trump on Corrupt Donors:,,,,,,,,,,,,:,,,:
,,,,,,,,,,,,:,,,:
“I don’t want their money, I’m going to do the right thing for the American Public.. I don’t need their money”",59875,990,26,267,82,,,,,,:,,,:
2024:11:09T19:51:55.000Z,kbyrd2_,False,False,"Kamala literally said i will give yall a $6000 tax credit for the first year of your child’s life & $25,000 the first time you buy a home.,,,,,,,:,,,:
,,,,,,,,,,,,:,,,:
And people said Trump, who wants to lower taxes for the wealthiest earners, is going to make them rich again. You can’t make this up.",9385618,275735,18299,37468,11634,,,,,:,,,:
2024:11:08T21:37:03.000Z,Liz_Wheeler,True,False,"Trump is President:elect for two days:,,,,,,,,:,,,:
,,,,,,,,,,,,:,,,:
: Stock market hits record high,,,,,,,,,,,,:,,,:
: Migrant caravan at our border dissolves,,,,,,,,,,,,:,,,:
: Hamas calls for end to war,,,,,,,,,,,,:,,,:
: Bitcoin hits record high ,,,,,,,,,,,,:,,,:
: Putin ready to end Ukraine war,,,,,,,,,,,,:,,,:
: Qatar kicks out Hamas leaders,,,,,,,,,,,,:,,,:
: EU will buy U.S. gas not Russian gas,,,,,,,,,,,,:,,,:
:",8509549,147341,4508,34414,19028,,,,,,,:,,,:
2024:11:12T01:46:09.000Z,princessmom122,False,False,"I know it's hard to believe, but a lot of people think Trump has a magic plan to make them wealthy. The media also let Trump create the absolutely false narrative that the Trump economy was the best we've ever had.",0,56,2,4,0,,:,,,:
2024:11:12T03:59:12.000Z,TasteBudB,False,False,#LastWord #MSNBC Come now everybody should know by now what republicans do to the economy. They crash good economies handed over by Democrats. Yes starting with Reagan. Here we go again. Look at the 12 yrs of this century for GOP 9/11 2 wars 2 failed economies Deadly Trump Virus,0,2,1,2,29,,,:,,,:
2024:11:11T23:32:21.000Z,Skylarjderouen,True,False,"Most black people will forever be broke.  ,,,,,,,,:,,,:
This is what they are concerned about instead how the stock and crypto markets have reacted positively since Trump won.",377,14,2,5,3,,,,,,,:,,,:
2024:11:11T22:43:43.000Z,BBKogan,True,False,"Trump economic advisor Stephen Moore calls for Republicans to pass Trump’s tariffs through budget reconciliation.,,,,,,,,:,,,:
,,,,,,,,,,,,:,,,:
Under the Trump tax plan, on average people in the bottom 95% would see net tax increases because of the increased costs from tariffs.",0,787,1,2,0,,,,,,:,,,:
2024:11:11T14:58:14.000Z,RadarHits,True,False,"BREAKING: ,,,,,,,,:,,,:
,,,,,,,,,,,,:,,,:
#Bitcoin and crypto market cap could hit $10 TRILLION by 2026 under Trump : Standard Chartered",133160,4641,137,655,85,,,,,,,:,,,:
2024:11:09T10:39:44.000Z,TulsiGabbard,True,False,"This election result is a mandate. It rejects the neocons’ agenda of costly, unnecessary wars and embraces Trump’s promise to end wars, prevent global conflicts, revive our economy, and lower the cost of living for Americans. Entrenched politicians in Washington must take notice,",1633780,77037,:,12519,2104,:
2024:11:06T15:07:26.000Z,jamieclimate,False,False,"Biden should go all out on climate for the next 75 days. ,,,,,,,,:,,,:
,,,,,,,,,,,,:,,,:
Declare a climate emergency. Get all the IRA money out the door. Permit new transmission lines. Stop new LNG exports. Ban drilling on public lands. ,,,,,,,,,,,,:,,,:
,,,,,,,,,,,,:,,,:
Make a mountain of progress for Trump to try and undo.",211432,8928,472,1847,237,,,,,,,:,,,:
2024:11:09T20:37:49.000Z,texan_maga,True,False,"Where is President Trump going to get all of this money to deport people?,,,,,,,,:,,,:
,,,,,,,,,,,,:,,,:
Here’s your common sense answer.",6164,1857,63,360,74,,,,,,,:,,,:
