timestamp username icon:verified fact:checked text views likes replies reposts bookmarks   :   :            :   :
2024:11:10T23:46:08.000Z,DarrigoMelanie,True,False,"Trump's 10 point plan for education:,,,,,,,,:,,,:
,,,,,,,,,,,,:,,,:
: eliminate the Dept. of Education,,,,,,,,,,,,:,,,:
: cut federal funding,,,,,,,,,,,,:,,,:
: promote Christian Nationalism,,,,,,,,,,,,:,,,:
: attack teacher's unions,,,,,,,,,,,,:,,,:
: give public money to for:profit private schools,,,,,,,,,,,,:,,,:
,,,,,,,,,,,,:,,,:
He warned us, and you voted for him anyway.",4982413,46751,5272,9235,6389,,,,,,:,,,:
2024:11:10T18:59:56.000Z,Jeremyybtc,True,False,"doge will be the biggest runner of this bull run,,,,,,,,:,,,:
,,,,,,,,,,,,:,,,:
elon musk publicly comes out as the co founder of dogecoin,,,,,,,,,,,,:,,,:
,,,,,,,,,,,,:,,,:
trump and elon both mentioned integrating dogecoin as a big part of america's economy,,,,,,,,,,,,:,,,:
,,,,,,,,,,,,:,,,:
1 $doge = $1",38029,363,72,66,12,,,,,,,:,,,:
2024:11:07T21:17:38.000Z,SeibtNaomi,True,False,"GERMAN TYRANNY FALLS : THANKS TO TRUMP AND X!,,,,,,,,:,,,:
,,,,,,,,,,,,:,,,:
The German government is imploding because the far:left establishment refuses to change its disastrous economic policies.,,,,,,,,,,,,:,,,:
,,,,,,,,,,,,:,,,:
Trump’s victory EXPOSED that we have been lied to by our tax:funded media. ,,,,,,,,,,,,:,,,:
,,,,,,,,,,,,:,,,:
We want the tyranny to END!",1437641,43109,1734,9505,3328,,,,,,,:,,,:
2024:11:11T14:38:24.000Z,ericjackson,True,False,"Whatever happened to “the next Carvana $CVNA”?,,,,,,,,:,,,:
,,,,,,,,,,,,:,,,:
I believe DeFi Technologies ($DEFI in Canada, $DEFTF in the US) continues to be significantly under:valued.,,,,,,,,,,,:,,,:
,,,,,,,,,,,,:,,,:
Since Trump’s election last week, crypto has gone bananas but DeFi’s stock price reaction has been muted.,,,,,,,,,,,:,,,:
,,,,,,,,,,,,:,,,:
In my view, it",1749,22,3,10,6,,,,,,:,,,:
2024:11:05T15:55:02.000Z,CalltoActivism,True,False,Anyone who is voting for the “economy” needs to see just how bad Trump’s plan is:,221574,8270,147,3726,348,,,:,,,:
2024:11:10T21:27:00.000Z,BBKogan,False,False,"I was very busy last month, so I just got around to updating this graph to include our the final FY2024 revenue number.,,,,,,,:,,,:
,,,,,,,,,,,,:,,,:
The Bush and Trump tax cuts broke our modern tax code. Revenue is significantly lower and no longer grows much with the economy.",58510,436,23,212,137,,,,,,,:,,,:
2024:11:08T20:45:38.000Z,BehizyTweets,True,False,"Trump plans to redirect the money being spent on Ukraine towards a nationwide initiative to get the homeless off the streets by building ""tent cities"" where they can be relocated.,,,,,,,,:,,,:
,,,,,,,,,,,,:,,,:
His plan includes banning urban camping & arresting violators while empowering rehab organizations.",6610512,93141,2442,18481,13457,,,,,,,:,,,:
2024:11:05T14:03:05.000Z,TheCryptoLark,True,False,The price of Bitcoin if Trump wins:,83022,1434,189,174,13,,,:,,,:
2024:11:10T14:59:18.000Z,GuntherEagleman,True,False,"A NBC hack tried to corner Trump on the cost of deporting millions of criminal aliens.,,,,,,,,:,,,:
,,,,,,,,,,,,:,,,:
Trump handled it perfectly:,,,,,,,,,,,,:,,,:
“We have NO choice when people have k*lled and m*rdered. They’re not staying here. There is NO price tag.”,,,,,,,,,,,,:,,,:
,,,,,,,,,,,,:,,,:
They ALL have to go back!",1640350,36084,999,6263,636,,,,,,,:,,,:
2024:11:06T16:44:44.000Z,CollinRugg,True,False,"NEW: Entire CNN panel sits in silence as Scott Jennings rips apart the Democrats and the media, says Donald Trump's win is the ""revenge of the regular ole working class American."",,,,,,,:,,,:
,,,,,,,,,,,,:,,,:
,,,,,,,,,,,,:,,,:
,,,,,,,,,,,,:,,,:
""This is a mandate to do what you said you were gonna do. Get the economy working again for",4488010,96112,1431,16939,9581,,,,,,,:,,,:
2024:11:10T23:03:47.000Z,Dominus_Crypto,True,False,"Beeple started the NFT bullrun last bull market when he sold an NFT for $69m,,,,,,,,:,,,:
Now he keeps on posting Pnut art.,,,,,,,,,,,,:,,,:
,,,,,,,,,,,,:,,,:
$Pnut started the bullrun this year when he helped helped Trump to win the elections,,,,,,,,,,,,:,,,:
,,,,,,,,,,,,:,,,:
This is the meme of this bullrun!",9946,467,40,144,26,,,,,,,:,,,:
2024:11:09T03:41:40.000Z,saras76,True,False,"Trump plans to redirect the money being spent on Ukraine towards a nationwide initiative to get the homeless off the streets in America. ,,,,,,,,:,,,:
,,,,,,,,,,,,:,,,:
How can anybody be against this? ,,,,,,,,,,,,:,,,:
This is amazing. ,,,,,,,,,,,,:,,,:
America FIRST.",53067,3014,125,694,145,,,,,,,:,,,:
2024:11:11T02:34:15.000Z,tommysantos14,True,False," Baselined: The Biden Economy,,,,,,,,:,,,:
We are taking a snapshot of Joe Biden's economy before he leaves office so we have a point of comparison when Donald Trump begins to take credit for it, like he did the economy he inherited form Barack Obama.",310338,8257,203,2754,2883,,,,,,:,,,:
2024:11:06T18:25:54.000Z,aly_rendon,False,False,saying i voted for trump because he’s better for the economy when you’re posting your cash app on your story for your birthday is insane,528829,36338,88,4481,469,,,:,,,:
2024:11:10T11:59:15.000Z,iamDCinvestor,True,False,"you literally could not ask for a better environment for crypto right now,,,,,,,,:,,,:
,,,,,,,,,,,,:,,,:
a Trump win bring the potential massive deregulation and acceptance of crypto, and an end to regulation by enforcement,,,,,,,,,,,:,,,:
,,,,,,,,,,,,:,,,:
BUT he literally can’t take any real action until January 20,,,,,,,,,,,,:,,,:
,,,,,,,,,,,,:,,,:
so the market will run",48634,854,34,58,42,,,,,,,:,,,:
2024:11:11T14:00:30.000Z,_Crypto_Barbie,True,False," BREAKING: ,,,,,,,,:,,,:
,,,,,,,,,,,,:,,,:
INVESTMENT BANK STANDARD CHARTERED SAID:,,,,,,,,,,,,:,,,:
,,,,,,,,,,,,:,,,:
„CRYPTO MARKET CAP COULD BALLOON TO $10T BY 2026 UNDER TRUMP ADMINISTRATION!“  ,,,,,,,,,,,,:,,,:
,,,,,,,,,,,,:,,,:
STANDARD CHARTERED HAS ALREADY COMPLETED A STRATEGIC INVESTMENT IN RIPPLE IN THE PAST!  #XRP",6282,194,8,76,11,,,,,,,:,,,:
2024:11:11T14:20:40.000Z,MAGA__Patriot,True,False,We must NEVER FORGET the high price paid for the freedom we enjoy. Thank you Veterans! ,1756,116,7,63,3,,,:,,,:
2024:11:11T01:50:04.000Z,Wealth_Theory,True,False,"What a time to be alive.,,,,,,,,:,,,:
,,,,,,,,,,,,:,,,:
Free Speech,,,,,,,,,,,,:,,,:
Bitcoin,,,,,,,,,,,,:,,,:
Trump is back,,,,,,,,,,,,:,,,:
Woke is dead,,,,,,,,,,,,:,,,:
Bull market,,,,,,,,,,,,:,,,:
,,,,,,,,,,,,:,,,:
Thanks Elon,,,,,,,,,,,,:,,,:
Thanks Satoshi,,,,,,,,,,,,:,,,:
Thanks ",16938,735,22,58,13,,,,,,,:,,,:
2024:11:09T01:48:40.000Z,KristiNoem,True,False,"President Trump is going to do BIG things when he takes office, and he wants people around him with big vision to accomplish those goals for the American people.,,,,,,,:,,,:
,,,,,,,,,,,,:,,,:
His tax plan will absolutely unleash American growth.",43570,2956,86,396,25,,,,,,,:,,,:
2024:11:11T12:01:06.000Z,the_viiibe,True,False,"This man won the presidential elections.,,,,,,,,:,,,:
,,,,,,,,,,,,:,,,:
Today Bitcoin went to an all time high of $82,000.,,,,,,,,,,,:,,,:
,,,,,,,,,,,,:,,,:
What can the market now expect that Trump is in power:,,,,,,,,,,,,:,,,:
,,,,,,,,,,,,:,,,:
1/9",819,37,15,6,1,,,,,,,:,,,:
2024:11:06T15:49:37.000Z,BMeiselas,True,False,Watch how quickly the same exact economy we are in now becomes “the greatest economy anyone has ever seen in history” once Trump takes office. And all of his followers will instantly agree. Media will likely go along with it too.,274462,13998,387,2622,438,,,:,,,:
2024:11:09T02:06:18.000Z,AbbyJohnson,True,False,This talking point coming from the left that Trump won because “a bunch of uneducated people” is ridiculous. It doesn’t take a college degree to see that the Biden economy sucked. It doesn’t take four years at Harvard to see the utter failure of Democrat policies in Democrat run,7145,361,26,78,5,,,:,,,:
