timestamp username icon:verified fact:checked text views likes replies reposts bookmarks   :   :            :   :
2024:11:02T08:10:54.000Z,mollie_don,True,False,"Trump's economic policies, including tariffs, tax cuts, and immigration control, aim to address inflation and stimulate economic growth. Supporters believe his straightforward approach could eliminate bureaucratic hurdles and stimulate immediate economic activity.,,,,:,,,:
,,,,,,,,,,,,:,,,:
If we want to",8879,270,14,208,3,,,,,,,:,,,:
2024:11:14T02:37:17.000Z,w_terrence,True,False,"KAMALAAAAAAAA CALL ME!!!!!!,,,,,,,,:,,,:
,,,,,,,,,,,,:,,,:
Send this to ,,,,,,,,,,,,:,,,:
@KamalaHarris,,,,,,,,,,,,:,,,:
 ,,,,,,,,,,,,:,,,:
,,,,,,,,,,,,:,,,:
You raised $1 BILLION and now you are negative $20 million dollars, you can’t pay people or the vendors BUT you were going to fix the Economy over night!,,,,,,,,,,,:,,,:
,,,,,,,,,,,,:,,,:
Trump offered to help so I have some coins I would like to give you",296695,6519,398,1527,215,,,,,,,:,,,:
2024:11:19T23:01:08.000Z,CBSNews,True,False,"Lawyers for Manhattan DA Alvin Bragg are urging Justice Juan Merchan that Trump should not be sentenced for his crimes in his New York ""hush money"" case until after he completes his second term in office. ""We've never been here before,"" says CBS News legal contributor Jessica",33763,34,50,18,3,,:,,,:
2024:11:12T17:21:17.000Z,kurtbardella,True,False,"First off, I’m not sure how the economy gets to where we want it to go if the first move is to deport everyone who does the hard labor (for menial wages). The Trump economy means the rich get richer and everyone else gets left behind.",39403,1006,72,357,30,,:,,,:
2024:11:14T03:08:52.000Z,MemeNonLibs,True,False,"“You f**king b**ches elected Trump into office”,,,,,,,,:,,,:
,,,,,,,,,,,,:,,,:
You’d think a week would be enough time for these liberals to calm down ,,,,,,,,,,,,:,,,:
,,,,,,,,,,,,:,,,:
Do we really care that much more about “the economy” over “women’s rights?”",152165,793,962,221,117,,,,,,,:,,,:
2024:11:19T19:08:24.000Z,ABC,True,False,Prosecutors with the Manhattan DA’s office said they would oppose President:elect Trump’s attempt to dismiss his criminal conviction in New York but told the judge they do not object to pausing the case. https://abcnews.visitlink.me/6GZiX4,27609,32,29,17,3,,,:,,,:
2024:11:19T18:28:22.000Z,ABC,True,False,"NEW: Prosecutors with the Manhattan DA’s office said they would oppose President:elect Trump’s attempt to dismiss his criminal conviction in New York but told the judge they do not object to pausing the case.,,,,,,,,:,,,:
,,,,,,,,,,,,:,,,:
https://abcnews.go.com/US/manhattan:da:propose:steps:trumps:criminal:hush:money/story?id=115985430…",34708,61,26,20,4,,,,,,,:,,,:
2024:11:17T23:39:14.000Z,sjredmond,True,False,"Ask not why they didn't vote for Harris Bill Shatner, ask why they believed one word Trump was saying. Not one of his economic ""promises"" will be kept, except the ones that screw the bottom half of America.",96403,1399,68,264,113,:,,,:
2024:11:18T00:12:36.000Z,bySukie,True,False,"Kaspa is going to surpass $100B MC,,,,,,,,:,,,:
,,,,,,,,,,,,:,,,:
Why?,,,,,,,,,,,,:,,,:
,,,,,,,,,,,,:,,,:
Money is energy & Kaspa is one of the hardest currencies out there next to $BTC,,,,,,,,,,,,:,,,:
,,,,,,,,,,,,:,,,:
$KAS is a blackhole, absorbing liquidity from all Cryptos as more people find out about it,,,,,,,,,,,:,,,:
,,,,,,,,,,,,:,,,:
People like Elon, ",31603,499,26,114,39,,,,,,:,,,:
2024:11:14T02:09:16.000Z,JasonMiller,True,False,"President Trump: ,,,,,,,,:,,,:
,,,,,,,,,,,,:,,,:
I want to Make America Great Again by fixing our economy for everyone, securing our border, making our streets safe, and bringing peace back to the world…and I’m going to hire good people to get it done!,,,,,,,,,:,,,:
,,,,,,,,,,,,:,,,:
The few remaining holdouts on the extreme left:",19884,669,34,137,4,,,,,,,:,,,:
2024:11:20T00:55:19.000Z,PelosiTracker_,True,False,"Just in: Trump to replace SEC chair Gary Gensler with Teresa Goody Guillen, a pro crypto lawyer,,,,,,,:,,,:
,,,,,,,,,,,,:,,,:
As a reminder, his VP, JD Vance, owns ~$500K of Bitcoin $BTC",23718,179,8,30,7,,,,:,,,:
2024:11:17T18:57:31.000Z,_Crypto_Barbie,True,False,"WOW! ,,,,,,,,:,,,:
,,,,,,,,,,,,:,,,:
Brad Garlinghouse is confident that Ripple is about to unlock the U.S. market!  ,,,,,,,,,,,,:,,,:
,,,,,,,,,,,,:,,,:
I'm sure under the new Trump administration we will finally get full regulatory clarity that will unleash #XRP ",79133,1837,24,380,69,,,,,,,:,,,:
2024:11:12T15:37:09.000Z,Bubblebathgirl,True,False,"Even if the hush money case against Trump gets dismissed, that doesn’t mean the lawfare against him is forgotten.,,,,,,,:,,,:
,,,,,,,,,,,,:,,,:
Our government, DAs, and judges abused our judicial system in order to interfere in the 2024 presidential election.,,,,,,,,,,:,,,:
,,,,,,,,,,,,:,,,:
They need to face legal consequences.",16579,1847,52,716,13,,,,,,,:,,,:
2024:11:16T13:19:58.000Z,iamnot_elon,True,False,"Good morning 𝕏! President Trump and I are having coffee here at Mar:a:lago on a beautiful Saturday morning. We're going through plans to delete the IRS and majorly simplify the tax code. We think you should just be able to log into a website, it tells you exactly how much you",3397364,76937,6940,9992,2231,,:,,,:
2024:11:11T14:20:40.000Z,MAGA__Patriot,True,False,We must NEVER FORGET the high price paid for the freedom we enjoy. Thank you Veterans! ,14337,796,35,417,14,,,:,,,:
2024:11:13T12:06:53.000Z,GoPlusSecurity,True,False,"GoPlus Alert,,,,,,,,:,,,:
,,,,,,,,,,,,:,,,:
Recently,  ,,,,,,,,,,,:,,,:
@Cointelegraph,,,,,,,,,,,,:,,,:
  published the false information that ""Trump is the largest holder of $PNUT "".,,,,,,,,,,,,:,,,:
,,,,,,,,,,,,:,,,:
Please be cautious in the bull market and carefully verify the information released by media outlets and KOLs to avoid falling victim to copycat projects,",31685,964,30,4779,1,,,,,,:,,,:
2024:11:15T20:20:58.000Z,nypost,True,False,"Trump eyeing Fox Business host Larry Kudlow for Treasury, National Economic Council https://trib.al/PbP7rJX",37253,692,50,87,12,,:,,,:
2024:11:14T23:25:46.000Z,ByronDonalds,True,False,"Trump admin economic policy will put YOU FIRST.,,,,,,,,:,,,:
,,,,,,,,,,,,:,,,:
The Trump Tax Cuts & Jobs Act (currently in place) cut tax rates & has raised record federal revenue.,,,,,,,,,,,,:,,,:
,,,,,,,,,,,,:,,,:
Strategic tariffs will protect domestic manufacturing, industry, & critical jobs.,,,,,,,,,,:,,,:
,,,,,,,,,,,,:,,,:
And the time for unfair trade deals is OVER.",74813,5555,184,964,62,,,,,,,:,,,:
2018:12:17T18:48:19.000Z,OMGno2trump,False,False,"People who understand economics and stock markets know Trump:,,,,,,,,:,,,:
: doesn't understand markets or economics,,,,,,,,,,,,:,,,:
: has no clue how tariffs work or how they're hurting,,,,,,,,,,,,:,,,:
: tax scam caused deficit & inflation,,,,,,,,,,,,:,,,:
: has worst market since great recession & getting worse,,,,,,,,,,,,:,,,:
,,,,,,,,,,,,:,,,:
https://finance.yahoo.com/news/trump:puts:fed:blast:critical:141308520.html…",0,284,16,220,0,,,,,,,:,,,:
2024:11:15T16:39:33.000Z,WSJ,True,False,Donald Trump is considering tapping Fox Business Network host Larry Kudlow for a senior economic policy role in his administration,50892,81,18,36,2,,,:,,,:
2024:11:18T13:30:01.000Z,profstonge,True,False,"Will Donald Trump pass No Tax on Tips? ,,,,,,,,:,,,:
,,,,,,,,,,,,:,,,:
Betting markets say yes. And it could be the gateway drug to ending wider income taxes.",197930,2354,75,574,111,,,,,,,:,,,:
2024:11:19T22:52:10.000Z,DrEricDing,True,False,Dr. Oz Pushes Medicare Privatization—the infamous TV doctor wants to privatize Medicare — and tax workers to boost the profits of insurance giants whose stock he owns. He is Trump’s new head of Medicare and Medicaid.,27318,454,47,272,36,,,:,,,:
2024:11:14T01:14:12.000Z,jcokechukwu,True,False,"By the way, here’s Tulsi, Trump’s pick for DNI (Director of National Intelligence), exposing the Ukrainian bio labs and wandering why American money would go to shady, dirty ventures like bio labs in Ukraine and China and elsewhere, from where COVID and other designer diseases",15328,545,:,376,69,:
