timestamp username icon:verified fact:checked text views likes replies reposts bookmarks   :   :            :   :
2024:11:02T08:10:54.000Z,mollie_don,True,False,"Trump's economic policies, including tariffs, tax cuts, and immigration control, aim to address inflation and stimulate economic growth. Supporters believe his straightforward approach could eliminate bureaucratic hurdles and stimulate immediate economic activity.,,,,:,,,:
,,,,,,,,,,,,:,,,:
If we want to",8875,271,14,208,3,,,,,,,:,,,:
2024:11:18T17:03:13.000Z,tooronlists,False,False,"If you think inflation is bad now, wait until Trump declares National Emergency & deports immigrants who pick & process your food, the people who build your houses, & add in 20% to 200% tariffs passed on to consumers. America is dumb and hateful af.",290194,5447,1463,1742,:,,,:
2024:11:18T04:08:11.000Z,LloydChapman,True,False,Have you noticed how aggressive the democrats are about losing this election? I think I know why. Trillions in our tax dollars have disappeared across the government. The democrats are terrified Elon Musk and the Trump team are going to expose the fact they looted trillions.,15087,849,27,210,36,,,:,,,:
2024:11:12T18:14:40.000Z,RolandForTexas,True,False,"Donald Trump’s border czar is ready to start mass deportations from day one, throwing our economy into chaos and ripping families apart.",17757,206,548,137,12,,:,,,:
2024:11:13T21:15:38.000Z,QuiverQuant,True,False,"BREAKING: Matt Gaetz has been chosen to serve as Trump's attorney general.,,,,,,,,:,,,:
,,,,,,,,,,,,:,,,:
Gaetz recently gave a speech on suspicious congressional stock trades.,,,,,,,,,,,,:,,,:
,,,,,,,,,,,,:,,,:
""Fire your financial advisor : just follow the Quiver Quantitative account on X""",81289,606,9,91,69,,,,,,,:,,,:
2024:11:12T15:22:05.000Z,DixiDarlen,True,False,"It seems these entertainers that took money from the Kamala campaign to twerk, sing, dole out endorsements, whatever, were actually paid advertisements—if they didn’t disclose that— they broke federal law.",12761,641,19,:,13,,:
2024:11:17T22:47:05.000Z,thebearablebull,True,False,"US Based Cryptos Are Outperforming The Market & Will ABSOLUTELY THRIVE!!!!,,,,,,,,:,,,:
,,,,,,,,,,,,:,,,:
Think XRP, XLM, HBAR, ADA, ALGO, DAG, PROPY & Many More,,,,,,:,,,:
,,,,,,,,,,,,:,,,:
Ladies & Gentlemen Everything Has Changed Since Trump Got Elected!!!,,,,,,,,,,,,:,,,:
,,,,,,,,,,,,:,,,:
This Cycle Will Be Completely Different From 2021",139279,2313,82,428,203,,,,,,,:,,,:
2024:11:15T22:32:05.000Z,TrumpBaroon,True,False,"Most of time Dad keeps telling me that he will do the best for USA in matters developments, economy growth and it’s Sustainability.,,,,,,,:,,,:
,,,,,,,,,,,,:,,,:
Pray for Him, because he loves United States of America so much",100714,8366,542,997,38,,,,,,:,,,:
2024:11:12T15:29:50.000Z,MSNBC,True,False,BREAKING: Judge in Trump hush money case delays key ruling ahead of sentencing.,217702,964,535,408,130,,,:,,,:
2024:11:15T18:40:39.000Z,TheUSASingers,False,False,Donald Trump is already crashing the stock market because he’s an unhinged fascist traitor moron.,24154,1335,44,665,36,,,:,,,:
2024:11:11T18:25:24.000Z,kayleighmcenany,True,False,"THE TRUMP EFFECT,,,,,,,,:,,,:
,,,,,,,,,,,,:,,,:
In just a few days and before he is even President ,,,,,,,,,,,,:,,,:
,,,,,,,,,,,,:,,,:
 First female Chief of Staff appointed,,,,,,,,,,,,:,,,:
 Stock market hitting all:time:highs,,,,,,,,,,,,:,,,:
 Newest migrant caravan breaking up,,,,,,,,,,,,:,,,:
 NYC to stop giving debit cards to illegal immigrants,,,,,,,,,,,,:,,,:
 EU wants to buy US gas, not",816593,23236,460,4657,1625,,,,,,:,,,:
2024:11:12T15:47:33.000Z,RealAmVoice,True,False,"CONVERSATIONS ARE NOT ALLOWED: Judge Merchon delayed the Trump immunity decision in the NY hush:money case. ""Now, he has to declare a mistrial. No need for another delay. Does he really think he's going to send President:Elect Trump to Rikers?"",,,,,,,:,,,:
@mrddmia,,,,,,,,,,,,:,,,:
 @Bannons_WarRoom,,,,,,,,,,,,:,,,:
 #WarRoom",28080,683,20,274,31,,,,,,,:,,,:
2024:11:11T21:01:02.000Z,CNBCClosingBell,True,False,"#Tesla popping again today, with the stock seeing a more than 40% gain since the election. ,,,,,,,:,,,:
@DivesTech,,,,,,,,,,,,:,,,:
, who is raising his price target to $400 from $300, calls president:elect Trump's victory a ""game changer"" for Tesla:",401751,302,24,86,33,,,,,:,,,:
2024:11:11T14:11:03.000Z,DC_Draino,True,False,"The Visa/MC credit card monopoly has put Americans into excessive debt with usurious interest rates at 25%+,,,,,,,,:,,,:
,,,,,,,,,,,,:,,,:
President Trump wants a 10% cap on all credit card interest rates,,,,,,,,,,,,:,,,:
,,,,,,,,,,,,:,,,:
JD Vance co:sponsored the Credit Card Competition act which fights the 2:4% hidden tax you pay every",5521704,88976,2027,21079,5487,,,,,,,:,,,:
2024:11:13T13:55:49.000Z,tribelaw,True,False,"Biden must urgently act with the Europeans to transfer frozen Russian assets to Kyiv—not just the interest but the capital. This money—more than $300 billion—can be used to purchase weapons, rebuild the country, and keep the economy going for many months.",131485,9644,612,4415,117,:,,,:
2024:11:15T16:28:25.000Z,DisavowTrump20,True,False,"After record growth under the Biden Economy, stock market is plummeting with the chaos of a Trump Administration looming.",60466,1983,93,897,97,,:,,,:
2024:11:12T15:58:44.000Z,SenatorLankford,True,False,"Next year, the Trump tax cuts are set to expire, and we must take action. Otherwise, Americans—including Oklahomans—could face tax hikes. We need to get to work to keep taxes low and support hardworking families.",28589,552,509,87,:,,,:
2024:11:10T23:14:58.000Z,CryptoHayes,True,False,"Some of y'all don't believe Trump is about to trash the $ and print money. $BTC disagrees. Here is #Bitcoin leading vs. my new money supply indicator US Bank Credit. The market is speaking, listen up.,,,,,,,:,,,:
,,,,,,,,,,,,:,,,:
More explanation in my essay ""Black or White"" that drops tom.",157410,2126,153,206,282,,,,,,,:,,,:
2024:11:14T01:14:12.000Z,jcokechukwu,True,False,"By the way, here’s Tulsi, Trump’s pick for DNI (Director of National Intelligence), exposing the Ukrainian bio labs and wandering why American money would go to shady, dirty ventures like bio labs in Ukraine and China and elsewhere, from where COVID and other designer diseases",15274,545,:,376,69,:
2024:11:11T17:57:39.000Z,ElijahSchaffer,True,False,"The dominance of Visa and Mastercard in the credit card market has resulted in Americans facing overwhelming debt due to excessively high interest rates exceeding 25%.,,,,,,,,:,,,:
,,,,,,,,,,,,:,,,:
President Trump is advocating for a policy to limit credit card interest rates to no more than 10%.,,,,,,,,,,,,:,,,:
,,,,,,,,,,,,:,,,:
Senator JD",26243,523,44,81,22,,,,,,,:,,,:
2024:11:14T23:21:06.000Z,Barchart,True,False,President Donald Trump proposes eliminating capital gains tax on U.S.:made cryptocurrencies ,60929,573,40,129,55,,,:,,,:
2024:11:12T20:23:20.000Z,Davidwoounbound,True,False,Market consensus about Trump 2.0: tariffs + tax cuts = higher inflation. But will Trump risk exacerbating surging interest costs on U.S. government debt? #USTreasuryDebt #EconomicPolicy,1050,9,1,1,1,,,:,,,:
2024:11:12T20:51:13.000Z,bungarsargon,True,False,"This was the immigration election. Democrats vowing to ""Trump proof"" their cities & states are exposing their contempt for their own voters, who they hate for wanting less immigration, for voting in the economic interests of their families instead of those of progressive elites.",25146,811,22,167,58,:,,,:
2024:08:25T17:53:38.000Z,BetterOff2024,True,False,"A reminder that Trump's only stated specific economic policy:,,,,,,,,:,,,:
,,,,,,,,,,,,:,,,:
Tariffs of 10:60% on *all* US imports that will fuel inflation across the board as consumers will naturally pay the difference for goods.,,,,,,,,,,,,:,,,:
,,,,,,,,,,,,:,,,:
Basically a #TrumpTax on all Americans.",34386,631,65,388,17,,,,,,,:,,,:
