timestamp username icon:verified fact:checked text views likes replies reposts bookmarks   :   :            :   :
2024:11:02T08:10:54.000Z,mollie_don,True,False,"Trump's economic policies, including tariffs, tax cuts, and immigration control, aim to address inflation and stimulate economic growth. Supporters believe his straightforward approach could eliminate bureaucratic hurdles and stimulate immediate economic activity.,,,,:,,,:
,,,,,,,,,,,,:,,,:
If we want to",8891,270,14,208,3,,,,,,,:,,,:
2024:11:19T13:12:00.000Z,FeistyLibLady,True,False,"Just a reminder to every single damn American who voted for Donald Trump and MAGA Republicans.,,,,,,,,:,,,:
,,,,,,,,,,,,:,,,:
America has the strongest economy in 25 years!,,,,,,,,,,,,:,,,:
,,,,,,,,,,,,:,,,:
It is the #1 economy in the entire world as a result of a Democrat administration you voted against.,,,,,,,,,,,,:,,,:
,,,,,,,,,,,,:,,,:
A big THANKS to the Biden:Harris",57606,6428,455,2824,111,,,,,,,:,,,:
2024:11:20T14:35:48.000Z,WesleyHuntTX,True,False,"America… We’re Back!,,,,,,,,:,,,:
,,,,,,,,,,,,:,,,:
2025 marks the dawn of a new Golden Age. I’ve stood with President Trump since day one and will continue to stand with 45/47. ,,,,,,,,,,,,:,,,:
,,,,,,,,,,,,:,,,:
In the 119th Congress, I’ll fight to secure our border, rebuild the economy, and make America safe again.,,,,,,,,,:,,,:
,,,,,,,,,,,,:,,,:
1.20.25 ,,,,,,,,,,,,:,,,:
CAN’T WAIT!",22098,1791,56,307,31,,,,,,,:,,,:
2024:11:20T00:09:05.000Z,RepMTG,True,False," I just confronted FEMA Administrator Criswell ,,,,,,,,:,,,:
,,,,,,,,,,,,:,,,:
Criswell prioritized equity programs and politics over providing aid to Americans in need after historic natural disasters—simply because they supported President Trump.,,,,,,,,,,,,:,,,:
,,,,,,,,,,,,:,,,:
Meanwhile, FEMA had plenty of money and resources to",747889,35772,1306,12409,1192,,,,,,:,,,:
2024:11:15T22:32:05.000Z,TrumpBaroon,True,False,"Most of time Dad keeps telling me that he will do the best for USA in matters developments, economy growth and it’s Sustainability.,,,,,,,:,,,:
,,,,,,,,,,,,:,,,:
Pray for Him, because he loves United States of America so much",101111,8365,541,994,38,,,,,,:,,,:
2024:11:20T02:07:15.000Z,TiffanyFong_,True,False,There’s a Cybertruck in Donald Trump’s motorcade. No amount of money could produce a car ad cooler than this. ,56309,2119,158,183,66,,,:,,,:
2024:11:15T20:59:12.000Z,renoomokri,True,False,How We Will Keep Making Money In The Trump Era,24836,282,19,57,58,,,:,,,:
2024:11:18T14:24:29.000Z,FoxNews,True,False,"'GET RID OF THE ILLEGALS!': Chicago voters confront Mayor Brandon Johnson (D) for catering to illegal immigrants who have flooded the city, telling him they hope Trump 'will address' him after the city council unanimously rejects his proposed $300 million property tax hike.",328542,10061,341,2594,243,,:,,,:
2024:11:14T13:00:00.000Z,brutamerica,True,False,"Trump’s proposals for the economy are sparking debates. But economists warn his tariffs could lead to higher prices for consumers, and his tax cuts might mainly benefit the wealthy. ,,,,,,,:,,,:
#ElectionEconomics #Trump2024 #EconomicPolicy",0,3,1,1,213,,,,,,,:,,,:
2017:11:01T22:27:54.000Z,mikandynothem,True,False,"Trump's ECONOMY is a train that is rolling full steam ahead with no brakes to stop it! ,,,,,,,,:,,,:
*3% GDP growth.,,,,,,,,,,,,:,,,:
*Stock Market breaking record highs weekly.,,,,,,,,,,,,:,,,:
*Unemployment at record lows.,,,,,,,,,,,,:,,,:
...and much more!,,,,,,,,,,,,:,,,:
Jump on board or get the hell out of the way! ,,,,,,,,,,,,:,,,:
#WednesdayWisdom #MAGA #tcot #FoxNews",0,478,42,297,0,,,,,,,:,,,:
2024:11:19T14:54:04.000Z,essenviews,True,False,Don’t Give Trump Credit for the Success of the Biden Economy,2723,312,18,169,7,,,:,,,:
2024:11:12T15:37:09.000Z,Bubblebathgirl,True,False,"Even if the hush money case against Trump gets dismissed, that doesn’t mean the lawfare against him is forgotten.,,,,,,,:,,,:
,,,,,,,,,,,,:,,,:
Our government, DAs, and judges abused our judicial system in order to interfere in the 2024 presidential election.,,,,,,,,,,:,,,:
,,,,,,,,,,,,:,,,:
They need to face legal consequences.",16614,1848,52,717,13,,,,,,,:,,,:
2024:11:15T18:22:00.000Z,RepTenney,True,False,". ,,,,,,,,:,,,:
@HouseGOP,,,,,,,,,,,,:,,,:
 is committed to working with President Trump to implement his America First agenda.,,,,,,,,,,,,:,,,:
,,,,,,,,,,,,:,,,:
This includes preserving and expanding the important Tax Cuts and Jobs Act to lower taxes for hardworking Americans!",11329,166,45,45,1,,,,,,,:,,,:
2024:11:12T19:42:50.000Z,Sassafrass_84,True,False,"I really hope President Trump fixes the tax system. We are broke, and it's broken. I don't want to be a debt slave to the irs anymore.",29127,1724,144,645,65,,:,,,:
2024:11:17T18:57:31.000Z,_Crypto_Barbie,True,False,"WOW! ,,,,,,,,:,,,:
,,,,,,,,,,,,:,,,:
Brad Garlinghouse is confident that Ripple is about to unlock the U.S. market!  ,,,,,,,,,,,,:,,,:
,,,,,,,,,,,,:,,,:
I'm sure under the new Trump administration we will finally get full regulatory clarity that will unleash #XRP ",79507,1836,24,382,69,,,,,,,:,,,:
2024:11:20T23:25:06.000Z,GBNEWS,True,False,"'I love the farmers, it is really sad.',,,,,,,:,,,:
,,,,,,,,,,,,:,,,:
Watch as the son of Donald Trump, Eric Trump, sends a message to UK farmers after Labour's inheritance tax raid.",7294,144,14,37,8,,,,,:,,,:
2024:11:19T22:01:35.000Z,howardlutnick,True,False,"Thank you, President Trump for your trust in me to help Make America Great Again. As the next Secretary of Commerce, I will join the best administration the US has ever seen and unleash our full economic potential.",1850028,25754,903,3452,542,:,,,:
2024:11:11T23:15:47.000Z,realDailyWire,True,False,"""The time of concessions, the time of weakness is over. The time of the strength that President Trump brings back to the office has returned."",,,,,,,:,,,:
@BenShapiro,,,,,,,,,,,,:,,,:
 on what the Iranian economy could look like with President Trump back in office,,,,,,,,,,,,:,,,:
@FoxBusiness",256792,1452,34,136,48,,,,,,,:,,,:
2024:11:16T20:34:47.000Z,TomHoman_,True,False,"President Trump is right. There is no price tag on mass deportation. ,,,,,,,,:,,,:
,,,,,,,,,,,,:,,,:
Democrats waste trillions yet fight us on $15 billion to build a wall and deem it too wasteful?,,,,,,,,,,,,:,,,:
,,,,,,,,,,,,:,,,:
Mass deportation is happening!,,,,,,,,,,,,:,,,:
,,,,,,,,,,,,:,,,:
Finishing the wall is happening!",36631,2570,127,651,27,,,,,,,:,,,:
2024:11:20T10:48:18.000Z,RoaringKitty,True,False,"If $Bakkt is below $10 million market cap, $20 million market cap, or $30 million market cap, it changes nothing. If Trump buys the Bakkt exchange, it will instantly pump to hundreds of millions, no matter what.",78735,927,:,191,45,:
2024:11:14T14:16:40.000Z,SaltyGoat17,True,False,So who's got money on Kash Patel or Dan Bongino getting a Trump appointment today?,50719,2129,356,259,23,,,:,,,:
2024:11:14T23:25:46.000Z,ByronDonalds,True,False,"Trump admin economic policy will put YOU FIRST.,,,,,,,,:,,,:
,,,,,,,,,,,,:,,,:
The Trump Tax Cuts & Jobs Act (currently in place) cut tax rates & has raised record federal revenue.,,,,,,,,,,,,:,,,:
,,,,,,,,,,,,:,,,:
Strategic tariffs will protect domestic manufacturing, industry, & critical jobs.,,,,,,,,,,:,,,:
,,,,,,,,,,,,:,,,:
And the time for unfair trade deals is OVER.",75190,5563,184,964,62,,,,,,,:,,,:
2024:11:19T23:01:08.000Z,CBSNews,True,False,"Lawyers for Manhattan DA Alvin Bragg are urging Justice Juan Merchan that Trump should not be sentenced for his crimes in his New York ""hush money"" case until after he completes his second term in office. ""We've never been here before,"" says CBS News legal contributor Jessica",67997,116,100,44,12,,:,,,:
2024:11:12T20:51:13.000Z,bungarsargon,True,False,"This was the immigration election. Democrats vowing to ""Trump proof"" their cities & states are exposing their contempt for their own voters, who they hate for wanting less immigration, for voting in the economic interests of their families instead of those of progressive elites.",25215,813,23,168,57,:,,,:
2024:11:19T16:31:00.000Z,wesbury,True,False,"The Trump Tax Cut did not boost deficits.  Spending did that.  Extending TCJA will not increase the deficit.  We need an economics team that pushes dynamic scoring, not Keynesian static scoring.  See chart below: Tell me where TCJA actually hurt revenues?",11941,319,24,87,39,,:,,,:
