timestamp username icon:verified fact:checked text views likes replies reposts bookmarks   :   :            :   :
2024:11:17T19:28:02.000Z,TrumpjrJohn,True,False,"I'm printing money with #Memecoins. ,,,,,,,,:,,,:
,,,,,,,,,,,,:,,,:
If you see this, like, retweet, and follow.,,,,,,,,,:,,,:
,,,,,,,,,,,,:,,,:
I might just change your life.",114112,661,256,356,24,,,,,,,:,,,:
2024:11:22T17:55:05.000Z,eyezenhour,True,False,"You see these guys?,,,,,,,,:,,,:
,,,,,,,,,,,,:,,,:
The future of your money is in their hands.,,,,,,,,,,,,:,,,:
,,,,,,,,,,,,:,,,:
And it all hinges on a closed:door meeting at Trump Tower...,,,,,,,,,,,,:,,,:
,,,,,,,,,,,,:,,,:
Here's what's next in the global finance shake:up: ",5101,44,8,21,16,,,,,,,:,,,:
2024:11:19T02:18:04.000Z,xMarketNews,True,False,"JUST IN DONALD TRUMP STATES SHORT SELLERS CAN GET HURT VERY BADLY DURING HIS SPEECH,,,,,,,,:,,,:
,,,,,,,,,,,,:,,,:
Can Donald Trump End Illegal Short Selling & Short Selling Manipulators",67493,1936,44,475,110,,,,,,,:,,,:
2024:11:14T02:10:15.000Z,oroogle,True,False,"BREAKING: President Trump wants to eliminate all capital gains taxes on Cryptocurrencies issued by U.S. companies,,,,,,,,:,,,:
,,,,,,,,,,,,:,,,:
This would ultimately make all profits Americans make on holding crypto assets such as $ADA $ALGO $XRP and $HBAR fully tax free, as their creators are U.S.",4537752,28387,1108,6840,3777,,,,,,:,,,:
2024:11:17T20:24:43.000Z,GoldTelegraph_,True,False,"In my conversation with Judy Shelton, who served as an economic advisor to President Trump during his last presidency:,,,,,,,:,,,:
,,,,,,,,,,,,:,,,:
• The U.S. should combine the strengths of gold:backed systems with blockchain technology's benefits.,,,,,,,,,,,,:,,,:
,,,,,,,,,,,,:,,,:
• Integrate stablecoins into future advancements.,,,,,,,,,,,,:,,,:
,,,,,,,,,,,,:,,,:
•",69058,695,33,245,91,,,,,,,:,,,:
2024:11:02T08:10:54.000Z,mollie_don,True,False,"Trump's economic policies, including tariffs, tax cuts, and immigration control, aim to address inflation and stimulate economic growth. Supporters believe his straightforward approach could eliminate bureaucratic hurdles and stimulate immediate economic activity.,,,,:,,,:
,,,,,,,,,,,,:,,,:
If we want to",8909,270,14,208,3,,,,,,,:,,,:
2024:11:21T21:28:24.000Z,parkergetajob,True,False,Trump is going to tariff his own products ,18938,859,29,51,45,,,:,,,:
2024:11:22T04:32:53.000Z,_TallGuyTycoon,True,False,"Gensler’s gone. Trump’s in. The game has changed. Here are 5 picks for the next bull market:  ,,,,,,,,:,,,:
,,,,,,,,,,,,:,,,:
1. $XRP – Regulatory clarity unlocked. $8:$25 by 2025 EOY.  ,,,,,,,,,,,,:,,,:
2. $SOL – Scalable, fast. ,,,,,,,,,,,:,,,:
3. $ASI – AI x Crypto revolution ,,,,,,,,,,,,:,,,:
4. $RUNE – Cross:chain swaps, no KYC,,,,,,,,,,,:,,,:
5. $TAO – Decentralized",42390,509,18,83,205,,,,,,,:,,,:
2024:11:15T18:22:00.000Z,RepTenney,True,False,". ,,,,,,,,:,,,:
@HouseGOP,,,,,,,,,,,,:,,,:
 is committed to working with President Trump to implement his America First agenda.,,,,,,,,,,,,:,,,:
,,,,,,,,,,,,:,,,:
This includes preserving and expanding the important Tax Cuts and Jobs Act to lower taxes for hardworking Americans!",11827,172,45,46,2,,,,,,,:,,,:
2024:11:14T23:25:46.000Z,ByronDonalds,True,False,"Trump admin economic policy will put YOU FIRST.,,,,,,,,:,,,:
,,,,,,,,,,,,:,,,:
The Trump Tax Cuts & Jobs Act (currently in place) cut tax rates & has raised record federal revenue.,,,,,,,,,,,,:,,,:
,,,,,,,,,,,,:,,,:
Strategic tariffs will protect domestic manufacturing, industry, & critical jobs.,,,,,,,,,,:,,,:
,,,,,,,,,,,,:,,,:
And the time for unfair trade deals is OVER.",75515,5571,185,967,62,,,,,,,:,,,:
2024:11:22T16:00:25.000Z,ABC,True,False,"BREAKING: Judge Juan Merchan has delayed President:elect Donald Trump’s Nov. 26 sentencing date in his criminal hush money case, according to a brief order issued Friday. https://abcnews.link/qIfoIcw",20049,32,28,19,3,,:,,,:
2024:11:21T21:21:34.000Z,greg_ip,True,False,"Trump's 2 key economic planks, tax cuts/deregulation to bolster  growth; and tariffs to reduce trade deficit & bring back factory jobs, are in conflict.  What his Treasury pick means for how it gets resolved. My column.",10016,53,5,21,14,:,,,:
2024:11:19T23:01:08.000Z,CBSNews,True,False,"Lawyers for Manhattan DA Alvin Bragg are urging Justice Juan Merchan that Trump should not be sentenced for his crimes in his New York ""hush money"" case until after he completes his second term in office. ""We've never been here before,"" says CBS News legal contributor Jessica",69142,118,100,46,12,,:,,,:
2024:11:19T17:08:30.000Z,ReallyAmerican1,True,False,"Republicans can hardly wait to cut services for the poor, like Medicaid and food stamps, in order to fund Trump's tax cuts for the rich.,,,,,,:,,,:
,,,,,,,,,,,,:,,,:
Many of MAGA need those services.,,,,,,,,,,,,:,,,:
This is what they voted for.",89236,2104,211,1146,96,,,,,,,:,,,:
2024:11:21T07:55:47.000Z,iam_smx,True,False,"Elon Musk just learned tonight at Mar:a:Lago that Jeff Bezos was reportedly telling people to bet against Donald Trump and sell all their Tesla and SpaceX stock, confident Trump would lose.,,,,,,,:,,,:
,,,,,,,,,,,,:,,,:
""Jeff who?"" ",27925,623,62,155,48,,,,,,,:,,,:
2024:11:17T23:36:29.000Z,AaronParnas,True,False,"President Biden is right: he is leaving Donald Trump with a booming economy and a country that has made it out of a pandemic. Thank you, President Biden.",1512477,30906,8267,5813,478,,:,,,:
2024:11:20T21:06:15.000Z,highbrow_nobrow,True,False,"In this video, The Intellectualist explores how Walmart and Lowe’s warn Trump’s proposed tariffs could spike inflation and force price hikes. With 40% of goods sourced internationally, retailers brace for economic fallout that could hurt U.S. consumers.",17746,191,16,129,16,:,,,:
2024:11:13T19:26:40.000Z,ojblanchard1,True,False,"Trying to think through the implications of Trumponomics: deportations, tariffs and lower taxes.  Main conclusions.  It will not work out as he hopes.  But it will also not be the catastrophe some predict.  The main issue may be inflationary pressure, setting up a fight with the",44262,314,17,108,109,:,,,:
2024:11:19T12:41:49.000Z,TheUSASingers,False,False,"Ronald Reagan turned millionaires into billionaires on the backs of the working class.,,,,,,,,:,,,:
,,,,,,,,,,,,:,,,:
Now Trump will turn billionaires into trillionaires on the necks of the working class.,,,,,,,,,,,,:,,,:
,,,,,,,,,,,,:,,,:
Wealth inequality is a scourge on society which will ultimately destroy us all.,,,,,,,,,,,,:,,,:
,,,,,,,,,,,,:,,,:
Tax the rich.,,,,,,,,,,,,:,,,:
,,,,,,,,,,,,:,,,:
A lot.",18661,2112,77,925,52,,,,,,,:,,,:
2024:11:13T22:26:34.000Z,DefiyantlyFree,True,False,". ,,,,,,,,:,,,:
@BillAckman,,,,,,,,,,,,:,,,:
 discusses the potential economic boom due to a second Trump term and how even investors who didn’t vote for Trump are excited.",1521124,9612,306,1742,545,,,,,,,:,,,:
2024:11:15T20:20:58.000Z,nypost,True,False,"Trump eyeing Fox Business host Larry Kudlow for Treasury, National Economic Council https://trib.al/PbP7rJX",37427,692,50,88,12,,:,,,:
2024:11:15T19:27:36.000Z,greg_price11,True,False,Vance: My favorite day on the campaign is when my four year old daughter told the reporters on Trump Force 2 that they were all Fake News ,2319612,51498,426,6879,1889,,,:,,,:
