timestamp username icon:verified fact:checked text views likes replies reposts bookmarks   :   :            :   :
2024:11:10T20:01:28.000Z,JohnBasham,True,False,"FACT: EVERY CELEBRITY (Including Oprah) OR LEFT:WING PODCASTER Who Took Money From The ,,,,,,,,:,,,:
@KamalaHarris,,,,,,,,,,,,:,,,:
 Campaign AND DID NOT DISCLOSE THEY WERE A PAID POLITICAL ADVERTISEMENT, BROKE FEDERAL LAW!,,,,,,,,,,,:,,,:
Get A Lawyer Now!,,,,,,,,,,,,:,,,:
The Law Applies To Both Parties & A Trump DOJ MUST Investigate.",3100018,100457,948,31128,5459,,,,,,,:,,,:
2024:11:10T18:59:56.000Z,Jeremyybtc,True,False,"doge will be the biggest runner of this bull run,,,,,,,,:,,,:
,,,,,,,,,,,,:,,,:
elon musk publicly comes out as the co founder of dogecoin,,,,,,,,,,,,:,,,:
,,,,,,,,,,,,:,,,:
trump and elon both mentioned integrating dogecoin as a big part of america's economy,,,,,,,,,,,,:,,,:
,,,,,,,,,,,,:,,,:
1 $doge = $1",102167,711,92,120,27,,,,,,,:,,,:
2024:11:12T18:14:40.000Z,RolandForTexas,True,False,"Donald Trump’s border czar is ready to start mass deportations from day one, throwing our economy into chaos and ripping families apart.",1914,86,11,43,1,,:,,,:
2024:11:11T20:53:13.000Z,treasonstickers,False,False,"Trump is dismantling the department of education for 4 reasons:,,,,,,,,:,,,:
,,,,,,,,,,,,:,,,:
1. Uneducated people vote for republicans,,,,,,,,,,,,:,,,:
,,,,,,,,,,,,:,,,:
2. To allow red states to white wash history,,,,,,,,,,,,:,,,:
,,,,,,,,,,,,:,,,:
3. To funnel tax dollars into private for:profit Christian schools that promote the patriarchy,,,,,,,,,,,,:,,,:
,,,,,,,,,,,,:,,,:
4. Project 2025 said to do it",925931,39261,3667,8712,1739,,,,,,,:,,,:
2024:11:10T05:21:30.000Z,Poe_Ether,True,False,"FELLERS WE ARE GOING INTO A PRO CRYPTO GOVERNMENT ELECT ,,,,,,,,:,,,:
,,,,,,,,,,,,:,,,:
THE 47TH PRESIDENT TO BE,,,,,,,,,,,,:,,,:
,,,,,,,,,,,,:,,,:
DONALD J TRUMP,,,,,,,,,,,,:,,,:
,,,,,,,,,,,,:,,,:
HIS STOCK MARKET TICKER IS $DJT,,,,,,,,,,,,:,,,:
,,,,,,,,,,,,:,,,:
HIS SHIT COIN TICKER IS $DJT4700 #DJT4700",16605,222,157,99,25,,,,,,,:,,,:
2024:11:11T12:23:06.000Z,xMarketNews,True,False,"Let’s not forget Ken Griffin didn’t donate any money to Donald Trump, and called him a three:time loser,,,,,,,:,,,:
,,,,,,,,,,,,:,,,:
Donald Trump on Corrupt Donors:,,,,,,,,,,,,:,,,:
,,,,,,,,,,,,:,,,:
“I don’t want their money, I’m going to do the right thing for the American Public.. I don’t need their money”",62885,1110,28,289,89,,,,,,:,,,:
2024:11:12T13:54:52.000Z,BBKogan,True,False,"The federal govt provides over $80 billion every year to states and local govts to help w/ the cost of education.,,,,,,,,:,,,:
,,,,,,,,,,,,:,,,:
This includes money to help students w/ disabilities, to help poor school districts, and to help poor students attend college.,,,,,,,,,,:,,,:
,,,,,,,,,,,,:,,,:
Trump called to eliminate that all.",26454,297,67,155,28,,,,,,,:,,,:
2024:11:08T02:06:08.000Z,TONYxTWO,True,False,"“So Trump gets elected President, Hamas calls to end the war, bitcoin shoots to the highest it’s ever been, the stock market shoots to the sky in record numbers, and Putin says he’s ready for negotiations to end the war in Ukraine.,,,,:,,,:
,,,,,,,,,,,,:,,,:
He hasn’t even stepped in office yet.”",4901565,170473,2074,35901,17208,,,,,,,:,,,:
2024:11:12T11:14:58.000Z,RepMikeCollins,True,False,I have figured out how to pay for President Trump's mass deportation plan: stop sending money to Ukraine.,569335,37290,1622,4826,107,,,:,,,:
2024:11:12T15:29:50.000Z,MSNBC,True,False,BREAKING: Judge in Trump hush money case delays key ruling ahead of sentencing.,133694,702,418,297,94,,,:,,,:
2024:11:08T13:21:02.000Z,YourAnonCentral,True,False,"""the very best thing Trump could do is nothing at all. Go play golf and take credit for the economic trends that we already have. Just take credit for the economy he inherited and do nothing else and that is the best possible outcome we could hope for.""",149409,1121,18,176,67,,,:,,,:
2024:11:10T02:18:00.000Z,Bubblebathgirl,True,False,"Kamala Harris supporter at Women’s March in DC says Kamala lost because of sexism and racism.,,,,,,,,:,,,:
,,,,,,,,,,,,:,,,:
Completely ignores that Kamala cancels women by saying men can be them.,,,,,,,,,,,,:,,,:
,,,,,,,,,,,,:,,,:
Also ignores the border and economic issues that people voted for Trump to address.",13113,469,93,118,11,,,,,,,:,,,:
2024:11:12T19:03:18.000Z,TrumpjrJohn,True,False,"Who has 0$ in their wallet?,,,,,,,,:,,,:
,,,,,,,,,,,,:,,,:
Sending $1000 $SOL $MAYA,,,,,,,,,,,,:,,,:
,,,,,,,,,,,,:,,,:
Drop $SOL wallet, i'm changing that ,,,,,,,,,,,:,,,:
,,,,,,,,,,,,:,,,:
Repeat after me ,,,,,,,,,,,,:,,,:
,,,,,,,,,,,,:,,,:
$maya is ready for the next leg up ,,,,,,,,,,,,:,,,:
$maya is ready for the next leg up ",14112,151,218,68,3,,,,,,,:,,,:
2024:11:08T18:27:10.000Z,FFT1776,True,False,"Notice how the World is cleaning up their act … ,,,,,,,,:,,,:
,,,,,,,,,,,,:,,,:
Hamas will fall in line.,,,,,,,,,,,,:,,,:
,,,,,,,,,,,,:,,,:
The hostages better be home before he assumes office or Hamas will pay a very big price. : Trump,,,,,,,,,,,,:,,,:
,,,,,,,,,,,,:,,,:
Chilling response in cheers",21679,908,31,291,25,,,,,,,:,,,:
2024:11:12T20:52:06.000Z,Capital_Hungry,True,False,"Gold 30:60min TF.,,,,,,,,:,,,:
4hr zones/ structure.,,,,,,,,,,,,:,,,:
#XAUUSD #Gold,,,,,,,,,,,,:,,,:
,,,,,,,,,,,,:,,,:
Gold sells have ran fantastic on the trump trade which has been given ahead of time to the community from the 2740s, 2680s and down.,,,,,,,,,,,:,,,:
,,,,,,,,,,,,:,,,:
We must remain adaptive to price waves and phases of market structure, with US CPI in focus",619,26,13,15,2,,,,,,:,,,:
2024:11:12T18:40:19.000Z,WileyNickel,True,False,"ICYMI: As Democrats, we need to get organized and focus on what we’re for : not just what we’re against,,,,,,,:,,,:
,,,,,,,,,,,,:,,,:
A shadow cabinet can push real solutions on inflation, border security, and hold Trump accountable.,,,,,,,,,,:,,,:
,,,,,,,,,,,,:,,,:
My full conversation on ,,,,,,,,,,,,:,,,:
@CNN,,,,,,,,,,,,:,,,:
 with ,,,,,,,,,,,,:,,,:
@thelauracoates,,,,,,,,,,,,:,,,:
!",1565,37,9,10,3,,,,,,,:,,,:
2024:11:09T07:35:17.000Z,DefiyantlyFree,True,False,"Chamath Palihapitiya says that the only politician that ever called him just to say thank you and be kind was Donald Trump. That every time Democrats ever called him in the past, it has been ask for money.",22781,1426,15,396,60,,:,,,:
2024:11:11T00:44:05.000Z,60Minutes,True,False,"“If Trump can really meet those promises—bring inflation down, make things more affordable, and make these families feel more financially secure—he's going to have an ally for probably several election cycles going forward,” says Leslie Sanchez. https://cbsn.ws/3YGVzNW",177893,729,215,192,:,,,:
2024:11:08T17:11:08.000Z,robbystarbuck,True,False,"This is where things get really dangerous for Democrats. Their soft voters are going to see that they lied about Trump being Hitler. If Trump boosts the economy, even more minority voters will shift to voting Republican going forward.",73996,4203,90,666,120,,:,,,:
2024:11:09T15:04:12.000Z,Bubblebathgirl,True,False,"MSNBC panelist Professor Glaude Jr. completely snaps and wrongly says Americans didn’t vote for Trump because of the economy, rather they voted for Trump because America is racist.,,,,,,,:,,,:
,,,,,,,,,,,,:,,,:
People like Glaude Jr. ignoring reality is exactly why Democrats lost.",24497,1631,619,548,34,,,,,,,:,,,:
2024:11:08T05:22:34.000Z,TheTNHoller,True,False,"Here’s ,,,,,,,,:,,,:
@mcuban,,,,,,,,,,,,:,,,:
 saying the threat of Trump’s tariffs is already impacting how businesses operate, steering money away from bonuses and raises and storing inventory and raising prices as if the tariffs already hit.",461264,12336,376,4938,1088,,,,,,:,,,:
2024:11:08T22:43:12.000Z,TheThe1776,True,False,"This lady said she sees alot of Black women making videos talking down to Black men for voting Trump and she wants to thank all the Black men who voted for Trump because they voted for:,,,,,,,,:,,,:
◦Secure our borders, so women and children can be safe.,,,,,,,,,,,:,,,:
◦Strong economy, so women and",33349,1608,68,448,53,,,,,,:,,,:
2024:11:05T21:32:40.000Z,KamalaHQ,True,False,"Wisconsin voter: I agree with Kamala Harris. Her housing plan and her tax plan are going to help the middle class, and Donald Trump's is not",641395,11897,456,1923,125,,:,,,:
