timestamp username icon:verified fact:checked text views likes replies reposts bookmarks   :   :            :   :
2024:11:02T08:10:54.000Z,mollie_don,True,False,"Trump's economic policies, including tariffs, tax cuts, and immigration control, aim to address inflation and stimulate economic growth. Supporters believe his straightforward approach could eliminate bureaucratic hurdles and stimulate immediate economic activity.,,,,:,,,:
,,,,,,,,,,,,:,,,:
If we want to",8885,270,14,208,3,,,,,,,:,,,:
2024:11:19T21:36:34.000Z,SpeakerJohnson,True,False,".,,,,,,,,:,,,:
@HouseGOP,,,,,,,,,,,,:,,,:
 is committed to working with President Trump and ,,,,,,,,,,,,:,,,:
@SenateGOP,,,,,,,,,,,,:,,,:
 to boost the economy, combat inflation, restore the border, reestablish America's energy dominance, provide educational freedom, and dismantle the Deep State.,,,,,,,:,,,:
,,,,,,,,,,,,:,,,:
We’ll get it done for the American people.",113116,4146,782,642,58,,,,,,,:,,,:
2024:11:16T18:17:52.000Z,BreitbartNews,True,False,Trump tells the story of a woman who had to return one of the apples she was attempting to buy at a grocery store when she realized how expensive they were in the Biden:Harris economy.,45375,532,40,76,8,,,:,,,:
2024:11:19T22:01:35.000Z,howardlutnick,True,False,"Thank you, President Trump for your trust in me to help Make America Great Again. As the next Secretary of Commerce, I will join the best administration the US has ever seen and unleash our full economic potential.",1736294,25190,880,3364,523,:,,,:
2024:11:15T22:32:05.000Z,TrumpBaroon,True,False,"Most of time Dad keeps telling me that he will do the best for USA in matters developments, economy growth and it’s Sustainability.,,,,,,,:,,,:
,,,,,,,,,,,,:,,,:
Pray for Him, because he loves United States of America so much",101068,8364,541,995,38,,,,,,:,,,:
2024:11:20T21:02:18.000Z,realTrumpNewsX,True,False,"DO YOU THINK PRESIDENT TRUMP IS RIGHT TO SAY SENIORS SHOULDN’T PAY TAX ON SOCIAL SECURITY?,,,,,,,,:,,,:
,,,,,,,,,,,,:,,,:
A. YES,,,,,,,,,,,,:,,,:
B. NO",1549,111,70,12,1,,,,,,,:,,,:
2024:11:19T02:18:04.000Z,xMarketNews,True,False,"JUST IN DONALD TRUMP STATES SHORT SELLERS CAN GET HURT VERY BADLY DURING HIS SPEECH,,,,,,,,:,,,:
,,,,,,,,,,,,:,,,:
Can Donald Trump End Illegal Short Selling & Short Selling Manipulators",63535,1902,42,470,110,,,,,,,:,,,:
2024:11:19T23:30:00.000Z,Reuters,True,False,New York prosecutors who secured the first:ever criminal conviction of a former president said the hush money case against Donald Trump should not be dismissed in light of his election victory https://reut.rs/4eGwVTD,36725,75,13,21,3,,,:,,,:
2024:11:14T03:08:52.000Z,MemeNonLibs,True,False,"“You f**king b**ches elected Trump into office”,,,,,,,,:,,,:
,,,,,,,,,,,,:,,,:
You’d think a week would be enough time for these liberals to calm down ,,,,,,,,,,,,:,,,:
,,,,,,,,,,,,:,,,:
Do we really care that much more about “the economy” over “women’s rights?”",152339,794,963,221,115,,,,,,,:,,,:
2024:11:14T02:37:17.000Z,w_terrence,True,False,"KAMALAAAAAAAA CALL ME!!!!!!,,,,,,,,:,,,:
,,,,,,,,,,,,:,,,:
Send this to ,,,,,,,,,,,,:,,,:
@KamalaHarris,,,,,,,,,,,,:,,,:
 ,,,,,,,,,,,,:,,,:
,,,,,,,,,,,,:,,,:
You raised $1 BILLION and now you are negative $20 million dollars, you can’t pay people or the vendors BUT you were going to fix the Economy over night!,,,,,,,,,,,:,,,:
,,,,,,,,,,,,:,,,:
Trump offered to help so I have some coins I would like to give you",297027,6520,398,1527,214,,,,,,,:,,,:
2024:11:13T03:23:49.000Z,AutismCapital,True,False," HOROWITZ: ""Within 24 hours of Trump being elected, the stock market had its 5th biggest day in history. No economic news, no 'the economy is going well,’ no nothing. The Crypto markets went way beyond that. All fintech went up. Just the fact that it wasn't going to be the",129214,1874,36,212,:,,,:
2024:11:19T16:30:32.000Z,AaronParnas,True,False,"BREAKING: Walmart's CFO signals that price hikes may be coming because of Donald Trump's tariffs.   ,,,,,,,,:,,,:
,,,,,,,,,,,,:,,,:
This is what they voted for.",2842098,19616,3969,7047,1045,,,,,,,:,,,:
2024:11:20T18:54:46.000Z,TrumpBaroon,True,False,Should America stop sending money to UKRAINE?,32142,853,308,83,5,,,:,,,:
2017:11:01T22:27:54.000Z,mikandynothem,True,False,"Trump's ECONOMY is a train that is rolling full steam ahead with no brakes to stop it! ,,,,,,,,:,,,:
*3% GDP growth.,,,,,,,,,,,,:,,,:
*Stock Market breaking record highs weekly.,,,,,,,,,,,,:,,,:
*Unemployment at record lows.,,,,,,,,,,,,:,,,:
...and much more!,,,,,,,,,,,,:,,,:
Jump on board or get the hell out of the way! ,,,,,,,,,,,,:,,,:
#WednesdayWisdom #MAGA #tcot #FoxNews",0,478,42,297,0,,,,,,,:,,,:
2024:11:20T18:23:06.000Z,RubinReportShow,True,False,"""It won't just be that American jobs, and companies, and workers get screwed. Right now, it's a one way screwing."" ,,,,,:,,,:
@RubinReport,,,,,,,,,,,,:,,,:
 ,,,,,,,,,,,,:,,,:
,,,,,,,,,,,,:,,,:
Here is Howard Lutnick explaining why Trump's tariffs are a great idea for the American economy.",21638,150,2,22,12,,,,,,,:,,,:
2024:11:15T16:28:25.000Z,DisavowTrump20,True,False,"After record growth under the Biden Economy, stock market is plummeting with the chaos of a Trump Administration looming.",60601,1983,93,898,96,,:,,,:
2024:11:15T00:35:00.000Z,its_The_Dr,True,False,DO YOU THINK PRESIDENT TRUMP IS RIGHT TO SAY SENIORS SHOULDN’T PAY TAX ON SOCIAL SECURITY?,21820,1887,268,243,10,,,:,,,:
2024:11:15T10:59:55.000Z,trumprealparody,True,False,"Will you ever pay money to watch a Robert DeNiro film again ,,,,,,,,:,,,:
,,,,,,,,,,,,:,,,:
Yes or No?",54117,896,2827,244,11,,,,,,,:,,,:
2024:11:20T03:36:41.000Z,JuliaDavisNews,False,False,Meanwhile in Russia: an unnamed member of Trump's transition team reportedly told Russian state media that Trump might lift sanctions against Russia & normalize trade/economic relations. I'm assuming this would be in addition to Ukraine's territorial concessions. What a bargain.,260509,3531,289,1944,278,,,:,,,:
2024:11:12T20:16:25.000Z,USATODAY,True,False,"President:elect Donald Trump does not have the power to unilaterally get rid of the Department of Education, though he has been vocal about his desire to close it down in favor of giving that money ""back to the states.""",33379,52,48,26,10,,:,,,:
2024:11:14T23:25:46.000Z,ByronDonalds,True,False,"Trump admin economic policy will put YOU FIRST.,,,,,,,,:,,,:
,,,,,,,,,,,,:,,,:
The Trump Tax Cuts & Jobs Act (currently in place) cut tax rates & has raised record federal revenue.,,,,,,,,,,,,:,,,:
,,,,,,,,,,,,:,,,:
Strategic tariffs will protect domestic manufacturing, industry, & critical jobs.,,,,,,,,,,:,,,:
,,,,,,,,,,,,:,,,:
And the time for unfair trade deals is OVER.",75133,5563,184,964,62,,,,,,,:,,,:
2024:11:20T12:31:10.000Z,NobodymrRobert,True,False,"DOES THIS GUY JUST WANT ATTENTION. ,,,,,,,,:,,,:
DIDN'T HE GET THE MEMO ,,,,,,,,,,,,:,,,:
THAT TRUMP WON. ,,,,,,,,,,,,:,,,:
IS IT ATTENTION ,,,,,,,,,,,,:,,,:
IS IT STUPIDITY ,,,,,,,,,,,,:,,,:
IS IT MONEY ,,,,,,,,,,,,:,,,:
THOUGHTS",3991,93,28,95,6,,,,,,,:,,,:
2024:11:16T20:34:47.000Z,TomHoman_,True,False,"President Trump is right. There is no price tag on mass deportation. ,,,,,,,,:,,,:
,,,,,,,,,,,,:,,,:
Democrats waste trillions yet fight us on $15 billion to build a wall and deem it too wasteful?,,,,,,,,,,,,:,,,:
,,,,,,,,,,,,:,,,:
Mass deportation is happening!,,,,,,,,,,,,:,,,:
,,,,,,,,,,,,:,,,:
Finishing the wall is happening!",36417,2569,126,651,27,,,,,,,:,,,:
