timestamp username icon:verified fact:checked text views likes replies reposts bookmarks   :   :            :   :
2024:11:02T08:10:54.000Z,mollie_don,True,False,"Trump's economic policies, including tariffs, tax cuts, and immigration control, aim to address inflation and stimulate economic growth. Supporters believe his straightforward approach could eliminate bureaucratic hurdles and stimulate immediate economic activity.,,,,:,,,:
,,,,,,,,,,,,:,,,:
If we want to",8875,271,14,208,3,,,,,,,:,,,:
2024:11:10T05:21:30.000Z,Poe_Ether,True,False,"FELLERS WE ARE GOING INTO A PRO CRYPTO GOVERNMENT ELECT ,,,,,,,,:,,,:
,,,,,,,,,,,,:,,,:
THE 47TH PRESIDENT TO BE,,,,,,,,,,,,:,,,:
,,,,,,,,,,,,:,,,:
DONALD J TRUMP,,,,,,,,,,,,:,,,:
,,,,,,,,,,,,:,,,:
HIS STOCK MARKET TICKER IS $DJT,,,,,,,,,,,,:,,,:
,,,,,,,,,,,,:,,,:
HIS SHIT COIN TICKER IS $DJT4700 #DJT4700",17355,219,155,95,25,,,,,,,:,,,:
2024:11:16T18:17:52.000Z,BreitbartNews,True,False,Trump tells the story of a woman who had to return one of the apples she was attempting to buy at a grocery store when she realized how expensive they were in the Biden:Harris economy.,45203,529,40,76,8,,,:,,,:
2024:11:14T02:37:17.000Z,w_terrence,True,False,"KAMALAAAAAAAA CALL ME!!!!!!,,,,,,,,:,,,:
,,,,,,,,,,,,:,,,:
Send this to ,,,,,,,,,,,,:,,,:
@KamalaHarris,,,,,,,,,,,,:,,,:
 ,,,,,,,,,,,,:,,,:
,,,,,,,,,,,,:,,,:
You raised $1 BILLION and now you are negative $20 million dollars, you can’t pay people or the vendors BUT you were going to fix the Economy over night!,,,,,,,,,,,:,,,:
,,,,,,,,,,,,:,,,:
Trump offered to help so I have some coins I would like to give you",295856,6514,398,1525,217,,,,,,,:,,,:
2024:11:18T21:08:16.000Z,itzjoshuajake,True,False,"Running out of Time  ,,,,,,,,:,,,:
,,,,,,,,,,,,:,,,:
Donald Trump to Appoint New Treasury Secretary and here is what it means for projects like $Ondo,,,,,,,,,,,,:,,,:
,,,,,,,,,,,,:,,,:
Price prediction ",15508,163,13,26,31,,,,,,,:,,,:
2024:11:17T17:54:03.000Z,highbrow_nobrow,True,False,"Donald Trump: A tariff is a tax on a foreign country. A lot of people like to say it’s a tax on us. No… It’s is a tax that doesn’t affect our country. ,,,,,,,,:,,,:
@Acyn,,,,,,,,,,,,:,,,:
Fact:check: Wrong. (September)",385558,8755,1044,1888,280,,,,,,,:,,,:
2024:11:10T20:05:03.000Z,KING5Seattle,True,False,Young Black and Latino men say they chose Trump because of the economy and jobs. Here's how and why,22662,621,116,64,10,,,:,,,:
2024:11:14T13:00:00.000Z,brutamerica,True,False,"Trump’s proposals for the economy are sparking debates. But economists warn his tariffs could lead to higher prices for consumers, and his tax cuts might mainly benefit the wealthy. ,,,,,,,:,,,:
#ElectionEconomics #Trump2024 #EconomicPolicy",0,3,1,1,189,,,,,,,:,,,:
2024:11:17T18:32:46.000Z,cpa_tradereform,True,False,"The next Treasury Secretary *must be* 100% aligned with President:Elect ,,,,,,,,:,,,:
@realDonaldTrump,,,,,,,,,,,,:,,,:
's policy on tariffs. ,,,,,,,,,,,,:,,,:
,,,,,,,,,,,,:,,,:
Former USTR Robert Lighthizer is a steadfast champion for the U.S. economy and the best choice to carry out President Trump's trade agenda.,,,,,,,,,,,,:,,,:
,,,,,,,,,,,,:,,,:
#MakeTradeGreatAgain",4297,85,3,29,1,,,,,,,:,,,:
2024:11:11T18:25:24.000Z,kayleighmcenany,True,False,"THE TRUMP EFFECT,,,,,,,,:,,,:
,,,,,,,,,,,,:,,,:
In just a few days and before he is even President ,,,,,,,,,,,,:,,,:
,,,,,,,,,,,,:,,,:
 First female Chief of Staff appointed,,,,,,,,,,,,:,,,:
 Stock market hitting all:time:highs,,,,,,,,,,,,:,,,:
 Newest migrant caravan breaking up,,,,,,,,,,,,:,,,:
 NYC to stop giving debit cards to illegal immigrants,,,,,,,,,,,,:,,,:
 EU wants to buy US gas, not",816473,23242,460,4655,1626,,,,,,:,,,:
2024:11:13T03:23:49.000Z,AutismCapital,True,False," HOROWITZ: ""Within 24 hours of Trump being elected, the stock market had its 5th biggest day in history. No economic news, no 'the economy is going well,’ no nothing. The Crypto markets went way beyond that. All fintech went up. Just the fact that it wasn't going to be the",129133,1873,36,213,:,,,:
2024:11:14T02:09:16.000Z,JasonMiller,True,False,"President Trump: ,,,,,,,,:,,,:
,,,,,,,,,,,,:,,,:
I want to Make America Great Again by fixing our economy for everyone, securing our border, making our streets safe, and bringing peace back to the world…and I’m going to hire good people to get it done!,,,,,,,,,:,,,:
,,,,,,,,,,,,:,,,:
The few remaining holdouts on the extreme left:",19842,669,34,137,4,,,,,,,:,,,:
2024:11:18T23:10:00.000Z,RepJasmine,True,False,"Republicans & Trump are planning to gut Medicaid, SNAP, & put an additional 10%:20% sales tax on nearly everything you buy so they can give MORE tax breaks to billionaires. ,,,,,,:,,,:
,,,,,,,,,,,,:,,,:
Republican economics: Tax breaks for the rich, paid for by working Americans.",8361,197,15,124,12,,,,,,:,,,:
2024:11:11T00:46:39.000Z,60Minutes,True,False,Republicans spent $143 million on an advertising blitz focusing on Harris’s support of transgender rights. https://cbsn.ws/3O104Oj,1371331,1442,589,718,471,,,:,,,:
2024:11:15T16:39:33.000Z,WSJ,True,False,Donald Trump is considering tapping Fox Business Network host Larry Kudlow for a senior economic policy role in his administration,50726,81,18,36,2,,,:,,,:
2024:11:12T15:29:50.000Z,MSNBC,True,False,BREAKING: Judge in Trump hush money case delays key ruling ahead of sentencing.,217671,962,535,409,129,,,:,,,:
2024:11:11T23:15:47.000Z,realDailyWire,True,False,"""The time of concessions, the time of weakness is over. The time of the strength that President Trump brings back to the office has returned."",,,,,,,:,,,:
@BenShapiro,,,,,,,,,,,,:,,,:
 on what the Iranian economy could look like with President Trump back in office,,,,,,,,,,,,:,,,:
@FoxBusiness",256565,1455,34,136,49,,,,,,,:,,,:
2024:11:10T20:06:21.000Z,DefiyantlyFree,True,False,"Clearly just having a lot of money to run is not enough to win. ,,,,,,,,:,,,:
,,,,,,,,,,,,:,,,:
Harris spent double what Trump spent and lost every single swing state.",12179,501,30,132,14,,,,,,,:,,,:
2024:11:13T16:26:54.000Z,JavonAPrice,True,False,"Notice how President Trump sits beneath a portrait of Abraham Lincoln—the first Republican president, who also faced a hostile media & unfortunately lost his life from an assassin. Yet, both transformed our nation for the better in just four years.,,,,,,:,,,:
,,,,,,,,,,,,:,,,:
Godspeed, President Trump! ",8536,649,26,117,10,,,,,,:,,,:
2024:11:12T14:09:19.000Z,4TaxFairness,False,False,"The cost of eggs is higher because Kroger, Costco, Albertsons, Target, and Walmart raised prices.,,,,:,,,:
,,,,,,,,,,,,:,,,:
These five corporations have reported over $29 billion in profits.,,,,,,,,,,,,:,,,:
,,,,,,,,,,,,:,,,:
Trump wants to give them a $1.7 billion yearly tax break.,,,,,,,,,,,,:,,,:
,,,,,,,,,,,,:,,,:
Yes, really.",351222,17614,773,6884,701,,,,,,:,,,:
2024:11:15T00:35:00.000Z,its_The_Dr,True,False,DO YOU THINK PRESIDENT TRUMP IS RIGHT TO SAY SENIORS SHOULDN’T PAY TAX ON SOCIAL SECURITY?,20422,1789,256,238,9,,,:,,,:
2024:11:10T17:43:00.000Z,InsideWithPsaki,True,False,"“There’s a real disconnect between how voters perceived Trump’s economic plan, and what we have in store for us.”,,,,,,,:,,,:
,,,,,,,,,,,,:,,,:
.,,,,,,,,,,,,:,,,:
@katieporteroc,,,,,,,,,,,,:,,,:
 brings out her whiteboard to explain how Trump’s agenda will lead to higher costs.",242637,5708,484,2135,576,,,,,,,:,,,:
2017:11:01T22:27:54.000Z,mikandynothem,True,False,"Trump's ECONOMY is a train that is rolling full steam ahead with no brakes to stop it! ,,,,,,,,:,,,:
*3% GDP growth.,,,,,,,,,,,,:,,,:
*Stock Market breaking record highs weekly.,,,,,,,,,,,,:,,,:
*Unemployment at record lows.,,,,,,,,,,,,:,,,:
...and much more!,,,,,,,,,,,,:,,,:
Jump on board or get the hell out of the way! ,,,,,,,,,,,,:,,,:
#WednesdayWisdom #MAGA #tcot #FoxNews",0,478,42,298,0,,,,,,,:,,,:
