timestamp username icon:verified fact:checked text views likes replies reposts bookmarks   :   :            :   :
2024:11:19T13:27:08.000Z,TrumpjrJohn,True,False,"As promised,,,,,,,,:,,,:
I want to change someone's life and send 100 $Sol (~$23,500) to one person by tomorrow. ,,,,,,,,,,,:,,,:
,,,,,,,,,,,,:,,,:
Just like, retweet and comment 'done'.,,,,,,,,,,,:,,,:
,,,,,,,,,,,,:,,,:
I DIDNT MISS $PNUT ,,,,,,,,,,,,:,,,:
I DIDNT MISS $BITCAT,,,,,,,,,,,,:,,,:
I DIDNT MISS $BARSIK",14154,253,225,186,7,,,,,,,:,,,:
2024:11:17T15:52:01.000Z,RpsAgainstTrump,True,False,"This is what a Banana Republic looks like: an oligarch with an enormous economic stake controls the president and dictates policy. ,,,,,,,,:,,,:
,,,,,,,,,,,,:,,,:
Well done, everyone.",899961,16265,861,4164,767,,,,,,:,,,:
2024:11:12T15:22:05.000Z,DixiDarlen,True,False,"It seems these entertainers that took money from the Kamala campaign to twerk, sing, dole out endorsements, whatever, were actually paid advertisements—if they didn’t disclose that— they broke federal law.",12783,641,19,:,13,,:
2024:11:14T02:37:17.000Z,w_terrence,True,False,"KAMALAAAAAAAA CALL ME!!!!!!,,,,,,,,:,,,:
,,,,,,,,,,,,:,,,:
Send this to ,,,,,,,,,,,,:,,,:
@KamalaHarris,,,,,,,,,,,,:,,,:
 ,,,,,,,,,,,,:,,,:
,,,,,,,,,,,,:,,,:
You raised $1 BILLION and now you are negative $20 million dollars, you can’t pay people or the vendors BUT you were going to fix the Economy over night!,,,,,,,,,,,:,,,:
,,,,,,,,,,,,:,,,:
Trump offered to help so I have some coins I would like to give you",296367,6517,398,1527,215,,,,,,,:,,,:
2024:11:18T04:08:11.000Z,LloydChapman,True,False,Have you noticed how aggressive the democrats are about losing this election? I think I know why. Trillions in our tax dollars have disappeared across the government. The democrats are terrified Elon Musk and the Trump team are going to expose the fact they looted trillions.,15176,853,27,211,36,,,:,,,:
2024:11:12T15:26:44.000Z,CollinRugg,True,False,"JUST IN: Judge Juan Merchan delays ruling on whether or not to dismiss Donald Trump’s guilty verdict in the hush money case.,,,,,,,,:,,,:
,,,,,,,,,,,,:,,,:
The decision was supposed to be made today however it will be delayed until November 19.,,,,,,,,,,,,:,,,:
,,,,,,,,,,,,:,,,:
The freeze will allow prosecutors to respond to Trump’s demand",377846,3057,328,686,111,,,,,,,:,,,:
2024:11:12T15:37:09.000Z,Bubblebathgirl,True,False,"Even if the hush money case against Trump gets dismissed, that doesn’t mean the lawfare against him is forgotten.,,,,,,,:,,,:
,,,,,,,,,,,,:,,,:
Our government, DAs, and judges abused our judicial system in order to interfere in the 2024 presidential election.,,,,,,,,,,:,,,:
,,,,,,,,,,,,:,,,:
They need to face legal consequences.",16519,1848,52,717,13,,,,,,,:,,,:
2024:11:16T22:30:01.000Z,RBReich,False,False,"Trump has named Stephen Miller and Tom Homan — the architects of his family separation policy — to powerful roles in his White House.,,,,,,,,:,,,:
,,,,,,,,,,,,:,,,:
Their fingerprints are all over Trump's mass deportation scheme, which would wreck the economy and rip families apart.",71151,2333,400,1227,159,,,,,,:,,,:
2024:11:18T13:50:44.000Z,BenSwann_,True,False,"TRUMP: “I refuse to accept another round of endless war in Ukraine.,,,,,,,,:,,,:
,,,,,,,,,,,,:,,,:
I want peace, they want money and conflict! Even if it means pushing us to the brink of World War III, which, frankly, is already happening and very quickly.”",18277,695,19,138,12,,,:,,,:
2024:11:17T20:56:05.000Z,CubanOnlyTrump,True,False,"Joe Biden admin a month ago: Sorry, we don't have enough money to help American hurricane victims. $750 is all she had for North Carolinians that had their lives ruined.,,,,,,,:,,,:
,,,,,,,,,,,,:,,,:
Biden admin yesterday: We are building a passenger train in Lima, Peru and now He's leading us into WWIII",58686,1345,91,651,96,,,,,,:,,,:
2024:11:18T15:09:26.000Z,politvidchannel,True,False,BREAKING: Restaurant owners who rely on immigrant labor to stay afloat are saying President:elect Donald Trump's mass deportations will Lead to a downturn in the economy,17904,1115,205,591,33,,,:,,,:
2024:11:13T22:26:34.000Z,DefiyantlyFree,True,False,". ,,,,,,,,:,,,:
@BillAckman,,,,,,,,,,,,:,,,:
 discusses the potential economic boom due to a second Trump term and how even investors who didn’t vote for Trump are excited.",1511880,9613,305,1762,551,,,,,,,:,,,:
2024:11:14T18:22:22.000Z,bitcoinlfgo,True,False,"BIG BREAKING  ,,,,,,,,:,,,:
,,,,,,,,,,,,:,,,:
PRO : #BITCOIN President Trump is considering 0% capital gains tax on #Bitcoin and cryptocurrency! ",233049,7237,214,1274,124,,,,,,,:,,,:
2024:11:18T15:52:47.000Z,patrickbetdavid,True,False,"Capitalism is FORCING MSNBC to set their egos aside and meet with Trump.  ,,,,,,,,:,,,:
,,,,,,,,,,,,:,,,:
If they don’t, they’re DONE.  ,,,,,,,,,,,:,,,:
,,,,,,,,,,,,:,,,:
The market has spoken and they’re sick of their fear porn.  ,,,,,,,,,,,,:,,,:
,,,,,,,,,,,,:,,,:
Good on them to meet with Trump.  ,,,,,,,,,,,,:,,,:
Good on Trump for accepting their offer.",398835,7255,826,858,528,,,,,,,:,,,:
2024:11:14T01:14:12.000Z,jcokechukwu,True,False,"By the way, here’s Tulsi, Trump’s pick for DNI (Director of National Intelligence), exposing the Ukrainian bio labs and wandering why American money would go to shady, dirty ventures like bio labs in Ukraine and China and elsewhere, from where COVID and other designer diseases",15291,544,:,375,69,:
2024:11:13T16:26:54.000Z,JavonAPrice,True,False,"Notice how President Trump sits beneath a portrait of Abraham Lincoln—the first Republican president, who also faced a hostile media & unfortunately lost his life from an assassin. Yet, both transformed our nation for the better in just four years.,,,,,,:,,,:
,,,,,,,,,,,,:,,,:
Godspeed, President Trump! ",8550,650,26,117,10,,,,,,:,,,:
2024:11:19T11:27:13.000Z,stockplaymaker1,True,False," BREAKING NEWS ALERT  ,,,,,,,,:,,,:
,,,,,,,,,,,,:,,,:
Report: Trump and Coinbase CEO Brian Armstrong to Discuss Personnel Appointments,,,,,,,,,,,,:,,,:
:pymnts ,,,,,,,,,,,,:,,,:
,,,,,,,,,,,,:,,,:
$DJT $BKKT",2782,32,14,13,4,,,,,,,:,,,:
2024:11:12T15:58:44.000Z,SenatorLankford,True,False,"Next year, the Trump tax cuts are set to expire, and we must take action. Otherwise, Americans—including Oklahomans—could face tax hikes. We need to get to work to keep taxes low and support hardworking families.",28599,552,509,87,:,,,:
2024:11:11T14:13:48.000Z,MrShermichael,True,False,"Roz, a lifelong Democrat, raised on her mom’s belief that ""you gotta vote Democrat, they're for the poor people” – just cast her vote for Trump. Here’s why she made the switch:,,,,,:,,,:
,,,,,,,,,,,,:,,,:
When the host points out that inflation is down and wages are up, Roz doesn’t hesitate. ""No, I don't",33422,608,84,85,55,,,,,:,,,:
2024:11:15T23:30:08.000Z,BelannF,True,False,"THIS IS WHY I THINK ELON IS A HERO : HE PUTS HIS MONEY WHERE HIS MOUTH IS.,,,,,,,,:,,,:
,,,,,,,,,,,,:,,,:
Thank you, Elon : Politicians understand one thing, and that's they will do anything to get reelected : Let's hope they listen to your warning.,,,,,,,,,,:,,,:
,,,,,,,,,,,,:,,,:
If the Senators obstruct Trump's appointments : We will all",22670,1292,58,684,21,,,,,,,:,,,:
2024:11:11T11:29:07.000Z,SquawkCNBC,True,False,"""Instead of criticizing Jay Powell, I think Trump should thank Jay Powell because his overly easy policy during the Biden administration causing all that inflation was certainly one of the reasons Trump won the election,"" says ,,,,,,:,,,:
@Wharton,,,,,,,,,,,,:,,,:
's Jeremy Siegel.",129819,748,73,101,103,,,,,,,:,,,:
2024:11:14T18:15:26.000Z,Reuters,True,False,"Exclusive: President:elect Donald Trump's transition team is planning to kill the $7,500 consumer tax credit for electric:vehicle purchases as part of broader tax:reform legislation, two sources with direct knowledge of the matter told Reuters",79692,82,30,51,6,:,,,:
2024:11:18T23:26:31.000Z,BossBlunts1,True,False,"#TRUMP's Company #DJT to BUY CRYPTO EXCHANGE Bakkt!,,,,,,,,:,,,:
,,,,,,,,,,,,:,,,:
$BKKT stock UP 162%,,,,,,,,,,,,:,,,:
$DJT stock UP 12%",11179,178,8,38,6,,,,,,,:,,,:
2024:11:18T20:57:43.000Z,YahooFinance,True,False,"""President:elect Trump is inheriting an improving economy,"" National Association of Home Builders CEO Jim Tobin says. ""I think we're going to see an acceleration where interest rates are going to go down, economic growth is going to move up.""",11086,33,3,10,2,:,,,:
