timestamp username icon:verified fact:checked text views likes replies reposts bookmarks   :   :            :   :
2024:11:10T18:59:56.000Z,Jeremyybtc,True,False,"doge will be the biggest runner of this bull run,,,,,,,,:,,,:
,,,,,,,,,,,,:,,,:
elon musk publicly comes out as the co founder of dogecoin,,,,,,,,,,,,:,,,:
,,,,,,,,,,,,:,,,:
trump and elon both mentioned integrating dogecoin as a big part of america's economy,,,,,,,,,,,,:,,,:
,,,,,,,,,,,,:,,,:
1 $doge = $1",134942,825,96,148,37,,,,,,,:,,,:
2024:11:07T15:18:31.000Z,Yeahaboutthat3,True,False,"How Trump's Tariffs would work and how getting rid of the Income Tax would benefit you,,,,,,,,:,,,:
,,,,,,,,,,,,:,,,:
What would you do if your family kept an extra $15k : $30k annually?",2144452,39956,755,13978,17108,,,,,,,:,,,:
2024:11:12T15:58:44.000Z,SenatorLankford,True,False,"Next year, the Trump tax cuts are set to expire, and we must take action. Otherwise, Americans—including Oklahomans—could face tax hikes. We need to get to work to keep taxes low and support hardworking families.",27523,543,515,85,:,,,:
2024:11:08T02:06:08.000Z,TONYxTWO,True,False,"“So Trump gets elected President, Hamas calls to end the war, bitcoin shoots to the highest it’s ever been, the stock market shoots to the sky in record numbers, and Putin says he’s ready for negotiations to end the war in Ukraine.,,,,:,,,:
,,,,,,,,,,,,:,,,:
He hasn’t even stepped in office yet.”",4921855,170425,2075,35872,17177,,,,,,,:,,,:
2024:11:08T00:32:06.000Z,LeadingReport,True,False,"BREAKING: Trump said his administration will have “no choice” but to carry out his mass deportation plan, and that there is “no price tag.”",855434,42949,2417,4701,779,,:,,,:
2024:11:10T20:01:28.000Z,JohnBasham,True,False,"FACT: EVERY CELEBRITY (Including Oprah) OR LEFT:WING PODCASTER Who Took Money From The ,,,,,,,,:,,,:
@KamalaHarris,,,,,,,,,,,,:,,,:
 Campaign AND DID NOT DISCLOSE THEY WERE A PAID POLITICAL ADVERTISEMENT, BROKE FEDERAL LAW!,,,,,,,,,,,:,,,:
Get A Lawyer Now!,,,,,,,,,,,,:,,,:
The Law Applies To Both Parties & A Trump DOJ MUST Investigate.",3153209,104369,1034,32251,5809,,,,,,,:,,,:
2024:11:10T14:55:29.000Z,TrumpWarRoom,True,False,"President Trump on his plan for mass deportations of criminal illegal aliens: ""When people have killed and murdered ... they're not staying here. There is no price tag.""",146047,3881,226,843,99,,,:,,,:
2024:11:07T18:20:55.000Z,mtgreenee,True,False,"I lived in Georgia my entire life, and I knew early on that President Trump was going to win my home state in a landslide.,,,,,,,:,,,:
,,,,,,,,,,,,:,,,:
Suburban woman were concerned by the price of milk and eggs every time they went to the grocery store, not abortion like the Democrats were selling.",88586,3989,237,584,31,,,,,,:,,,:
2024:11:13T18:02:58.000Z,DogginTrump,True,False,"Billionaires are dumping stocks faster than I change my socks. Jeff Bezos has sold $12.5 billion of Amazon shares. Warren Buffett has dumped Apple stock & now has $325 billion in cash. And Buffet has a rule that he never sells. ￼,,,,,,,,:,,,:
,,,,,,,,,,,,:,,,:
The real billionaires know, Trump‘s about to",1408196,17324,1212,4226,1872,,,,,,:,,,:
2024:11:13T18:04:01.000Z,piyushmittal,False,False,Trump’s promise of removing overtime tax is a scam like everything else he does,52193,1473,90,435,319,,,:,,,:
2024:11:07T20:54:19.000Z,RBReich,True,False,"Trump says there's ""no price tag"" for his mass deportation plan. He's wrong. Here's the cost.",252203,7904,1030,3838,926,,,:,,,:
2024:11:08T13:39:23.000Z,weeklyshowpod,True,False,"“You can get people to vote away their democracy… as long as you create a false world for them to believe in.” : ,,,,,,,,:,,,:
@HC_Richardson,,,,,,,,,,,,:,,,:
 on how fear and disinformation helped shape this election. #TheWeeklyShow #JonStewart #Trump #Economy",1150532,9110,1138,3393,1770,,,,,,,:,,,:
2024:11:09T19:55:38.000Z,TheTNHoller,True,False,"WATCH: ,,,,,,,,:,,,:
@Matthewcanwrite,,,,,,,,,,,,:,,,:
 on the OPEC 2020 deal by TRUMP— Russia & Saudi Arabia cut oil for 2 years, spiking oil prices and the cost of EVERYTHING (aka “INFLATION”) enriching Saudi Aramco,,,,,,,,,,,:,,,:
,,,,,,,,,,,,:,,,:
Trump’s son:in:law Kushner then got $2 BILLION from the Saudis. (Hunter hunters don’t care)",141249,3764,72,2317,1089,,,,,,,:,,,:
2024:11:08T20:45:38.000Z,BehizyTweets,True,False,"Trump plans to redirect the money being spent on Ukraine towards a nationwide initiative to get the homeless off the streets by building ""tent cities"" where they can be relocated.,,,,,,,,:,,,:
,,,,,,,,,,,,:,,,:
His plan includes banning urban camping & arresting violators while empowering rehab organizations.",6641819,93196,2437,18514,13379,,,,,,,:,,,:
2024:11:09T20:59:43.000Z,AllanLichtman,False,False,"According to my wife: How can Americans vote pro:choice on ballot measures, then elect Donald Trump. That’s prioritizing the price of eggs over your ovaries.",274278,5305,1494,837,184,,:,,,:
2024:11:08T22:43:12.000Z,TheThe1776,True,False,"This lady said she sees alot of Black women making videos talking down to Black men for voting Trump and she wants to thank all the Black men who voted for Trump because they voted for:,,,,,,,,:,,,:
◦Secure our borders, so women and children can be safe.,,,,,,,,,,,:,,,:
◦Strong economy, so women and",33500,1609,68,449,53,,,,,,:,,,:
2024:11:13T21:23:00.000Z,4TaxFairness,False,False,"The world's richest man is now in charge of cutting spending.,,,,,,,,:,,,:
,,,,,,,,,,,,:,,,:
He won't have an issue with Trump's plan to spend trillions on tax cuts for the rich and corporations.,,,,,,,,,,,,:,,,:
,,,,,,,,,,,,:,,,:
But he's already promised ""temporary hardship"" for the rest of us.,,,,,,,,,,,,:,,,:
,,,,,,,,,,,,:,,,:
For the billionaires, by the billionaires.",697,46,3,32,3,,,,,,:,,,:
2024:11:07T21:17:35.000Z,PopBase,True,False,"Madonna addresses Donald Trump’s win, showing off a cake displaying the words ‘FUCK TRUMP’:,,,,,,,:,,,:
,,,,,,,,,,,,:,,,:
“Trying to get my head around why a convicted felon, rapist, Bigot was chosen to lead our country because he’s good for the economy?”",1207786,38042,529,3536,1032,,,,,:,,,:
2024:11:08T02:11:40.000Z,BehizyTweets,True,False,"Charlie Kirk is calling for a Trump DOJ investigation into ActBlue for their illegal donation scheme, which involves using the names of elderly people to launder foreign money into Democrat campaigns.,,,,,,,:,,,:
,,,,,,,,,,,,:,,,:
Election Watch has uncovered $100s of millions in laundered cash, not just in",871467,51890,483,15304,1403,,,,,,:,,,:
2024:11:06T10:48:34.000Z,Fidias0,True,False,What Trump's Victory Means For European Economy,87883,1892,179,237,394,,,:,,,:
