timestamp username icon:verified fact:checked text views likes replies reposts bookmarks   :   :            :   :
2024:11:13T05:28:54.000Z,amerix,True,False,"President Trump has picked Elon Musk and Vivek Ramaswamy to lead The Department of Government Efficiency (DOGE),,,,,,,,:,,,:
,,,,,,,,,,,,:,,,:
This department is tasked with ending wastage of taxpayers' money and draining the swamp.,,,,,,,,,,,,:,,,:
,,,,,,,,,,,,:,,,:
America has Vivek, Kenya has David Ndii.,,,,,,,,,,,:,,,:
,,,,,,,,,,,,:,,,:
Kenya is led by fools.",206361,5050,272,1674,170,,,,,,,:,,,:
2024:11:10T18:59:56.000Z,Jeremyybtc,True,False,"doge will be the biggest runner of this bull run,,,,,,,,:,,,:
,,,,,,,,,,,,:,,,:
elon musk publicly comes out as the co founder of dogecoin,,,,,,,,,,,,:,,,:
,,,,,,,,,,,,:,,,:
trump and elon both mentioned integrating dogecoin as a big part of america's economy,,,,,,,,,,,,:,,,:
,,,,,,,,,,,,:,,,:
1 $doge = $1",122954,785,94,137,35,,,,,,,:,,,:
2024:11:12T15:58:44.000Z,SenatorLankford,True,False,"Next year, the Trump tax cuts are set to expire, and we must take action. Otherwise, Americans—including Oklahomans—could face tax hikes. We need to get to work to keep taxes low and support hardworking families.",24739,522,486,82,:,,,:
2024:11:11T02:34:15.000Z,tommysantos14,True,False," Baselined: The Biden Economy,,,,,,,,:,,,:
We are taking a snapshot of Joe Biden's economy before he leaves office so we have a point of comparison when Donald Trump begins to take credit for it, like he did the economy he inherited form Barack Obama.",2457698,29787,2770,8087,9133,,,,,,:,,,:
2024:11:07T23:22:11.000Z,kbyrd2_,False,False,Trump got all the credit for Obama’s economy. Just for America to turn around & blame Biden for Trump’s economy.,8250712,239979,3717,28461,7388,,,:,,,:
2024:11:13T03:42:35.000Z,RealScottRitter,True,False,"Well, America, we just found out the price of a President.,,,,,,:,,,:
,,,,,,,,,,,,:,,,:
Miriam Adelson bought Donald Trump for a cool $100 million.,,,,,,,,,,,,:,,,:
,,,,,,,,,,,,:,,,:
Best investment Israel ever made.,,,,,,,,,,,,:,,,:
,,,,,,,,,,,,:,,,:
Worst sellout in American history.",823591,23326,1086,5827,1424,,,,,,,:,,,:
2024:11:11T14:20:40.000Z,MAGA__Patriot,True,False,We must NEVER FORGET the high price paid for the freedom we enjoy. Thank you Veterans! ,14062,784,33,414,14,,,:,,,:
2024:11:07T12:00:22.000Z,NEWSMAX,True,False,Donald Trump's victory in the race to become the next U.S. president will have economic consequences for the rest of the world that are likely to be deep and quite immediate. Read more: https://bit.ly/40C19E2,49779,525,45,71,10,,,:,,,:
2024:11:08T20:45:38.000Z,BehizyTweets,True,False,"Trump plans to redirect the money being spent on Ukraine towards a nationwide initiative to get the homeless off the streets by building ""tent cities"" where they can be relocated.,,,,,,,,:,,,:
,,,,,,,,,,,,:,,,:
His plan includes banning urban camping & arresting violators while empowering rehab organizations.",6638495,93201,2436,18520,13396,,,,,,,:,,,:
2024:11:07T23:18:58.000Z,Cointelegraph,True,False," TRUMP: ""Soon [#Bitcoin] will be surpassing the entire market cap of silver and one day it probably will overtake gold.""",51280,1246,45,246,72,,,:,,,:
2024:11:11T00:43:22.000Z,60Minutes,True,False,"“I voted for Donald Trump,” says Ronald Corales, citing his top issue as the economy.,,,,,,:,,,:
,,,,,,,,,,,,:,,,:
Latinos are 20% of the U.S. population and the fastest:growing community in Northampton County, Pennsylvania. https://cbsn.ws/4fnISic",123010,801,188,196,142,,,,,,:,,,:
2024:11:09T19:55:38.000Z,TheTNHoller,True,False,"WATCH: ,,,,,,,,:,,,:
@Matthewcanwrite,,,,,,,,,,,,:,,,:
 on the OPEC 2020 deal by TRUMP— Russia & Saudi Arabia cut oil for 2 years, spiking oil prices and the cost of EVERYTHING (aka “INFLATION”) enriching Saudi Aramco,,,,,,,,,,,:,,,:
,,,,,,,,,,,,:,,,:
Trump’s son:in:law Kushner then got $2 BILLION from the Saudis. (Hunter hunters don’t care)",140678,3781,71,2317,1092,,,,,,,:,,,:
2024:11:12T15:22:05.000Z,DixiDarlen,True,False,"It seems these entertainers that took money from the Kamala campaign to twerk, sing, dole out endorsements, whatever, were actually paid advertisements—if they didn’t disclose that— they broke federal law.",11508,633,17,:,12,,:
2024:11:13T13:30:00.000Z,profstonge,True,False,"Can Trump fire Jerome Powell?,,,,,,,,:,,,:
,,,,,,,,,,,,:,,,:
Powell says no — the Fed can ignore Trump just like it ignores Congress.,,,,,,,,,,,,:,,,:
,,,,,,,,,,,,:,,,:
If our economic overlords really are independent of voters, we are living under occupation.",70146,1422,76,455,136,,,,,,:,,,:
2024:11:11T23:42:22.000Z,TrumpDailyPosts,True,False,"Day 1,  Use Impoundment to Cut Waste, Stop Inflation, and Crush the Deep State",132062,3581,124,1110,:,,,:
2024:11:09T07:57:14.000Z,janetmachuka_,True,False,"10 YouTube Documentaries to Watch ,,,,,,,,:,,,:
,,,,,,,,,,,,:,,,:
1. The Deadly Consequences of Social Media  — ABC News In:depth ,,,,,,,,,,,,:,,,:
,,,,,,,,,,,,:,,,:
2. Tax Havens: The Heist of the Century— Investigations ,,,,,,,,,,,,:,,,:
,,,,,,,,,,,,:,,,:
3. The Billion:Dollar Gold Mining Scam that Fooled the World — Wonder,,,,,,,,,,,,:,,,:
,,,,,,,,,,,,:,,,:
4. Operation Trump: Russian Spies Conquer America",42222,638,12,347,860,,,,,,,:,,,:
2024:11:09T17:42:01.000Z,katiephangshow,True,False,"""There's no reason that sentencing can't move forward..."" ,,,,,,,,:,,,:
@JoyceWhiteVance,,,,,,,,,,,,:,,,:
 talks about what to expect this week from Trump's NY election interference/hush money trial.",185911,5314,268,1580,132,,,,,,,:,,,:
2024:11:12T21:37:14.000Z,ArmandKleinX,True,False,"President Donald J.Trump SAID THAT HE WILL  End Veteran Homelessness By Redirecting Money Used To House, Move and Feed Illegal Immigrants.,,,,,,,:,,,:
Well Done Well Said ,,,,,,,,,,,,:,,,:
God Bless The Veterans ",9757,695,22,370,19,,,,,,,:,,,:
2024:11:12T18:14:40.000Z,RolandForTexas,True,False,"Donald Trump’s border czar is ready to start mass deportations from day one, throwing our economy into chaos and ripping families apart.",5431,185,33,93,6,,:,,,:
2024:11:07T02:11:36.000Z,CBSEveningNews,True,False,"Wall Street soared as investors bet on economic growth under a Trump presidency. The Dow surged over 1,500 points to record highs. Trump has proposed tariffs on all imported goods, cutting taxes and also promised to remove tax on tips, which could bring welcome relief for the",38146,44,25,21,:,,,:
2024:11:12T21:00:23.000Z,RBReich,False,False,"Trump wants to extend his tax cuts for rich individuals, which would add $4.6T to the deficit.,,,,,,,:,,,:
,,,,,,,,,,,,:,,,:
But he wants to go even further, cutting the corporate tax rate to 15%.,,,,,,,,,,,:,,,:
,,,,,,,,,,,,:,,,:
It's yet another absolutely shameless giveaway.",102928,3471,279,2042,299,,,,,,,:,,,:
2024:11:13T08:12:04.000Z,ChartingProdigy,False,False,".,,,,,,,,:,,,:
The stock market is celebrating #Trump 's victory because He has good economic policies. Biden's CRAZY spending (7 trill) is artificially propping up the economy. Trump's cuts to spending with Dept. of Gov. Efficiency will ensure a recession in 2025,,,,,,,,,,,,:,,,:
$SPX",3599,53,5,11,4,,,,,,,:,,,:
2024:11:13T15:05:41.000Z,NewEconomyBrief,True,False,"Early analysis shows that the economy (particularly the cost of living) drove Trump's election win. ,,,,,,,,:,,,:
,,,,,,,,,,,,:,,,:
This week, we explore the economic factors behind Trump’s success and the controversial policies he is proposing. ,,,,,,,,,,,:,,,:
,,,,,,,,,,,,:,,,:
https://neweconomybrief.net/the:digest/in:focus:trumps:victory:part:one…",0,0,1,1,0,,,,,,,:,,,:
