timestamp username icon:verified fact:checked text views likes replies reposts bookmarks   :   :            :   :
2024:11:02T08:10:54.000Z,mollie_don,True,False,"Trump's economic policies, including tariffs, tax cuts, and immigration control, aim to address inflation and stimulate economic growth. Supporters believe his straightforward approach could eliminate bureaucratic hurdles and stimulate immediate economic activity.,,,,:,,,:
,,,,,,,,,,,,:,,,:
If we want to",8892,270,14,208,3,,,,,,,:,,,:
2024:11:19T21:36:34.000Z,SpeakerJohnson,True,False,".,,,,,,,,:,,,:
@HouseGOP,,,,,,,,,,,,:,,,:
 is committed to working with President Trump and ,,,,,,,,,,,,:,,,:
@SenateGOP,,,,,,,,,,,,:,,,:
 to boost the economy, combat inflation, restore the border, reestablish America's energy dominance, provide educational freedom, and dismantle the Deep State.,,,,,,,:,,,:
,,,,,,,,,,,,:,,,:
We’ll get it done for the American people.",117343,4256,830,663,59,,,,,,,:,,,:
2024:11:12T15:22:05.000Z,DixiDarlen,True,False,"It seems these entertainers that took money from the Kamala campaign to twerk, sing, dole out endorsements, whatever, were actually paid advertisements—if they didn’t disclose that— they broke federal law.",12874,643,19,:,13,,:
2024:11:18T04:08:11.000Z,LloydChapman,True,False,Have you noticed how aggressive the democrats are about losing this election? I think I know why. Trillions in our tax dollars have disappeared across the government. The democrats are terrified Elon Musk and the Trump team are going to expose the fact they looted trillions.,15365,857,27,211,36,,,:,,,:
2024:11:15T18:40:39.000Z,TheUSASingers,False,False,Donald Trump is already crashing the stock market because he’s an unhinged fascist traitor moron.,24349,1328,44,663,36,,,:,,,:
2024:11:12T21:31:15.000Z,TrueJMitchell,True,False,"This lady says:Says the boom you felt during Donald Trump's first term was because of Obama, not Trump.,,,,,,,:,,,:
,,,,,,,,,,,,:,,,:
She goes on to say that the last 4 years of inflation and high prices are because of Donald Trump, not Biden.,,,,,,,,,,,:,,,:
,,,,,,,,,,,,:,,,:
Jeff brings the facts.",18652,454,67,256,44,,,,,,,:,,,:
2024:11:18T12:49:43.000Z,JavonAPrice,True,False,Seems Joe and Mika woke up with a newfound realization this morning: apparently President Trump is no longer Hitler nor a threat to American democracy.,40535,1104,187,215,36,,,:,,,:
2024:11:14T12:30:00.000Z,TheRedactedInc,True,False," We’re on the brink of a revolution in the U.S., and Trump’s plan is MASSIVE in scale! From tariffs to tax cuts, we’re breaking down all the major points in today’s video. ",12967,510,9,174,58,:,,,:
2024:11:15T16:28:25.000Z,DisavowTrump20,True,False,"After record growth under the Biden Economy, stock market is plummeting with the chaos of a Trump Administration looming.",60650,1983,93,898,96,,:,,,:
2024:11:14T19:15:59.000Z,NMalliotakis,True,False, Everyone is looking to President Trump to save the day and ax the tax because Kathy Hochul ignores the will of New Yorkers.,9129,459,39,99,4,,,:,,,:
2017:11:01T22:27:54.000Z,mikandynothem,True,False,"Trump's ECONOMY is a train that is rolling full steam ahead with no brakes to stop it! ,,,,,,,,:,,,:
*3% GDP growth.,,,,,,,,,,,,:,,,:
*Stock Market breaking record highs weekly.,,,,,,,,,,,,:,,,:
*Unemployment at record lows.,,,,,,,,,,,,:,,,:
...and much more!,,,,,,,,,,,,:,,,:
Jump on board or get the hell out of the way! ,,,,,,,,,,,,:,,,:
#WednesdayWisdom #MAGA #tcot #FoxNews",0,479,42,297,0,,,,,,,:,,,:
2024:11:20T19:52:41.000Z,AFLCIO,True,False,"Billionaires have enjoyed a system that always works in their favor. Many literally pay ZERO dollars in taxes while workers pay their share.,,,,,,,,:,,,:
,,,,,,,,,,,,:,,,:
Watch as AFL:CIO President ,,,,,,,,,,,,:,,,:
@LizShuler,,,,,,,,,,,,:,,,:
 talks about how Trump's tax policies will help CEOs and billionaires while hurting working people.",8438,137,3,83,5,,,,,,,:,,,:
2024:11:12T20:16:25.000Z,USATODAY,True,False,"President:elect Donald Trump does not have the power to unilaterally get rid of the Department of Education, though he has been vocal about his desire to close it down in favor of giving that money ""back to the states.""",33385,52,48,26,10,,:,,,:
2024:11:15T20:59:12.000Z,renoomokri,True,False,How We Will Keep Making Money In The Trump Era,24857,281,19,57,58,,,:,,,:
2024:11:19T03:08:14.000Z,gatewaypundit,True,False,Angry Leftists Plot to Tank Trump Economy by Not Spending Any Money Once He’s in Office https://thegatewaypundit.com/2024/11/angry:leftists:plot:tank:trump:economy:not:spending/…,25337,494,236,152,10,,,:,,,:
2024:11:15T20:20:58.000Z,nypost,True,False,"Trump eyeing Fox Business host Larry Kudlow for Treasury, National Economic Council https://trib.al/PbP7rJX",37358,692,50,88,12,,:,,,:
2024:11:14T01:14:12.000Z,jcokechukwu,True,False,"By the way, here’s Tulsi, Trump’s pick for DNI (Director of National Intelligence), exposing the Ukrainian bio labs and wandering why American money would go to shady, dirty ventures like bio labs in Ukraine and China and elsewhere, from where COVID and other designer diseases",15417,546,:,376,69,:
2024:11:13T16:26:54.000Z,JavonAPrice,True,False,"Notice how President Trump sits beneath a portrait of Abraham Lincoln—the first Republican president, who also faced a hostile media & unfortunately lost his life from an assassin. Yet, both transformed our nation for the better in just four years.,,,,,,:,,,:
,,,,,,,,,,,,:,,,:
Godspeed, President Trump! ",8587,651,26,116,10,,,,,,:,,,:
2024:11:13T15:40:35.000Z,DineshDSouza,True,False,"Trump’s going to not only tax, but confiscate the endowments of every university that the Department of Justice finds has engaged in illegal discrimination under the guise of ""equity"". ,,,,,,,:,,,:
,,,,,,,,,,,,:,,,:
We are witnessing one of the strongholds of the left crumble in real time.",227025,13454,168,2573,236,,,,,,,:,,,:
2024:11:12T14:09:19.000Z,4TaxFairness,False,False,"The cost of eggs is higher because Kroger, Costco, Albertsons, Target, and Walmart raised prices.,,,,:,,,:
,,,,,,,,,,,,:,,,:
These five corporations have reported over $29 billion in profits.,,,,,,,,,,,,:,,,:
,,,,,,,,,,,,:,,,:
Trump wants to give them a $1.7 billion yearly tax break.,,,,,,,,,,,,:,,,:
,,,,,,,,,,,,:,,,:
Yes, really.",351958,17528,772,6877,692,,,,,,:,,,:
2024:11:13T21:28:21.000Z,kdollsweety,True,False,"The stock market is soaring, the U.S. dollar is gaining strength, and crude oil futures are crashing.,,,,,,:,,,:
,,,,,,,,,,,,:,,,:
And Donald Trump hasn’t even taken office yet!",9221,505,27,102,2,,,,,,,:,,,:
2024:11:20T14:28:13.000Z,DanielTurnerPTF,True,False,"Joe Biden is bragging about spending $11 billion per year on climate financing.,,,,,,,,:,,,:
,,,,,,,,,,,,:,,,:
That’s a six:fold increase since 2021. ,,,,,,,,,,,,:,,,:
,,,,,,,,,,,,:,,,:
When President Trump returns to Washington, there needs to be a forensic audit of every tax dollar spent on the Left's failed green agenda.",9418,380,13,100,4,,,,,,:,,,:
2024:11:19T23:51:34.000Z,essenviews,True,False,Trump Wants the Poor to Suffer to Fund His Tax Cuts for the Rich,3034,273,27,211,4,,,:,,,:
2024:11:13T01:56:01.000Z,APompliano,True,False,"I sat down with ,,,,,,,,:,,,:
@polina_marinova,,,,,,,,,,,,:,,,:
 to discuss bitcoin's all:time high, why Elon Musk is underpaid, how Trump's tax cuts will help most people, the insanity of government spending, and my views on the regulatory leadership in America.,,,,,,,,:,,,:
,,,,,,,,,,,,:,,,:
I also talk about one of the most mind:blowing",47565,233,34,37,66,,,,,,,:,,,:
