timestamp username icon:verified fact:checked text views likes replies reposts bookmarks   :   :            :   :
2024:11:13T05:28:54.000Z,amerix,True,False,"President Trump has picked Elon Musk and Vivek Ramaswamy to lead The Department of Government Efficiency (DOGE),,,,,,,,:,,,:
,,,,,,,,,,,,:,,,:
This department is tasked with ending wastage of taxpayers' money and draining the swamp.,,,,,,,,,,,,:,,,:
,,,,,,,,,,,,:,,,:
America has Vivek, Kenya has David Ndii.,,,,,,,,,,,:,,,:
,,,,,,,,,,,,:,,,:
Kenya is led by fools.",273844,6085,299,1952,212,,,,,,,:,,,:
2024:11:10T18:59:56.000Z,Jeremyybtc,True,False,"doge will be the biggest runner of this bull run,,,,,,,,:,,,:
,,,,,,,,,,,,:,,,:
elon musk publicly comes out as the co founder of dogecoin,,,,,,,,,,,,:,,,:
,,,,,,,,,,,,:,,,:
trump and elon both mentioned integrating dogecoin as a big part of america's economy,,,,,,,,,,,,:,,,:
,,,,,,,,,,,,:,,,:
1 $doge = $1",134209,822,96,148,37,,,,,,,:,,,:
2024:11:13T16:53:24.000Z,JayZEmc2,True,False,"Trump and Biden making the #stockmarketcrash ? No, Trump's incoming presidency is crashing the stock market. Elon Musk & Vivek cabinet appointment without diversifying is more likely to destabilize markets. Biden set stock market records, you potatoes.",45963,690,30,199,54,:,,,:
2024:11:11T18:15:12.000Z,KristiNoem,True,False,"The American people know how to spend their own money. By eliminating government waste and focusing federal spending on the core functions of government, President Trump will deal with the debt and unleash economic growth. That’s what we did in South Dakota!",142962,3259,233,530,63,,:,,,:
2024:11:13T21:28:34.000Z,xMarketNews,True,False,"DEVELOPING RETAIL INVESTORS ARE URGING TRUMP TO TEMPORARILY BAN SHORT SELLING TO INVESTIGATE NAKED SHORTING.,,,,,,,,:,,,:
,,,,,,,,,,,,:,,,:
: TRUMP RECENTLY ANNOUNCED HE IS GOING TO INVESTIGATE MARKET MAKERS AND SHORT SELLERS.,,,,,,,,,,,,:,,,:
,,,,,,,,,,,,:,,,:
: TRUMP ALSO STATES HE IS GOING TO HOLD THE SEC AND NASDAQ LIABLE FOR ANY",8064,592,14,206,8,,,,,,,:,,,:
2024:11:12T15:58:44.000Z,SenatorLankford,True,False,"Next year, the Trump tax cuts are set to expire, and we must take action. Otherwise, Americans—including Oklahomans—could face tax hikes. We need to get to work to keep taxes low and support hardworking families.",27457,543,515,85,:,,,:
2024:11:12T02:27:02.000Z,abcnews,True,False,"“Trump is waging a war on trade itself”: Malcolm Turnbull says if Anthony Albanese wants to protect Australia’s economic interests, he has to level directly with Donald Trump.,,,,,,,:,,,:
,,,,,,,,,,,,:,,,:
Catch up on #QandA on iview: https://ab.co/2E7R5d9",33550,113,127,30,19,,,,,,,:,,,:
2024:11:08T13:39:23.000Z,weeklyshowpod,True,False,"“You can get people to vote away their democracy… as long as you create a false world for them to believe in.” : ,,,,,,,,:,,,:
@HC_Richardson,,,,,,,,,,,,:,,,:
 on how fear and disinformation helped shape this election. #TheWeeklyShow #JonStewart #Trump #Economy",1150385,9111,1138,3393,1769,,,,,,,:,,,:
2024:11:08T05:22:34.000Z,TheTNHoller,True,False,"Here’s ,,,,,,,,:,,,:
@mcuban,,,,,,,,,,,,:,,,:
 saying the threat of Trump’s tariffs is already impacting how businesses operate, steering money away from bonuses and raises and storing inventory and raising prices as if the tariffs already hit.",462114,12183,376,4933,1074,,,,,,:,,,:
2024:11:09T15:34:23.000Z,xMarketNews,True,False,"DEVELOPINGDONALD TRUMP ANNOUNCED HE’S GOING TO INVESTIGATE MARKET MANIPULATORS,,,,,,,,:,,,:
,,,,,,,,,,,,:,,,:
Can Ken Griffin be one of them? ,,,,,,,,,,,,:,,,:
,,,,,,,,,,,,:,,,:
“Ken Griffin was counting on trump losing the election and was going to naked short trump media into oblivion and never close.” $DJT $GME",61135,2001,93,586,64,,,,,,,:,,,:
2024:11:09T19:55:38.000Z,TheTNHoller,True,False,"WATCH: ,,,,,,,,:,,,:
@Matthewcanwrite,,,,,,,,,,,,:,,,:
 on the OPEC 2020 deal by TRUMP— Russia & Saudi Arabia cut oil for 2 years, spiking oil prices and the cost of EVERYTHING (aka “INFLATION”) enriching Saudi Aramco,,,,,,,,,,,:,,,:
,,,,,,,,,,,,:,,,:
Trump’s son:in:law Kushner then got $2 BILLION from the Saudis. (Hunter hunters don’t care)",141196,3764,72,2317,1089,,,,,,,:,,,:
2024:11:10T23:14:58.000Z,CryptoHayes,True,False,"Some of y'all don't believe Trump is about to trash the $ and print money. $BTC disagrees. Here is #Bitcoin leading vs. my new money supply indicator US Bank Credit. The market is speaking, listen up.,,,,,,,:,,,:
,,,,,,,,,,,,:,,,:
More explanation in my essay ""Black or White"" that drops tom.",152400,2116,154,206,284,,,,,,,:,,,:
2024:11:08T21:37:03.000Z,Liz_Wheeler,True,False,"Trump is President:elect for two days:,,,,,,,,:,,,:
,,,,,,,,,,,,:,,,:
: Stock market hits record high,,,,,,,,,,,,:,,,:
: Migrant caravan at our border dissolves,,,,,,,,,,,,:,,,:
: Hamas calls for end to war,,,,,,,,,,,,:,,,:
: Bitcoin hits record high ,,,,,,,,,,,,:,,,:
: Putin ready to end Ukraine war,,,,,,,,,,,,:,,,:
: Qatar kicks out Hamas leaders,,,,,,,,,,,,:,,,:
: EU will buy U.S. gas not Russian gas,,,,,,,,,,,,:,,,:
:",8563634,147454,4513,34458,18975,,,,,,,:,,,:
2024:11:11T23:42:22.000Z,TrumpDailyPosts,True,False,"Day 1,  Use Impoundment to Cut Waste, Stop Inflation, and Crush the Deep State",133191,3594,124,1115,:,,,:
2024:11:06T15:22:41.000Z,MarinaPurkiss,True,False,"For every fool that thinks Trump will be good for the economy…,,,,,,,,:,,,:
,,,,,,,,,,,,:,,,:
You’re in for one hell of a shock.",5745701,109837,9779,24029,17591,,,,,,,:,,,:
2024:11:08T17:12:54.000Z,paularambles,True,False,the republicanism leaving tech bros’ bodies as soon as trump announces a 60% tariff on uniqlo,1531300,97714,54,4434,2407,,,:,,,:
2024:11:06T10:48:34.000Z,Fidias0,True,False,What Trump's Victory Means For European Economy,87878,1892,179,237,394,,,:,,,:
2024:11:07T17:45:38.000Z,1MarkMoss,True,False," You’re NOT ready for what’s coming next ,,,,,,,,:,,,:
,,,,,,,,,,,,:,,,:
Bitcoin just broke $75,000—but that’s only the beginning. ,,,,,,,,,,,:,,,:
,,,,,,,,,,,,:,,,:
A Trump landslide win has set the stage for a massive shift setting the stage for the U.S. and other major powers jumping in to stockpile BTC.,,,,,,,,,,,,:,,,:
,,,,,,,,,,,,:,,,:
This isn’t just a price",80513,1673,75,338,402,,,,,,,:,,,:
2024:11:13T01:25:54.000Z,3orovik,True,False,"Trump literally just named a government department after a memecoin,,,,,,,,:,,,:
,,,,,,,,,,,,:,,,:
You’re not ready for this bull market",207651,8486,230,868,164,,,,,,,:,,,:
2024:11:08T14:10:14.000Z,jsolomonReports,True,False,"Trump: 'No price tag' for mass deportation effort, 'We have no choice'",26434,840,72,171,4,,:,,,:
2024:11:09T01:21:04.000Z,xMarketNews,True,False,"JUST IN SOUTH KOREA TO MONITOR DONALD TRUMP’S STOCK FOLLOWING PRESIDENTIAL ELECTION ,,,,,,,,:,,,:
,,,,,,,,,,,,:,,,:
 TODAY DONALD TRUMP ANNOUNCED AN INVESTIGATION INTO MARKET MANIPULATORS OF $DJT,,,,,,,,,,,,:,,,:
,,,,,,,,,,,,:,,,:
WHY CAN’T U.S. REGULATORS DO THIS?",20334,901,35,228,21,,,,,,,:,,,:
2024:11:13T20:49:13.000Z,3orovik,True,False,"The FBI seems to think Polymarket participated in “market manipulation and rigging its polls in favor of Trump”,,,,,,,,:,,,:
@elonmusk,,,,,,,,,,,,:,,,:
 @VivekGRamaswamy,,,,,,,,,,,,:,,,:
 please take care of this!,,,,,,,,,,,,:,,,:
,,,,,,,,,,,,:,,,:
This is a perfect first task for ,,,,,,,,,,,,:,,,:
@DOGE",42937,346,52,57,10,,,,,,,:,,,:
2024:11:07T02:41:46.000Z,Damondyor,False,False,"Since Donald Trump is the 47th president, I will be giving away $47,000 to someone that engages. ,,,,,,:,,,:
,,,,,,,,,,,,:,,,:
I have no reason to lie, we all just made so much money yesterday. TRY ME.",188111,4014,1606,1084,80,,,,,,:,,,:
2024:11:11T19:09:03.000Z,RebelNewsOnline,True,False,"Trudeau attempts to defend his record while slamming Poilievre when asked what he's learned from Trump's victory in the U.S. presidential election.,,,,,,,,:,,,:
,,,,,,,,,,,,:,,,:
""Canadians need a positive plan that'll put money in their pockets and grow the future,"" he says. ,,,,,,,,,,,:,,,:
,,,,,,,,,,,,:,,,:
http://TrudeauMustResign.com",99629,811,735,253,35,,,,,,,:,,,:
