timestamp username icon:verified fact:checked text views likes replies reposts bookmarks   :   :            :   :
2024:11:02T08:10:54.000Z,mollie_don,True,False,"Trump's economic policies, including tariffs, tax cuts, and immigration control, aim to address inflation and stimulate economic growth. Supporters believe his straightforward approach could eliminate bureaucratic hurdles and stimulate immediate economic activity.,,,,:,,,:
,,,,,,,,,,,,:,,,:
If we want to",8895,270,14,208,3,,,,,,,:,,,:
2024:11:20T14:35:48.000Z,WesleyHuntTX,True,False,"America… We’re Back!,,,,,,,,:,,,:
,,,,,,,,,,,,:,,,:
2025 marks the dawn of a new Golden Age. I’ve stood with President Trump since day one and will continue to stand with 45/47. ,,,,,,,,,,,,:,,,:
,,,,,,,,,,,,:,,,:
In the 119th Congress, I’ll fight to secure our border, rebuild the economy, and make America safe again.,,,,,,,,,:,,,:
,,,,,,,,,,,,:,,,:
1.20.25 ,,,,,,,,,,,,:,,,:
CAN’T WAIT!",24844,2099,63,371,37,,,,,,,:,,,:
2024:11:16T18:17:52.000Z,BreitbartNews,True,False,Trump tells the story of a woman who had to return one of the apples she was attempting to buy at a grocery store when she realized how expensive they were in the Biden:Harris economy.,45411,532,40,76,8,,,:,,,:
2024:11:19T17:08:30.000Z,ReallyAmerican1,True,False,"Republicans can hardly wait to cut services for the poor, like Medicaid and food stamps, in order to fund Trump's tax cuts for the rich.,,,,,,:,,,:
,,,,,,,,,,,,:,,,:
Many of MAGA need those services.,,,,,,,,,,,,:,,,:
This is what they voted for.",88605,2101,211,1137,94,,,,,,,:,,,:
2024:11:16T13:19:58.000Z,iamnot_elon,True,False,"Good morning 𝕏! President Trump and I are having coffee here at Mar:a:lago on a beautiful Saturday morning. We're going through plans to delete the IRS and majorly simplify the tax code. We think you should just be able to log into a website, it tells you exactly how much you",3422029,77026,6959,9989,2222,,:,,,:
2024:11:15T12:34:37.000Z,LanceRoberts,True,False,"#President #Trump is walking into an #economy and #market that has a vastly different setup than when elected in 2016. ,,,,,,,,:,,,:
@thedailyshot",32327,320,21,86,126,,,,,,,:,,,:
2024:11:20T02:07:15.000Z,TiffanyFong_,True,False,There’s a Cybertruck in Donald Trump’s motorcade. No amount of money could produce a car ad cooler than this. ,57764,2139,159,190,68,,,:,,,:
2024:11:21T14:25:02.000Z,trumprealparody,True,False,"BE HONEST:,,,,,,,,:,,,:
,,,,,,,,,,,,:,,,:
Do you Agree with Trump that Retired people should be completely tax Exempt, they have already paid their dues?,,,,,,,,,,,:,,,:
,,,,,,,,,,,,:,,,:
A. YES,,,,,,,,,,,,:,,,:
B. NO",5579,399,244,68,4,,,,,,,:,,,:
2024:11:19T18:50:03.000Z,MelaniaTrumpo,True,False,"BE HONEST: Will you ever pay money to watch a Robert DeNiro film again.,,,,,,,,:,,,:
,,,,,,,,,,,,:,,,:
Yes or No?",53215,970,4268,265,15,,,,,,,:,,,:
2017:11:01T22:27:54.000Z,mikandynothem,True,False,"Trump's ECONOMY is a train that is rolling full steam ahead with no brakes to stop it! ,,,,,,,,:,,,:
*3% GDP growth.,,,,,,,,,,,,:,,,:
*Stock Market breaking record highs weekly.,,,,,,,,,,,,:,,,:
*Unemployment at record lows.,,,,,,,,,,,,:,,,:
...and much more!,,,,,,,,,,,,:,,,:
Jump on board or get the hell out of the way! ,,,,,,,,,,,,:,,,:
#WednesdayWisdom #MAGA #tcot #FoxNews",0,479,42,297,0,,,,,,,:,,,:
2024:11:14T01:14:12.000Z,jcokechukwu,True,False,"By the way, here’s Tulsi, Trump’s pick for DNI (Director of National Intelligence), exposing the Ukrainian bio labs and wandering why American money would go to shady, dirty ventures like bio labs in Ukraine and China and elsewhere, from where COVID and other designer diseases",15427,546,:,376,69,:
2024:11:17T23:39:14.000Z,sjredmond,True,False,"Ask not why they didn't vote for Harris Bill Shatner, ask why they believed one word Trump was saying. Not one of his economic ""promises"" will be kept, except the ones that screw the bottom half of America.",96578,1392,68,262,113,:,,,:
2024:11:13T00:54:22.000Z,CryptoLollla,True,False,"Coinmarketcap just changed total supply of #SHIB matching close to the circulating supply . Is the circulating supply accurate ? ,,,,,,,,:,,,:
,,,,,,,,,,,,:,,,:
Thank YOU ,,,,,,,,,,,,:,,,:
@CoinMarketCap,,,,,,,,,,,,:,,,:
 ,,,,,,,,,,,,:,,,:
TRUMP ECONOMY TO THE MOON",36723,659,45,118,14,,,,,,,:,,,:
2024:11:20T18:04:52.000Z,TrumpBaroon,True,False,WE ARE NOT GONNA SEND OUR TAXPAYERS’ MONEY TO UKRAINE,46343,1620,95,208,11,,,:,,,:
2024:11:13T18:07:30.000Z,ReturnOfKappy,True,False,This will be pretty epic if Trump takes the money from the illegals and gives it to the Vets…,13967,552,11,97,29,,,:,,,:
2024:11:13T05:28:54.000Z,amerix,True,False,"President Trump has picked Elon Musk and Vivek Ramaswamy to lead The Department of Government Efficiency (DOGE),,,,,,,,:,,,:
,,,,,,,,,,,,:,,,:
This department is tasked with ending wastage of taxpayers' money and draining the swamp.,,,,,,,,,,,,:,,,:
,,,,,,,,,,,,:,,,:
America has Vivek, Kenya has David Ndii.,,,,,,,,,,,:,,,:
,,,,,,,,,,,,:,,,:
Kenya is led by fools.",346536,6689,322,2133,224,,,,,,,:,,,:
2024:11:18T18:00:01.000Z,CREWcrew,True,False,"""The crypto industry plowed tens of millions into the election. Now, it’s looking for a return on that investment."",,,,,,,:,,,:
,,,,,,,,,,,,:,,,:
For the record, this kind of thing is why we need limits on money in politics.",6053,386,9,260,10,,,,,,:,,,:
2024:11:13T15:40:35.000Z,DineshDSouza,True,False,"Trump’s going to not only tax, but confiscate the endowments of every university that the Department of Justice finds has engaged in illegal discrimination under the guise of ""equity"". ,,,,,,,:,,,:
,,,,,,,,,,,,:,,,:
We are witnessing one of the strongholds of the left crumble in real time.",227048,13454,168,2572,236,,,,,,,:,,,:
2024:11:19T23:01:08.000Z,CBSNews,True,False,"Lawyers for Manhattan DA Alvin Bragg are urging Justice Juan Merchan that Trump should not be sentenced for his crimes in his New York ""hush money"" case until after he completes his second term in office. ""We've never been here before,"" says CBS News legal contributor Jessica",68490,116,100,44,12,,:,,,:
2024:11:18T01:00:46.000Z,BehizyTweets,True,False,"BREAKING: Anthony Constantino, the New York hero who triggered his woke mayor by putting a giant ""Vote for Trump"" sign on his building, just announced that he will be spending $3 MILLION of his own money to run for Elise Stefanik's seat,,,,,,:,,,:
,,,,,,,,,,,,:,,,:
The special election is imminent. When",1536908,46434,345,11882,1241,,,,,,,:,,,:
2024:11:18T13:30:01.000Z,profstonge,True,False,"Will Donald Trump pass No Tax on Tips? ,,,,,,,,:,,,:
,,,,,,,,,,,,:,,,:
Betting markets say yes. And it could be the gateway drug to ending wider income taxes.",199598,2368,75,574,108,,,,,,,:,,,:
