timestamp username icon:verified fact:checked text views likes replies reposts bookmarks   :   :            :   :
2024:11:10T23:46:08.000Z,DarrigoMelanie,True,False,"Trump's 10 point plan for education:,,,,,,,,:,,,:
,,,,,,,,,,,,:,,,:
: eliminate the Dept. of Education,,,,,,,,,,,,:,,,:
: cut federal funding,,,,,,,,,,,,:,,,:
: promote Christian Nationalism,,,,,,,,,,,,:,,,:
: attack teacher's unions,,,,,,,,,,,,:,,,:
: give public money to for:profit private schools,,,,,,,,,,,,:,,,:
,,,,,,,,,,,,:,,,:
He warned us, and you voted for him anyway.",6625518,58652,6843,11327,7978,,,,,,:,,,:
2024:11:10T18:59:56.000Z,Jeremyybtc,True,False,"doge will be the biggest runner of this bull run,,,,,,,,:,,,:
,,,,,,,,,,,,:,,,:
elon musk publicly comes out as the co founder of dogecoin,,,,,,,,,,,,:,,,:
,,,,,,,,,,,,:,,,:
trump and elon both mentioned integrating dogecoin as a big part of america's economy,,,,,,,,,,,,:,,,:
,,,,,,,,,,,,:,,,:
1 $doge = $1",44782,428,75,77,12,,,,,,,:,,,:
2024:11:08T15:09:03.000Z,IvanOnTech,True,False,"Insane week,,,,,,,,:,,,:
 Trump ,,,,,,,,,,,,:,,,:
 Bitcoin pump,,,,,,,,,,,,:,,,:
 bull market starts for real,,,,,,,,,,,,:,,,:
@moraliscom,,,,,,,,,,,,:,,,:
 team celebrating with cake ",46128,2755,5232,1752,160,,,,,,,:,,,:
2024:11:06T03:18:57.000Z,MoneyMan,True,False,Trump got crypto going crazy,306147,5051,110,1427,184,,,:,,,:
2024:11:05T15:55:02.000Z,CalltoActivism,True,False,Anyone who is voting for the “economy” needs to see just how bad Trump’s plan is:,221599,8260,147,3726,347,,,:,,,:
2024:11:11T16:58:09.000Z,ASADULLA777,False,False,"Traders swooping up $KLAUS, the ultimate meme coin,,,,,,,:,,,:
,,,,,,,,,,,,:,,,:
After Trump's win smart money chads know a winner when they see one",0,29,2,3,0,,,,,,,:,,,:
2024:11:05T19:15:24.000Z,itsstilltru,False,False,"“trump will be better for the economy”,,,,,,,,:,,,:
,,,,,,,,,,,,:,,,:
niggaa door dash been your main source of income for about 2 years now the economy got nothing to do with you",4194715,234190,928,19745,4626,,,,,,,:,,,:
2024:11:11T10:52:54.000Z,0xBLEED,True,False,"Adding more into $TREMP here at 10 million market cap. Trump got 4 years to serve , $BODEN hits 900 mill and $TREMP is way more bullish imo.",450,25,8,16,8,,:,,,:
2024:11:11T14:00:30.000Z,_Crypto_Barbie,True,False," BREAKING: ,,,,,,,,:,,,:
,,,,,,,,,,,,:,,,:
INVESTMENT BANK STANDARD CHARTERED SAID:,,,,,,,,,,,,:,,,:
,,,,,,,,,,,,:,,,:
„CRYPTO MARKET CAP COULD BALLOON TO $10T BY 2026 UNDER TRUMP ADMINISTRATION!“  ,,,,,,,,,,,,:,,,:
,,,,,,,,,,,,:,,,:
STANDARD CHARTERED HAS ALREADY COMPLETED A STRATEGIC INVESTMENT IN RIPPLE IN THE PAST!  #XRP",12641,366,14,137,22,,,,,,,:,,,:
2024:11:10T21:27:00.000Z,BBKogan,False,False,"I was very busy last month, so I just got around to updating this graph to include our the final FY2024 revenue number.,,,,,,,:,,,:
,,,,,,,,,,,,:,,,:
The Bush and Trump tax cuts broke our modern tax code. Revenue is significantly lower and no longer grows much with the economy.",60467,466,26,222,147,,,,,,,:,,,:
2024:11:09T02:06:18.000Z,AbbyJohnson,True,False,This talking point coming from the left that Trump won because “a bunch of uneducated people” is ridiculous. It doesn’t take a college degree to see that the Biden economy sucked. It doesn’t take four years at Harvard to see the utter failure of Democrat policies in Democrat run,7165,363,26,79,5,,,:,,,:
2024:11:11T16:49:58.000Z,PhantomBP_giga,True,False,"It’s about to be a great week in Memecoins.,,,,,,,,:,,,:
,,,,,,,,,,,,:,,,:
Trump win is being priced into #Bitcoin currently. 84k is nearing some resistance and as it cools off money will flow into our bags.,,,,,,,,,,,,:,,,:
,,,,,,,,,,,,:,,,:
$GIGA $BTC #crypto",269,25,7,9,5,,,,,,,:,,,:
2024:11:11T09:44:57.000Z,saracrypto_eth,True,False,"Trump won. New Bitcoin ATH.,,,,,,,,:,,,:
,,,,,,,,,,,,:,,,:
The market is even hotter than before.,,,,,,,,,,,,:,,,:
,,,,,,,,,,,,:,,,:
$RETIRE 17.5k > 9.1m (520x),,,,,,,,,,,,:,,,:
$BULL 33k > 4.5m (136x),,,,,,,,,,,,:,,,:
#HAWKTUAH 75k > 3.5m (47x),,,,,,,,,,,,:,,,:
$FRED 36k to 14 m (388x),,,,,,,,,,,,:,,,:
$PNUT $500k to 300 m (600x),,,,,,,,,,,,:,,,:
$MANYU $180k to $31 m (172x),,,,,,,,,,,,:,,,:
,,,,,,,,,,,,:,,,:
How big do you think my next call will go?",5942,131,56,44,8,,,,,,,:,,,:
2024:11:09T03:41:40.000Z,saras76,True,False,"Trump plans to redirect the money being spent on Ukraine towards a nationwide initiative to get the homeless off the streets in America. ,,,,,,,,:,,,:
,,,,,,,,,,,,:,,,:
How can anybody be against this? ,,,,,,,,,,,,:,,,:
This is amazing. ,,,,,,,,,,,,:,,,:
America FIRST.",53143,3016,125,694,145,,,,,,,:,,,:
2024:11:06T15:07:26.000Z,jamieclimate,False,False,"Biden should go all out on climate for the next 75 days. ,,,,,,,,:,,,:
,,,,,,,,,,,,:,,,:
Declare a climate emergency. Get all the IRA money out the door. Permit new transmission lines. Stop new LNG exports. Ban drilling on public lands. ,,,,,,,,,,,,:,,,:
,,,,,,,,,,,,:,,,:
Make a mountain of progress for Trump to try and undo.",211103,8953,471,1848,237,,,,,,,:,,,:
2024:11:06T14:14:24.000Z,MikeBellafiore,True,False,"The market is not a place for you to practice your politics.,,,,,,,,:,,,:
Ex., I think Trump winning is good therefor I will get long today.,,,,,,,,,,,:,,,:
Or, I think Trump winning is bad therefor I will short the market.,,,,,,,,,,,:,,,:
As traders we observe price action, trends, and THEN make good r/r trades.",41899,530,20,66,54,,,,,:,,,:
2024:11:07T11:15:37.000Z,wideawake_media,True,False,"Trump: ""One of the most urgent tasks... is to decisively defeat the climate hysteria hoax."",,,,,,,,:,,,:
,,,,,,,,,,,,:,,,:
""The radical left's fearmongering about climate and our future is... destroying America's economy, weakening our society, and eviscerating our middle class. It's really hurting us."",,,,,,,,,,:,,,:
,,,,,,,,,,,,:,,,:
""We",1821065,45018,1373,15399,4398,,,,,,,:,,,:
2024:11:09T10:39:44.000Z,TulsiGabbard,True,False,"This election result is a mandate. It rejects the neocons’ agenda of costly, unnecessary wars and embraces Trump’s promise to end wars, prevent global conflicts, revive our economy, and lower the cost of living for Americans. Entrenched politicians in Washington must take notice,",1615823,76733,:,12468,2099,:
2024:11:09T11:15:13.000Z,wideawake_media,True,False,"In 2020, Donald Trump told the World Economic Forum:,,,,,,,:,,,:
,,,,,,,,,,,,:,,,:
""We must reject the perennial prophets of doom and their predictions of the apocalypse."",,,,,,,,,,,,:,,,:
,,,,,,,,,,,,:,,,:
""These alarmists always demand the same thing: absolute power to dominate, transform and control every aspect of our lives."",,,,,,,,,,,:,,,:
,,,,,,,,,,,,:,,,:
""We will",151522,8192,116,2853,831,,,,,,,:,,,:
2024:11:11T02:34:15.000Z,tommysantos14,True,False," Baselined: The Biden Economy,,,,,,,,:,,,:
We are taking a snapshot of Joe Biden's economy before he leaves office so we have a point of comparison when Donald Trump begins to take credit for it, like he did the economy he inherited form Barack Obama.",710657,13521,628,4039,4452,,,,,,:,,,:
2024:11:10T16:01:01.000Z,RBReich,False,False,"As an immigrant, Elon Musk can't run for president himself, so he spent $130M+ of his own money to buy the presidency for Trump.,,,,,,:,,,:
,,,,,,,,,,,,:,,,:
Trump will be the one sworn in, but pay attention to who's really pulling the strings.",2121684,32540,19588,8814,877,,,,,,:,,,:
2024:11:06T14:26:43.000Z,AzatAlsalim,True,False,"When Donald Trump threatened Hamas:,,,,,,,,:,,,:
,,,,,,,,,,,,:,,,:
“We want our hostages back.  And they better be back before I assume office, or you will be paying a very big price.”,,,,,,,,,,,:,,,:
,,,,,,,,,,,,:,,,:
Hamas is going to pay a big price!",95044,2230,54,588,121,,,,,,,:,,,:
2024:11:06T13:58:29.000Z,issathecooker,True,False,"put your money where your mouth is,,,,,,,,:,,,:
,,,,,,,,,,,,:,,,:
i put $800,000 on donald j trump via polymarket,,,,,,,,,,,:,,,:
made $600,000 profit,,,,,,,,,,,:,,,:
,,,,,,,,,,,,:,,,:
thanks for playing :),,,,,,,,,,,,:,,,:
sending out $1k to 3 random interactions",121918,2789,1515,1177,78,,,,,,,:,,,:
2024:11:06T17:46:31.000Z,CryptoGodJohn,True,False,"I must say Trump winning the election has alot of people who have been watching crypto from the sidelines on notice ,,,,,,,,:,,,:
,,,,,,,,,,,,:,,,:
A lot of professional athletes that I know and big money people all trying to get back in ,,,,,,,,,,,,:,,,:
,,,,,,,,,,,,:,,,:
This is just the start",35850,771,173,66,7,,,,,,,:,,,:
