timestamp username icon:verified fact:checked text views likes replies reposts bookmarks   :   :            :   :
2024:11:10T18:59:56.000Z,Jeremyybtc,True,False,"doge will be the biggest runner of this bull run,,,,,,,,:,,,:
,,,,,,,,,,,,:,,,:
elon musk publicly comes out as the co founder of dogecoin,,,,,,,,,,,,:,,,:
,,,,,,,,,,,,:,,,:
trump and elon both mentioned integrating dogecoin as a big part of america's economy,,,,,,,,,,,,:,,,:
,,,,,,,,,,,,:,,,:
1 $doge = $1",103907,717,92,121,27,,,,,,,:,,,:
2024:11:10T20:01:28.000Z,JohnBasham,True,False,"FACT: EVERY CELEBRITY (Including Oprah) OR LEFT:WING PODCASTER Who Took Money From The ,,,,,,,,:,,,:
@KamalaHarris,,,,,,,,,,,,:,,,:
 Campaign AND DID NOT DISCLOSE THEY WERE A PAID POLITICAL ADVERTISEMENT, BROKE FEDERAL LAW!,,,,,,,,,,,:,,,:
Get A Lawyer Now!,,,,,,,,,,,,:,,,:
The Law Applies To Both Parties & A Trump DOJ MUST Investigate.",3112034,101250,971,31371,5540,,,,,,,:,,,:
2024:11:06T21:23:58.000Z,taradublinrocks,True,False,"Bookmark this tweet,,,,,,,,:,,,:
,,,,,,,,,,,,:,,,:
When Trump left office, inflation was 6.7%,,,,,,,,,,,:,,,:
Today, it's 2.4%,,,,,,,,,,,:,,,:
,,,,,,,,,,,,:,,,:
Come back in one year and see where it is.,,,,,,,,,,,,:,,,:
,,,,,,,,,,,,:,,,:
YOU FUCKERS.,,,,,,,,,,,,:,,,:
,,,,,,,,,,,,:,,,:
#TrumpWillEndAmerica",24575,1215,35,372,333,,,,,,,:,,,:
2024:11:12T02:27:02.000Z,abcnews,True,False,"“Trump is waging a war on trade itself”: Malcolm Turnbull says if Anthony Albanese wants to protect Australia’s economic interests, he has to level directly with Donald Trump.,,,,,,,:,,,:
,,,,,,,,,,,,:,,,:
Catch up on #QandA on iview: https://ab.co/2E7R5d9",30845,97,123,27,16,,,,,,,:,,,:
2024:11:12T12:33:59.000Z,grantstern,True,False,"Trump wants to spend $88 billion deporting people and whole families, but this election is about economic anxiety.,,,,,,,:,,,:
,,,,,,,,,,,,:,,,:
Got it.",27744,1874,111,723,38,,,,,,,:,,,:
2024:11:12T18:14:40.000Z,RolandForTexas,True,False,"Donald Trump’s border czar is ready to start mass deportations from day one, throwing our economy into chaos and ripping families apart.",2974,105,16,52,3,,:,,,:
2024:11:08T02:06:08.000Z,TONYxTWO,True,False,"“So Trump gets elected President, Hamas calls to end the war, bitcoin shoots to the highest it’s ever been, the stock market shoots to the sky in record numbers, and Putin says he’s ready for negotiations to end the war in Ukraine.,,,,:,,,:
,,,,,,,,,,,,:,,,:
He hasn’t even stepped in office yet.”",4904054,170477,2074,35906,17206,,,,,,,:,,,:
2024:11:12T11:14:58.000Z,RepMikeCollins,True,False,I have figured out how to pay for President Trump's mass deportation plan: stop sending money to Ukraine.,681590,42361,1896,5349,127,,,:,,,:
2024:11:12T15:29:50.000Z,MSNBC,True,False,BREAKING: Judge in Trump hush money case delays key ruling ahead of sentencing.,151503,792,451,329,106,,,:,,,:
2024:11:10T05:21:30.000Z,Poe_Ether,True,False,"FELLERS WE ARE GOING INTO A PRO CRYPTO GOVERNMENT ELECT ,,,,,,,,:,,,:
,,,,,,,,,,,,:,,,:
THE 47TH PRESIDENT TO BE,,,,,,,,,,,,:,,,:
,,,,,,,,,,,,:,,,:
DONALD J TRUMP,,,,,,,,,,,,:,,,:
,,,,,,,,,,,,:,,,:
HIS STOCK MARKET TICKER IS $DJT,,,,,,,,,,,,:,,,:
,,,,,,,,,,,,:,,,:
HIS SHIT COIN TICKER IS $DJT4700 #DJT4700",16625,222,157,99,25,,,,,,,:,,,:
2024:11:06T16:44:44.000Z,CollinRugg,True,False,"NEW: Entire CNN panel sits in silence as Scott Jennings rips apart the Democrats and the media, says Donald Trump's win is the ""revenge of the regular ole working class American."",,,,,,,:,,,:
,,,,,,,,,,,,:,,,:
,,,,,,,,,,,,:,,,:
,,,,,,,,,,,,:,,,:
""This is a mandate to do what you said you were gonna do. Get the economy working again for",4492343,96076,1429,16934,9546,,,,,,,:,,,:
2024:11:08T13:21:02.000Z,YourAnonCentral,True,False,"""the very best thing Trump could do is nothing at all. Go play golf and take credit for the economic trends that we already have. Just take credit for the economy he inherited and do nothing else and that is the best possible outcome we could hope for.""",149445,1120,18,176,67,,,:,,,:
2024:11:10T20:41:05.000Z,greg_price11,True,False,"Bosa and the Niners D just hit the Trump dance after a sack ,,,,,,,,:,,,:
,,,,,,,,,,,,:,,,:
The NFL can't fine him for that. ",1938161,38412,441,4780,1097,,,,,,,:,,,:
2024:11:11T12:23:06.000Z,xMarketNews,True,False,"Let’s not forget Ken Griffin didn’t donate any money to Donald Trump, and called him a three:time loser,,,,,,,:,,,:
,,,,,,,,,,,,:,,,:
Donald Trump on Corrupt Donors:,,,,,,,,,,,,:,,,:
,,,,,,,,,,,,:,,,:
“I don’t want their money, I’m going to do the right thing for the American Public.. I don’t need their money”",62998,1116,28,291,91,,,,,,:,,,:
2024:11:05T21:32:40.000Z,KamalaHQ,True,False,"Wisconsin voter: I agree with Kamala Harris. Her housing plan and her tax plan are going to help the middle class, and Donald Trump's is not",641545,11877,455,1923,125,,:,,,:
2024:11:10T14:37:24.000Z,maddenifico,True,False,"Once again, Trump is going to fuck:up an American economy that is  the ""envy of the world,"" due to President Biden's economic policies.",77407,6044,158,1922,665,:,,,:
2024:11:10T00:00:00.000Z,DavidJHarrisJr,True,False,"Trump announces he'll provide immediate relief for millions of working Americans by capping credit card interest rates which are at an all:time high.,,,,,,,,:,,,:
,,,,,,,,,,,,:,,,:
I missed common sense economic policies like this!",32428,1382,22,196,26,,,,,,,:,,,:
2024:11:12T21:00:23.000Z,RBReich,False,False,"Trump wants to extend his tax cuts for rich individuals, which would add $4.6T to the deficit.,,,,,,,:,,,:
,,,,,,,,,,,,:,,,:
But he wants to go even further, cutting the corporate tax rate to 15%.,,,,,,,,,,,:,,,:
,,,,,,,,,,,,:,,,:
It's yet another absolutely shameless giveaway.",43872,1118,136,667,102,,,,,,,:,,,:
2024:11:05T23:13:44.000Z,danwootton,True,False,"Seriously ,,,,,,,,:,,,:
@BorisJohnson,,,,,,,,,,,,:,,,:
 no money is worth sitting on Channel 4 : a broadcaster that wanted to destroy you : next to a trashy pornstar who has made a living for shagging Trump being berated by Emily Maitlis & Krishnan Guru Murthy. ,,,,,,,,,,,,:,,,:
The old media is dead. ,,,,,,,,,,,,:,,,:
Stop playing MSM rules.",960864,7217,371,714,326,,,,,,,:,,,:
2024:11:08T18:27:10.000Z,FFT1776,True,False,"Notice how the World is cleaning up their act … ,,,,,,,,:,,,:
,,,,,,,,,,,,:,,,:
Hamas will fall in line.,,,,,,,,,,,,:,,,:
,,,,,,,,,,,,:,,,:
The hostages better be home before he assumes office or Hamas will pay a very big price. : Trump,,,,,,,,,,,,:,,,:
,,,,,,,,,,,,:,,,:
Chilling response in cheers",21683,908,31,291,25,,,,,,,:,,,:
2024:11:07T21:17:35.000Z,PopBase,True,False,"Madonna addresses Donald Trump’s win, showing off a cake displaying the words ‘FUCK TRUMP’:,,,,,,,:,,,:
,,,,,,,,,,,,:,,,:
“Trying to get my head around why a convicted felon, rapist, Bigot was chosen to lead our country because he’s good for the economy?”",1205965,38106,531,3537,1033,,,,,:,,,:
2024:11:07T16:26:23.000Z,natbrunell,True,False,"Col. ,,,,,,,,:,,,:
@DougAMacgregor,,,,,,,,,,,,:,,,:
 on the hard economic truth: ,,,,,,,,,,,,:,,,:
,,,,,,,,,,,,:,,,:
“This is fake money. This is not real.,,,,,,,,,,,,:,,,:
 ,,,,,,,,,,,,:,,,:
There is no production. ,,,,,,,,,,,,:,,,:
 ,,,,,,,,,,,,:,,,:
The people at the top have no skin in the game.”,,,,,,,,,,,,:,,,:
,,,,,,,,,,,,:,,,:
Trump is President:elect, what’s next?,,,,,,,,,,,:,,,:
,,,,,,,,,,,,:,,,:
My latest conversation with Col. Macgregor and his warnings reminded me",121751,802,40,200,138,,,,,,,:,,,:
2024:11:10T23:14:58.000Z,CryptoHayes,True,False,"Some of y'all don't believe Trump is about to trash the $ and print money. $BTC disagrees. Here is #Bitcoin leading vs. my new money supply indicator US Bank Credit. The market is speaking, listen up.,,,,,,,:,,,:
,,,,,,,,,,,,:,,,:
More explanation in my essay ""Black or White"" that drops tom.",150326,2103,153,206,282,,,,,,,:,,,:
2024:11:10T18:59:39.000Z,simonateba,True,False,"JUST IN: On CBS's Face the Nation, Robert Costa reveals Trump’s second:term agenda: 'Mass deportations, expanded Trump tax cuts, and sweeping tariffs are already in motion to redefine his mandate. Trump’s team is shaping up fast, with loyalists like Donald Jr., Steve Bannon, and",73199,:,28,93,:
