timestamp username icon:verified fact:checked text views likes replies reposts bookmarks   :   :            :   :
2024:11:02T08:10:54.000Z,mollie_don,True,False,"Trump's economic policies, including tariffs, tax cuts, and immigration control, aim to address inflation and stimulate economic growth. Supporters believe his straightforward approach could eliminate bureaucratic hurdles and stimulate immediate economic activity.,,,,:,,,:
,,,,,,,,,,,,:,,,:
If we want to",8891,270,14,208,3,,,,,,,:,,,:
2024:11:17T15:52:01.000Z,RpsAgainstTrump,True,False,"This is what a Banana Republic looks like: an oligarch with an enormous economic stake controls the president and dictates policy. ,,,,,,,,:,,,:
,,,,,,,,,,,,:,,,:
Well done, everyone.",905757,16377,868,4210,784,,,,,,:,,,:
2024:11:18T04:08:11.000Z,LloydChapman,True,False,Have you noticed how aggressive the democrats are about losing this election? I think I know why. Trillions in our tax dollars have disappeared across the government. The democrats are terrified Elon Musk and the Trump team are going to expose the fact they looted trillions.,15364,857,27,211,36,,,:,,,:
2024:11:19T17:08:30.000Z,ReallyAmerican1,True,False,"Republicans can hardly wait to cut services for the poor, like Medicaid and food stamps, in order to fund Trump's tax cuts for the rich.,,,,,,:,,,:
,,,,,,,,,,,,:,,,:
Many of MAGA need those services.,,,,,,,,,,,,:,,,:
This is what they voted for.",88181,2092,210,1134,93,,,,,,,:,,,:
2024:11:19T14:54:04.000Z,essenviews,True,False,Don’t Give Trump Credit for the Success of the Biden Economy,2749,315,18,170,7,,,:,,,:
2017:11:01T22:27:54.000Z,mikandynothem,True,False,"Trump's ECONOMY is a train that is rolling full steam ahead with no brakes to stop it! ,,,,,,,,:,,,:
*3% GDP growth.,,,,,,,,,,,,:,,,:
*Stock Market breaking record highs weekly.,,,,,,,,,,,,:,,,:
*Unemployment at record lows.,,,,,,,,,,,,:,,,:
...and much more!,,,,,,,,,,,,:,,,:
Jump on board or get the hell out of the way! ,,,,,,,,,,,,:,,,:
#WednesdayWisdom #MAGA #tcot #FoxNews",0,479,42,297,0,,,,,,,:,,,:
2024:11:13T21:15:38.000Z,QuiverQuant,True,False,"BREAKING: Matt Gaetz has been chosen to serve as Trump's attorney general.,,,,,,,,:,,,:
,,,,,,,,,,,,:,,,:
Gaetz recently gave a speech on suspicious congressional stock trades.,,,,,,,,,,,,:,,,:
,,,,,,,,,,,,:,,,:
""Fire your financial advisor : just follow the Quiver Quantitative account on X""",81937,610,9,91,69,,,,,,,:,,,:
2024:11:16T13:19:58.000Z,iamnot_elon,True,False,"Good morning 𝕏! President Trump and I are having coffee here at Mar:a:lago on a beautiful Saturday morning. We're going through plans to delete the IRS and majorly simplify the tax code. We think you should just be able to log into a website, it tells you exactly how much you",3417646,77008,6956,9983,2222,,:,,,:
2024:11:21T01:55:11.000Z,israelUSAforeve,True,False,"PRESIDENT TRUMP IS RIGHT TO SAY SENIORS SHOULDN’T PAY TAX ON SOCIAL Security!,,,,,,,,:,,,:
,,,,,,,,,,,,:,,,:
Thoughts?",3678,246,16,78,1,,,,,,,:,,,:
2024:11:18T12:49:43.000Z,JavonAPrice,True,False,Seems Joe and Mika woke up with a newfound realization this morning: apparently President Trump is no longer Hitler nor a threat to American democracy.,40535,1104,187,215,36,,,:,,,:
2024:11:12T20:16:25.000Z,USATODAY,True,False,"President:elect Donald Trump does not have the power to unilaterally get rid of the Department of Education, though he has been vocal about his desire to close it down in favor of giving that money ""back to the states.""",33385,52,48,26,10,,:,,,:
2024:11:19T13:12:00.000Z,FeistyLibLady,True,False,"Just a reminder to every single damn American who voted for Donald Trump and MAGA Republicans.,,,,,,,,:,,,:
,,,,,,,,,,,,:,,,:
America has the strongest economy in 25 years!,,,,,,,,,,,,:,,,:
,,,,,,,,,,,,:,,,:
It is the #1 economy in the entire world as a result of a Democrat administration you voted against.,,,,,,,,,,,,:,,,:
,,,,,,,,,,,,:,,,:
A big THANKS to the Biden:Harris",59473,6630,455,2886,113,,,,,,,:,,,:
2024:11:12T19:42:50.000Z,Sassafrass_84,True,False,"I really hope President Trump fixes the tax system. We are broke, and it's broken. I don't want to be a debt slave to the irs anymore.",29139,1724,144,644,64,,:,,,:
2024:11:20T12:50:20.000Z,DeanObeidallah,True,False,Trump and The GOP have ZERO plan to reduce inflation.  Period.,6723,647,57,232,2,,,:,,,:
2024:11:17T22:47:05.000Z,thebearablebull,True,False,"US Based Cryptos Are Outperforming The Market & Will ABSOLUTELY THRIVE!!!!,,,,,,,,:,,,:
,,,,,,,,,,,,:,,,:
Think XRP, XLM, HBAR, ADA, ALGO, DAG, PROPY & Many More,,,,,,:,,,:
,,,,,,,,,,,,:,,,:
Ladies & Gentlemen Everything Has Changed Since Trump Got Elected!!!,,,,,,,,,,,,:,,,:
,,,,,,,,,,,,:,,,:
This Cycle Will Be Completely Different From 2021",156286,2468,83,476,215,,,,,,,:,,,:
2024:11:15T00:35:00.000Z,its_The_Dr,True,False,DO YOU THINK PRESIDENT TRUMP IS RIGHT TO SAY SENIORS SHOULDN’T PAY TAX ON SOCIAL SECURITY?,21866,1882,268,242,10,,,:,,,:
2024:11:17T20:24:43.000Z,GoldTelegraph_,True,False,"In my conversation with Judy Shelton, who served as an economic advisor to President Trump during his last presidency:,,,,,,,:,,,:
,,,,,,,,,,,,:,,,:
• The U.S. should combine the strengths of gold:backed systems with blockchain technology's benefits.,,,,,,,,,,,,:,,,:
,,,,,,,,,,,,:,,,:
• Integrate stablecoins into future advancements.,,,,,,,,,,,,:,,,:
,,,,,,,,,,,,:,,,:
•",68205,688,33,240,90,,,,,,,:,,,:
2024:11:18T18:05:03.000Z,TheTNHoller,True,False,"As the ,,,,,,,,:,,,:
@WSJ,,,,,,,,,,,,:,,,:
 editorial board warns Musk/Trump’s “blow:it:all:up” ideas could devastate the economy, worth keeping in mind ,,,,,,,,,,,:,,,:
@davetroy,,,,,,,,,,,,:,,,:
’s warnings this is actually a feature not a bug, spiking crypto and steering the world away from  and the dollar. https://rawstory.com/wsj:editorial:warns:elon:musks:blow:it:all:up:ideas:will:devastate:u:s:economy/…",8263,258,14,174,17,,,,,,:,,,:
2024:09:02T16:18:21.000Z,DavidCayJ,True,False,"Not only is Trump, who was given an economics degree by ,,,,,,,:,,,:
@Penn,,,,,,,,,,,,:,,,:
, full of nonsense, but his plan is inflationary.,,,,,,,,,,:,,,:
,,,,,,,,,,,,:,,,:
Why? Consumers pay the tariff, while domestic firms can raise prices to 99.9% of import + tariff and not lose market share.,,,,,,,,,,,:,,,:
Trump, as always, is for the already rich.",12142,306,35,125,6,,,,,:,,,:
2024:11:14T01:14:12.000Z,jcokechukwu,True,False,"By the way, here’s Tulsi, Trump’s pick for DNI (Director of National Intelligence), exposing the Ukrainian bio labs and wandering why American money would go to shady, dirty ventures like bio labs in Ukraine and China and elsewhere, from where COVID and other designer diseases",15417,546,:,376,69,:
