timestamp username icon:verified fact:checked text views likes replies reposts bookmarks   :   :            :   :
2024:11:17T19:28:02.000Z,TrumpjrJohn,True,False,"I'm printing money with #Memecoins. ,,,,,,,,:,,,:
,,,,,,,,,,,,:,,,:
If you see this, like, retweet, and follow.,,,,,,,,,:,,,:
,,,,,,,,,,,,:,,,:
I might just change your life.",110925,642,247,355,22,,,,,,,:,,,:
2024:11:02T08:10:54.000Z,mollie_don,True,False,"Trump's economic policies, including tariffs, tax cuts, and immigration control, aim to address inflation and stimulate economic growth. Supporters believe his straightforward approach could eliminate bureaucratic hurdles and stimulate immediate economic activity.,,,,:,,,:
,,,,,,,,,,,,:,,,:
If we want to",8907,268,14,208,3,,,,,,,:,,,:
2024:11:21T18:09:35.000Z,realMikeLindell,True,False,"Who's ready for a thriving economy again?,,,,,,,,:,,,:
Reminder that under Trump's last term, Gold went up in value over 50%, and Silver a whopping 53%! For a Limited time, my gold partner is offering up to $15,000 in FREE SILVER! Visit: https://link.goldco.com/lindell and request your FREE gold and",11457,190,16,37,2,,,:,,,:
2024:11:21T20:28:20.000Z,AFLCIO,True,False,"Despite Trump and past administrations trying multiple times, giving tax cuts to billionaires has NEVER helped working people.,,,,,,,:,,,:
,,,,,,,,,,,,:,,,:
It is insane to keep trying to do it and expecting different results.",3038,82,6,45,2,,,,,,,:,,,:
2024:11:22T01:58:28.000Z,ChrisVanHollen,True,False,"Economic fantasy theory.,,,,,,,,:,,,:
Hocus pocus dominocus.,,,,,,,,,,,,:,,,:
 ,,,,,,,,,,,,:,,,:
Whatever you want to call it, the claim that the 2017 Trump tax cuts would pay for themselves was nonsense from the start — and they're trying to make us fall for it again",0,50,11,17,3556,,,,,,:,,,:
2024:11:21T19:11:28.000Z,TaxFoundation,True,False,"Studies have shown that tariffs result in lower income, reduced employment, and lower economic output.,,,,,,:,,,:
,,,,,,,,,,,,:,,,:
According to our analysis, tariffs imposed by the Trump administration in 2018 and 2019 were equivalent to one of the largest tax increases in decades: https://taxfoundation.org/research/all/federal/tariffs/…",1989,17,3,9,2,,,,,,:,,,:
2024:11:18T12:42:15.000Z,michaelkruse,True,False,“We are not a better people. This is who we are.” https://tinyurl.com/449c6d66,38473,432,29,146,32,,,:,,,:
2024:11:14T02:10:15.000Z,oroogle,True,False,"BREAKING: President Trump wants to eliminate all capital gains taxes on Cryptocurrencies issued by U.S. companies,,,,,,,,:,,,:
,,,,,,,,,,,,:,,,:
This would ultimately make all profits Americans make on holding crypto assets such as $ADA $ALGO $XRP and $HBAR fully tax free, as their creators are U.S.",4529566,28389,1106,6842,3775,,,,,,:,,,:
2024:11:21T06:39:36.000Z,GeorgeMonbiot,True,False,"The soil carbon market is going to collapse : and that's a good thing.,,,,,,,,:,,,:
One of the issues I explore in this week's column, about the dreamworld of climate fakery our legislators have created.",20554,405,21,202,39,,,,,,:,,,:
2024:11:20T00:12:39.000Z,TONYxTWO,True,False,"This clip of Donald Trump’s Parents is so wholesome!! They said he loved playing monopoly growing up and building blocks!! ,,,,,,,,:,,,:
,,,,,,,,,,,,:,,,:
Makes a whole lot of sense why he became such a successful businessman building buildings and making money ,,,,,,,,,,,,:,,,:
,,,,,,,,,,,,:,,,:
Love this!!  ,,,,,,,,,,,,:,,,:
@realDonaldTrump",54746,3833,40,820,358,,,,,,,:,,,:
2024:11:14T16:08:10.000Z,StockMKTNewz,True,False,Wedbush analyst Dan Ives said today he sees Tesla $TSLA hitting the $2 trillion mark under the  Trump administration,50949,619,38,59,28,,,:,,,:
2024:11:14T16:41:03.000Z,SimplyBitcoinTV,True,False,BULLISH: President Trump is considering 0% capital gains tax on #Bitcoin and crypto. ,178071,5905,149,854,107,,,:,,,:
2024:11:21T01:55:11.000Z,israelUSAforeve,True,False,"PRESIDENT TRUMP IS RIGHT TO SAY SENIORS SHOULDN’T PAY TAX ON SOCIAL Security!,,,,,,,,:,,,:
,,,,,,,,,,,,:,,,:
Thoughts?",6232,388,31,118,1,,,,,,,:,,,:
2024:11:15T12:34:37.000Z,LanceRoberts,True,False,"#President #Trump is walking into an #economy and #market that has a vastly different setup than when elected in 2016. ,,,,,,,,:,,,:
@thedailyshot",32388,319,21,86,126,,,,,,,:,,,:
2024:11:19T21:52:00.000Z,tpvsean,True,False," WEF Insider: Elite Planning WW3 'Within Weeks' To Rebuild World From Nuclear Ashes,,,,,,,,:,,,:
,,,,,,,,,,,,:,,,:
The stakes have never been higher. The global elite : who know their days are numbered following Trump’s election win : are pushing us toward World War 3, all to protect their money laundering",141119,3102,170,2123,984,,,,,,:,,,:
2024:11:20T02:56:31.000Z,Acyn,True,False,"Graham: You know the richest country in all of Europe for rare earth minerals is Ukraine? Trump will do a deal to get our money back, to enrich ourselves with rare earth minerals, a good deal for Ukraine and us.",267134,481,283,182,132,:,,,:
2017:11:01T22:27:54.000Z,mikandynothem,True,False,"Trump's ECONOMY is a train that is rolling full steam ahead with no brakes to stop it! ,,,,,,,,:,,,:
*3% GDP growth.,,,,,,,,,,,,:,,,:
*Stock Market breaking record highs weekly.,,,,,,,,,,,,:,,,:
*Unemployment at record lows.,,,,,,,,,,,,:,,,:
...and much more!,,,,,,,,,,,,:,,,:
Jump on board or get the hell out of the way! ,,,,,,,,,,,,:,,,:
#WednesdayWisdom #MAGA #tcot #FoxNews",0,479,42,297,0,,,,,,,:,,,:
2024:11:15T14:27:55.000Z,BarronTNews,True,False,"America is stronger, safer, and more prosperous. ,,,,,,:,,,:
   Expect bold action to revive the economy, to create jobs, and to unleash the American energy. The border will be secure, and immigration laws will be enforced. ,,,,,,,,,:,,,:
: We will continue putting America First in every international",23877,2046,77,314,26,,,,,,,:,,,:
2024:11:15T13:51:53.000Z,Project_Veritas,True,False,"BREAKING: ,,,,,,,,:,,,:
@UN,,,,,,,,,,,,:,,,:
 Manager Claims WAR is the Only Way to Make Serious Cash, Says “Lazy” Staff Were Rooting for Nikki Haley for U.S. President over Trump,,,,,,,,,,,:,,,:
,,,,,,,,,,,,:,,,:
“The only way you make money in the UN is if you go to war… you get paid more.”,,,,,,,,,,,,:,,,:
,,,,,,,,,,,,:,,,:
“90% [of United Nations employees] are",406784,2908,161,1613,493,,,,,,,:,,,:
2024:11:21T23:06:55.000Z,FrankLuntz,True,False,"The share of companies moving operations out of China jumped to 69% in 2024, up from 55% in 2022.",15266,140,17,32,7,,:,,,:
2024:11:22T07:51:39.000Z,CoinDesk,True,False,"Strength in $BTC is leading a rotation in other major tokens ahead of the weekend, buoyed by renewed bullish hopes about a crypto:friendly Trump administration that takes office in January. By ,,,,,,,:,,,:
@shauryamalwa",0,57,31,15,12604,,,,,,,:,,,:
2024:11:20T14:41:19.000Z,IvankaNews_,True,False,"HONEST QUESTION:,,,,,,,,:,,,:
,,,,,,,,,,,,:,,,:
If Elon Musk come up with an 𝕏 phone to compete in the market, would you choose it over Apple and Android?,,,,,,,,,,,:,,,:
,,,,,,,,,,,,:,,,:
A.  YES ,,,,,,,,,,,,:,,,:
B.   NO",271565,10745,6043,1029,97,,,,,,,:,,,:
2024:11:15T00:35:00.000Z,its_The_Dr,True,False,DO YOU THINK PRESIDENT TRUMP IS RIGHT TO SAY SENIORS SHOULDN’T PAY TAX ON SOCIAL SECURITY?,21945,1885,268,242,10,,,:,,,:
