timestamp username icon:verified fact:checked text views likes replies reposts bookmarks   :   :            :   :
2024:11:10T23:46:08.000Z,DarrigoMelanie,True,False,"Trump's 10 point plan for education:,,,,,,,,:,,,:
,,,,,,,,,,,,:,,,:
: eliminate the Dept. of Education,,,,,,,,,,,,:,,,:
: cut federal funding,,,,,,,,,,,,:,,,:
: promote Christian Nationalism,,,,,,,,,,,,:,,,:
: attack teacher's unions,,,,,,,,,,,,:,,,:
: give public money to for:profit private schools,,,,,,,,,,,,:,,,:
,,,,,,,,,,,,:,,,:
He warned us, and you voted for him anyway.",11371607,89292,11693,16953,12262,,,,,,:,,,:
2024:11:10T20:01:28.000Z,JohnBasham,True,False,"FACT: EVERY CELEBRITY (Including Oprah) OR LEFT:WING PODCASTER Who Took Money From The ,,,,,,,,:,,,:
@KamalaHarris,,,,,,,,,,,,:,,,:
 Campaign AND DID NOT DISCLOSE THEY WERE A PAID POLITICAL ADVERTISEMENT, BROKE FEDERAL LAW!,,,,,,,,,,,:,,,:
Get A Lawyer Now!,,,,,,,,,,,,:,,,:
The Law Applies To Both Parties & A Trump DOJ MUST Investigate.",1198759,51581,448,16987,2498,,,,,,,:,,,:
2024:11:11T19:00:00.000Z,DavidJHarrisJr,True,False,"Trump announces that he is going to abolish the Department of Education and send the federal money to the states.,,,,,,,,:,,,:
,,,,,,,,,,,,:,,,:
This is great news for millions of American families!!",57684,2184,75,392,58,,,,,,,:,,,:
2024:11:10T00:00:00.000Z,DavidJHarrisJr,True,False,"Trump announces he'll provide immediate relief for millions of working Americans by capping credit card interest rates which are at an all:time high.,,,,,,,,:,,,:
,,,,,,,,,,,,:,,,:
I missed common sense economic policies like this!",31910,1381,22,198,26,,,,,,,:,,,:
2024:11:11T09:44:57.000Z,saracrypto_eth,True,False,"Trump won. New Bitcoin ATH.,,,,,,,,:,,,:
,,,,,,,,,,,,:,,,:
The market is even hotter than before.,,,,,,,,,,,,:,,,:
,,,,,,,,,,,,:,,,:
$RETIRE 17.5k > 9.1m (520x),,,,,,,,,,,,:,,,:
$BULL 33k > 4.5m (136x),,,,,,,,,,,,:,,,:
#HAWKTUAH 75k > 3.5m (47x),,,,,,,,,,,,:,,,:
$FRED 36k to 14 m (388x),,,,,,,,,,,,:,,,:
$PNUT $500k to 300 m (600x),,,,,,,,,,,,:,,,:
$MANYU $180k to $31 m (172x),,,,,,,,,,,,:,,,:
,,,,,,,,,,,,:,,,:
How big do you think my next call will go?",6975,138,59,48,9,,,,,,,:,,,:
2024:11:06T18:49:29.000Z,WallStreetApes,True,False,"“If Trump becomes President again in 2024…it will be the final death blow…to the Global Order…” ,,,,,,,,:,,,:
,,,,,,,,,,,,:,,,:
: Yuval Noah Harari,,,,,,,,,,,,:,,,:
World Economic Forum Top Advisor,,,,,,,,,,,,:,,,:
,,,,,,,,,,,,:,,,:
Last Night Globalism Died ",34917,1718,142,537,135,,,,,,,:,,,:
2024:11:10T14:59:18.000Z,GuntherEagleman,True,False,"A NBC hack tried to corner Trump on the cost of deporting millions of criminal aliens.,,,,,,,,:,,,:
,,,,,,,,,,,,:,,,:
Trump handled it perfectly:,,,,,,,,,,,,:,,,:
“We have NO choice when people have k*lled and m*rdered. They’re not staying here. There is NO price tag.”,,,,,,,,,,,,:,,,:
,,,,,,,,,,,,:,,,:
They ALL have to go back!",1674429,36713,1019,6371,631,,,,,,,:,,,:
2024:11:07T00:29:41.000Z,JoshuaBHoe,True,False,"3 out of 4 people whose biggest concern was the economy voted for Trump  ,,,,,,,,:,,,:
,,,,,,,,,,,,:,,,:
Some have even called it an inflation election  ,,,,,,,,,,,,:,,,:
Trump's policies are:  ,,,,,,,,,,,,:,,,:
,,,,,,,,,,,,:,,,:
* Inflationary Tariffs   ,,,,,,,,,,,,:,,,:
* Deportations, which are inflationary,,,,,,,,,,,:,,,:
* Tax cuts, which are...you guessed it, inflationary  ,,,,,,,,,,:,,,:
,,,,,,,,,,,,:,,,:
...sigh",366,7,1,1,1,,,,,,,:,,,:
2024:11:11T20:53:13.000Z,treasonstickers,False,False,"Trump is dismantling the department of education for 4 reasons:,,,,,,,,:,,,:
,,,,,,,,,,,,:,,,:
1. Uneducated people vote for republicans,,,,,,,,,,,,:,,,:
,,,,,,,,,,,,:,,,:
2. To allow red states to white wash history,,,,,,,,,,,,:,,,:
,,,,,,,,,,,,:,,,:
3. To funnel tax dollars into private for:profit Christian schools that promote the patriarchy,,,,,,,,,,,,:,,,:
,,,,,,,,,,,,:,,,:
4. Project 2025 said to do it",23485,1085,30,311,61,,,,,,,:,,,:
2024:11:05T20:41:16.000Z,lopezalejndraxo,False,False,Yall voting for trump bc of his “economic policy” but yall don’t even make enough to qualify for the tax cuts. broke and dumb ,17469943,594200,9456,77880,13192,,,:,,,:
2024:11:08T20:45:38.000Z,BehizyTweets,True,False,"Trump plans to redirect the money being spent on Ukraine towards a nationwide initiative to get the homeless off the streets by building ""tent cities"" where they can be relocated.,,,,,,,,:,,,:
,,,,,,,,,,,,:,,,:
His plan includes banning urban camping & arresting violators while empowering rehab organizations.",6620051,93186,2444,18506,13438,,,,,,,:,,,:
2024:11:06T13:18:50.000Z,MustBeCharm,False,False,"This shit wild, cause they gave Trump credit for Obama’s economy then blamed Biden for Trump bad economy & ultimately won because of it",4921798,253169,2457,34260,8518,,:,,,:
2024:11:09T11:15:13.000Z,wideawake_media,True,False,"In 2020, Donald Trump told the World Economic Forum:,,,,,,,:,,,:
,,,,,,,,,,,,:,,,:
""We must reject the perennial prophets of doom and their predictions of the apocalypse."",,,,,,,,,,,,:,,,:
,,,,,,,,,,,,:,,,:
""These alarmists always demand the same thing: absolute power to dominate, transform and control every aspect of our lives."",,,,,,,,,,,:,,,:
,,,,,,,,,,,,:,,,:
""We will",151814,8192,116,2851,834,,,,,,,:,,,:
2024:11:06T18:25:54.000Z,aly_rendon,False,False,saying i voted for trump because he’s better for the economy when you’re posting your cash app on your story for your birthday is insane,529610,36335,88,4483,468,,,:,,,:
2024:11:11T21:21:14.000Z,BehizyTweets,True,False,"One of President Trump's secret weapons to drain the swamp will be the reviving of the Impoundment process to cut out waste & force bureaucrats to refund extra tax funds.,,,,,,,,:,,,:
,,,,,,,,,,,,:,,,:
""I will then use the President's long:recognized impoundment power to squeeze the bloated federal",28784,1893,59,706,126,,,,,,,:,,,:
2024:11:06T07:39:19.000Z,NdindiNyoro,False,False,"Congratulations President Donald Trump, the 45th & 47th.,,,,,,,:,,,:
,,,,,,,,,,,,:,,,:
Republican policies have always been better for Africa & the Global South.,,,,,,,,,,,,:,,,:
,,,,,,,,,,,,:,,,:
The Global Economy will definitely be better with imminent monetary easing under Trump.,,,,,,,,,,,,:,,,:
,,,,,,,,,,,,:,,,:
Hongera USA.,,,,,,,,,,,,:,,,:
,,,,,,,,,,,,:,,,:
We are African and Africa is our Business.",186044,5330,344,960,43,,,,,,,:,,,:
2024:11:06T20:59:46.000Z,vitamindees,True,False,It’s crazy how many people are so worried about how bad Trump will be for the Canadian economy but not how bad Justin Trudeau is for the Canadian economy.,273336,11757,381,1997,120,,,:,,,:
2024:11:11T19:41:25.000Z,_Crypto_Barbie,True,False,"WOW! ,,,,,,,,:,,,:
,,,,,,,,,,,,:,,,:
WILL THERE BE SEVERAL #XRP ETF FILINGS THIS NOVEMBER? ,,,,,,,,,,,,:,,,:
,,,,,,,,,,,,:,,,:
SINCE TRUMP’s RE:ELECTION, THE XRP PRICE SURGED ON HOPES OF LOOSER REGULATIONS, WITH SEVERAL NEW ETF FILINGS EXPECTED IN NOVEMBER!",5449,182,7,45,4,,,,,:,,,:
2024:11:10T14:55:29.000Z,TrumpWarRoom,True,False,"President Trump on his plan for mass deportations of criminal illegal aliens: ""When people have killed and murdered ... they're not staying here. There is no price tag.""",133691,3746,220,819,97,,,:,,,:
2024:11:06T15:37:47.000Z,WeAreCanProud,True,False,"#BREAKING: Pierre Poilievre congratulates President:Elect Donald Trump on his election victory, says it exemplifies the need to abolish the carbon tax to remain competitive with the United States: ""President Trump will be cutting taxes even further.""",34673,3016,71,644,20,,:,,,:
2024:11:07T23:22:11.000Z,kbyrd2_,False,False,Trump got all the credit for Obama’s economy. Just for America to turn around & blame Biden for Trump’s economy.,8224926,240230,3721,28462,7394,,,:,,,:
2024:11:07T15:18:31.000Z,Yeahaboutthat3,True,False,"How Trump's Tariffs would work and how getting rid of the Income Tax would benefit you,,,,,,,,:,,,:
,,,,,,,,,,,,:,,,:
What would you do if your family kept an extra $15k : $30k annually?",2133425,39955,753,13980,17152,,,,,,,:,,,:
