timestamp username icon:verified fact:checked text views likes replies reposts bookmarks   :   :            :   :
2024:11:02T08:10:54.000Z,mollie_don,True,False,"Trump's economic policies, including tariffs, tax cuts, and immigration control, aim to address inflation and stimulate economic growth. Supporters believe his straightforward approach could eliminate bureaucratic hurdles and stimulate immediate economic activity.,,,,:,,,:
,,,,,,,,,,,,:,,,:
If we want to",8891,270,14,208,3,,,,,,,:,,,:
2024:11:12T02:27:02.000Z,abcnews,True,False,"“Trump is waging a war on trade itself”: Malcolm Turnbull says if Anthony Albanese wants to protect Australia’s economic interests, he has to level directly with Donald Trump.,,,,,,,:,,,:
,,,,,,,,,,,,:,,,:
Catch up on #QandA on iview: https://ab.co/2E7R5d9",34402,112,128,29,16,,,,,,,:,,,:
2024:11:20T00:09:05.000Z,RepMTG,True,False," I just confronted FEMA Administrator Criswell ,,,,,,,,:,,,:
,,,,,,,,,,,,:,,,:
Criswell prioritized equity programs and politics over providing aid to Americans in need after historic natural disasters—simply because they supported President Trump.,,,,,,,,,,,,:,,,:
,,,,,,,,,,,,:,,,:
Meanwhile, FEMA had plenty of money and resources to",763525,36405,1320,12630,1203,,,,,,:,,,:
2024:11:12T17:21:17.000Z,kurtbardella,True,False,"First off, I’m not sure how the economy gets to where we want it to go if the first move is to deport everyone who does the hard labor (for menial wages). The Trump economy means the rich get richer and everyone else gets left behind.",39421,1001,72,358,30,,:,,,:
2024:11:19T15:41:21.000Z,WallStreetApes,True,False,"Republican RINOs want to release bogus ethics reports to discredit Donald Trump’s picks and Attorney General Matt Gaetz,,,,,,,,:,,,:
,,,,,,,,,,,,:,,,:
These same reps refuse to release the records on “Congress has paid over $17 million in hush money for sexual misconduct”,,,,,,,,,,,,:,,,:
,,,,,,,,,,,,:,,,:
That’s a secret they can keep, “Who",42016,3222,102,1759,271,,,,,,:,,,:
2024:11:17T17:54:03.000Z,highbrow_nobrow,True,False,"Donald Trump: A tariff is a tax on a foreign country. A lot of people like to say it’s a tax on us. No… It’s is a tax that doesn’t affect our country. ,,,,,,,,:,,,:
@Acyn,,,,,,,,,,,,:,,,:
Fact:check: Wrong. (September)",412466,9098,1113,1981,296,,,,,,,:,,,:
2024:11:20T06:22:46.000Z,NowPammsy,True,False,Always follow the money!  Kelly  had his reasons for his hate for Trump saying that he loved Hitler! Turns out Kelly is a greedy & disgusting one. Profiting off of the illegals coming here. Watch. See what you think.,223573,5097,200,3561,1293,,,:,,,:
2024:11:19T13:12:00.000Z,FeistyLibLady,True,False,"Just a reminder to every single damn American who voted for Donald Trump and MAGA Republicans.,,,,,,,,:,,,:
,,,,,,,,,,,,:,,,:
America has the strongest economy in 25 years!,,,,,,,,,,,,:,,,:
,,,,,,,,,,,,:,,,:
It is the #1 economy in the entire world as a result of a Democrat administration you voted against.,,,,,,,,,,,,:,,,:
,,,,,,,,,,,,:,,,:
A big THANKS to the Biden:Harris",58030,6483,455,2834,111,,,,,,,:,,,:
2024:11:19T17:08:30.000Z,ReallyAmerican1,True,False,"Republicans can hardly wait to cut services for the poor, like Medicaid and food stamps, in order to fund Trump's tax cuts for the rich.,,,,,,:,,,:
,,,,,,,,,,,,:,,,:
Many of MAGA need those services.,,,,,,,,,,,,:,,,:
This is what they voted for.",87793,2088,209,1131,93,,,,,,,:,,,:
2024:11:17T22:47:05.000Z,thebearablebull,True,False,"US Based Cryptos Are Outperforming The Market & Will ABSOLUTELY THRIVE!!!!,,,,,,,,:,,,:
,,,,,,,,,,,,:,,,:
Think XRP, XLM, HBAR, ADA, ALGO, DAG, PROPY & Many More,,,,,,:,,,:
,,,,,,,,,,,,:,,,:
Ladies & Gentlemen Everything Has Changed Since Trump Got Elected!!!,,,,,,,,,,,,:,,,:
,,,,,,,,,,,,:,,,:
This Cycle Will Be Completely Different From 2021",155770,2466,83,474,214,,,,,,,:,,,:
2024:11:19T02:18:04.000Z,xMarketNews,True,False,"JUST IN DONALD TRUMP STATES SHORT SELLERS CAN GET HURT VERY BADLY DURING HIS SPEECH,,,,,,,,:,,,:
,,,,,,,,,,,,:,,,:
Can Donald Trump End Illegal Short Selling & Short Selling Manipulators",65632,1928,44,473,111,,,,,,,:,,,:
2024:11:15T01:11:20.000Z,RealAmVoice,True,False,"""I'D LIKE TO SEE $2 GASOLINE, ZERO INFLATION, THE BORDER CLOSED, AND TO DEPORT ALL OF THE CRIMINALS AND THE TERRORISTS!"" ,,,,,:,,,:
@larry_kudlow,,,,,,,,,,,,:,,,:
 is only asking for a few things of the Trump Administration as they take back the White House in 2025. ,,,,,,,,,,,,:,,,:
@A1Policy",22871,809,6,206,33,,,,,,,:,,,:
2024:11:14T02:37:17.000Z,w_terrence,True,False,"KAMALAAAAAAAA CALL ME!!!!!!,,,,,,,,:,,,:
,,,,,,,,,,,,:,,,:
Send this to ,,,,,,,,,,,,:,,,:
@KamalaHarris,,,,,,,,,,,,:,,,:
 ,,,,,,,,,,,,:,,,:
,,,,,,,,,,,,:,,,:
You raised $1 BILLION and now you are negative $20 million dollars, you can’t pay people or the vendors BUT you were going to fix the Economy over night!,,,,,,,,,,,:,,,:
,,,,,,,,,,,,:,,,:
Trump offered to help so I have some coins I would like to give you",297179,6517,398,1527,214,,,,,,,:,,,:
2024:11:15T16:39:33.000Z,WSJ,True,False,Donald Trump is considering tapping Fox Business Network host Larry Kudlow for a senior economic policy role in his administration,51010,83,18,36,2,,,:,,,:
2024:11:12T03:22:54.000Z,BehizyTweets,True,False,"President Trump's new Treasury Secretary, Scott Bessent, plans to cut the spending deficit immediately, ""I think we're going to do it through deregulation, energy dominance, and re:privatizing the economy."",,,:,,,:
,,,,,,,,,,,,:,,,:
He'll also work with Elon Musk to cut out the waste.,,,,,,,,,,,,:,,,:
,,,,,,,,,,,,:,,,:
I've seen a few",115149,3622,124,910,195,,,,,,,:,,,:
2024:11:12T12:33:59.000Z,grantstern,True,False,"Trump wants to spend $88 billion deporting people and whole families, but this election is about economic anxiety.,,,,,,,:,,,:
,,,,,,,,,,,,:,,,:
Got it.",37201,2137,152,859,44,,,,,,,:,,,:
2024:11:20T20:56:47.000Z,4TaxFairness,False,False,"Dr. Oz wants to privatize Medicare.,,,,,,,,:,,,:
,,,,,,,,,,,,:,,,:
He called for a 20% payroll tax to pay for it.,,,,,,,,,,,,:,,,:
,,,,,,,,,,,,:,,,:
Trump wants him to make huge cuts to Medicare and Medicaid while he gives Big Pharma tax breaks.,,,,,,,,,,,,:,,,:
,,,,,,,,,,,,:,,,:
How is any of this supposed to lower costs for struggling families?",2357,212,12,130,8,,,,,,,:,,,:
2024:11:20T21:06:15.000Z,highbrow_nobrow,True,False,"In this video, The Intellectualist explores how Walmart and Lowe’s warn Trump’s proposed tariffs could spike inflation and force price hikes. With 40% of goods sourced internationally, retailers brace for economic fallout that could hurt U.S. consumers.",12903,149,11,89,13,:,,,:
2024:11:20T18:44:11.000Z,mercedesschlapp,True,False,"President Trump is working quickly to fill appointments because he knows he has to deliver for the American People. That’s why we will see a very fast paced White House in January focused on growing our economy, securing the border, and ending wars. ,,,,,,:,,,:
@NEWSMAX",4549,162,1,34,1,,,,,,,:,,,:
2024:11:14T01:14:12.000Z,jcokechukwu,True,False,"By the way, here’s Tulsi, Trump’s pick for DNI (Director of National Intelligence), exposing the Ukrainian bio labs and wandering why American money would go to shady, dirty ventures like bio labs in Ukraine and China and elsewhere, from where COVID and other designer diseases",15405,546,:,376,69,:
