timestamp username icon:verified fact:checked text views likes replies reposts bookmarks   :   :            :   :
2024:11:02T08:10:54.000Z,mollie_don,True,False,"Trump's economic policies, including tariffs, tax cuts, and immigration control, aim to address inflation and stimulate economic growth. Supporters believe his straightforward approach could eliminate bureaucratic hurdles and stimulate immediate economic activity.,,,,:,,,:
,,,,,,,,,,,,:,,,:
If we want to",8851,270,14,208,3,,,,,,,:,,,:
2024:11:14T01:14:12.000Z,jcokechukwu,True,False,"By the way, here’s Tulsi, Trump’s pick for DNI (Director of National Intelligence), exposing the Ukrainian bio labs and wandering why American money would go to shady, dirty ventures like bio labs in Ukraine and China and elsewhere, from where COVID and other designer diseases",15194,545,:,374,68,:
2024:11:11T18:15:12.000Z,KristiNoem,True,False,"The American people know how to spend their own money. By eliminating government waste and focusing federal spending on the core functions of government, President Trump will deal with the debt and unleash economic growth. That’s what we did in South Dakota!",166999,3306,238,543,65,,:,,,:
2024:11:09T19:55:38.000Z,TheTNHoller,True,False,"WATCH: ,,,,,,,,:,,,:
@Matthewcanwrite,,,,,,,,,,,,:,,,:
 on the OPEC 2020 deal by TRUMP— Russia & Saudi Arabia cut oil for 2 years, spiking oil prices and the cost of EVERYTHING (aka “INFLATION”) enriching Saudi Aramco,,,,,,,,,,,:,,,:
,,,,,,,,,,,,:,,,:
Trump’s son:in:law Kushner then got $2 BILLION from the Saudis. (Hunter hunters don’t care)",143693,3548,75,2308,1042,,,,,,,:,,,:
2024:11:12T21:31:15.000Z,TrueJMitchell,True,False,"This lady says:Says the boom you felt during Donald Trump's first term was because of Obama, not Trump.,,,,,,,:,,,:
,,,,,,,,,,,,:,,,:
She goes on to say that the last 4 years of inflation and high prices are because of Donald Trump, not Biden.,,,,,,,,,,,:,,,:
,,,,,,,,,,,,:,,,:
Jeff brings the facts.",18505,453,66,255,45,,,,,,,:,,,:
2024:11:16T13:19:58.000Z,iamnot_elon,True,False,"Good morning 𝕏! President Trump and I are having coffee here at Mar:a:lago on a beautiful Saturday morning. We're going through plans to delete the IRS and majorly simplify the tax code. We think you should just be able to log into a website, it tells you exactly how much you",3275750,75888,6809,9889,2220,,:,,,:
2024:11:11T18:25:24.000Z,kayleighmcenany,True,False,"THE TRUMP EFFECT,,,,,,,,:,,,:
,,,,,,,,,,,,:,,,:
In just a few days and before he is even President ,,,,,,,,,,,,:,,,:
,,,,,,,,,,,,:,,,:
 First female Chief of Staff appointed,,,,,,,,,,,,:,,,:
 Stock market hitting all:time:highs,,,,,,,,,,,,:,,,:
 Newest migrant caravan breaking up,,,,,,,,,,,,:,,,:
 NYC to stop giving debit cards to illegal immigrants,,,,,,,,,,,,:,,,:
 EU wants to buy US gas, not",815935,23241,461,4660,1626,,,,,,:,,,:
2024:11:12T15:22:05.000Z,DixiDarlen,True,False,"It seems these entertainers that took money from the Kamala campaign to twerk, sing, dole out endorsements, whatever, were actually paid advertisements—if they didn’t disclose that— they broke federal law.",12623,638,19,:,13,,:
2024:11:09T22:15:00.000Z,abcnews,True,False,"WATCH: Donald Trump returns to the White House on a wave of cost:of:living anger. In Australia, both sides of politics are preparing for a similar contest over inflation at next year's election. #auspol #ABCInsiders",32156,92,119,30,2,,:,,,:
2024:11:09T22:08:54.000Z,DanCrenshawTX,True,False,"This video is for Bernie Bro ,,,,,,,,:,,,:
@cenkuygur,,,,,,,,,,,,:,,,:
. Perhaps it will help him begin his journey to economic literacy.,,,,,,,,,,,,:,,,:
,,,,,,,,,,,,:,,,:
During our debate on ,,,,,,,,,,,,:,,,:
@PiersUncensored,,,,,,,,,,,,:,,,:
, he had a near emotional breakdown about Trump’s corporate tax cuts, reciting the same old tired talking points about “helping your",65499,798,49,181,142,,,,,:,,,:
2024:11:11T00:52:26.000Z,TaraSetmayer,True,False,"I had a few things to say on ,,,,,,,,:,,,:
@NewsCentralCNN,,,,,,,,,,,,:,,,:
 ,,,,,,,,,,,,:,,,:
about the people who voted for Trump owning all of the ilk that goes along with that. ,,,,,,,,,,,,:,,,:
You don’t get to just complain about the price of eggs and ignore the anti:democratic, racism & sexism MAGA represents.",534078,7512,1284,1868,532,,,,,,:,,,:
2024:11:17T23:39:14.000Z,sjredmond,True,False,"Ask not why they didn't vote for Harris Bill Shatner, ask why they believed one word Trump was saying. Not one of his economic ""promises"" will be kept, except the ones that screw the bottom half of America.",55645,1033,56,219,82,:,,,:
2024:11:15T01:10:00.000Z,SenTedCruz,True,False,"I am confident the Republican House and Senate will work hand:in:hand with President Trump to deliver on his promises.,,,,,,,,:,,,:
,,,,,,,,,,,,:,,,:
Election Day was a MANDATE from the American people.,,,,,,,,,,,,:,,,:
,,,,,,,,,,,,:,,,:
We are going to bring back jobs, secure our border, crush inflation, and protect America from our",164292,5867,1225,820,45,,,,:,,,:
2024:11:18T10:33:36.000Z,JerasIkehorn,True,False,"UNFUCKINGBELIEVABLE!!,,,,,,,,:,,,:
,,,,,,,,,,,,:,,,:
Elon Musk admits Trump’s economic plans will collapse the U.S. economy — he then goes on to say: “that it's necessary for Americans to experience some temporary hardship""…,,,,,,,,,,,,:,,,:
,,,,,,,,,,,,:,,,:
These words were actually spoken by a ‘foreign agent’ who just happens to be the",10793,976,64,521,57,,,,,,,:,,,:
2024:11:18T01:00:46.000Z,BehizyTweets,True,False,"BREAKING: Anthony Constantino, the New York hero who triggered his woke mayor by putting a giant ""Vote for Trump"" sign on his building, just announced that he will be spending $3 MILLION of his own money to run for Elise Stefanik's seat,,,,,,:,,,:
,,,,,,,,,,,,:,,,:
The special election is imminent. When",603845,23122,152,6152,602,,,,,,,:,,,:
2024:11:10T23:14:58.000Z,CryptoHayes,True,False,"Some of y'all don't believe Trump is about to trash the $ and print money. $BTC disagrees. Here is #Bitcoin leading vs. my new money supply indicator US Bank Credit. The market is speaking, listen up.,,,,,,,:,,,:
,,,,,,,,,,,,:,,,:
More explanation in my essay ""Black or White"" that drops tom.",157075,2126,155,206,283,,,,,,,:,,,:
2024:11:15T07:47:59.000Z,ProjectConstitu,True,False," Trump just delivered an incredible speech at the Mar:a:Lago Gala for the America First Policy Institute (AFPI)! ,,,,,,,,:,,,:
,,,,,,,,,,,,:,,,:
 Watch the full video to see his powerful message on putting America first, securing our borders, strengthening the economy, and the future of our nation. If",516688,1227,88,490,327,,,,:,,,:
2024:11:17T16:51:02.000Z,bravosresearch,True,False,"In 2016, when Trump took office, small caps surged by 20%,,,,,,:,,,:
,,,,,,,,,,,,:,,,:
Reflecting the market’s anticipation of tax cuts for small businesses,,,,,,,,,,,,:,,,:
,,,,,,,,,,,,:,,,:
Like 2016, we anticipate a short:term market boost this time as well,,,,,,,,,,,:,,,:
,,,,,,,,,,,,:,,,:
But whether this becomes a broader bull market depends on economic resilience",15130,88,9,8,11,,,,,,,:,,,:
2024:11:11T11:29:07.000Z,SquawkCNBC,True,False,"""Instead of criticizing Jay Powell, I think Trump should thank Jay Powell because his overly easy policy during the Biden administration causing all that inflation was certainly one of the reasons Trump won the election,"" says ,,,,,,:,,,:
@Wharton,,,,,,,,,,,,:,,,:
's Jeremy Siegel.",129747,748,73,101,103,,,,,,,:,,,:
2024:11:12T15:01:07.000Z,LayahHeilpern,True,False,"Since Trump was elected crypto and stocks are soaring.,,,,,,,,:,,,:
,,,,,,,,,,,,:,,,:
Everyone is richer.,,,,,,,,,,,,:,,,:
,,,,,,,,,,,,:,,,:
$TSLA is up 41% alone.,,,,,,,,,,,,:,,,:
$BTC broke ATHs.,,,,,,,,,,,,:,,,:
,,,,,,,,,,,,:,,,:
It's actually crazy how democrats thought they could convince us another 4 years of their dreadful economy was a good idea.",27563,638,50,44,9,,,,,,,:,,,:
2024:11:11T20:53:13.000Z,treasonstickers,False,False,"Trump is dismantling the department of education for 4 reasons:,,,,,,,,:,,,:
,,,,,,,,,,,,:,,,:
1. Uneducated people vote for republicans,,,,,,,,,,,,:,,,:
,,,,,,,,,,,,:,,,:
2. To allow red states to white wash history,,,,,,,,,,,,:,,,:
,,,,,,,,,,,,:,,,:
3. To funnel tax dollars into private for:profit Christian schools that promote the patriarchy,,,,,,,,,,,,:,,,:
,,,,,,,,,,,,:,,,:
4. Project 2025 said to do it",1457330,62908,5485,14106,2687,,,,,,,:,,,:
