timestamp username icon:verified fact:checked text views likes replies reposts bookmarks   :   :            :   :
2024:11:17T19:28:02.000Z,TrumpjrJohn,True,False,"I'm printing money with #Memecoins. ,,,,,,,,:,,,:
,,,,,,,,,,,,:,,,:
If you see this, like, retweet, and follow.,,,,,,,,,:,,,:
,,,,,,,,,,,,:,,,:
I might just change your life.",110276,636,239,352,22,,,,,,,:,,,:
2024:11:02T08:10:54.000Z,mollie_don,True,False,"Trump's economic policies, including tariffs, tax cuts, and immigration control, aim to address inflation and stimulate economic growth. Supporters believe his straightforward approach could eliminate bureaucratic hurdles and stimulate immediate economic activity.,,,,:,,,:
,,,,,,,,,,,,:,,,:
If we want to",8907,268,14,208,3,,,,,,,:,,,:
2024:11:22T05:13:01.000Z,oroogle,True,False,"$HBAR and $XRP will shape the future of American Crypto ,,,,,,,,:,,,:
,,,,,,,,,,,,:,,,:
 Tax Free with the American Crypto Act,,,,,,,,,,,,:,,,:
,,,,,,,,,,,,:,,,:
God bless President Trump and RFK!",4240,123,9,26,2,,,,,,,:,,,:
2024:11:21T18:09:35.000Z,realMikeLindell,True,False,"Who's ready for a thriving economy again?,,,,,,,,:,,,:
Reminder that under Trump's last term, Gold went up in value over 50%, and Silver a whopping 53%! For a Limited time, my gold partner is offering up to $15,000 in FREE SILVER! Visit: https://link.goldco.com/lindell and request your FREE gold and",11405,189,16,37,2,,,:,,,:
2024:11:22T01:58:28.000Z,ChrisVanHollen,True,False,"Economic fantasy theory.,,,,,,,,:,,,:
Hocus pocus dominocus.,,,,,,,,,,,,:,,,:
 ,,,,,,,,,,,,:,,,:
Whatever you want to call it, the claim that the 2017 Trump tax cuts would pay for themselves was nonsense from the start — and they're trying to make us fall for it again",0,49,11,17,3375,,,,,,:,,,:
2024:11:18T12:42:15.000Z,michaelkruse,True,False,“We are not a better people. This is who we are.” https://tinyurl.com/449c6d66,38465,432,29,146,32,,,:,,,:
2024:11:17T15:46:30.000Z,CNNSOTU,True,False,"""We're going to try to make that happen."",,,,,,,,:,,,:
,,,,,,,,,,,,:,,,:
.,,,,,,,,,,,,:,,,:
@SpeakerJohnson,,,,,,,,,,,,:,,,:
 tells ,,,,,,,,,,,,:,,,:
@jaketapper,,,,,,,,,,,,:,,,:
 that President:elect Trump’s vow to eliminate tax on tips is “an important promise.""",62051,81,62,33,8,,,,,,,:,,,:
2024:11:21T21:21:34.000Z,greg_ip,True,False,"Trump's 2 key economic planks, tax cuts/deregulation to bolster  growth; and tariffs to reduce trade deficit & bring back factory jobs, are in conflict.  What his Treasury pick means for how it gets resolved. My column.",8903,40,4,19,11,:,,,:
2024:11:19T10:10:00.000Z,MoneyRadar_FR,True,False,Vous avez vu cette vidéo de Trump ? ,85760,898,47,330,282,,,:,,,:
2024:11:21T16:27:56.000Z,4TaxFairness,False,False,"BREAKING: Billionaires have raked in $276 BILLION since Trump's reelection.,,,,,,,,:,,,:
,,,,,,,,,,,,:,,,:
America's billionaires now hold a record $6.7 TRILLION.,,,,,,,,,,,,:,,,:
,,,,,,,,,,,,:,,,:
Republicans want to give them a tax handout worth at least $2.7 TRILLION.,,,,,,,,,,,,:,,,:
,,,,,,,,,,,,:,,,:
This is how you build an economy that only works for the rich.",20789,844,30,770,97,,,,,,,:,,,:
2024:11:17T23:00:45.000Z,TheThe1776,True,False,Don Jr. talks to Maria Bartiromo why his father’s pick this time around is different.  It’s because they know who the good guys and who the bad/fake guys are and want to surround his dad with competent and loyal people. President Trump's nominees will have big money spent by Big,30280,836,36,341,32,,,:,,,:
2024:11:16T20:34:47.000Z,TomHoman_,True,False,"President Trump is right. There is no price tag on mass deportation. ,,,,,,,,:,,,:
,,,,,,,,,,,,:,,,:
Democrats waste trillions yet fight us on $15 billion to build a wall and deem it too wasteful?,,,,,,,,,,,,:,,,:
,,,,,,,,,,,,:,,,:
Mass deportation is happening!,,,,,,,,,,,,:,,,:
,,,,,,,,,,,,:,,,:
Finishing the wall is happening!",37113,2574,127,650,27,,,,,,,:,,,:
2024:11:22T02:44:29.000Z,NataliePropy,True,False,"Today at Crossroads Summit at UM, ,,,,,,,:,,,:
@LukeGromen,,,,,,,,,,,,:,,,:
, a macroeconomic analyst (FFTT), has emphasized the significant relationship between stock market performance, U.S. GDP and tax revenues. Also he agrees with Trump naming Bitcoin the ""new oil"" (not the gold replacement) because BTC",1051,16,2,2,1,,,,:,,,:
2024:11:22T06:41:45.000Z,IvankaNews_,True,False,"Do you Agree with Trump, that Retired people should be completely tax Exempt, they have already paid their dues?,,,,,,:,,,:
,,,,,,,,,,,,:,,,:
A. YES,,,,,,,,,,,,:,,,:
B.  NO",0,118,63,14,2703,,,,,,,:,,,:
2024:11:18T12:00:17.000Z,JoeyMannarinoUS,True,False,"Men like Vivek Ramaswamy, Howard Lutnick, Elon Musk and Donald Trump don’t need to go into government to become richer.,,,,,,:,,,:
,,,,,,,,,,,,:,,,:
They have more money than they’ll ever need in their lives.,,,,,,,,,,,,:,,,:
,,,,,,,,,,,,:,,,:
They’re doing what they’re doing to help us have a country worth living in.,,,,,,,,,,,,:,,,:
,,,,,,,,,,,,:,,,:
You can only respect",30481,4509,74,1206,26,,,,,,,:,,,:
2024:11:21T01:55:11.000Z,israelUSAforeve,True,False,"PRESIDENT TRUMP IS RIGHT TO SAY SENIORS SHOULDN’T PAY TAX ON SOCIAL Security!,,,,,,,,:,,,:
,,,,,,,,,,,,:,,,:
Thoughts?",6215,388,31,118,1,,,,,,,:,,,:
2024:11:21T20:48:29.000Z,nickgerli1,True,False,"I joined Bloomberg Television today to give my thoughts on Mortgage Rates, Trump's impact on the housing market, and my 2025 housing market forecast. ,,,,,,:,,,:
,,,,,,,,,,,,:,,,:
Make sure to watch and give the video a like.",14644,126,12,10,28,,,,,,,:,,,:
2024:11:15T15:23:34.000Z,MAGAResource,True,False,"Just In: New Trump Attorney General Matt Gaetz refuses to take money from Lobbyists and PACs. ,,,,,,,,:,,,:
,,,,,,,,,,,,:,,,:
That’s why the deep state uniparty establishment hates him.",55894,2901,44,659,51,,,,,,,:,,,:
2024:11:22T02:00:00.000Z,CBSMornings,True,False,"Trump's proposed tariffs could raise U.S. grocery prices, analysis finds",0,9,13,9,2824,,:,,,:
2024:11:19T17:31:33.000Z,TheThe1776,True,False,"John Fredericks goes off on Republicans Senators who says they won’t vote for Matt Gaetz or President Trump’s nominees: “The people that have an R by their name, they think they're hot stuff right. Cause they're serving U.S. Senate. They got the big staffs to get all the stock",68238,3287,134,1645,207,,:,,,:
2024:11:13T15:40:35.000Z,DineshDSouza,True,False,"Trump’s going to not only tax, but confiscate the endowments of every university that the Department of Justice finds has engaged in illegal discrimination under the guise of ""equity"". ,,,,,,,:,,,:
,,,,,,,,,,,,:,,,:
We are witnessing one of the strongholds of the left crumble in real time.",227117,13457,168,2573,236,,,,,,,:,,,:
