timestamp username icon:verified fact:checked text views likes replies reposts bookmarks   :   :            :   :
2024:11:10T18:59:56.000Z,Jeremyybtc,True,False,"doge will be the biggest runner of this bull run,,,,,,,,:,,,:
,,,,,,,,,,,,:,,,:
elon musk publicly comes out as the co founder of dogecoin,,,,,,,,,,,,:,,,:
,,,,,,,,,,,,:,,,:
trump and elon both mentioned integrating dogecoin as a big part of america's economy,,,,,,,,,,,,:,,,:
,,,,,,,,,,,,:,,,:
1 $doge = $1",150946,862,96,156,41,,,,,,,:,,,:
2024:11:13T11:32:02.000Z,CharlieKNews,True,False,"DO YOU THINK PRESIDENT TRUMP IS RIGHT TO SAY SENIORS SHOULDN’T PAY TAX ON SOCIAL SECURITY?,,,,,,,,:,,,:
,,,,,,,,,,,,:,,,:
A. YES,,,,,,,,,,,,:,,,:
B. NO",765784,51075,24608,4045,152,,,,,,,:,,,:
2024:11:13T18:04:01.000Z,piyushmittal,False,False,Trump’s promise of removing overtime tax is a scam like everything else he does,232319,4561,393,1223,943,,,:,,,:
2024:11:15T03:30:01.000Z,RealAmVoice,True,False,"AMERICA WILL HAVE ECONOMIC SUCCESS UNDER DONALD TRUMP,,,,,,,,:,,,:
@KHerriage,,,,,,,,,,,,:,,,:
, from Vertical Research Advisory, joins ,,,,,,,,,,:,,,:
@RealWayneRoot,,,,,,,,,,,,:,,,:
 to discuss how ,,,,,,,,,,,,:,,,:
@realDonaldTrump,,,,,,,,,,,,:,,,:
  will successfully impact the economy and the market.",5932,83,3,24,6,,,,,,,:,,,:
2024:11:07T23:06:28.000Z,RealAmVoice,True,False,"BIDEN SIGNS EXECUTIVE ORDER RESTRICTING EVEN MORE ALASKA RESERVES,,,,,,,,:,,,:
@JSolomonReports,,,,,,,,,,,,:,,,:
 says Biden is just adding to inflation with this move and is just another last minute move to hurt Trump.,,,,,,,,,,,,:,,,:
@AmandaHead",34270,676,46,590,62,,,,,,,:,,,:
2024:11:14T16:08:10.000Z,StockMKTNewz,True,False,Wedbush analyst Dan Ives said today he sees Tesla $TSLA hitting the $2 trillion mark under the  Trump administration,40879,520,31,46,22,,,:,,,:
2024:11:12T14:09:19.000Z,4TaxFairness,False,False,"The cost of eggs is higher because Kroger, Costco, Albertsons, Target, and Walmart raised prices.,,,,:,,,:
,,,,,,,,,,,,:,,,:
These five corporations have reported over $29 billion in profits.,,,,,,,,,,,,:,,,:
,,,,,,,,,,,,:,,,:
Trump wants to give them a $1.7 billion yearly tax break.,,,,,,,,,,,,:,,,:
,,,,,,,,,,,,:,,,:
Yes, really.",347587,18168,772,6904,711,,,,,,:,,,:
2024:11:12T03:22:54.000Z,BehizyTweets,True,False,"President Trump's new Treasury Secretary, Scott Bessent, plans to cut the spending deficit immediately, ""I think we're going to do it through deregulation, energy dominance, and re:privatizing the economy."",,,:,,,:
,,,,,,,,,,,,:,,,:
He'll also work with Elon Musk to cut out the waste.,,,,,,,,,,,,:,,,:
,,,,,,,,,,,,:,,,:
I've seen a few",110129,3603,122,904,199,,,,,,,:,,,:
2024:11:13T13:30:00.000Z,profstonge,True,False,"Can Trump fire Jerome Powell?,,,,,,,,:,,,:
,,,,,,,,,,,,:,,,:
Powell says no — the Fed can ignore Trump just like it ignores Congress.,,,,,,,,,,,,:,,,:
,,,,,,,,,,,,:,,,:
If our economic overlords really are independent of voters, we are living under occupation.",222040,3614,188,1122,287,,,,,,:,,,:
2024:11:12T19:31:20.000Z,Humanspective,True,False,"The age verification scheme, straight from the WEF aligned esafety Commissar. It wont be long now before Donald J Trump begins calling out and dismantling its Western affiliations with the World Economic Forum",39484,1320,169,340,79,,:,,,:
2024:11:09T17:42:01.000Z,katiephangshow,True,False,"""There's no reason that sentencing can't move forward..."" ,,,,,,,,:,,,:
@JoyceWhiteVance,,,,,,,,,,,,:,,,:
 talks about what to expect this week from Trump's NY election interference/hush money trial.",186242,5152,267,1582,127,,,,,,,:,,,:
2024:11:13T21:15:38.000Z,QuiverQuant,True,False,"BREAKING: Matt Gaetz has been chosen to serve as Trump's attorney general.,,,,,,,,:,,,:
,,,,,,,,,,,,:,,,:
Gaetz recently gave a speech on suspicious congressional stock trades.,,,,,,,,,,,,:,,,:
,,,,,,,,,,,,:,,,:
""Fire your financial advisor : just follow the Quiver Quantitative account on X""",75965,581,10,76,69,,,,,,,:,,,:
2024:11:12T15:22:05.000Z,DixiDarlen,True,False,"It seems these entertainers that took money from the Kamala campaign to twerk, sing, dole out endorsements, whatever, were actually paid advertisements—if they didn’t disclose that— they broke federal law.",12205,640,18,:,13,,:
2024:11:14T11:05:45.000Z,cherrytgbot,True,False,"Bitcoin has reached a new all:time high of $93,000, sparked by market enthusiasm following Donald Trump’s re:election. Ethereum 3.0 is also making waves, with rumors of its development stirring optimism about greater scalability and efficiency for the network. ,,,,,:,,,:
,,,,,,,,,,,,:,,,:
Meanwhile, FTX",8767,936,276,335,70,,,,,,:,,,:
2024:11:08T00:32:06.000Z,LeadingReport,True,False,"BREAKING: Trump said his administration will have “no choice” but to carry out his mass deportation plan, and that there is “no price tag.”",856249,42927,2417,4693,775,,:,,,:
2024:11:08T12:22:09.000Z,lindyli,True,False,"Democrats, we’re gonna keep losing if we attack ALL Trump voters as racists & misogynists,,,,,,,:,,,:
,,,,,,,,,,,,:,,,:
Yes, racism & misogyny are factors but they are NOT the only reason why Harris lost,,,,,,,,,,,:,,,:
,,,,,,,,,,,,:,,,:
Inflation was a HUGE reason,,,,,,,,,,,,:,,,:
,,,,,,,,,,,,:,,,:
We’re gonna keep losing if we denigrate the entire country",117886,547,412,140,34,,,,,,,:,,,:
2024:11:13T03:42:35.000Z,RealScottRitter,True,False,"Well, America, we just found out the price of a President.,,,,,,:,,,:
,,,,,,,,,,,,:,,,:
Miriam Adelson bought Donald Trump for a cool $100 million.,,,,,,,,,,,,:,,,:
,,,,,,,,,,,,:,,,:
Best investment Israel ever made.,,,,,,,,,,,,:,,,:
,,,,,,,,,,,,:,,,:
Worst sellout in American history.",1923522,37472,1743,9303,2583,,,,,,,:,,,:
2024:11:10T23:01:32.000Z,paoramos,False,False,"Economy was #1 issue.Yet a majority of Black & Latinos had the moral clarity to not vote for Trump.What did those other 40%+ Latinos see in Trump? His economic message was deeply intertwined with racism, xenophobia,transphobia.His inroads go beyond the economy",158140,2006,200,441,150,:,,,:
2024:11:07T15:18:31.000Z,Yeahaboutthat3,True,False,"How Trump's Tariffs would work and how getting rid of the Income Tax would benefit you,,,,,,,,:,,,:
,,,,,,,,,,,,:,,,:
What would you do if your family kept an extra $15k : $30k annually?",2147715,39938,756,13971,17082,,,,,,,:,,,:
2024:11:14T02:50:49.000Z,AbsGMCrypto,True,False,"JUST IN:  Trump Proposes To Eliminate ALL Capital Gains Tax On Cryptocurrencies Issued In The USA!,,,,,,,,:,,,:
,,,,,,,,,,,,:,,,:
This would make all American profits made on projects created in the United States FULLY Tax Free! ,,,,,,,,,,,,:,,,:
,,,,,,,,,,,,:,,,:
This includes projects such as $BTC $ADA $ALGO $XRP $XLM and $HBAR would be",459632,5400,243,1449,527,,,,,,,:,,,:
2024:11:08T13:21:02.000Z,YourAnonCentral,True,False,"""the very best thing Trump could do is nothing at all. Go play golf and take credit for the economic trends that we already have. Just take credit for the economy he inherited and do nothing else and that is the best possible outcome we could hope for.""",149823,1101,18,176,66,,,:,,,:
2024:11:14T23:25:46.000Z,ByronDonalds,True,False,"Trump admin economic policy will put YOU FIRST.,,,,,,,,:,,,:
,,,,,,,,,,,,:,,,:
The Trump Tax Cuts & Jobs Act (currently in place) cut tax rates & has raised record federal revenue.,,,,,,,,,,,,:,,,:
,,,,,,,,,,,,:,,,:
Strategic tariffs will protect domestic manufacturing, industry, & critical jobs.,,,,,,,,,,:,,,:
,,,,,,,,,,,,:,,,:
And the time for unfair trade deals is OVER.",55783,4320,109,725,48,,,,,,,:,,,:
2024:11:14T23:23:18.000Z,CryptoKingAxiS,True,False,"Donald Trump proposing ZERO tax on crypto is absolutely insane, and I love it,,,,,,,:,,,:
,,,,,,,,,,,,:,,,:
I feel like we are in an alternate reality right now  ,,,,,,,,,,,,:,,,:
,,,,,,,,,,,,:,,,:
#bitcoin #xrp #memefi",2722,21,2,3,2,,,,,,,:,,,:
