timestamp username icon:verified fact:checked text views likes replies reposts bookmarks   :   :            :   :
2024:11:02T08:10:54.000Z,mollie_don,True,False,"Trump's economic policies, including tariffs, tax cuts, and immigration control, aim to address inflation and stimulate economic growth. Supporters believe his straightforward approach could eliminate bureaucratic hurdles and stimulate immediate economic activity.,,,,:,,,:
,,,,,,,,,,,,:,,,:
If we want to",8891,270,14,208,3,,,,,,,:,,,:
2024:11:12T18:14:40.000Z,RolandForTexas,True,False,"Donald Trump’s border czar is ready to start mass deportations from day one, throwing our economy into chaos and ripping families apart.",17847,205,549,135,12,,:,,,:
2024:11:18T04:08:11.000Z,LloydChapman,True,False,Have you noticed how aggressive the democrats are about losing this election? I think I know why. Trillions in our tax dollars have disappeared across the government. The democrats are terrified Elon Musk and the Trump team are going to expose the fact they looted trillions.,15363,857,27,211,36,,,:,,,:
2024:11:13T05:28:54.000Z,amerix,True,False,"President Trump has picked Elon Musk and Vivek Ramaswamy to lead The Department of Government Efficiency (DOGE),,,,,,,,:,,,:
,,,,,,,,,,,,:,,,:
This department is tasked with ending wastage of taxpayers' money and draining the swamp.,,,,,,,,,,,,:,,,:
,,,,,,,,,,,,:,,,:
America has Vivek, Kenya has David Ndii.,,,,,,,,,,,:,,,:
,,,,,,,,,,,,:,,,:
Kenya is led by fools.",346283,6684,322,2133,224,,,,,,,:,,,:
2024:11:15T22:32:05.000Z,TrumpBaroon,True,False,"Most of time Dad keeps telling me that he will do the best for USA in matters developments, economy growth and it’s Sustainability.,,,,,,,:,,,:
,,,,,,,,,,,,:,,,:
Pray for Him, because he loves United States of America so much",101167,8364,541,994,38,,,,,,:,,,:
2024:11:12T21:31:15.000Z,TrueJMitchell,True,False,"This lady says:Says the boom you felt during Donald Trump's first term was because of Obama, not Trump.,,,,,,,:,,,:
,,,,,,,,,,,,:,,,:
She goes on to say that the last 4 years of inflation and high prices are because of Donald Trump, not Biden.,,,,,,,,,,,:,,,:
,,,,,,,,,,,,:,,,:
Jeff brings the facts.",18652,454,67,256,44,,,,,,,:,,,:
2024:11:17T17:54:03.000Z,highbrow_nobrow,True,False,"Donald Trump: A tariff is a tax on a foreign country. A lot of people like to say it’s a tax on us. No… It’s is a tax that doesn’t affect our country. ,,,,,,,,:,,,:
@Acyn,,,,,,,,,,,,:,,,:
Fact:check: Wrong. (September)",412674,9095,1113,1979,296,,,,,,,:,,,:
2024:11:14T12:30:00.000Z,TheRedactedInc,True,False," We’re on the brink of a revolution in the U.S., and Trump’s plan is MASSIVE in scale! From tariffs to tax cuts, we’re breaking down all the major points in today’s video. ",12965,510,9,174,58,:,,,:
2024:11:16T13:19:58.000Z,iamnot_elon,True,False,"Good morning 𝕏! President Trump and I are having coffee here at Mar:a:lago on a beautiful Saturday morning. We're going through plans to delete the IRS and majorly simplify the tax code. We think you should just be able to log into a website, it tells you exactly how much you",3417106,77007,6956,9983,2222,,:,,,:
2024:11:18T12:49:43.000Z,JavonAPrice,True,False,Seems Joe and Mika woke up with a newfound realization this morning: apparently President Trump is no longer Hitler nor a threat to American democracy.,40533,1104,187,214,36,,,:,,,:
2024:11:13T21:15:38.000Z,QuiverQuant,True,False,"BREAKING: Matt Gaetz has been chosen to serve as Trump's attorney general.,,,,,,,,:,,,:
,,,,,,,,,,,,:,,,:
Gaetz recently gave a speech on suspicious congressional stock trades.,,,,,,,,,,,,:,,,:
,,,,,,,,,,,,:,,,:
""Fire your financial advisor : just follow the Quiver Quantitative account on X""",81932,610,9,91,69,,,,,,,:,,,:
2024:11:20T22:00:41.000Z,Matthewtravis08,True,False,"“Our economy is broken, people can’t afford eggs thanks to democrats ”.  ,,,,,,,:,,,:
: Donald Trump,,,,,,,,,,,,:,,,:
,,,,,,,,,,,,:,,,:
Also Donald Trump:  “Buy my limited edition guitar for just $1,300.00”. ,,,,,,,,,,,:,,,:
,,,,,,,,,,,,:,,,:
Fucking pathetic.",3051,211,33,106,4,,,,,,,:,,,:
2024:11:12T20:51:13.000Z,bungarsargon,True,False,"This was the immigration election. Democrats vowing to ""Trump proof"" their cities & states are exposing their contempt for their own voters, who they hate for wanting less immigration, for voting in the economic interests of their families instead of those of progressive elites.",25228,813,23,168,57,:,,,:
2024:11:14T23:25:46.000Z,ByronDonalds,True,False,"Trump admin economic policy will put YOU FIRST.,,,,,,,,:,,,:
,,,,,,,,,,,,:,,,:
The Trump Tax Cuts & Jobs Act (currently in place) cut tax rates & has raised record federal revenue.,,,,,,,,,,,,:,,,:
,,,,,,,,,,,,:,,,:
Strategic tariffs will protect domestic manufacturing, industry, & critical jobs.,,,,,,,,,,:,,,:
,,,,,,,,,,,,:,,,:
And the time for unfair trade deals is OVER.",75259,5563,184,964,62,,,,,,,:,,,:
2024:11:14T02:37:17.000Z,w_terrence,True,False,"KAMALAAAAAAAA CALL ME!!!!!!,,,,,,,,:,,,:
,,,,,,,,,,,,:,,,:
Send this to ,,,,,,,,,,,,:,,,:
@KamalaHarris,,,,,,,,,,,,:,,,:
 ,,,,,,,,,,,,:,,,:
,,,,,,,,,,,,:,,,:
You raised $1 BILLION and now you are negative $20 million dollars, you can’t pay people or the vendors BUT you were going to fix the Economy over night!,,,,,,,,,,,:,,,:
,,,,,,,,,,,,:,,,:
Trump offered to help so I have some coins I would like to give you",297272,6516,398,1527,214,,,,,,,:,,,:
2024:11:12T19:42:50.000Z,Sassafrass_84,True,False,"I really hope President Trump fixes the tax system. We are broke, and it's broken. I don't want to be a debt slave to the irs anymore.",29136,1724,144,644,64,,:,,,:
2024:11:19T18:50:03.000Z,MelaniaTrumpo,True,False,"BE HONEST: Will you ever pay money to watch a Robert DeNiro film again.,,,,,,,,:,,,:
,,,,,,,,,,,,:,,,:
Yes or No?",48947,877,3796,245,14,,,,,,,:,,,:
2024:11:17T23:39:14.000Z,sjredmond,True,False,"Ask not why they didn't vote for Harris Bill Shatner, ask why they believed one word Trump was saying. Not one of his economic ""promises"" will be kept, except the ones that screw the bottom half of America.",96554,1393,68,262,113,:,,,:
2024:11:13T03:23:49.000Z,AutismCapital,True,False," HOROWITZ: ""Within 24 hours of Trump being elected, the stock market had its 5th biggest day in history. No economic news, no 'the economy is going well,’ no nothing. The Crypto markets went way beyond that. All fintech went up. Just the fact that it wasn't going to be the",129218,1874,36,212,:,,,:
2024:08:25T17:53:38.000Z,BetterOff2024,True,False,"A reminder that Trump's only stated specific economic policy:,,,,,,,,:,,,:
,,,,,,,,,,,,:,,,:
Tariffs of 10:60% on *all* US imports that will fuel inflation across the board as consumers will naturally pay the difference for goods.,,,,,,,,,,,,:,,,:
,,,,,,,,,,,,:,,,:
Basically a #TrumpTax on all Americans.",34389,625,65,389,17,,,,,,,:,,,:
2024:11:20T06:22:46.000Z,NowPammsy,True,False,Always follow the money!  Kelly  had his reasons for his hate for Trump saying that he loved Hitler! Turns out Kelly is a greedy & disgusting one. Profiting off of the illegals coming here. Watch. See what you think.,262505,5478,220,3838,1443,,,:,,,:
2024:11:20T23:25:06.000Z,GBNEWS,True,False,"'I love the farmers, it is really sad.',,,,,,,:,,,:
,,,,,,,,,,,,:,,,:
Watch as the son of Donald Trump, Eric Trump, sends a message to UK farmers after Labour's inheritance tax raid.",10460,207,14,56,10,,,,,:,,,:
2024:11:13T03:53:17.000Z,TheThe1776,True,False,"This young lady has been dating a guy for 5:6 years.  He’s from Algeria and been in the states for over 10 years and after paying lots of money and going through the legal process, he got his citizenship over the summer and she agrees with President Trump strict immigration",22632,839,33,308,64,,:,,,:
