timestamp username icon:verified fact:checked text views likes replies reposts bookmarks   :   :            :   :
2024:11:02T08:10:54.000Z,mollie_don,True,False,"Trump's economic policies, including tariffs, tax cuts, and immigration control, aim to address inflation and stimulate economic growth. Supporters believe his straightforward approach could eliminate bureaucratic hurdles and stimulate immediate economic activity.,,,,:,,,:
,,,,,,,,,,,,:,,,:
If we want to",8878,270,14,208,3,,,,,,,:,,,:
2024:11:19T23:48:31.000Z,burrytracker,True,False," BREAKING: Trump to replace SEC chair Gary Gensler with pro:crypto lawyer Teresa Goody Guillen,,,,,,,,:,,,:
,,,,,,,,,,,,:,,,:
Guillen is a veteran of the SEC and well known to be a pro crypto advocate",14454,227,16,48,14,,,,,,,:,,,:
2024:11:19T23:04:11.000Z,SenTuberville,True,False,"Howard Lutnick will do great work leading the Commerce Department.,,,,,,,,:,,,:
,,,,,,,,,,,,:,,,:
He’s one of the most successful guys on Wall Street, and nobody is better suited to represent America abroad than Howard.,,,,,,,,,,,:,,,:
,,,,,,,,,,,,:,,,:
He’s fully behind President Trump’s America First tariff policy and will get us back on",2116,113,6,20,2,,,,,,,:,,,:
2024:11:12T02:27:02.000Z,abcnews,True,False,"“Trump is waging a war on trade itself”: Malcolm Turnbull says if Anthony Albanese wants to protect Australia’s economic interests, he has to level directly with Donald Trump.,,,,,,,:,,,:
,,,,,,,,,,,,:,,,:
Catch up on #QandA on iview: https://ab.co/2E7R5d9",34373,112,128,29,16,,,,,,,:,,,:
2024:11:19T20:28:44.000Z,EdWorkforceCmte,True,False,"Bad news: The Biden:Harris apprenticeship rule adds red tape, hurting apprenticeships and folks seeking alternatives to college.,,,,,,,:,,,:
 ,,,,,,,,,,,,:,,,:
Good news: Trump understands the importance of apprenticeships for workers, employers & the economy. ,,,,,,,,,,,:,,,:
 ,,,,,,,,,,,,:,,,:
WATCH ,,,,,,,,,,,,:,,,:
@virginiafoxx,,,,,,,,,,,,:,,,:
 highlight #NAW2024:",7569,70,7,10,6,,,,,,,:,,,:
2024:11:19T19:30:02.000Z,BehizyTweets,True,False,"IT'S OFFICIAL! President Trump just announced that Howard Lutnick will be Commerce Secretary. Lutnick wants to eliminate income tax and fund the government using tariffs.,,,,,,,,:,,,:
,,,,,,,,,,,,:,,,:
We really are about to enter a new golden age.",190980,7548,237,1802,465,,,,,,,:,,,:
2024:11:19T18:28:22.000Z,ABC,True,False,"NEW: Prosecutors with the Manhattan DA’s office said they would oppose President:elect Trump’s attempt to dismiss his criminal conviction in New York but told the judge they do not object to pausing the case.,,,,,,,,:,,,:
,,,,,,,,,,,,:,,,:
https://abcnews.go.com/US/manhattan:da:propose:steps:trumps:criminal:hush:money/story?id=115985430…",34147,59,23,20,4,,,,,,,:,,,:
2024:11:12T15:37:09.000Z,Bubblebathgirl,True,False,"Even if the hush money case against Trump gets dismissed, that doesn’t mean the lawfare against him is forgotten.,,,,,,,:,,,:
,,,,,,,,,,,,:,,,:
Our government, DAs, and judges abused our judicial system in order to interfere in the 2024 presidential election.,,,,,,,,,,:,,,:
,,,,,,,,,,,,:,,,:
They need to face legal consequences.",16578,1847,52,716,13,,,,,,,:,,,:
2024:11:16T22:30:01.000Z,RBReich,False,False,"Trump has named Stephen Miller and Tom Homan — the architects of his family separation policy — to powerful roles in his White House.,,,,,,,,:,,,:
,,,,,,,,,,,,:,,,:
Their fingerprints are all over Trump's mass deportation scheme, which would wreck the economy and rip families apart.",71391,2332,400,1231,156,,,,,,:,,,:
2024:11:18T00:12:36.000Z,bySukie,True,False,"Kaspa is going to surpass $100B MC,,,,,,,,:,,,:
,,,,,,,,,,,,:,,,:
Why?,,,,,,,,,,,,:,,,:
,,,,,,,,,,,,:,,,:
Money is energy & Kaspa is one of the hardest currencies out there next to $BTC,,,,,,,,,,,,:,,,:
,,,,,,,,,,,,:,,,:
$KAS is a blackhole, absorbing liquidity from all Cryptos as more people find out about it,,,,,,,,,,,:,,,:
,,,,,,,,,,,,:,,,:
People like Elon, ",31476,498,26,114,39,,,,,,:,,,:
2024:11:18T18:05:03.000Z,TheTNHoller,True,False,"As the ,,,,,,,,:,,,:
@WSJ,,,,,,,,,,,,:,,,:
 editorial board warns Musk/Trump’s “blow:it:all:up” ideas could devastate the economy, worth keeping in mind ,,,,,,,,,,,:,,,:
@davetroy,,,,,,,,,,,,:,,,:
’s warnings this is actually a feature not a bug, spiking crypto and steering the world away from  and the dollar. https://rawstory.com/wsj:editorial:warns:elon:musks:blow:it:all:up:ideas:will:devastate:u:s:economy/…",8119,258,14,172,17,,,,,,:,,,:
2024:11:19T14:07:54.000Z,GlockfordFiles,True,False,"Glitch McConnell and his RINO friends are doing everything they can to stop Matt Gaetz from becoming AG. ,,,,,,,,:,,,:
,,,,,,,,,,,,:,,,:
This only proves that Matt is the right guy for the job.,,,,,,,,,,,,:,,,:
,,,,,,,,,,,,:,,,:
My money is on Trump and Gaetz not the failing and desperate RINOs.",8566,271,63,161,4,,,,,,,:,,,:
2024:11:13T12:06:53.000Z,GoPlusSecurity,True,False,"GoPlus Alert,,,,,,,,:,,,:
,,,,,,,,,,,,:,,,:
Recently,  ,,,,,,,,,,,:,,,:
@Cointelegraph,,,,,,,,,,,,:,,,:
  published the false information that ""Trump is the largest holder of $PNUT "".,,,,,,,,,,,,:,,,:
,,,,,,,,,,,,:,,,:
Please be cautious in the bull market and carefully verify the information released by media outlets and KOLs to avoid falling victim to copycat projects,",31649,961,30,4772,1,,,,,,:,,,:
2024:11:11T21:01:02.000Z,CNBCClosingBell,True,False,"#Tesla popping again today, with the stock seeing a more than 40% gain since the election. ,,,,,,,:,,,:
@DivesTech,,,,,,,,,,,,:,,,:
, who is raising his price target to $400 from $300, calls president:elect Trump's victory a ""game changer"" for Tesla:",401836,303,24,86,33,,,,,:,,,:
2024:11:11T14:11:03.000Z,DC_Draino,True,False,"The Visa/MC credit card monopoly has put Americans into excessive debt with usurious interest rates at 25%+,,,,,,,,:,,,:
,,,,,,,,,,,,:,,,:
President Trump wants a 10% cap on all credit card interest rates,,,,,,,,,,,,:,,,:
,,,,,,,,,,,,:,,,:
JD Vance co:sponsored the Credit Card Competition act which fights the 2:4% hidden tax you pay every",5524339,88976,2026,21072,5485,,,,,,,:,,,:
2024:11:10T23:14:58.000Z,CryptoHayes,True,False,"Some of y'all don't believe Trump is about to trash the $ and print money. $BTC disagrees. Here is #Bitcoin leading vs. my new money supply indicator US Bank Credit. The market is speaking, listen up.,,,,,,,:,,,:
,,,,,,,,,,,,:,,,:
More explanation in my essay ""Black or White"" that drops tom.",158131,2128,153,206,282,,,,,,,:,,,:
2024:11:12T22:52:58.000Z,AP,True,False,A judge postponed a decision on whether to undo President:elect Donald Trump’s conviction in his hush money case as prosecutors consider how to proceed in light of last week's election.,105978,79,43,41,4,,,:,,,:
2024:11:15T22:32:05.000Z,TrumpBaroon,True,False,"Most of time Dad keeps telling me that he will do the best for USA in matters developments, economy growth and it’s Sustainability.,,,,,,,:,,,:
,,,,,,,,,,,,:,,,:
Pray for Him, because he loves United States of America so much",100935,8366,541,995,38,,,,,,:,,,:
2024:11:16T13:19:58.000Z,iamnot_elon,True,False,"Good morning 𝕏! President Trump and I are having coffee here at Mar:a:lago on a beautiful Saturday morning. We're going through plans to delete the IRS and majorly simplify the tax code. We think you should just be able to log into a website, it tells you exactly how much you",3393417,76919,6937,9990,2231,,:,,,:
2024:11:16T20:34:47.000Z,TomHoman_,True,False,"President Trump is right. There is no price tag on mass deportation. ,,,,,,,,:,,,:
,,,,,,,,,,,,:,,,:
Democrats waste trillions yet fight us on $15 billion to build a wall and deem it too wasteful?,,,,,,,,,,,,:,,,:
,,,,,,,,,,,,:,,,:
Mass deportation is happening!,,,,,,,,,,,,:,,,:
,,,,,,,,,,,,:,,,:
Finishing the wall is happening!",35605,2562,126,648,25,,,,,,,:,,,:
2024:11:15T01:11:20.000Z,RealAmVoice,True,False,"""I'D LIKE TO SEE $2 GASOLINE, ZERO INFLATION, THE BORDER CLOSED, AND TO DEPORT ALL OF THE CRIMINALS AND THE TERRORISTS!"" ,,,,,:,,,:
@larry_kudlow,,,,,,,,,,,,:,,,:
 is only asking for a few things of the Trump Administration as they take back the White House in 2025. ,,,,,,,,,,,,:,,,:
@A1Policy",22818,808,6,206,33,,,,,,,:,,,:
2024:11:17T18:57:31.000Z,_Crypto_Barbie,True,False,"WOW! ,,,,,,,,:,,,:
,,,,,,,,,,,,:,,,:
Brad Garlinghouse is confident that Ripple is about to unlock the U.S. market!  ,,,,,,,,,,,,:,,,:
,,,,,,,,,,,,:,,,:
I'm sure under the new Trump administration we will finally get full regulatory clarity that will unleash #XRP ",79120,1838,24,381,69,,,,,,,:,,,:
2024:11:15T12:34:37.000Z,LanceRoberts,True,False,"#President #Trump is walking into an #economy and #market that has a vastly different setup than when elected in 2016. ,,,,,,,,:,,,:
@thedailyshot",32114,321,21,85,126,,,,,,,:,,,:
