timestamp username icon:verified fact:checked text views likes replies reposts bookmarks   :   :            :   :
2024:11:17T19:28:02.000Z,TrumpjrJohn,True,False,"I'm printing money with #Memecoins. ,,,,,,,,:,,,:
,,,,,,,,,,,,:,,,:
If you see this, like, retweet, and follow.,,,,,,,,,:,,,:
,,,,,,,,,,,,:,,,:
I might just change your life.",109921,629,238,349,22,,,,,,,:,,,:
2024:11:14T23:25:46.000Z,ByronDonalds,True,False,"Trump admin economic policy will put YOU FIRST.,,,,,,,,:,,,:
,,,,,,,,,,,,:,,,:
The Trump Tax Cuts & Jobs Act (currently in place) cut tax rates & has raised record federal revenue.,,,,,,,,,,,,:,,,:
,,,,,,,,,,,,:,,,:
Strategic tariffs will protect domestic manufacturing, industry, & critical jobs.,,,,,,,,,,:,,,:
,,,,,,,,,,,,:,,,:
And the time for unfair trade deals is OVER.",75456,5569,185,966,62,,,,,,,:,,,:
2024:11:21T23:00:55.000Z,GovofCO,True,False,"We are focused on saving people money and building on our amazing quality of life in the free state of Colorado.,,,,,,,,:,,,:
,,,,,,,,,,,,:,,,:
https://ow.ly/IlJh50UbWYm",24726,59,194,34,9,,,,,,,:,,,:
2024:11:21T18:09:35.000Z,realMikeLindell,True,False,"Who's ready for a thriving economy again?,,,,,,,,:,,,:
Reminder that under Trump's last term, Gold went up in value over 50%, and Silver a whopping 53%! For a Limited time, my gold partner is offering up to $15,000 in FREE SILVER! Visit: https://link.goldco.com/lindell and request your FREE gold and",11333,189,16,37,2,,,:,,,:
2024:11:21T11:00:08.000Z,realTrumpNewsX,True,False,"Should George Soros, his money, and all his organizations be banned from American politics? ,,,,,,:,,,:
,,,,,,,,,,,,:,,,:
YES or NO?",181002,12021,5832,1911,59,,,,,,,:,,,:
2024:11:18T12:42:15.000Z,michaelkruse,True,False,“We are not a better people. This is who we are.” https://tinyurl.com/449c6d66,38457,432,29,146,32,,,:,,,:
2024:11:17T21:01:38.000Z,SpeakerJohnson,True,False,"With President Trump back in the White House and Republicans in control of Congress, we'll grow the economy and lower costs.,,,,,,,:,,,:
 ,,,,,,,,,,,,:,,,:
How?,,,,,,,,,,,,:,,,:
 ,,,,,,,,,,,,:,,,:
By preventing the largest tax hike in US history, cutting reckless spending, and incentivizing companies to invest in America and create new jobs.",551663,11177,1618,1553,140,,,,,:,,,:
2024:11:14T16:08:10.000Z,StockMKTNewz,True,False,Wedbush analyst Dan Ives said today he sees Tesla $TSLA hitting the $2 trillion mark under the  Trump administration,50943,619,38,59,28,,,:,,,:
2024:11:18T19:10:00.000Z,farzyness,True,False,Trump Just Made Tesla Stock Go Crazy.,28015,371,20,38,33,,,:,,,:
2024:11:21T14:25:02.000Z,trumprealparody,True,False,"BE HONEST:,,,,,,,,:,,,:
,,,,,,,,,,,,:,,,:
Do you Agree with Trump that Retired people should be completely tax Exempt, they have already paid their dues?,,,,,,,,,,,:,,,:
,,,,,,,,,,,,:,,,:
A. YES,,,,,,,,,,,,:,,,:
B. NO",39798,3133,1931,448,10,,,,,,,:,,,:
2024:11:17T15:46:30.000Z,CNNSOTU,True,False,"""We're going to try to make that happen."",,,,,,,,:,,,:
,,,,,,,,,,,,:,,,:
.,,,,,,,,,,,,:,,,:
@SpeakerJohnson,,,,,,,,,,,,:,,,:
 tells ,,,,,,,,,,,,:,,,:
@jaketapper,,,,,,,,,,,,:,,,:
 that President:elect Trump’s vow to eliminate tax on tips is “an important promise.""",62039,81,62,33,8,,,,,,,:,,,:
2024:11:16T11:57:00.000Z,GUnderground_TV,True,False,"DR. SEBASTIAN GORKA, TIPPED TO BE DONALD TRUMP’S DEPUTY NATIONAL SECURITY ADVISER: ,,,,,,,:,,,:
,,,,,,,,,,,,:,,,:
‘Ukraine is just a hotbed of corruption. I don’t say this as inimical to that people…it’s a funnel for laundering money back to political interests here in the US or to personal",42406,362,25,106,40,,,,,,,:,,,:
2024:11:21T20:48:29.000Z,nickgerli1,True,False,"I joined Bloomberg Television today to give my thoughts on Mortgage Rates, Trump's impact on the housing market, and my 2025 housing market forecast. ,,,,,,:,,,:
,,,,,,,,,,,,:,,,:
Make sure to watch and give the video a like.",14077,121,12,10,26,,,,,,,:,,,:
2024:11:19T21:52:00.000Z,tpvsean,True,False," WEF Insider: Elite Planning WW3 'Within Weeks' To Rebuild World From Nuclear Ashes,,,,,,,,:,,,:
,,,,,,,,,,,,:,,,:
The stakes have never been higher. The global elite : who know their days are numbered following Trump’s election win : are pushing us toward World War 3, all to protect their money laundering",140826,3097,170,2122,980,,,,,,:,,,:
2024:11:22T03:23:09.000Z,EconomicTimes,True,False,"#BJP national president #JPNadda writes to #Congress chief #MallikarjunKharge over the latter's letter to President Droupadi Murmu on #ManipurViolence. ,,,,,,,,:,,,:
,,,,,,,,,,,,:,,,:
 Catch the day's latest news and updates ➠ https://ecoti.in/whRHPY",0,4,2,1,2226,,,,,,,:,,,:
2024:11:21T13:00:18.000Z,CortesSteve,True,False,"Look at Imperial County in California — an 86% Hispanic county.,,,,,,,,:,,,:
,,,,,,,,,,,,:,,,:
Trump went from :42% to nearly tied.,,,,,,,,,,,,:,,,:
,,,,,,,,,,,,:,,,:
Why?,,,,,,,,,,,,:,,,:
,,,,,,,,,,,,:,,,:
Working class patriots want normalcy, a good economy, and reject cultural Marxism.",6321,124,4,31,1,,,,,:,,,:
2024:11:19T17:31:33.000Z,TheThe1776,True,False,"John Fredericks goes off on Republicans Senators who says they won’t vote for Matt Gaetz or President Trump’s nominees: “The people that have an R by their name, they think they're hot stuff right. Cause they're serving U.S. Senate. They got the big staffs to get all the stock",68211,3288,134,1646,207,,:,,,:
2024:11:21T12:33:16.000Z,Mollyploofkins,True,False,Who will they blame when Trump's tariffs and mass deportations increase the price of everything?,4641,562,95,191,7,,,:,,,:
2024:11:18T04:08:11.000Z,LloydChapman,True,False,Have you noticed how aggressive the democrats are about losing this election? I think I know why. Trillions in our tax dollars have disappeared across the government. The democrats are terrified Elon Musk and the Trump team are going to expose the fact they looted trillions.,15391,857,27,211,35,,,:,,,:
2024:11:22T02:00:00.000Z,CBSMornings,True,False,"Trump's proposed tariffs could raise U.S. grocery prices, analysis finds",0,9,11,9,2724,,:,,,:
2024:11:21T22:36:09.000Z,KarluskaP,True,False,"Wait, what was the part about taking all the money out of commerce and Trump‘s never gonna see it : what is that about?",7633,79,4,35,3,,:,,,:
2024:11:15T12:34:37.000Z,LanceRoberts,True,False,"#President #Trump is walking into an #economy and #market that has a vastly different setup than when elected in 2016. ,,,,,,,,:,,,:
@thedailyshot",32375,319,21,86,126,,,,,,,:,,,:
