timestamp username icon:verified fact:checked text views likes replies reposts bookmarks   :   :            :   :
2024:11:10T18:59:56.000Z,Jeremyybtc,True,False,"doge will be the biggest runner of this bull run,,,,,,,,:,,,:
,,,,,,,,,,,,:,,,:
elon musk publicly comes out as the co founder of dogecoin,,,,,,,,,,,,:,,,:
,,,,,,,,,,,,:,,,:
trump and elon both mentioned integrating dogecoin as a big part of america's economy,,,,,,,,,,,,:,,,:
,,,,,,,,,,,,:,,,:
1 $doge = $1",153083,858,96,156,43,,,,,,,:,,,:
2024:11:08T02:06:08.000Z,TONYxTWO,True,False,"“So Trump gets elected President, Hamas calls to end the war, bitcoin shoots to the highest it’s ever been, the stock market shoots to the sky in record numbers, and Putin says he’s ready for negotiations to end the war in Ukraine.,,,,:,,,:
,,,,,,,,,,,,:,,,:
He hasn’t even stepped in office yet.”",4942905,170318,2076,35850,17138,,,,,,,:,,,:
2024:11:12T15:37:09.000Z,Bubblebathgirl,True,False,"Even if the hush money case against Trump gets dismissed, that doesn’t mean the lawfare against him is forgotten.,,,,,,,:,,,:
,,,,,,,,,,,,:,,,:
Our government, DAs, and judges abused our judicial system in order to interfere in the 2024 presidential election.,,,,,,,,,,:,,,:
,,,,,,,,,,,,:,,,:
They need to face legal consequences.",16380,1850,53,718,14,,,,,,,:,,,:
2024:11:11T02:34:15.000Z,tommysantos14,True,False," Baselined: The Biden Economy,,,,,,,,:,,,:
We are taking a snapshot of Joe Biden's economy before he leaves office so we have a point of comparison when Donald Trump begins to take credit for it, like he did the economy he inherited form Barack Obama.",2476969,29117,2770,8091,8930,,,,,,:,,,:
2024:11:12T15:47:33.000Z,RealAmVoice,True,False,"CONVERSATIONS ARE NOT ALLOWED: Judge Merchon delayed the Trump immunity decision in the NY hush:money case. ""Now, he has to declare a mistrial. No need for another delay. Does he really think he's going to send President:Elect Trump to Rikers?"",,,,,,,:,,,:
@mrddmia,,,,,,,,,,,,:,,,:
 @Bannons_WarRoom,,,,,,,,,,,,:,,,:
 #WarRoom",27963,686,20,275,31,,,,,,,:,,,:
2024:11:12T15:22:05.000Z,DixiDarlen,True,False,"It seems these entertainers that took money from the Kamala campaign to twerk, sing, dole out endorsements, whatever, were actually paid advertisements—if they didn’t disclose that— they broke federal law.",12259,639,18,:,13,,:
2024:11:10T20:41:05.000Z,greg_price11,True,False,"Bosa and the Niners D just hit the Trump dance after a sack ,,,,,,,,:,,,:
,,,,,,,,,,,,:,,,:
The NFL can't fine him for that. ",1949146,38457,442,4781,1087,,,,,,,:,,,:
2024:11:13T05:28:54.000Z,amerix,True,False,"President Trump has picked Elon Musk and Vivek Ramaswamy to lead The Department of Government Efficiency (DOGE),,,,,,,,:,,,:
,,,,,,,,,,,,:,,,:
This department is tasked with ending wastage of taxpayers' money and draining the swamp.,,,,,,,,,,,,:,,,:
,,,,,,,,,,,,:,,,:
America has Vivek, Kenya has David Ndii.,,,,,,,,,,,:,,,:
,,,,,,,,,,,,:,,,:
Kenya is led by fools.",336072,6660,319,2118,232,,,,,,,:,,,:
2024:11:13T16:53:24.000Z,JayZEmc2,True,False,"Trump and Biden making the #stockmarketcrash ? No, Trump's incoming presidency is crashing the stock market. Elon Musk & Vivek cabinet appointment without diversifying is more likely to destabilize markets. Biden set stock market records, you potatoes.",61075,737,34,220,63,:,,,:
2024:11:15T15:21:55.000Z,4TaxFairness,False,False,"150 billionaire families spent at least $2 billion influencing this election.,,,,,,,,:,,,:
,,,,,,,,,,,,:,,,:
Trump’s tax and tariff proposals would cut taxes for the richest 5% of Americans—and raise taxes for the rest of us.,,,,,,,,,,,,:,,,:
,,,,,,,,,,,,:,,,:
Looks like all those billions they spent are going to pay off big time for them.",2029,101,2,97,14,,,,,,,:,,,:
2024:11:15T13:51:53.000Z,Project_Veritas,True,False,"BREAKING: ,,,,,,,,:,,,:
@UN,,,,,,,,,,,,:,,,:
 Manager Claims WAR is the Only Way to Make Serious Cash, Says “Lazy” Staff Were Rooting for Nikki Haley for U.S. President over Trump,,,,,,,,,,,:,,,:
,,,,,,,,,,,,:,,,:
“The only way you make money in the UN is if you go to war… you get paid more.”,,,,,,,,,,,,:,,,:
,,,,,,,,,,,,:,,,:
“90% [of United Nations employees] are",200968,1858,114,1003,280,,,,,,,:,,,:
2024:11:07T17:03:10.000Z,iAnonPatriot,True,False,"Liberals will now have to go out and buy new TV’s. ,,,,,,,,:,,,:
,,,,,,,,,,,,:,,,:
Trump is already Making the Economy Great Again.",20495,833,176,191,23,,,,,,,:,,,:
2024:11:14T23:11:02.000Z,Barchart,True,False,"Tesla $TSLA declines almost 6% after President Trump proposes removing the $7,500 EV Tax Credit",75219,554,44,112,36,,:,,,:
2024:11:10T03:53:30.000Z,TheTNHoller,True,False,"So Trump bragged about Russia and the Saudis cutting oil production for 2 years, prices spiked, Saudis print& give Trump’s wife’s husband $2 Billion — Biden gets blame for inflation. Some deal!,,,,,,:,,,:
,,,,,,,,,,,,:,,,:
More about this underdiscussed cause of inflation: https://x.com/thetnholler/status/1855338476713189751?s=46…",20197,557,15,290,42,,,,,,,:,,,:
2024:11:09T04:02:55.000Z,mazemoore,True,False,"John Heilemann during the Republican primaries: There is no world in which Trump could ever win the popular vote and you are a fool if you think he is still electable.,,,,,,,,:,,,:
,,,,,,,,,,,,:,,,:
Now he is on Bill Maher giving his ""expert"" analysis. These morons pay no price for being constantly wrong.",1409012,33163,1646,7829,1731,,,,,,,:,,,:
2024:11:09T21:40:34.000Z,TimOBrien,True,False,"Trump hasn’t and won’t do a thing that benefits working class and middle class Americans. But those voters bought Trump’s carny act. Because, indeed, it’s the economy, stupid:",79712,2524,357,1011,:,,,:
2024:11:13T18:04:01.000Z,piyushmittal,False,False,Trump’s promise of removing overtime tax is a scam like everything else he does,234864,4637,397,1259,963,,,:,,,:
2024:11:14T21:45:00.000Z,1zzyzyx1,True,False,"I hope people are ready for what is coming, as the destruction of our government and economic system is starting as Trump isn’t even in power yet. The MSM is normalizing him. People need to listen to ,,,,,,,:,,,:
@ruthbenghiat,,,,,,,,,,,,:,,,:
.,,,,,,,,,,,,:,,,:
#DemVoice1 #DemsUnited",124901,4182,105,2327,531,,,,,,,:,,,:
2024:11:09T04:46:44.000Z,AntiquarianMuse,True,False,"We were told the economy and price of gas were the MOST IMPORTANT THINGS... but it's really just about retribution, just like he told everyone. ,,,,,,,:,,,:
Trump will have his pound of flesh",70964,1090,163,337,216,,,,,,,:,,,:
2024:11:08T20:45:38.000Z,BehizyTweets,True,False,"Trump plans to redirect the money being spent on Ukraine towards a nationwide initiative to get the homeless off the streets by building ""tent cities"" where they can be relocated.,,,,,,,,:,,,:
,,,,,,,,,,,,:,,,:
His plan includes banning urban camping & arresting violators while empowering rehab organizations.",6650524,93138,2435,18500,13332,,,,,,,:,,,:
2024:11:13T13:30:00.000Z,profstonge,True,False,"Can Trump fire Jerome Powell?,,,,,,,,:,,,:
,,,,,,,,,,,,:,,,:
Powell says no — the Fed can ignore Trump just like it ignores Congress.,,,,,,,,,,,,:,,,:
,,,,,,,,,,,,:,,,:
If our economic overlords really are independent of voters, we are living under occupation.",223964,3635,190,1129,287,,,,,,:,,,:
2024:11:08T14:15:40.000Z,natbrunell,True,False,"This interview surpassed 300k views on YouTube in less than 24 hours. Many of you are requesting it in full here on X so here it is.,,,,,,,,:,,,:
,,,,,,,,,,,,:,,,:
Col. ,,,,,,,,,,,,:,,,:
@DougAMacgregor,,,,,,,,,,,,:,,,:
 weighs in on Trump vs. the deep state bureaucracy, the debt:loaded economy, Bitcoin, gold & threat of global war.,,,,,,,,,:,,,:
,,,,,,,,,,,,:,,,:
Timecodes:",140418,1387,68,372,551,,,,,,,:,,,:
