timestamp username icon:verified fact:checked text views likes replies reposts bookmarks   :   :            :   :
2024:11:10T23:46:08.000Z,DarrigoMelanie,True,False,"Trump's 10 point plan for education:,,,,,,,,:,,,:
,,,,,,,,,,,,:,,,:
: eliminate the Dept. of Education,,,,,,,,,,,,:,,,:
: cut federal funding,,,,,,,,,,,,:,,,:
: promote Christian Nationalism,,,,,,,,,,,,:,,,:
: attack teacher's unions,,,,,,,,,,,,:,,,:
: give public money to for:profit private schools,,,,,,,,,,,,:,,,:
,,,,,,,,,,,,:,,,:
He warned us, and you voted for him anyway.",13114581,102276,13569,19662,13866,,,,,,:,,,:
2024:11:11T14:57:03.000Z,BTC_Archive,True,False,JUST IN: Global Bank Standard Chartered says #Bitcoin and crypto market cap could hit $10 TRILLION by 2026 under Trump.,171755,4811,176,1064,142,,,:,,,:
2024:11:11T13:50:16.000Z,smalls2672,True,False,"Maga: I voted for Trump because of the economy and prices being too high. ,,,,,,,,:,,,:
,,,,,,,,,,,,:,,,:
Also maga: what's a tariff?",800290,48098,2193,5046,456,,,,,,,:,,,:
2024:11:07T23:22:11.000Z,kbyrd2_,False,False,Trump got all the credit for Obama’s economy. Just for America to turn around & blame Biden for Trump’s economy.,8230220,240184,3721,28464,7393,,,:,,,:
2024:11:08T02:06:08.000Z,TONYxTWO,True,False,"“So Trump gets elected President, Hamas calls to end the war, bitcoin shoots to the highest it’s ever been, the stock market shoots to the sky in record numbers, and Putin says he’s ready for negotiations to end the war in Ukraine.,,,,:,,,:
,,,,,,,,,,,,:,,,:
He hasn’t even stepped in office yet.”",4886996,170469,2070,35891,17225,,,,,,,:,,,:
2024:11:09T11:15:13.000Z,wideawake_media,True,False,"In 2020, Donald Trump told the World Economic Forum:,,,,,,,:,,,:
,,,,,,,,,,,,:,,,:
""We must reject the perennial prophets of doom and their predictions of the apocalypse."",,,,,,,,,,,,:,,,:
,,,,,,,,,,,,:,,,:
""These alarmists always demand the same thing: absolute power to dominate, transform and control every aspect of our lives."",,,,,,,,,,,:,,,:
,,,,,,,,,,,,:,,,:
""We will",151945,8191,116,2847,833,,,,,,,:,,,:
2024:11:08T13:21:18.000Z,LondonEconomic,True,False,Tories reminding Trump of all the time Labour MPs have badmouthed him won't want to see this...,136742,2177,81,1359,192,,,:,,,:
2024:11:11T13:05:59.000Z,BitcoinPierre,True,False,"Trump should issue an Executive Order to exempt BTC from capital gains taxes within the first 100 days of his presidency.,,,,,,,,:,,,:
,,,,,,,,,,,,:,,,:
Bring all that money back to the United States and grow the economy.",159408,5684,197,594,71,,,,,,,:,,,:
2024:11:07T20:31:58.000Z,RealJamesWoods,True,False,"As the stock market sets record highs, as Americans once again celebrate holidays with joy, as the dark cloud of divisive hate dissipates over the horizon, let’s smile, ignore the sour losers, and cherish our landslide victory to a brighter tomorrow.",268406,27763,:,4355,151,:
2024:11:07T22:42:01.000Z,DrLoupis,True,False,"President Trump on Climate:,,,,,,,,:,,,:
,,,,,,,,,,,,:,,,:
""One of the most urgent tasks... is to decisively defeat the climate hysteria hoax."",,,,,,,,,,,,:,,,:
,,,,,,,,,,,,:,,,:
""The radical left's fearmongering about climate and our future is... destroying America's economy, weakening our society, and eviscerating our middle class. It's",143753,3208,132,1040,326,,,,,:,,,:
2024:11:06T18:49:29.000Z,WallStreetApes,True,False,"“If Trump becomes President again in 2024…it will be the final death blow…to the Global Order…” ,,,,,,,,:,,,:
,,,,,,,,,,,,:,,,:
: Yuval Noah Harari,,,,,,,,,,,,:,,,:
World Economic Forum Top Advisor,,,,,,,,,,,,:,,,:
,,,,,,,,,,,,:,,,:
Last Night Globalism Died ",34942,1717,142,538,135,,,,,,,:,,,:
2024:11:10T14:59:18.000Z,GuntherEagleman,True,False,"A NBC hack tried to corner Trump on the cost of deporting millions of criminal aliens.,,,,,,,,:,,,:
,,,,,,,,,,,,:,,,:
Trump handled it perfectly:,,,,,,,,,,,,:,,,:
“We have NO choice when people have k*lled and m*rdered. They’re not staying here. There is NO price tag.”,,,,,,,,,,,,:,,,:
,,,,,,,,,,,,:,,,:
They ALL have to go back!",1681141,36783,1022,6375,630,,,,,,,:,,,:
2024:11:06T18:25:54.000Z,aly_rendon,False,False,saying i voted for trump because he’s better for the economy when you’re posting your cash app on your story for your birthday is insane,530158,36326,88,4486,468,,,:,,,:
2024:11:11T21:02:25.000Z,shakoistsLog,True,False,"Guys this might just be the Valium talking but with Elon teaming up with Trump ,,,,,,,,:,,,:
AI, and our economic dominance I think pax American is lasting another 50 years minimum",6871,224,12,10,3,,,,,,:,,,:
2024:11:09T21:40:34.000Z,TimOBrien,True,False,"Trump hasn’t and won’t do a thing that benefits working class and middle class Americans. But those voters bought Trump’s carny act. Because, indeed, it’s the economy, stupid:",79349,2671,362,1013,:,,,:
2024:11:08T17:12:54.000Z,paularambles,True,False,the republicanism leaving tech bros’ bodies as soon as trump announces a 60% tariff on uniqlo,1523400,97823,54,4430,2413,,,:,,,:
2024:11:12T00:45:45.000Z,William_E_Wolfe,True,False,"Trump commits to shutting down the Department of Education! ,,,,,,,,:,,,:
,,,,,,,,,,,,:,,,:
This, combined with his tax credits for homeschooling families, could revolutionize education in America.",13675,489,21,70,10,,,,,:,,,:
2024:11:06T20:59:46.000Z,vitamindees,True,False,It’s crazy how many people are so worried about how bad Trump will be for the Canadian economy but not how bad Justin Trudeau is for the Canadian economy.,273610,11758,381,1996,120,,,:,,,:
2024:11:10T13:17:34.000Z,TheFlowHorse,True,False,"I can't believe there are people out there, that have been in this market and seen how antagonistic the current regime has been for any growth, that don't realize how much of a tidal shift it is that Trump is going to be president.",28740,639,48,29,13,:,,,:
2024:11:11T14:58:14.000Z,RadarHits,True,False,"BREAKING: ,,,,,,,,:,,,:
,,,,,,,,,,,,:,,,:
#Bitcoin and crypto market cap could hit $10 TRILLION by 2026 under Trump : Standard Chartered",130626,4591,135,640,85,,,,,,,:,,,:
2024:11:08T14:34:09.000Z,WatchChad,True,False,"Lawsuits disappearing,,,,,,,,:,,,:
Stock market soaring ,,,,,,,,,,,,:,,,:
Interest rates down ,,,,,,,,,,,,:,,,:
In talks w/ Putin to end war in Ukraine. ,,,,,,,,,,,,:,,,:
Cease fire in Iran ,,,,,,,,,,,,:,,,:
Hamas calls for “immediate end to war”,,,,,,,,,,,,:,,,:
China is optimistic and talking peaceful co:existence ,,,,,,,,,,,,:,,,:
,,,,,,,,,,,,:,,,:
Trump is a crappy Hitler.",121030,10113,209,2555,224,,,,,,,:,,,:
2024:11:09T07:04:48.000Z,DAcemogluMIT,True,False,"What about the economy under Trump? I don’t expect great news for workers, and I see big risks from Trump’s overall agenda, both because of his approach to AI and Silicon Valley, and because of his (likely) impact on US institutions.",426811,2569,51,504,:,,,:
2024:11:06T16:35:14.000Z,RealJamesWoods,True,False,"After four years of waking up to cold, gray days of misery and hate, America woke up today to a blazing morning of hope, joy, and a record stock market. God bless America and God bless President:elect Donald Trump.",936942,78299,2306,:,627,,:
