timestamp username icon:verified fact:checked text views likes replies reposts bookmarks   :   :            :   :
2024:11:02T08:10:54.000Z,mollie_don,True,False,"Trump's economic policies, including tariffs, tax cuts, and immigration control, aim to address inflation and stimulate economic growth. Supporters believe his straightforward approach could eliminate bureaucratic hurdles and stimulate immediate economic activity.,,,,:,,,:
,,,,,,,,,,,,:,,,:
If we want to",8882,270,14,208,3,,,,,,,:,,,:
2024:11:11T18:15:12.000Z,KristiNoem,True,False,"The American people know how to spend their own money. By eliminating government waste and focusing federal spending on the core functions of government, President Trump will deal with the debt and unleash economic growth. That’s what we did in South Dakota!",172656,3314,238,546,65,,:,,,:
2024:11:12T15:22:05.000Z,DixiDarlen,True,False,"It seems these entertainers that took money from the Kamala campaign to twerk, sing, dole out endorsements, whatever, were actually paid advertisements—if they didn’t disclose that— they broke federal law.",12836,643,19,:,13,,:
2024:11:17T17:54:03.000Z,highbrow_nobrow,True,False,"Donald Trump: A tariff is a tax on a foreign country. A lot of people like to say it’s a tax on us. No… It’s is a tax that doesn’t affect our country. ,,,,,,,,:,,,:
@Acyn,,,,,,,,,,,,:,,,:
Fact:check: Wrong. (September)",411443,9102,1111,1980,297,,,,,,,:,,,:
2024:11:18T01:02:49.000Z,MaryLTrump,True,False,"Like many of you, I’ve spent the last few days taking stock. Very much unlike 2016, I feel neither despair nor paralysis. Instead, I shift between a clear:eyed detachment and a grim determination.  ,,,,,:,,,:
,,,,,,,,,,,,:,,,:
My latest:",54757,2475,201,449,78,,,,,,,:,,,:
2024:11:12T15:37:09.000Z,Bubblebathgirl,True,False,"Even if the hush money case against Trump gets dismissed, that doesn’t mean the lawfare against him is forgotten.,,,,,,,:,,,:
,,,,,,,,,,,,:,,,:
Our government, DAs, and judges abused our judicial system in order to interfere in the 2024 presidential election.,,,,,,,,,,:,,,:
,,,,,,,,,,,,:,,,:
They need to face legal consequences.",16596,1848,52,717,13,,,,,,,:,,,:
2024:11:19T17:31:33.000Z,TheThe1776,True,False,"John Fredericks goes off on Republicans Senators who says they won’t vote for Matt Gaetz or President Trump’s nominees: “The people that have an R by their name, they think they're hot stuff right. Cause they're serving U.S. Senate. They got the big staffs to get all the stock",47628,2123,109,1164,140,,:,,,:
2024:11:11T21:01:02.000Z,CNBCClosingBell,True,False,"#Tesla popping again today, with the stock seeing a more than 40% gain since the election. ,,,,,,,:,,,:
@DivesTech,,,,,,,,,,,,:,,,:
, who is raising his price target to $400 from $300, calls president:elect Trump's victory a ""game changer"" for Tesla:",401884,303,24,85,33,,,,,:,,,:
2024:11:14T03:08:52.000Z,MemeNonLibs,True,False,"“You f**king b**ches elected Trump into office”,,,,,,,,:,,,:
,,,,,,,,,,,,:,,,:
You’d think a week would be enough time for these liberals to calm down ,,,,,,,,,,,,:,,,:
,,,,,,,,,,,,:,,,:
Do we really care that much more about “the economy” over “women’s rights?”",152270,792,962,221,116,,,,,,,:,,,:
2024:11:13T05:28:54.000Z,amerix,True,False,"President Trump has picked Elon Musk and Vivek Ramaswamy to lead The Department of Government Efficiency (DOGE),,,,,,,,:,,,:
,,,,,,,,,,,,:,,,:
This department is tasked with ending wastage of taxpayers' money and draining the swamp.,,,,,,,,,,,,:,,,:
,,,,,,,,,,,,:,,,:
America has Vivek, Kenya has David Ndii.,,,,,,,,,,,:,,,:
,,,,,,,,,,,,:,,,:
Kenya is led by fools.",345654,6685,322,2132,224,,,,,,,:,,,:
2024:11:12T15:47:33.000Z,RealAmVoice,True,False,"CONVERSATIONS ARE NOT ALLOWED: Judge Merchon delayed the Trump immunity decision in the NY hush:money case. ""Now, he has to declare a mistrial. No need for another delay. Does he really think he's going to send President:Elect Trump to Rikers?"",,,,,,,:,,,:
@mrddmia,,,,,,,,,,,,:,,,:
 @Bannons_WarRoom,,,,,,,,,,,,:,,,:
 #WarRoom",28179,685,20,275,31,,,,,,,:,,,:
2024:11:12T19:42:50.000Z,Sassafrass_84,True,False,"I really hope President Trump fixes the tax system. We are broke, and it's broken. I don't want to be a debt slave to the irs anymore.",29097,1723,144,645,65,,:,,,:
2024:11:19T23:04:11.000Z,SenTuberville,True,False,"Howard Lutnick will do great work leading the Commerce Department.,,,,,,,,:,,,:
,,,,,,,,,,,,:,,,:
He’s one of the most successful guys on Wall Street, and nobody is better suited to represent America abroad than Howard.,,,,,,,,,,,:,,,:
,,,,,,,,,,,,:,,,:
He’s fully behind President Trump’s America First tariff policy and will get us back on",3840,206,16,40,3,,,,,,,:,,,:
2024:11:19T17:08:30.000Z,ReallyAmerican1,True,False,"Republicans can hardly wait to cut services for the poor, like Medicaid and food stamps, in order to fund Trump's tax cuts for the rich.,,,,,,:,,,:
,,,,,,,,,,,,:,,,:
Many of MAGA need those services.,,,,,,,,,,,,:,,,:
This is what they voted for.",78022,1855,191,1007,84,,,,,,,:,,,:
2024:11:19T19:38:33.000Z,4TaxFairness,False,False,"WATCH: Republicans are holding a hearing ahead of their plan to renew the Trump tax scam for the rich and corporations.,,,,,,,,:,,,:
,,,,,,,,,,,,:,,,:
We'll be fact:checking live.,,,,,,,,,,,,:,,,:
,,,,,,,,,,,,:,,,:
You don't build an economy that works for working people by giving tax breaks to those at the top.",1557,49,3,27,6,,,,,,,:,,,:
2024:11:13T21:28:21.000Z,kdollsweety,True,False,"The stock market is soaring, the U.S. dollar is gaining strength, and crude oil futures are crashing.,,,,,,:,,,:
,,,,,,,,,,,,:,,,:
And Donald Trump hasn’t even taken office yet!",9204,506,27,102,2,,,,,,,:,,,:
2024:11:18T17:03:13.000Z,tooronlists,False,False,"If you think inflation is bad now, wait until Trump declares National Emergency & deports immigrants who pick & process your food, the people who build your houses, & add in 20% to 200% tariffs passed on to consumers. America is dumb and hateful af.",337893,6490,2006,2118,:,,,:
2024:11:15T02:23:31.000Z,TimRunsHisMouth,True,False,"Biden's Secretary of State, Antony Blinken, announces that they're going to launder as much money as possible through Ukraine before Trump takes office...,,,,,,:,,,:
,,,,,,,,,,,,:,,,:
I mean... send support to Ukraine.",54975,3394,109,771,39,,,,,,,:,,,:
2024:11:19T14:54:04.000Z,essenviews,True,False,Don’t Give Trump Credit for the Success of the Biden Economy,2632,309,18,168,6,,,:,,,:
2024:11:12T21:31:15.000Z,TrueJMitchell,True,False,"This lady says:Says the boom you felt during Donald Trump's first term was because of Obama, not Trump.,,,,,,,:,,,:
,,,,,,,,,,,,:,,,:
She goes on to say that the last 4 years of inflation and high prices are because of Donald Trump, not Biden.,,,,,,,,,,,:,,,:
,,,,,,,,,,,,:,,,:
Jeff brings the facts.",18604,454,67,256,45,,,,,,,:,,,:
