timestamp username icon:verified fact:checked text views likes replies reposts bookmarks   :   :            :   :
2024:11:02T08:10:54.000Z,mollie_don,True,False,"Trump's economic policies, including tariffs, tax cuts, and immigration control, aim to address inflation and stimulate economic growth. Supporters believe his straightforward approach could eliminate bureaucratic hurdles and stimulate immediate economic activity.,,,,:,,,:
,,,,,,,,,,,,:,,,:
If we want to",8871,271,14,208,3,,,,,,,:,,,:
2024:11:14T23:21:06.000Z,Barchart,True,False,President Donald Trump proposes eliminating capital gains tax on U.S.:made cryptocurrencies ,60881,572,39,129,55,,,:,,,:
2024:11:16T18:17:52.000Z,BreitbartNews,True,False,Trump tells the story of a woman who had to return one of the apples she was attempting to buy at a grocery store when she realized how expensive they were in the Biden:Harris economy.,45159,530,40,76,8,,,:,,,:
2024:11:17T22:47:05.000Z,thebearablebull,False,False,"US Based Cryptos Are Outperforming The Market & Will ABSOLUTELY THRIVE!!!!,,,,,,,,:,,,:
,,,,,,,,,,,,:,,,:
Think XRP, XLM, HBAR, ADA, ALGO, DAG, PROPY & Many More,,,,,,:,,,:
,,,,,,,,,,,,:,,,:
Ladies & Gentlemen Everything Has Changed Since Trump Got Elected!!!,,,,,,,,,,,,:,,,:
,,,,,,,,,,,,:,,,:
This Cycle Will Be Completely Different From 2021",120522,2063,79,381,175,,,,,,,:,,,:
2024:11:18T15:52:47.000Z,patrickbetdavid,True,False,"Capitalism is FORCING MSNBC to set their egos aside and meet with Trump.  ,,,,,,,,:,,,:
,,,,,,,,,,,,:,,,:
If they don’t, they’re DONE.  ,,,,,,,,,,,:,,,:
,,,,,,,,,,,,:,,,:
The market has spoken and they’re sick of their fear porn.  ,,,,,,,,,,,,:,,,:
,,,,,,,,,,,,:,,,:
Good on them to meet with Trump.  ,,,,,,,,,,,,:,,,:
Good on Trump for accepting their offer.",260324,4870,574,611,353,,,,,,,:,,,:
2024:11:18T04:08:11.000Z,LloydChapman,True,False,Have you noticed how aggressive the democrats are about losing this election? I think I know why. Trillions in our tax dollars have disappeared across the government. The democrats are terrified Elon Musk and the Trump team are going to expose the fact they looted trillions.,14128,814,25,203,34,,,:,,,:
2024:11:10T20:01:28.000Z,JohnBasham,True,False,"FACT: EVERY CELEBRITY (Including Oprah) OR LEFT:WING PODCASTER Who Took Money From The ,,,,,,,,:,,,:
@KamalaHarris,,,,,,,,,,,,:,,,:
 Campaign AND DID NOT DISCLOSE THEY WERE A PAID POLITICAL ADVERTISEMENT, BROKE FEDERAL LAW!,,,,,,,,,,,:,,,:
Get A Lawyer Now!,,,,,,,,,,,,:,,,:
The Law Applies To Both Parties & A Trump DOJ MUST Investigate.",3173574,104400,1041,32250,5746,,,,,,,:,,,:
2024:11:18T21:07:38.000Z,oroogle,True,False,"BREAKING: Coinbase CEO ,,,,,,,,:,,,:
@brian_armstrong,,,,,,,,,,,,:,,,:
 is meeting with President Trump to discuss the potential appointment of Hedera’s ,,,,,,,,,,,,:,,,:
@BrianBrooksUS,,,,,,,,,,,,:,,,:
 as head of the SEC whilst notable $HBAR figures lobby for an integration of ,,,,,,,,,,,,:,,,:
@Coinbase,,,,,,,,,,,,:,,,:
 into the upcoming Texas Stock Exchange #TXSE ,,,,,,,,,,,,:,,,:
,,,,,,,,,,,,:,,,:
“The",13454,454,14,118,21,,,,,,,:,,,:
2024:11:11T18:15:12.000Z,KristiNoem,True,False,"The American people know how to spend their own money. By eliminating government waste and focusing federal spending on the core functions of government, President Trump will deal with the debt and unleash economic growth. That’s what we did in South Dakota!",169189,3311,238,543,65,,:,,,:
2024:11:10T20:06:21.000Z,DefiyantlyFree,True,False,"Clearly just having a lot of money to run is not enough to win. ,,,,,,,,:,,,:
,,,,,,,,,,,,:,,,:
Harris spent double what Trump spent and lost every single swing state.",12177,501,30,132,14,,,,,,,:,,,:
2024:11:18T14:00:36.000Z,CREWcrew,True,False,"Donald Trump's social media platform and crypto companies are unprecedented ways for deep pocketed individuals or foreign governments to throw big money Trump's way, with limited disclosure. ,,,,,,,:,,,:
,,,,,,,,,,,,:,,,:
So, yeah, we're going to be busy.",6690,190,7,92,3,,,,,:,,,:
2024:11:18T19:31:02.000Z,TrumpjrJohn,True,False,"If you’re a new follower under 4k ,,,,,,,,:,,,:
,,,,,,,,,,,,:,,,:
Send your wallet and we'll send some $SOL out ,,,,,,,,,,,,:,,,:
,,,,,,,,,,,,:,,,:
Follow Like Retweet ,,,,,,,,,,,,:,,,:
,,,,,,,,,,,,:,,,:
A friendly reminder that $BARK  is at a price you won't see again..,,,,,,,,,,,,:,,,:
,,,,,,,,,,,,:,,,:
I bought $10k worth of $BARK",31776,332,270,218,10,,,,,,,:,,,:
2024:11:14T02:09:16.000Z,JasonMiller,True,False,"President Trump: ,,,,,,,,:,,,:
,,,,,,,,,,,,:,,,:
I want to Make America Great Again by fixing our economy for everyone, securing our border, making our streets safe, and bringing peace back to the world…and I’m going to hire good people to get it done!,,,,,,,,,:,,,:
,,,,,,,,,,,,:,,,:
The few remaining holdouts on the extreme left:",19835,669,34,137,4,,,,,,,:,,,:
2024:11:10T06:29:55.000Z,Whiplash437,True,False,"BOOM! Trump’s Executive Orders Set NESARA in Motion: Transition to Greatness & the Global Currency Reset (GCR),,,,,,,,:,,,:
,,,,,,,,,,,,:,,,:
America stands at a monumental turning point. President Donald J. Trump is leading us to a new era, a rebirth fueled by the promise of NESARA—the National Economic",30164,1150,26,406,221,,,,,,:,,,:
2024:11:11T00:46:39.000Z,60Minutes,True,False,Republicans spent $143 million on an advertising blitz focusing on Harris’s support of transgender rights. https://cbsn.ws/3O104Oj,1370069,1441,589,718,471,,,:,,,:
2024:11:11T17:29:14.000Z,cturnbull1968,True,False,"The reason Trump wants to eliminate the Department of Education, has nothing to do with improving education. Their $280B budget will help offset his corporate tax cuts. ,,,,,,,:,,,:
,,,,,,,,,,,,:,,,:
States will make up the difference via higher property and sales taxes, as well as education budget cuts.",79064,1236,150,634,168,,,,,,:,,,:
2024:11:18T13:50:44.000Z,BenSwann_,True,False,"TRUMP: “I refuse to accept another round of endless war in Ukraine.,,,,,,,,:,,,:
,,,,,,,,,,,,:,,,:
I want peace, they want money and conflict! Even if it means pushing us to the brink of World War III, which, frankly, is already happening and very quickly.”",16452,636,16,119,11,,,:,,,:
2024:11:10T23:14:58.000Z,CryptoHayes,True,False,"Some of y'all don't believe Trump is about to trash the $ and print money. $BTC disagrees. Here is #Bitcoin leading vs. my new money supply indicator US Bank Credit. The market is speaking, listen up.,,,,,,,:,,,:
,,,,,,,,,,,,:,,,:
More explanation in my essay ""Black or White"" that drops tom.",157273,2129,153,206,282,,,,,,,:,,,:
2024:11:14T23:44:15.000Z,AmoneyResists,True,False,"“If you elect ,,,,,,,,:,,,:
@KamalaHarris,,,,,,,,,,,,:,,,:
, the stock market will crash the likes of which we’ve never seen.”,,,,,,,,,,,:,,,:
—Trump,,,,,,,,,,,,:,,,:
,,,,,,,,,,,,:,,,:
[tens of millions of people believe this for some reason despite him having made the exact same wrong predictions in the past if Biden won in 2020 and it never happened],,,,,,,,,,,,:,,,:
,,,,,,,,,,,,:,,,:
And…",9573,269,12,130,18,,,,,,,:,,,:
2024:11:11T19:09:03.000Z,RebelNewsOnline,True,False,"Trudeau attempts to defend his record while slamming Poilievre when asked what he's learned from Trump's victory in the U.S. presidential election.,,,,,,,,:,,,:
,,,,,,,,,,,,:,,,:
""Canadians need a positive plan that'll put money in their pockets and grow the future,"" he says. ,,,,,,,,,,,:,,,:
,,,,,,,,,,,,:,,,:
http://TrudeauMustResign.com",100533,809,736,253,35,,,,,,,:,,,:
2024:11:10T17:43:00.000Z,InsideWithPsaki,True,False,"“There’s a real disconnect between how voters perceived Trump’s economic plan, and what we have in store for us.”,,,,,,,:,,,:
,,,,,,,,,,,,:,,,:
.,,,,,,,,,,,,:,,,:
@katieporteroc,,,,,,,,,,,,:,,,:
 brings out her whiteboard to explain how Trump’s agenda will lead to higher costs.",242617,5719,483,2134,576,,,,,,,:,,,:
2024:08:25T17:53:38.000Z,BetterOff2024,True,False,"A reminder that Trump's only stated specific economic policy:,,,,,,,,:,,,:
,,,,,,,,,,,,:,,,:
Tariffs of 10:60% on *all* US imports that will fuel inflation across the board as consumers will naturally pay the difference for goods.,,,,,,,,,,,,:,,,:
,,,,,,,,,,,,:,,,:
Basically a #TrumpTax on all Americans.",34383,632,65,388,17,,,,,,,:,,,:
