timestamp username icon:verified fact:checked text views likes replies reposts bookmarks   :   :            :   :
2024:11:02T08:10:54.000Z,mollie_don,True,False,"Trump's economic policies, including tariffs, tax cuts, and immigration control, aim to address inflation and stimulate economic growth. Supporters believe his straightforward approach could eliminate bureaucratic hurdles and stimulate immediate economic activity.,,,,:,,,:
,,,,,,,,,,,,:,,,:
If we want to",8894,270,14,208,3,,,,,,,:,,,:
2024:11:17T17:54:03.000Z,highbrow_nobrow,True,False,"Donald Trump: A tariff is a tax on a foreign country. A lot of people like to say it’s a tax on us. No… It’s is a tax that doesn’t affect our country. ,,,,,,,,:,,,:
@Acyn,,,,,,,,,,,,:,,,:
Fact:check: Wrong. (September)",412799,9093,1113,1979,296,,,,,,,:,,,:
2024:11:19T21:36:34.000Z,SpeakerJohnson,True,False,".,,,,,,,,:,,,:
@HouseGOP,,,,,,,,,,,,:,,,:
 is committed to working with President Trump and ,,,,,,,,,,,,:,,,:
@SenateGOP,,,,,,,,,,,,:,,,:
 to boost the economy, combat inflation, restore the border, reestablish America's energy dominance, provide educational freedom, and dismantle the Deep State.,,,,,,,:,,,:
,,,,,,,,,,,,:,,,:
We’ll get it done for the American people.",117579,4260,831,662,59,,,,,,,:,,,:
2024:11:20T21:25:21.000Z,GBNEWS,True,False,"'People revolted, and I suspect the same sentiments are going to happen on this side of the pond in the UK.',,,,,,,:,,,:
,,,,,,,,,,,,:,,,:
Donald Trump's son, Eric Trump, has thrown his support behind British farmers following the Labour Government's raid on their inheritance tax relief.",38227,1456,35,334,24,,,,,:,,,:
2024:11:20T14:35:48.000Z,WesleyHuntTX,True,False,"America… We’re Back!,,,,,,,,:,,,:
,,,,,,,,,,,,:,,,:
2025 marks the dawn of a new Golden Age. I’ve stood with President Trump since day one and will continue to stand with 45/47. ,,,,,,,,,,,,:,,,:
,,,,,,,,,,,,:,,,:
In the 119th Congress, I’ll fight to secure our border, rebuild the economy, and make America safe again.,,,,,,,,,:,,,:
,,,,,,,,,,,,:,,,:
1.20.25 ,,,,,,,,,,,,:,,,:
CAN’T WAIT!",24215,2006,60,355,36,,,,,,,:,,,:
2024:11:20T19:52:41.000Z,AFLCIO,True,False,"Billionaires have enjoyed a system that always works in their favor. Many literally pay ZERO dollars in taxes while workers pay their share.,,,,,,,,:,,,:
,,,,,,,,,,,,:,,,:
Watch as AFL:CIO President ,,,,,,,,,,,,:,,,:
@LizShuler,,,,,,,,,,,,:,,,:
 talks about how Trump's tax policies will help CEOs and billionaires while hurting working people.",8606,138,4,85,5,,,,,,,:,,,:
2024:11:14T12:30:00.000Z,TheRedactedInc,True,False," We’re on the brink of a revolution in the U.S., and Trump’s plan is MASSIVE in scale! From tariffs to tax cuts, we’re breaking down all the major points in today’s video. ",12967,509,9,174,58,:,,,:
2024:11:15T22:32:05.000Z,TrumpBaroon,True,False,"Most of time Dad keeps telling me that he will do the best for USA in matters developments, economy growth and it’s Sustainability.,,,,,,,:,,,:
,,,,,,,,,,,,:,,,:
Pray for Him, because he loves United States of America so much",101186,8364,541,994,38,,,,,,:,,,:
2024:11:18T12:49:43.000Z,JavonAPrice,True,False,Seems Joe and Mika woke up with a newfound realization this morning: apparently President Trump is no longer Hitler nor a threat to American democracy.,40541,1104,187,215,36,,,:,,,:
2024:11:17T22:47:05.000Z,thebearablebull,True,False,"US Based Cryptos Are Outperforming The Market & Will ABSOLUTELY THRIVE!!!!,,,,,,,,:,,,:
,,,,,,,,,,,,:,,,:
Think XRP, XLM, HBAR, ADA, ALGO, DAG, PROPY & Many More,,,,,,:,,,:
,,,,,,,,,,,,:,,,:
Ladies & Gentlemen Everything Has Changed Since Trump Got Elected!!!,,,,,,,,,,,,:,,,:
,,,,,,,,,,,,:,,,:
This Cycle Will Be Completely Different From 2021",156439,2468,83,477,215,,,,,,,:,,,:
2024:11:15T16:28:25.000Z,DisavowTrump20,True,False,"After record growth under the Biden Economy, stock market is plummeting with the chaos of a Trump Administration looming.",60652,1983,93,898,96,,:,,,:
2024:11:20T02:07:15.000Z,TiffanyFong_,True,False,There’s a Cybertruck in Donald Trump’s motorcade. No amount of money could produce a car ad cooler than this. ,57342,2137,159,189,68,,,:,,,:
2024:11:19T18:50:03.000Z,MelaniaTrumpo,True,False,"BE HONEST: Will you ever pay money to watch a Robert DeNiro film again.,,,,,,,,:,,,:
,,,,,,,,,,,,:,,,:
Yes or No?",50258,899,3935,250,14,,,,,,,:,,,:
2024:11:20T18:04:52.000Z,TrumpBaroon,True,False,WE ARE NOT GONNA SEND OUR TAXPAYERS’ MONEY TO UKRAINE,43633,1468,85,189,8,,,:,,,:
2024:11:15T01:11:20.000Z,RealAmVoice,True,False,"""I'D LIKE TO SEE $2 GASOLINE, ZERO INFLATION, THE BORDER CLOSED, AND TO DEPORT ALL OF THE CRIMINALS AND THE TERRORISTS!"" ,,,,,:,,,:
@larry_kudlow,,,,,,,,,,,,:,,,:
 is only asking for a few things of the Trump Administration as they take back the White House in 2025. ,,,,,,,,,,,,:,,,:
@A1Policy",22880,809,6,206,33,,,,,,,:,,,:
2024:11:16T22:30:01.000Z,RBReich,True,False,"Trump has named Stephen Miller and Tom Homan — the architects of his family separation policy — to powerful roles in his White House.,,,,,,,,:,,,:
,,,,,,,,,,,,:,,,:
Their fingerprints are all over Trump's mass deportation scheme, which would wreck the economy and rip families apart.",71824,2324,400,1230,156,,,,,,:,,,:
2024:08:25T17:53:38.000Z,BetterOff2024,True,False,"A reminder that Trump's only stated specific economic policy:,,,,,,,,:,,,:
,,,,,,,,,,,,:,,,:
Tariffs of 10:60% on *all* US imports that will fuel inflation across the board as consumers will naturally pay the difference for goods.,,,,,,,,,,,,:,,,:
,,,,,,,,,,,,:,,,:
Basically a #TrumpTax on all Americans.",34389,624,65,389,17,,,,,,,:,,,:
2024:11:13T05:28:54.000Z,amerix,True,False,"President Trump has picked Elon Musk and Vivek Ramaswamy to lead The Department of Government Efficiency (DOGE),,,,,,,,:,,,:
,,,,,,,,,,,,:,,,:
This department is tasked with ending wastage of taxpayers' money and draining the swamp.,,,,,,,,,,,,:,,,:
,,,,,,,,,,,,:,,,:
America has Vivek, Kenya has David Ndii.,,,,,,,,,,,:,,,:
,,,,,,,,,,,,:,,,:
Kenya is led by fools.",346421,6687,322,2133,224,,,,,,,:,,,:
2024:11:15T16:39:33.000Z,WSJ,True,False,Donald Trump is considering tapping Fox Business Network host Larry Kudlow for a senior economic policy role in his administration,51025,83,18,36,2,,,:,,,:
2017:11:01T22:27:54.000Z,mikandynothem,True,False,"Trump's ECONOMY is a train that is rolling full steam ahead with no brakes to stop it! ,,,,,,,,:,,,:
*3% GDP growth.,,,,,,,,,,,,:,,,:
*Stock Market breaking record highs weekly.,,,,,,,,,,,,:,,,:
*Unemployment at record lows.,,,,,,,,,,,,:,,,:
...and much more!,,,,,,,,,,,,:,,,:
Jump on board or get the hell out of the way! ,,,,,,,,,,,,:,,,:
#WednesdayWisdom #MAGA #tcot #FoxNews",0,479,42,297,0,,,,,,,:,,,:
2024:11:13T18:07:30.000Z,ReturnOfKappy,True,False,This will be pretty epic if Trump takes the money from the illegals and gives it to the Vets…,13953,552,11,97,29,,,:,,,:
