timestamp username icon:verified fact:checked text views likes replies reposts bookmarks   :   :            :   :
2024:11:17T19:28:02.000Z,TrumpjrJohn,True,False,"I'm printing money with #Memecoins. ,,,,,,,,:,,,:
,,,,,,,,,,,,:,,,:
If you see this, like, retweet, and follow.,,,,,,,,,:,,,:
,,,,,,,,,,,,:,,,:
I might just change your life.",112530,651,250,354,23,,,,,,,:,,,:
2024:11:22T13:33:11.000Z,Zac_Petkanas,True,False,"Donald Trump could have chosen AG nominees with a track record going after price gougers and billionaire corporate tax cheats shipping American jobs to China. ,,,,,,,,:,,,:
,,,,,,,,,,,,:,,,:
He didn’t. ,,,,,,,,,,,,:,,,:
,,,,,,,,,,,,:,,,:
He wants one thing: loyalty. ,,,,,,,,,,,,:,,,:
,,,,,,,,,,,,:,,,:
Gaetz & Bondi are both willing to go after his political opponents.",0,10,1,8,670,,,,,,,:,,,:
2024:11:21T11:00:08.000Z,realTrumpNewsX,True,False,"Should George Soros, his money, and all his organizations be banned from American politics? ,,,,,,:,,,:
,,,,,,,,,,,,:,,,:
YES or NO?",466116,28304,9870,5023,151,,,,,,,:,,,:
2024:11:19T10:55:07.000Z,NobodymrRobert,True,False,"THEY TRIED TO STOP US "",,,,,,,,:,,,:
THEY TRIED EVERYTHING. ,,,,,,,,,,,,:,,,:
THEY ATTACKED ,,,,,,,,,,,,:,,,:
TRUMP ,,,,,,,,,,,,:,,,:
ELON ,,,,,,,,,,,,:,,,:
BOBBY ,,,,,,,,,,,,:,,,:
TULSI ,,,,,,,,,,,,:,,,:
They tried to silence  us.,,,,,,,,,,,,:,,,:
,,,,,,,,,,,,:,,,:
THEY HAD MORE MEDIA MORE MONEY. ,,,,,,,,,,,,:,,,:
 BUT THEY FAILED. ,,,,,,,,,,,,:,,,:
CONGRATULATIONS "",,,,,,,,,,,,:,,,:
,,,,,,,,,,,,:,,,:
            ",5411,254,9,162,3,,,,,,,:,,,:
2024:11:14T18:00:00.000Z,DavidJHarrisJr,True,False,"This will BLOW YOUR MIND on what your tax dollars have been going to under the Biden/Harris administration. ,,,,,,,,:,,,:
,,,,,,,,,,,,:,,,:
This all changes on January 20th, 2025! Trump, Elon, and Vivek are ON IT!",13958,426,12,163,34,,,,:,,,:
2024:11:20T22:42:36.000Z,SaveAmericaNew,True,False,"DO YOU THINK PRESIDENT TRUMP IS RIGHT TO SAY SENIORS SHOULDN’T PAY TAX ON SOCIAL SECURITY?,,,,,,,,:,,,:
,,,,,,,,,,,,:,,,:
A. YES,,,,,,,,,,,,:,,,:
B. NO",368431,22631,11494,1554,67,,,,,,,:,,,:
2024:11:19T22:01:35.000Z,howardlutnick,True,False,"Thank you, President Trump for your trust in me to help Make America Great Again. As the next Secretary of Commerce, I will join the best administration the US has ever seen and unleash our full economic potential.",2110674,26426,945,3562,568,:,,,:
2024:11:17T15:52:01.000Z,RpsAgainstTrump,True,False,"This is what a Banana Republic looks like: an oligarch with an enormous economic stake controls the president and dictates policy. ,,,,,,,,:,,,:
,,,,,,,,,,,,:,,,:
Well done, everyone.",906606,16364,866,4212,784,,,,,,:,,,:
2024:11:19T22:09:57.000Z,SteveScalise,True,False," House Republicans are already working with President Trump on a plan to hit the ground running:,,,,,,,,:,,,:
,,,,,,,,,,,,:,,,:
: Lock in the Trump Tax Cuts to prevent the largest tax hike in American history,,,,,,,,,,,,:,,,:
: Unleash American energy to drive down inflation and costs for families,,,,,,,,,,,,:,,,:
: Surge resources to fund",13215,467,62,104,5,,,,,,,:,,,:
2024:11:22T13:52:36.000Z,Lean_Armory__,False,False,"Trump Glock 19 Gen 4,,,,,,,,:,,,:
9mm,,,,,,,,,,,,:,,,:
,,,,,,,,,,,,:,,,:
Price: $429",0,35,6,8,0,,,,,,,:,,,:
2024:11:19T17:08:30.000Z,ReallyAmerican1,True,False,"Republicans can hardly wait to cut services for the poor, like Medicaid and food stamps, in order to fund Trump's tax cuts for the rich.,,,,,,:,,,:
,,,,,,,,,,,,:,,,:
Many of MAGA need those services.,,,,,,,,,,,,:,,,:
This is what they voted for.",89166,2106,211,1145,96,,,,,,,:,,,:
2024:11:21T21:21:34.000Z,greg_ip,True,False,"Trump's 2 key economic planks, tax cuts/deregulation to bolster  growth; and tariffs to reduce trade deficit & bring back factory jobs, are in conflict.  What his Treasury pick means for how it gets resolved. My column.",9527,46,5,20,13,:,,,:
2024:11:21T17:03:21.000Z,Paula_White,True,False,"From day 1 of his first administration ,,,,,,,,:,,,:
@realdonaldtrump,,,,,,,,,,,,:,,,:
 fought for, defended, honored and stood relentlessly for people of faith! His administration this time will only be stronger and more impactful in every area! Thank you President Trump for the price you have paid to make",8368,532,31,94,12,,,,,:,,,:
2024:11:22T13:32:02.000Z,PamelaBrownCNN,False,False,"Former Trump WH official Clete Willems lays out how he thinks Trump’s tariffs policy will play out. Willems oversaw his China tariff policy in the last admin.,,,,,,,,:,,,:
,,,,,,,,,,,,:,,,:
Today at 11am, I’ll talk to small business owners about how they’re preparing for the potential impact on supply costs.",2449,16,2,3,3,,,,,,:,,,:
2024:11:14T04:43:56.000Z,JustinStillness,True,False,"Trump promises $10,000 a year per child, completely tax free to spend on costs associated with homeschool education.,,,,,,:,,,:
,,,,,,,,,,,,:,,,:
#Agenda47",47835,593,27,253,104,,,,,,,:,,,:
2024:11:17T23:17:47.000Z,VigilantFox,True,False,"#1 : Former Money Manager Issues Dire Economic Warning,,,,,,,,:,,,:
,,,,,,,,,,,,:,,,:
Trump has inherited a “turd of an economy,” and when things “roll over,” he’ll be the one blamed for it.,,,,,,,,,,:,,,:
,,,,,,,,,,,,:,,,:
This dire news comes from COVID vaccine data analyst and former BlackRock asset manager Edward Dowd.,,,,,,,,,,,,:,,,:
,,,,,,,,,,,,:,,,:
Dowd predicts",85186,2006,49,767,365,,,,,,,:,,,:
2024:11:14T16:08:10.000Z,StockMKTNewz,True,False,Wedbush analyst Dan Ives said today he sees Tesla $TSLA hitting the $2 trillion mark under the  Trump administration,50954,619,38,59,28,,,:,,,:
2024:11:20T21:06:15.000Z,highbrow_nobrow,True,False,"In this video, The Intellectualist explores how Walmart and Lowe’s warn Trump’s proposed tariffs could spike inflation and force price hikes. With 40% of goods sourced internationally, retailers brace for economic fallout that could hurt U.S. consumers.",14850,166,11,102,16,:,,,:
2024:11:22T06:53:01.000Z,Crypto_XGenesis,True,False,"Financial services company 'Charles Schwab' is preparing to enter the spot crypto market, pending clearer U.S. regulations, according to incoming CEO Rick Wurster.,,,,,,:,,,:
,,,,,,,,,,,,:,,,:
Wurster, set to take over in January, expressed optimism about favorable regulatory changes under the Trump",164,25,25,24,1,,,,,:,,,:
2024:11:17T17:54:03.000Z,highbrow_nobrow,True,False,"Donald Trump: A tariff is a tax on a foreign country. A lot of people like to say it’s a tax on us. No… It’s is a tax that doesn’t affect our country. ,,,,,,,,:,,,:
@Acyn,,,,,,,,,,,,:,,,:
Fact:check: Wrong. (September)",413463,9090,1110,1981,297,,,,,,,:,,,:
2024:11:22T12:19:15.000Z,business,True,False,Donald Trump’s tariff plans have thrown indebted Africans a curve ball,20313,12,1,7,3,,,:,,,:
2024:11:17T18:45:26.000Z,BenBayer,True,False,A leading GOP senator gets on board with a socialist’s endorsement of Trump’s promise to impose price controls on credit cards. The GOP has abandoned free markets.,36345,573,101,119,29,,,:,,,:
2024:11:15T01:10:00.000Z,SenTedCruz,True,False,"I am confident the Republican House and Senate will work hand:in:hand with President Trump to deliver on his promises.,,,,,,,,:,,,:
,,,,,,,,,,,,:,,,:
Election Day was a MANDATE from the American people.,,,,,,,,,,,,:,,,:
,,,,,,,,,,,,:,,,:
We are going to bring back jobs, secure our border, crush inflation, and protect America from our",177147,5997,1317,850,49,,,,:,,,:
