timestamp username icon:verified fact:checked text views likes replies reposts bookmarks   :   :            :   :
2024:11:17T19:28:02.000Z,TrumpjrJohn,True,False,"I'm printing money with #Memecoins. ,,,,,,,,:,,,:
,,,,,,,,,,,,:,,,:
If you see this, like, retweet, and follow.,,,,,,,,,:,,,:
,,,,,,,,,,,,:,,,:
I might just change your life.",113751,658,252,356,24,,,,,,,:,,,:
2024:11:22T16:53:13.000Z,MTGrepp,True,False,"BREAKING: Judge Juan Merchan Grants Trump's request to dismiss the “Hush Money” case,,,,,,,,:,,,:
,,,,,,,,,,,,:,,,:
THIS IS WHAT WINNING LOOKS LIKE ",7568,421,23,103,11,,,,,,,:,,,:
2024:11:22T17:00:00.000Z,CBSNews,True,False,"President:elect Trump's sentencing for his May criminal conviction has once again been delayed, a judge ruled Friday. It's the third time sentencing has been pushed back since Trump was found guilty for his role in a coverup of a ""hush money"" payment. https://cbsn.ws/4g0iXgA",0,4,9,3,2560,,:,,,:
2024:11:20T22:42:36.000Z,SaveAmericaNew,True,False,"DO YOU THINK PRESIDENT TRUMP IS RIGHT TO SAY SENIORS SHOULDN’T PAY TAX ON SOCIAL SECURITY?,,,,,,,,:,,,:
,,,,,,,,,,,,:,,,:
A. YES,,,,,,,,,,,,:,,,:
B. NO",385890,23544,12193,1591,69,,,,,,,:,,,:
2024:11:22T05:13:01.000Z,oroogle,True,False,"$HBAR and $XRP will shape the future of American Crypto ,,,,,,,,:,,,:
,,,,,,,,,,,,:,,,:
 Tax Free with the American Crypto Act,,,,,,,,,,,,:,,,:
,,,,,,,,,,,,:,,,:
God bless President Trump and RFK!",9558,214,11,44,7,,,,,,,:,,,:
2024:11:22T13:32:02.000Z,PamelaBrownCNN,False,False,"Former Trump WH official Clete Willems lays out how he thinks Trump’s tariffs policy will play out. Willems oversaw his China tariff policy in the last admin.,,,,,,,,:,,,:
,,,,,,,,,,,,:,,,:
Today at 11am, I’ll talk to small business owners about how they’re preparing for the potential impact on supply costs.",4900,24,9,4,3,,,,,,:,,,:
2024:11:19T17:08:30.000Z,ReallyAmerican1,True,False,"Republicans can hardly wait to cut services for the poor, like Medicaid and food stamps, in order to fund Trump's tax cuts for the rich.,,,,,,:,,,:
,,,,,,,,,,,,:,,,:
Many of MAGA need those services.,,,,,,,,,,,,:,,,:
This is what they voted for.",89224,2104,211,1146,96,,,,,,,:,,,:
2024:11:14T23:25:46.000Z,ByronDonalds,True,False,"Trump admin economic policy will put YOU FIRST.,,,,,,,,:,,,:
,,,,,,,,,,,,:,,,:
The Trump Tax Cuts & Jobs Act (currently in place) cut tax rates & has raised record federal revenue.,,,,,,,,,,,,:,,,:
,,,,,,,,,,,,:,,,:
Strategic tariffs will protect domestic manufacturing, industry, & critical jobs.,,,,,,,,,,:,,,:
,,,,,,,,,,,,:,,,:
And the time for unfair trade deals is OVER.",75506,5571,185,967,62,,,,,,,:,,,:
2024:11:15T07:47:59.000Z,ProjectConstitu,True,False," Trump just delivered an incredible speech at the Mar:a:Lago Gala for the America First Policy Institute (AFPI)! ,,,,,,,,:,,,:
,,,,,,,,,,,,:,,,:
 Watch the full video to see his powerful message on putting America first, securing our borders, strengthening the economy, and the future of our nation. If",591531,1443,100,587,396,,,,:,,,:
2024:11:20T02:56:31.000Z,Acyn,True,False,"Graham: You know the richest country in all of Europe for rare earth minerals is Ukraine? Trump will do a deal to get our money back, to enrich ourselves with rare earth minerals, a good deal for Ukraine and us.",267774,489,283,185,134,:,,,:
2024:11:22T15:49:47.000Z,MorePerfectUS,True,False,"Howard Lutnick is one of the most influential men you know nothing about.,,,,,,,,:,,,:
,,,,,,,,,,,,:,,,:
He leads Trump's transition team, is the nominee for Commerce Secretary, and runs an investment bank.,,,,,,,,,,:,,,:
,,,,,,,,,,,,:,,,:
He doesn't care about inequality, but he loves crypto — even when it's used to launder money.",4934,141,4,55,18,,,,,,:,,,:
2024:11:22T11:11:40.000Z,NYMag,True,False,"The Trump hush:money saga nears its sorry end. DA Alvin Bragg’s case will never reach a conclusion, and Trump is headed back to the White House. He’s not getting sentenced now or in 2029. The DA has done enough damage. It’s time to let it go.",12600,14,8,7,5,,:,,,:
2024:11:22T16:00:24.000Z,TaraBull808,True,False,"Directly from Trump's team. Mike Rogers is not the pick for FBI director. ,,,,,,,,:,,,:
,,,,,,,,,,,,:,,,:
My money is on Kash",14619,544,75,100,6,,,,,,,:,,,:
2024:11:19T10:55:07.000Z,NobodymrRobert,True,False,"THEY TRIED TO STOP US "",,,,,,,,:,,,:
THEY TRIED EVERYTHING. ,,,,,,,,,,,,:,,,:
THEY ATTACKED ,,,,,,,,,,,,:,,,:
TRUMP ,,,,,,,,,,,,:,,,:
ELON ,,,,,,,,,,,,:,,,:
BOBBY ,,,,,,,,,,,,:,,,:
TULSI ,,,,,,,,,,,,:,,,:
They tried to silence  us.,,,,,,,,,,,,:,,,:
,,,,,,,,,,,,:,,,:
THEY HAD MORE MEDIA MORE MONEY. ,,,,,,,,,,,,:,,,:
 BUT THEY FAILED. ,,,,,,,,,,,,:,,,:
CONGRATULATIONS "",,,,,,,,,,,,:,,,:
,,,,,,,,,,,,:,,,:
            ",5420,256,9,162,3,,,,,,,:,,,:
2024:11:21T06:39:36.000Z,GeorgeMonbiot,True,False,"The soil carbon market is going to collapse : and that's a good thing.,,,,,,,,:,,,:
One of the issues I explore in this week's column, about the dreamworld of climate fakery our legislators have created.",21122,418,22,208,39,,,,,,:,,,:
2024:11:22T17:03:14.000Z,bravosresearch,True,False,"The NY Fed’s model shows a 50% chance of a recession,,,,,,,,:,,,:
,,,,,,,,,,,,:,,,:
But can Trump’s policies help avoid an economic downturn?",769,7,4,1,1,,,,,,,:,,,:
2024:11:19T21:52:00.000Z,tpvsean,True,False," WEF Insider: Elite Planning WW3 'Within Weeks' To Rebuild World From Nuclear Ashes,,,,,,,,:,,,:
,,,,,,,,,,,,:,,,:
The stakes have never been higher. The global elite : who know their days are numbered following Trump’s election win : are pushing us toward World War 3, all to protect their money laundering",141805,3112,170,2130,984,,,,,,:,,,:
2024:11:20T21:06:15.000Z,highbrow_nobrow,True,False,"In this video, The Intellectualist explores how Walmart and Lowe’s warn Trump’s proposed tariffs could spike inflation and force price hikes. With 40% of goods sourced internationally, retailers brace for economic fallout that could hurt U.S. consumers.",17008,182,15,125,16,:,,,:
2024:11:19T10:10:00.000Z,MoneyRadar_FR,True,False,Vous avez vu cette vidéo de Trump ? ,86177,900,47,333,280,,,:,,,:
2024:11:22T12:28:43.000Z,ForumNewEconomy,False,False,"There is a lack of humbleness on the part of economic experts and an unwillingness to take seriously the hardships people face. ,,,,,,,,:,,,:
@IsabellaMWeber,,,,,,,,,,,,:,,,:
 on the role of inflation in Trump´s victory ",0,0,3,329,0,,,,,,,:,,,:
2024:11:22T15:26:25.000Z,piyushmittal,False,False,Donald Trump is Robin Hood in reverse … he’s going to rob from the poor and give the money to the rich,1258,143,5,68,8,,,:,,,:
