timestamp username icon:verified fact:checked text views likes replies reposts bookmarks   :   :            :   :
2024:11:18T01:00:46.000Z,BehizyTweets,True,False,"BREAKING: Anthony Constantino, the New York hero who triggered his woke mayor by putting a giant ""Vote for Trump"" sign on his building, just announced that he will be spending $3 MILLION of his own money to run for Elise Stefanik's seat,,,,,,:,,,:
,,,,,,,,,,,,:,,,:
The special election is imminent. When",5443,468,19,133,9,,,,,,,:,,,:
2024:11:17T23:36:29.000Z,AaronParnas,True,False,"President Biden is right: he is leaving Donald Trump with a booming economy and a country that has made it out of a pandemic. Thank you, President Biden.",39359,3956,238,851,51,,:,,,:
2024:11:12T18:14:40.000Z,RolandForTexas,True,False,"Donald Trump’s border czar is ready to start mass deportations from day one, throwing our economy into chaos and ripping families apart.",17647,206,550,133,12,,:,,,:
2024:11:10T20:01:28.000Z,JohnBasham,True,False,"FACT: EVERY CELEBRITY (Including Oprah) OR LEFT:WING PODCASTER Who Took Money From The ,,,,,,,,:,,,:
@KamalaHarris,,,,,,,,,,,,:,,,:
 Campaign AND DID NOT DISCLOSE THEY WERE A PAID POLITICAL ADVERTISEMENT, BROKE FEDERAL LAW!,,,,,,,,,,,:,,,:
Get A Lawyer Now!,,,,,,,,,,,,:,,,:
The Law Applies To Both Parties & A Trump DOJ MUST Investigate.",3172245,104395,1041,32240,5756,,,,,,,:,,,:
2024:11:12T02:27:02.000Z,abcnews,True,False,"“Trump is waging a war on trade itself”: Malcolm Turnbull says if Anthony Albanese wants to protect Australia’s economic interests, he has to level directly with Donald Trump.,,,,,,,:,,,:
,,,,,,,,,,,,:,,,:
Catch up on #QandA on iview: https://ab.co/2E7R5d9",34287,112,128,29,16,,,,,,,:,,,:
2024:11:14T23:25:46.000Z,ByronDonalds,True,False,"Trump admin economic policy will put YOU FIRST.,,,,,,,,:,,,:
,,,,,,,,,,,,:,,,:
The Trump Tax Cuts & Jobs Act (currently in place) cut tax rates & has raised record federal revenue.,,,,,,,,,,,,:,,,:
,,,,,,,,,,,,:,,,:
Strategic tariffs will protect domestic manufacturing, industry, & critical jobs.,,,,,,,,,,:,,,:
,,,,,,,,,,,,:,,,:
And the time for unfair trade deals is OVER.",72981,5495,183,948,59,,,,,,,:,,,:
2024:11:17T21:21:42.000Z,trump45coin,True,False,"$1 is the new low for #XRP ,,,,,,,,:,,,:
You all had your chance to stock up for 40c!,,,,,,,,,,,,:,,,:
,,,,,,,,,,,,:,,,:
#TRUMP in power = #XRPL going to be #1 by 2026.,,,,,,,,,,,,:,,,:
Not financial advice ",9839,136,18,81,2,,,,,,,:,,,:
2024:11:15T02:23:31.000Z,TimRunsHisMouth,True,False,"Biden's Secretary of State, Antony Blinken, announces that they're going to launder as much money as possible through Ukraine before Trump takes office...,,,,,,:,,,:
,,,,,,,,,,,,:,,,:
I mean... send support to Ukraine.",54652,3388,108,765,39,,,,,,,:,,,:
2024:11:17T18:25:43.000Z,CalltoActivism,True,False,"BREAKING NEWS:,,,,,,,,:,,,:
,,,,,,,,,,,,:,,,:
Former federal prosecutor Randall Eliason says Trump's New York hush money case sentencing should still move forward.,,,,,,,,,,,,:,,,:
,,,,,,,,,,,,:,,,:
He argues the election did not wipe the slate clean, and the state jury’s decision stands. ,,,,,,,,,,,:,,,:
,,,,,,,,,,,,:,,,:
Who else agrees Trump must be sentenced?",335524,23133,1741,4348,130,,,,,,,:,,,:
2024:11:14T02:50:49.000Z,AbsGMCrypto,True,False,"JUST IN:  Trump Proposes To Eliminate ALL Capital Gains Tax On Cryptocurrencies Issued In The USA!,,,,,,,,:,,,:
,,,,,,,,,,,,:,,,:
This would make all American profits made on projects created in the United States FULLY Tax Free! ,,,,,,,,,,,,:,,,:
,,,,,,,,,,,,:,,,:
This includes projects such as $BTC $ADA $ALGO $XRP $XLM and $HBAR would be",574815,5630,262,1527,568,,,,,,,:,,,:
2024:11:13T15:40:35.000Z,DineshDSouza,True,False,"Trump’s going to not only tax, but confiscate the endowments of every university that the Department of Justice finds has engaged in illegal discrimination under the guise of ""equity"". ,,,,,,,:,,,:
,,,,,,,,,,,,:,,,:
We are witnessing one of the strongholds of the left crumble in real time.",226399,13455,168,2578,241,,,,,,,:,,,:
2024:11:16T16:30:14.000Z,RBReich,False,False,"Trump’s team claimed that their tax cuts would boost household income by $4,000.,,,,,,,:,,,:
,,,,,,,,,,,,:,,,:
But research shows that the lowest paid workers saw no change in earnings. Meanwhile, exec salaries increased sharply.,,,,,,,,,,,:,,,:
,,,,,,,,,,,,:,,,:
Trump and Republicans want to double down on yet another trickle:down scam.",49290,2004,220,1191,98,,,,,,,:,,,:
2024:11:14T13:00:00.000Z,brutamerica,True,False,"Trump’s proposals for the economy are sparking debates. But economists warn his tariffs could lead to higher prices for consumers, and his tax cuts might mainly benefit the wealthy. ,,,,,,,:,,,:
#ElectionEconomics #Trump2024 #EconomicPolicy",0,3,1,1,170,,,,,,,:,,,:
2024:11:15T20:59:12.000Z,renoomokri,True,False,How We Will Keep Making Money In The Trump Era,24074,277,19,56,57,,,:,,,:
2024:11:10T15:19:20.000Z,ByronYork,True,False,"Michael Cohen is so funny. After all he has done and said, he now wants Donald Trump to rise above 'retribution' and seek 'unity' with him. But Cohen can't even get through that without flying into a rage about his punishment for tax evasion.",163573,1767,300,362,115,,:,,,:
2024:11:15T20:20:58.000Z,nypost,True,False,"Trump eyeing Fox Business host Larry Kudlow for Treasury, National Economic Council https://trib.al/PbP7rJX",36990,691,49,87,12,,:,,,:
2024:11:14T16:08:10.000Z,StockMKTNewz,True,False,Wedbush analyst Dan Ives said today he sees Tesla $TSLA hitting the $2 trillion mark under the  Trump administration,50711,618,38,59,28,,,:,,,:
2024:11:12T00:45:45.000Z,William_E_Wolfe,True,False,"Trump commits to shutting down the Department of Education! ,,,,,,,,:,,,:
,,,,,,,,,,,,:,,,:
This, combined with his tax credits for homeschooling families, could revolutionize education in America.",25903,763,32,101,20,,,,,:,,,:
2024:11:09T20:18:20.000Z,CalltoActivism,True,False,"BREAKING NEWS:,,,,,,,,:,,,:
,,,,,,,,,,,,:,,,:
Trump says he’ll sign an executive order instructing all Federal agencies to cease all programs that promote gender transition AT ANY AGE.,,,,,,,,,,,,:,,,:
,,,,,,,,,,,,:,,,:
Trump will also call on Congress to prohibit tax payer funding for sex affirming procedures.,,,,,,,,,,,,:,,,:
,,,,,,,,,,,,:,,,:
This will ruin people’s lives.",14628759,92127,15873,13218,10375,,,,,,,:,,,:
2024:11:11T14:20:40.000Z,MAGA__Patriot,True,False,We must NEVER FORGET the high price paid for the freedom we enjoy. Thank you Veterans! ,14288,794,34,418,14,,,:,,,:
2024:11:13T14:00:38.000Z,CoinMarketCap,True,False," Week in Solana: Trump Election Win Makes SOL Soar and Flip BNB.,,,,,,,,:,,,:
,,,,,,,,,,,,:,,,:
$SOL surges 15% to $187!,,,,,,,,,,,,:,,,:
Flips BNB for #4 spot!,,,,,,,,,,,,:,,,:
DApp investments hit $173M!,,,,,,,,,,,,:,,,:
,,,,,,,,,,,,:,,,:
Let's unpack Solana's week ,,,,,,,,,,,,:,,,:
,,,,,,,,,,,,:,,,:
1/6",252949,213,76,62,13,,,,,,,:,,,:
2024:11:13T20:27:46.000Z,ibramxk,True,False,"How much money have Trump Republicans “race hustled” out of you for their campaigns? How much money have they hustled out of you by manipulating you into believing that the COVID:19 was the “China virus,” or the 2020 election was stolen by Black voters, or Black prosecutors were",95411,498,283,104,33,:,,,:
2017:11:01T22:27:54.000Z,mikandynothem,True,False,"Trump's ECONOMY is a train that is rolling full steam ahead with no brakes to stop it! ,,,,,,,,:,,,:
*3% GDP growth.,,,,,,,,,,,,:,,,:
*Stock Market breaking record highs weekly.,,,,,,,,,,,,:,,,:
*Unemployment at record lows.,,,,,,,,,,,,:,,,:
...and much more!,,,,,,,,,,,,:,,,:
Jump on board or get the hell out of the way! ,,,,,,,,,,,,:,,,:
#WednesdayWisdom #MAGA #tcot #FoxNews",0,479,42,298,0,,,,,,,:,,,:
2024:11:17T19:12:34.000Z,marynlm,True,False,Trump’s New York Sentencing Must Proceed,0,52,1,19,428,,,:,,,:
