timestamp username icon:verified fact:checked text views likes replies reposts bookmarks   :   :            :   :
2024:11:18T00:12:36.000Z,bySukie,True,False,"Kaspa is going to surpass $100B MC,,,,,,,,:,,,:
,,,,,,,,,,,,:,,,:
Why?,,,,,,,,,,,,:,,,:
,,,,,,,,,,,,:,,,:
Money is energy & Kaspa is one of the hardest currencies out there next to $BTC,,,,,,,,,,,,:,,,:
,,,,,,,,,,,,:,,,:
$KAS is a blackhole, absorbing liquidity from all Cryptos as more people find out about it,,,,,,,,,,,:,,,:
,,,,,,,,,,,,:,,,:
People like Elon, ",7275,168,15,37,14,,,,,,:,,,:
2024:11:02T08:10:54.000Z,mollie_don,True,False,"Trump's economic policies, including tariffs, tax cuts, and immigration control, aim to address inflation and stimulate economic growth. Supporters believe his straightforward approach could eliminate bureaucratic hurdles and stimulate immediate economic activity.,,,,:,,,:
,,,,,,,,,,,,:,,,:
If we want to",8851,270,14,208,3,,,,,,,:,,,:
2024:11:12T02:27:02.000Z,abcnews,True,False,"“Trump is waging a war on trade itself”: Malcolm Turnbull says if Anthony Albanese wants to protect Australia’s economic interests, he has to level directly with Donald Trump.,,,,,,,:,,,:
,,,,,,,,,,,,:,,,:
Catch up on #QandA on iview: https://ab.co/2E7R5d9",34318,112,128,29,16,,,,,,,:,,,:
2024:11:10T05:21:30.000Z,Poe_Ether,True,False,"FELLERS WE ARE GOING INTO A PRO CRYPTO GOVERNMENT ELECT ,,,,,,,,:,,,:
,,,,,,,,,,,,:,,,:
THE 47TH PRESIDENT TO BE,,,,,,,,,,,,:,,,:
,,,,,,,,,,,,:,,,:
DONALD J TRUMP,,,,,,,,,,,,:,,,:
,,,,,,,,,,,,:,,,:
HIS STOCK MARKET TICKER IS $DJT,,,,,,,,,,,,:,,,:
,,,,,,,,,,,,:,,,:
HIS SHIT COIN TICKER IS $DJT4700 #DJT4700",17331,219,155,93,25,,,,,,,:,,,:
2024:11:16T22:30:01.000Z,RBReich,False,False,"Trump has named Stephen Miller and Tom Homan — the architects of his family separation policy — to powerful roles in his White House.,,,,,,,,:,,,:
,,,,,,,,,,,,:,,,:
Their fingerprints are all over Trump's mass deportation scheme, which would wreck the economy and rip families apart.",68316,2197,386,1162,142,,,,,,:,,,:
2024:11:14T23:21:06.000Z,Barchart,True,False,President Donald Trump proposes eliminating capital gains tax on U.S.:made cryptocurrencies ,60784,572,39,129,55,,,:,,,:
2024:11:11T14:11:03.000Z,DC_Draino,True,False,"The Visa/MC credit card monopoly has put Americans into excessive debt with usurious interest rates at 25%+,,,,,,,,:,,,:
,,,,,,,,,,,,:,,,:
President Trump wants a 10% cap on all credit card interest rates,,,,,,,,,,,,:,,,:
,,,,,,,,,,,,:,,,:
JD Vance co:sponsored the Credit Card Competition act which fights the 2:4% hidden tax you pay every",5512935,88970,2028,21076,5493,,,,,,,:,,,:
2024:11:10T20:06:21.000Z,DefiyantlyFree,True,False,"Clearly just having a lot of money to run is not enough to win. ,,,,,,,,:,,,:
,,,,,,,,,,,,:,,,:
Harris spent double what Trump spent and lost every single swing state.",12168,501,31,132,14,,,,,,,:,,,:
2024:11:12T00:45:45.000Z,William_E_Wolfe,True,False,"Trump commits to shutting down the Department of Education! ,,,,,,,,:,,,:
,,,,,,,,,,,,:,,,:
This, combined with his tax credits for homeschooling families, could revolutionize education in America.",25919,763,33,101,20,,,,,:,,,:
2024:11:12T15:22:05.000Z,DixiDarlen,True,False,"It seems these entertainers that took money from the Kamala campaign to twerk, sing, dole out endorsements, whatever, were actually paid advertisements—if they didn’t disclose that— they broke federal law.",12622,639,19,:,13,,:
2024:11:16T16:30:14.000Z,RBReich,False,False,"Trump’s team claimed that their tax cuts would boost household income by $4,000.,,,,,,,:,,,:
,,,,,,,,,,,,:,,,:
But research shows that the lowest paid workers saw no change in earnings. Meanwhile, exec salaries increased sharply.,,,,,,,,,,,:,,,:
,,,,,,,,,,,,:,,,:
Trump and Republicans want to double down on yet another trickle:down scam.",50126,2029,222,1211,101,,,,,,,:,,,:
2024:11:11T17:29:14.000Z,cturnbull1968,True,False,"The reason Trump wants to eliminate the Department of Education, has nothing to do with improving education. Their $280B budget will help offset his corporate tax cuts. ,,,,,,,:,,,:
,,,,,,,,,,,,:,,,:
States will make up the difference via higher property and sales taxes, as well as education budget cuts.",79052,1236,150,633,168,,,,,,:,,,:
2024:11:17T22:47:05.000Z,thebearablebull,True,False,"US Based Cryptos Are Outperforming The Market & Will ABSOLUTELY THRIVE!!!!,,,,,,,,:,,,:
,,,,,,,,,,,,:,,,:
Think XRP, XLM, HBAR, ADA, ALGO, DAG, PROPY & Many More,,,,,,:,,,:
,,,,,,,,,,,,:,,,:
Ladies & Gentlemen Everything Has Changed Since Trump Got Elected!!!,,,,,,,,,,,,:,,,:
,,,,,,,,,,,,:,,,:
This Cycle Will Be Completely Different From 2021",80975,1601,67,288,131,,,,,,,:,,,:
2024:11:11T00:52:26.000Z,TaraSetmayer,True,False,"I had a few things to say on ,,,,,,,,:,,,:
@NewsCentralCNN,,,,,,,,,,,,:,,,:
 ,,,,,,,,,,,,:,,,:
about the people who voted for Trump owning all of the ilk that goes along with that. ,,,,,,,,,,,,:,,,:
You don’t get to just complain about the price of eggs and ignore the anti:democratic, racism & sexism MAGA represents.",534071,7511,1284,1870,532,,,,,,:,,,:
2024:11:18T01:38:29.000Z,realdogenews,True,False,"Mitch McConnell says there will be no “recess appointments” for Trump.,,,,,,,,:,,,:
,,,,,,,,,,,,:,,,:
Openly attempting to block Trump’s cabinet picks.,,,,,,,,,,,,:,,,:
,,,,,,,,,,,,:,,,:
I wonder how much money this old man has laundered and stolen from the American people over the years? ,,,,,,,,,,,,:,,,:
,,,,,,,,,,,,:,,,:
Guess we should check into that.",900829,58405,4385,14140,668,,,,,,,:,,,:
2024:11:14T02:09:16.000Z,JasonMiller,True,False,"President Trump: ,,,,,,,,:,,,:
,,,,,,,,,,,,:,,,:
I want to Make America Great Again by fixing our economy for everyone, securing our border, making our streets safe, and bringing peace back to the world…and I’m going to hire good people to get it done!,,,,,,,,,:,,,:
,,,,,,,,,,,,:,,,:
The few remaining holdouts on the extreme left:",19799,668,34,137,4,,,,,,,:,,,:
2024:11:09T14:01:39.000Z,Bubblebathgirl,True,False,"First 100 days of Trump Part 2 is going to be EPIC:,,,,,,,,:,,,:
,,,,,,,,,,,,:,,,:
Close border,,,,,,,,,,,,:,,,:
Resume border wall construction,,,,,,,,,,,,:,,,:
Mass deportation,,,,,,,,,,,,:,,,:
Unleash oil production,,,,,,,,,,,,:,,,:
Leave Paris Climate Agreement,,,,,,,,,,,,:,,,:
End Ukraine/Russia War,,,,,,,,,,,,:,,,:
End Israel/Hamas War,,,,,,,,,,,,:,,,:
Save US economy",9092,731,34,221,16,,,,,,,:,,,:
2024:11:15T20:59:12.000Z,renoomokri,True,False,How We Will Keep Making Money In The Trump Era,24286,281,19,57,57,,,:,,,:
2024:11:15T22:32:05.000Z,TrumpBaroon,True,False,"Most of time Dad keeps telling me that he will do the best for USA in matters developments, economy growth and it’s Sustainability.,,,,,,,:,,,:
,,,,,,,,,,,,:,,,:
Pray for Him, because he loves United States of America so much",100324,8363,542,997,38,,,,,,:,,,:
2024:11:15T22:30:24.000Z,newrepublic,True,False,Stock Market Tanks as Trump Unveils Nightmare Cabinet Picks,42063,1163,44,663,50,,,:,,,:
2024:11:13T16:26:54.000Z,JavonAPrice,True,False,"Notice how President Trump sits beneath a portrait of Abraham Lincoln—the first Republican president, who also faced a hostile media & unfortunately lost his life from an assassin. Yet, both transformed our nation for the better in just four years.,,,,,,:,,,:
,,,,,,,,,,,,:,,,:
Godspeed, President Trump! ",8514,648,26,117,10,,,,,,:,,,:
2024:11:17T20:56:05.000Z,CubanOnlyTrump,True,False,"Joe Biden admin a month ago: Sorry, we don't have enough money to help American hurricane victims. $750 is all she had for North Carolinians that had their lives ruined.,,,,,,,:,,,:
,,,,,,,,,,,,:,,,:
Biden admin yesterday: We are building a passenger train in Lima, Peru and now He's leading us into WWIII",40647,973,68,470,71,,,,,,:,,,:
2024:11:15T12:34:37.000Z,LanceRoberts,True,False,"#President #Trump is walking into an #economy and #market that has a vastly different setup than when elected in 2016. ,,,,,,,,:,,,:
@thedailyshot",31811,321,21,85,127,,,,,,,:,,,:
