timestamp username icon:verified fact:checked text views likes replies reposts bookmarks   :   :            :   :
2024:11:10T23:46:08.000Z,DarrigoMelanie,True,False,"Trump's 10 point plan for education:,,,,,,,,:,,,:
,,,,,,,,,,,,:,,,:
: eliminate the Dept. of Education,,,,,,,,,,,,:,,,:
: cut federal funding,,,,,,,,,,,,:,,,:
: promote Christian Nationalism,,,,,,,,,,,,:,,,:
: attack teacher's unions,,,,,,,,,,,,:,,,:
: give public money to for:profit private schools,,,,,,,,,,,,:,,,:
,,,,,,,,,,,,:,,,:
He warned us, and you voted for him anyway.",13417289,105429,13844,20253,14270,,,,,,:,,,:
2024:11:10T20:01:28.000Z,JohnBasham,True,False,"FACT: EVERY CELEBRITY (Including Oprah) OR LEFT:WING PODCASTER Who Took Money From The ,,,,,,,,:,,,:
@KamalaHarris,,,,,,,,,,,,:,,,:
 Campaign AND DID NOT DISCLOSE THEY WERE A PAID POLITICAL ADVERTISEMENT, BROKE FEDERAL LAW!,,,,,,,,,,,:,,,:
Get A Lawyer Now!,,,,,,,,,,,,:,,,:
The Law Applies To Both Parties & A Trump DOJ MUST Investigate.",2351103,79747,691,24992,4307,,,,,,,:,,,:
2024:11:12T03:19:18.000Z,3orovik,True,False,"Nearly $800 billion dollars added to the total Crypto market cap since Trump won,,,,,,,,:,,,:
,,,,,,,,,,,,:,,,:
Total market cap is now $3 TRILLION dollars",6414,148,35,23,4,,,,,,,:,,,:
2024:11:07T20:31:58.000Z,RealJamesWoods,True,False,"As the stock market sets record highs, as Americans once again celebrate holidays with joy, as the dark cloud of divisive hate dissipates over the horizon, let’s smile, ignore the sour losers, and cherish our landslide victory to a brighter tomorrow.",268446,27752,:,4352,151,:
2024:11:08T20:45:38.000Z,BehizyTweets,True,False,"Trump plans to redirect the money being spent on Ukraine towards a nationwide initiative to get the homeless off the streets by building ""tent cities"" where they can be relocated.,,,,,,,,:,,,:
,,,,,,,,,,,,:,,,:
His plan includes banning urban camping & arresting violators while empowering rehab organizations.",6625874,93171,2450,18508,13432,,,,,,,:,,,:
2024:11:10T14:59:18.000Z,GuntherEagleman,True,False,"A NBC hack tried to corner Trump on the cost of deporting millions of criminal aliens.,,,,,,,,:,,,:
,,,,,,,,,,,,:,,,:
Trump handled it perfectly:,,,,,,,,,,,,:,,,:
“We have NO choice when people have k*lled and m*rdered. They’re not staying here. There is NO price tag.”,,,,,,,,,,,,:,,,:
,,,,,,,,,,,,:,,,:
They ALL have to go back!",1682594,36788,1023,6370,627,,,,,,,:,,,:
2024:11:12T05:58:15.000Z,KhandaniM,False,False,"Trump has come into the scene to call scams what they are, scams. I wonder if we are now going to return the money given to us to destroy our coal plants now that the US is going to ‘drill baby drill’ and build coal power stations.",0,1,3,7,477,,:,,,:
2024:11:07T22:42:01.000Z,DrLoupis,True,False,"President Trump on Climate:,,,,,,,,:,,,:
,,,,,,,,,,,,:,,,:
""One of the most urgent tasks... is to decisively defeat the climate hysteria hoax."",,,,,,,,,,,,:,,,:
,,,,,,,,,,,,:,,,:
""The radical left's fearmongering about climate and our future is... destroying America's economy, weakening our society, and eviscerating our middle class. It's",143777,3207,132,1040,326,,,,,:,,,:
2024:11:06T15:22:41.000Z,MarinaPurkiss,True,False,"For every fool that thinks Trump will be good for the economy…,,,,,,,,:,,,:
,,,,,,,,,,,,:,,,:
You’re in for one hell of a shock.",5733366,110512,9789,24041,17671,,,,,,,:,,,:
2024:11:12T00:45:45.000Z,William_E_Wolfe,True,False,"Trump commits to shutting down the Department of Education! ,,,,,,,,:,,,:
,,,,,,,,,,,,:,,,:
This, combined with his tax credits for homeschooling families, could revolutionize education in America.",15993,585,23,78,14,,,,,:,,,:
2024:11:10T20:41:05.000Z,greg_price11,True,False,"Bosa and the Niners D just hit the Trump dance after a sack ,,,,,,,,:,,,:
,,,,,,,,,,,,:,,,:
The NFL can't fine him for that. ",1904176,38276,435,4753,1092,,,,,,,:,,,:
2024:11:08T15:09:03.000Z,IvanOnTech,True,False,"Insane week,,,,,,,,:,,,:
 Trump ,,,,,,,,,,,,:,,,:
 Bitcoin pump,,,,,,,,,,,,:,,,:
 bull market starts for real,,,,,,,,,,,,:,,,:
@moraliscom,,,,,,,,,,,,:,,,:
 team celebrating with cake ",46475,2717,5241,1725,160,,,,,,,:,,,:
2024:11:09T03:41:40.000Z,saras76,True,False,"Trump plans to redirect the money being spent on Ukraine towards a nationwide initiative to get the homeless off the streets in America. ,,,,,,,,:,,,:
,,,,,,,,,,,,:,,,:
How can anybody be against this? ,,,,,,,,,,,,:,,,:
This is amazing. ,,,,,,,,,,,,:,,,:
America FIRST.",53571,3021,125,694,147,,,,,,,:,,,:
2024:11:11T21:29:58.000Z,kmoney_69,True,False,"i know we were saying stuff like “bitcoin to 100k regardless of who wins the election.” ,,,,,,,,:,,,:
,,,,,,,,,,,,:,,,:
but LMAOOOO imagine if we didn’t have trump man holy fuck,,,,,,,,,,,,:,,,:
,,,,,,,,,,,,:,,,:
this price action is legendary",7395,314,27,13,1,,,,,,,:,,,:
2024:11:09T21:20:54.000Z,RogerJStoneJr,True,False,"Black people, Hispanics —really ALL PEOPLE— want the same thing: economic  opportunity, safe neighborhoods, low gas and food prices…,,,,,:,,,:
,,,,,,,,,,,,:,,,:
They realize Trump brought us those things before and that he could bring them AGAIN.,,,,,,,,,,,,:,,,:
,,,,,,,,,,,,:,,,:
They voted for Trump bc they trust him with their future!",152455,1324,66,249,40,,,,,,,:,,,:
2024:11:11T12:23:06.000Z,xMarketNews,True,False,"Let’s not forget Ken Griffin didn’t donate any money to Donald Trump, and called him a three:time loser,,,,,,,:,,,:
,,,,,,,,,,,,:,,,:
Donald Trump on Corrupt Donors:,,,,,,,,,,,,:,,,:
,,,,,,,,,,,,:,,,:
“I don’t want their money, I’m going to do the right thing for the American Public.. I don’t need their money”",60239,999,26,268,82,,,,,,:,,,:
2024:11:12T04:04:11.000Z,JonBowzerBauman,False,False,Trump spending the next two years taking credit for the Biden economy really will be disgusting.,4776,463,32,78,6,,,:,,,:
2024:11:08T02:11:40.000Z,BehizyTweets,True,False,"Charlie Kirk is calling for a Trump DOJ investigation into ActBlue for their illegal donation scheme, which involves using the names of elderly people to launder foreign money into Democrat campaigns.,,,,,,,:,,,:
,,,,,,,,,,,,:,,,:
Election Watch has uncovered $100s of millions in laundered cash, not just in",870457,51880,482,15291,1408,,,,,,:,,,:
2024:11:08T16:46:50.000Z,tedcruz,True,False,"The corporate media are losing their minds because Donald Trump won.,,,,,,,,:,,,:
,,,,,,,,,,,,:,,,:
They are so radical that not a single one of them has stopped to think that maybe, just maybe, Americans are tired of open borders, rampant inflation, and chaos around the world.,,,,,,,,:,,,:
https://podcasts.apple.com/us/podcast/media:weeps:leftists:in:angry:disbelief:zero:lessons/id1495601614?i=1000676188846…",74494,1828,304,359,25,,,,,,,:,,,:
2024:11:07T13:39:35.000Z,IsabellaMWeber,False,False,"Polls: Inflation is #1 concern.,,,,,,,,:,,,:
,,,,,,,,,,,,:,,,:
Harris first economic policy proposal: Price gouging law for food.,,,,,,,,,,,,:,,,:
,,,,,,,,,,,,:,,,:
Most economists: This is price controls. (Me: No, it’s good policy.),,,,,,,,,,,:,,,:
,,,,,,,,,,,,:,,,:
Trump: This is Communist.,,,,,,,,,,,,:,,,:
,,,,,,,,,,,,:,,,:
Harris: Goes quiet.",226934,1960,74,437,207,,,,,,,:,,,:
2024:11:06T18:25:54.000Z,aly_rendon,False,False,saying i voted for trump because he’s better for the economy when you’re posting your cash app on your story for your birthday is insane,530375,36329,88,4487,467,,,:,,,:
2024:11:08T02:06:08.000Z,TONYxTWO,True,False,"“So Trump gets elected President, Hamas calls to end the war, bitcoin shoots to the highest it’s ever been, the stock market shoots to the sky in record numbers, and Putin says he’s ready for negotiations to end the war in Ukraine.,,,,:,,,:
,,,,,,,,,,,,:,,,:
He hasn’t even stepped in office yet.”",4888882,170431,2071,35888,17224,,,,,,,:,,,:
2024:11:10T21:54:51.000Z,Lancegooden,True,False,"Democratic governors are trying to ""Trump:proof"" their states from:,,,,,,,,:,,,:
,,,,,,,,,,,,:,,,:
: Secure borders,,,,,,,,,,,,:,,,:
: Law and order,,,,,,,,,,,,:,,,:
: Energy independence,,,,,,,,,,,,:,,,:
: Low inflation,,,,,,,,,,,,:,,,:
,,,,,,,,,,,,:,,,:
Democrats would rather oppose President Trump than allow their citizens to be put first again.",14655,433,33,124,7,,,,,,,:,,,:
2024:11:09T20:37:49.000Z,texan_maga,True,False,"Where is President Trump going to get all of this money to deport people?,,,,,,,,:,,,:
,,,,,,,,,,,,:,,,:
Here’s your common sense answer.",6172,1856,63,359,74,,,,,,,:,,,:
