timestamp username icon:verified fact:checked text views likes replies reposts bookmarks   :   :            :   :
2024:11:13T05:28:54.000Z,amerix,True,False,"President Trump has picked Elon Musk and Vivek Ramaswamy to lead The Department of Government Efficiency (DOGE),,,,,,,,:,,,:
,,,,,,,,,,,,:,,,:
This department is tasked with ending wastage of taxpayers' money and draining the swamp.,,,,,,,,,,,,:,,,:
,,,,,,,,,,,,:,,,:
America has Vivek, Kenya has David Ndii.,,,,,,,,,,,:,,,:
,,,,,,,,,,,,:,,,:
Kenya is led by fools.",328716,6607,318,2106,229,,,,,,,:,,,:
2024:11:12T17:21:17.000Z,kurtbardella,True,False,"First off, I’m not sure how the economy gets to where we want it to go if the first move is to deport everyone who does the hard labor (for menial wages). The Trump economy means the rich get richer and everyone else gets left behind.",39270,1060,72,358,33,,:,,,:
2024:11:13T01:25:54.000Z,3orovik,True,False,"Trump literally just named a government department after a memecoin,,,,,,,,:,,,:
,,,,,,,,,,,,:,,,:
You’re not ready for this bull market",226143,9039,237,927,181,,,,,,,:,,,:
2024:11:14T23:28:36.000Z,RealAmVoice,True,False,"""WE NEED TO MAKE SURE THAT TAX DOLLARS ARE NOT GOING TO ILLEGAL IMMIGRANTS."" ,,,,,,,,:,,,:
@RepJasonSmith,,,,,,,,,,,,:,,,:
 talks about what the Trump Administration will do to make sure American tax dollars are spent to help American citizens. ,,,,,,,,,,,,:,,,:
@TheRebeccaWeber,,,,,,,,,,,,:,,,:
 @jsolomonReports",4392,115,8,33,4,,,,,,,:,,,:
2024:11:14T18:00:00.000Z,DavidJHarrisJr,True,False,"This will BLOW YOUR MIND on what your tax dollars have been going to under the Biden/Harris administration. ,,,,,,,,:,,,:
,,,,,,,,,,,,:,,,:
This all changes on January 20th, 2025! Trump, Elon, and Vivek are ON IT!",9934,300,10,105,22,,,,:,,,:
2024:11:12T18:14:40.000Z,RolandForTexas,True,False,"Donald Trump’s border czar is ready to start mass deportations from day one, throwing our economy into chaos and ripping families apart.",9284,204,227,108,10,,:,,,:
2024:11:14T04:01:12.000Z,3orovik,True,False,"HUGE RUMOR: Trump considering 0% capital gains tax on Crypto,,,,,,,,:,,,:
,,,,,,,,,,,,:,,,:
THIS WOULD BE MEGA BULLISH!!",419454,12483,450,1257,202,,,,,,,:,,,:
2024:11:11T18:15:12.000Z,KristiNoem,True,False,"The American people know how to spend their own money. By eliminating government waste and focusing federal spending on the core functions of government, President Trump will deal with the debt and unleash economic growth. That’s what we did in South Dakota!",148809,3298,237,540,64,,:,,,:
2024:11:11T14:20:40.000Z,MAGA__Patriot,True,False,We must NEVER FORGET the high price paid for the freedom we enjoy. Thank you Veterans! ,14186,794,34,417,14,,,:,,,:
2024:11:08T02:06:08.000Z,TONYxTWO,True,False,"“So Trump gets elected President, Hamas calls to end the war, bitcoin shoots to the highest it’s ever been, the stock market shoots to the sky in record numbers, and Putin says he’s ready for negotiations to end the war in Ukraine.,,,,:,,,:
,,,,,,,,,,,,:,,,:
He hasn’t even stepped in office yet.”",4935329,170405,2074,35850,17154,,,,,,,:,,,:
2024:11:12T02:27:02.000Z,abcnews,True,False,"“Trump is waging a war on trade itself”: Malcolm Turnbull says if Anthony Albanese wants to protect Australia’s economic interests, he has to level directly with Donald Trump.,,,,,,,:,,,:
,,,,,,,,,,,,:,,,:
Catch up on #QandA on iview: https://ab.co/2E7R5d9",33973,112,128,30,17,,,,,,,:,,,:
2024:11:14T13:00:00.000Z,brutamerica,True,False,"Trump’s proposals for the economy are sparking debates. But economists warn his tariffs could lead to higher prices for consumers, and his tax cuts might mainly benefit the wealthy. ,,,,,,,:,,,:
#ElectionEconomics #Trump2024 #EconomicPolicy",0,0,1,118,0,,,,,,,:,,,:
2024:11:14T01:14:12.000Z,jcokechukwu,True,False,"By the way, here’s Tulsi, Trump’s pick for DNI (Director of National Intelligence), exposing the Ukrainian bio labs and wandering why American money would go to shady, dirty ventures like bio labs in Ukraine and China and elsewhere, from where COVID and other designer diseases",12168,444,:,292,60,:
2024:11:14T15:26:02.000Z,BullNakedCrypto,True,False,"Thats crazy,,,,,,,,:,,,:
,,,,,,,,,,,,:,,,:
I live in a timeline,,,,,,,,,,,,:,,,:
,,,,,,,,,,,,:,,,:
Where TRUMP IS A FUCKING $LINK MARINE,,,,,,,,,,,,:,,,:
,,,,,,,,,,,,:,,,:
ofcourse the market dumps on this news to supress chainlinks price.,,,,,,,,,,,,:,,,:
,,,,,,,,,,,,:,,,:
they dont want you to make it",14383,243,9,24,4,,,,,,,:,,,:
2024:11:14T12:34:06.000Z,realTrumpNewsX,True,False,"DO YOU THINK PRESIDENT TRUMP IS RIGHT TO SAY SENIORS SHOULDN’T PAY TAX ON SOCIAL SECURITY?,,,,,,,,:,,,:
,,,,,,,,,,,,:,,,:
A. YES,,,,,,,,,,,,:,,,:
B. NO",52097,2661,1316,377,21,,,,,,,:,,,:
2024:11:07T15:18:31.000Z,Yeahaboutthat3,True,False,"How Trump's Tariffs would work and how getting rid of the Income Tax would benefit you,,,,,,,,:,,,:
,,,,,,,,,,,,:,,,:
What would you do if your family kept an extra $15k : $30k annually?",2147139,39945,755,13970,17090,,,,,,,:,,,:
2024:11:14T14:24:09.000Z,MarioNawfal,True,False,"BILL ACKMAN: THERE WILL BE AN ECONOMIC BOOM UNDER TRUMP,,,,,,,,:,,,:
@BillAckman,,,,,,,,,,,,:,,,:
 : ""Even those that have voted against Trump are excited about what's gonna happen with the economy…""",133994,1202,46,186,29,,,,,,,:,,,:
2024:11:07T17:45:38.000Z,1MarkMoss,True,False," You’re NOT ready for what’s coming next ,,,,,,,,:,,,:
,,,,,,,,,,,,:,,,:
Bitcoin just broke $75,000—but that’s only the beginning. ,,,,,,,,,,,:,,,:
,,,,,,,,,,,,:,,,:
A Trump landslide win has set the stage for a massive shift setting the stage for the U.S. and other major powers jumping in to stockpile BTC.,,,,,,,,,,,,:,,,:
,,,,,,,,,,,,:,,,:
This isn’t just a price",80652,1673,75,336,401,,,,,,,:,,,:
2024:11:14T21:53:52.000Z,4TaxFairness,False,False,"If you make under $94k, your tax bill would go up under Trump's tax and tariff plans.,,,,,,,:,,,:
,,,,,,,,,,,,:,,,:
The middle 20% of Americans would see an average tax hike of $1,530 in 2026 alone.,,,,,,,,,,,:,,,:
,,,,,,,,,,,,:,,,:
The richest 5% would get a tax break.,,,,,,,,,,,,:,,,:
,,,,,,,,,,,,:,,,:
And the whole thing would cost America $7.5 trillion.,,,,,,,,,,,,:,,,:
,,,,,,,,,,,,:,,,:
Unacceptable.",4168,270,2,196,23,,,,,,,:,,,:
2024:11:14T20:18:25.000Z,BloombergTV,True,False,JPMorgan Chase Chair and CEO Jamie Dimon says President:elect Donald Trump is inheriting an environment where inflation might not go away so fast. Dimon speaks at the APEC CEO Summit in Peru https://trib.al/hCnpA0d,4997,21,3,11,11,,,:,,,:
2024:11:14T14:23:00.000Z,4TaxFairness,False,False,"Wall Street made billionaires richer right after Trump's reelection.,,,,,,,,:,,,:
,,,,,,,,,,,,:,,,:
Costs for working families stayed the same.,,,,,,,,,,,,:,,,:
,,,,,,,,,,,,:,,,:
The stock market is not the economy, and the wealthy don’t need more tax breaks.",0,4,59,123,1410,,,,,,:,,,:
