timestamp,username,icon-verified,fact-checked,text,views,likes,replies,reposts,bookmarks
2024-06-07T12:28:56.000Z,KeithWoodsYT,True,False," Foreigners are being bussed to election centers to vote in today's elections

Reminder that the government gave EVERY illegal immigrant and refugee the right to vote today",397394,4999,345,1236,386
2024-07-05T21:35:12.000Z,Mick_O_Keeffe,True,False,"An Illegal immigrant from Malawi celebrates being regularised in Ireland by immediately flying home to get married and bring more people to Ireland. 

17,000 illegals were given amnesty by the current government.",170630,4518,457,2215,223
2024-06-25T09:18:35.000Z,tezilyas,True,False,"OMA!

The irony of THIS man being arrested for being an illegal immigrant is toooooo much",298207,6023,303,1185,202
2024-06-23T20:37:15.000Z,4Mischief,True,False,Should Joe Biden be held accountable for these illegal immigrant crimes?,204297,13021,1760,2819,69
2024-11-19T18:06:01.000Z,pop4climate,False,False,"We just joined 
@JFREJNYC
 in disrupting a city council hearing on immigration, in defiance of Eric Adams' shelter evictions. New York is a city of immigrants and we will rise against evictions and deportations.
Adams is failing us.

Immigrant justice is climate justice!",0,44,3,14,1974
2018-04-25T13:33:58.000Z,Maria_Hinojosa,False,False,"Come on 
@nytimes
 There is no such thing as an “illegal” immigrant or “illegal” human being. A person, an immigrant, may have gotten to or stayed in a country illegally but the person is not “illegal”.",0,420,12,171,0
2024-11-20T16:25:40.000Z,ImmigrantCrimes,True,False," Fairfax County, VA: On Monday, Denis Humberto Navarette Romero was arrested for Abduction with Intent to Defile and Rape.

The Herndon PD Chief stated that he is a Honduran National and 
@fox5dc
 states that, ""[a]uthorities revealed that he is in the country illegally"".",267366,2313,177,1586,112
2024-09-17T07:34:33.000Z,wayotworld,False,False,The Hebrew Immigrant Aid Society (HIAS) is facilitating the 'migrant' invasion on the US southern border.,100146,4874,383,1262,351
2024-11-15T18:45:28.000Z,France24_en,True,False," As public opinion in #Canada shows growing scepticism toward immigration, the South Asian Women's Rights Organization in Ontario is working to support immigrant women as they establish their lives in Canada. 

More from 
@juliettemntlly
 ",2539,8,1,2,1
2024-11-18T18:36:50.000Z,3rdGener,True,False,"Every crime by an illegal immigrant is potentially preventable through border control and immigration policy enforcement.

#LakenRiley #HomansHome #Trump",9806,137,2,63,11
2024-11-20T17:15:05.000Z,ImmigrantCrimes,True,False,Illegal alien accused of raping woman in Virginia Sanctuary County. ,252375,791,37,653,47
2024-11-20T20:56:29.000Z,Congressman_JVD,True,False,"The Biden Administration has lost at least 150,000 immigrant children because of their failures at our border.
 
Others have been placed with sponsors with criminal backgrounds.
 
This is evil. Pure and simple.",15684,462,37,175,10
2024-11-15T22:06:00.000Z,FaithandFreedom,True,False,"Today, the murder trial for Georgia nursing student Laken Riley begins. She was horrifically killed by an illegal immigrant who crossed the border under Joe Biden.

President-elect Trump’s Border Czar pick, Tom Homan, blasts this senseless tragedy: “This was preventable.”",0,1,12,30,1475
2024-11-18T08:00:36.000Z,OECD,True,False,"Immigrants account for a growing share of entrepreneurs, rising from 11% in 2006 to 17% in 2022.

Supporting immigrant entrepreneurship, policy makers can help get the most out of international migration for host-country populations and migrants alike: http://oe.cd/IMO-2024",7091,28,2,11,6
2024-11-16T03:42:22.000Z,TONYxTWO,True,False,"“I’m really happy that Trump won. I’m a first generation Mexican Immigrant, my dad just got his citizenship this year… he had all Republican across the board.”

Love this so much!! Watch this  
@realDonaldTrump",1248188,74212,766,12943,1630
2024-11-20T18:38:08.000Z,ashleyhayek,True,False,"Jose Ibarra, an illegal immigrant, GUILTY. This horrific crime never should’ve happened to Laken Riley—illegal immigration puts lives at risk. We MUST secure the border to stop these senseless tragedies.",0,27,3,7,1048
2024-11-15T15:41:00.000Z,Geiger_Capital,True,False,"Opening statement in Laken Riley trial…

She was on her morning jog. She was found by police with her skull bashed in by a rock, body exposed, pants pulled down. Her killer is a Venezuelan illegal immigrant let into the country unvetted in 2022.

Bring back public hangings.",841451,10485,234,1838,288
2024-11-15T18:02:09.000Z,LydiaMEdwards,False,False,"Last night I had a listening session with the East Boston immigrant community. It was a room of North African, Latin, Haitian immigrants. We breathed and committed to stick together and never forget community.

#mapoli #bospoli",0,362,1,3,0
2024-11-21T08:00:14.000Z,GoldingBF,True,False,The illegal immigrant situation in this country is a sick joke. It’s infuriating. All I see is Britons struggling. These scroungers should be fucked off on the first available plane ,2576900,18447,946,2799,557
2024-11-21T16:39:01.000Z,MAGAResource,True,False,"I’m sick and tired of leftists calling illegal aliens “immigrants” or “undocumented” like somehow they just forgot to fill out a form. 

Illegal aliens are not “immigrants”. 

They are unvetted lawbreakers and cheaters. 

An immigrant applies, waits their turn then assimilates in",4067,290,19,85,6
2024-11-14T17:00:01.000Z,TheBWSTimes,True,False,Haitian heritage enriches Springfield’s community in powerful ways!  #CulturalImpact #GrowingTogether,0,221,5,7,0
2024-11-15T15:30:47.000Z,HartPPC,False,False,"I am an immigrant.

A pause on immigration benefits everyone in Canada!

Our taxpayer funded services and private sectors will be less overwhelmed, therefore cheaper.

Healthy assimilation and development will reduce xenophobia, ethnic tensions, and protect cultures!",75350,741,109,157,18
2024-11-19T18:30:00.000Z,dwnews,True,False,"Despite being born in Italy as well as being a famous author, choreographer and dancer, Sonny Olumati is still waiting for his Italian citizenship. Why is naturalization so hard for people with immigrant backgrounds in the country?",5566,17,18,6,1
