timestamp,username,icon-verified,fact-checked,text,views,likes,replies,reposts,bookmarks
2024-09-09T17:08:51.000Z,CubanOnlyTrump,True,False,"JUST ANNOUNCED :Kamala Harris ""We extended Temporary Protected Status to over 100,000 Haitian Migrants. They need support.""

Aiden Clarke an 11-year-old was kiIIed on his way to school in Springfield, Ohio.  

His kiIIer was a Haitian illegal immigrant that Kamala FLEW in.

Never",1360208,21966,2070,16344,1298
2024-08-15T13:01:16.000Z,WallStreetApes,True,False,"ALL OF AMERICA, LISTEN TO THIS 

American Business owner is selling her food truck. Illegal immigrant shows up with paperwork that he is getting funding to purchase her truck with NO MONEY in the bank and NO CREDIT

She speaks with the bank and is told it’s COMMON, Illegal",1592146,32753,2426,15696,4416
2024-05-22T02:42:59.000Z,BrandiKruse,True,False,The illegal immigrant who killed a Washington State Trooper just got his bail reduced – because his attorneys convinced a judge their client isn't a danger to the community.,255981,9204,774,6669,251
2024-03-08T03:38:09.000Z,_MLFootball,True,False,President Joe Biden at the State of the Union said USC head coach Lincoln Riley was killed by an illegal immigrant,1937840,7581,304,906,730
2024-10-29T18:26:54.000Z,BehizyTweets,True,False,"WATCH: Democrat voters said Republicans hate immigrants, and a LEGAL Haitian Republican immigrant stepped up and crushed all of them

""Democrats are at a point right now where they are shipping a bunch of illegal immigrants... We have CRIMINALS from my own country traveling here",1300606,42612,576,11840,5674
2024-06-27T04:09:21.000Z,ImMeme0,True,False,"BREAKING: Illegal immigrant who shot 2 NYPD officers at 'point-blank range' indicted on 20 charges claims a notorious Venezuelan gang has been smuggling guns into city-run shelters.

Bernardo Raul Castro Mata (19) will be placed in protective custody following his explosive",913259,9479,414,5193,537
2024-08-31T02:58:21.000Z,stillgray,True,False,"Nancy Pelosi revealed to Bill Maher her outrageous plan to not only grant citizenship to every illegal immigrant but also to provide them with free housing, all on the dime of the hardworking American taxpayer. Cool cool cool.",1652603,19384,2660,7223,2172
2024-05-23T13:53:58.000Z,kunley_drukpa,True,False,Illegal Immigrant from Turkey is shocked by lack of security on US Border he just illegally crossed,15710111,20996,559,4205,5633
2024-09-12T06:06:09.000Z,DefiyantlyFree,True,False,"Daughter of Haitian immigrant confirms ABC is lying about Springfield, Ohio.

The Harris campaign is the titanic and the iceberg is approaching.",592775,17909,556,8100,2142
2023-10-01T11:30:37.000Z,NHPUKOfficial,False,False,"Immigrant family lands in UK & are found a Council flat in just 2 weeks.

Millions of Brits have been waiting for years on social housing waiting lists. 

NHPUK campaign to stop permanent settlement immigration & to completely stop accepting refugees for citizenship. 

#JoinNHPUK",727032,5471,852,3403,263
2024-08-23T16:00:39.000Z,AshleaSimonBF,True,False,"Illegal immigrant dances in the street with a knife.
Outside his taxpayer funded accommodation.
We are importing thugs, murderers and rapists.
Not doctors and engineers.
We need to deport every single illegal immigrant.
No wonder our children aren’t safe ",524813,12428,475,3391,249
2024-11-10T13:12:44.000Z,stillgray,True,False,Do whatever you want all the time (if you’re an illegal Immigrant). Welcome to the UK.,26445,211,22,34,9
2024-06-28T18:05:00.000Z,DailyLoud,True,False,Illegal immigrant fatally shoots and kills 2 workers at Texas Chick-fil-A.,5851290,46936,1541,3457,2731
2024-11-12T14:58:16.000Z,MichaelBrun,True,False,"Talking to Rose about her journey to Springfield, Ohio and opening her Haitian restaurant 

#haitian #haiti #ayiti #springfield #immigrant",27781,605,19,141,39
2024-11-17T11:37:21.000Z,DefiantLs,True,False,"Laken Riley fought for her life for 18 minutes while an illegal immigrant was attacking her before he took her life.

But keep crying on TikTok because 12-year-olds can't transition.",135854,5285,86,770,109
2024-11-18T17:21:59.000Z,DefiantLs,True,False,"The roommate of illegal immigrant who murdered Laken Riley confirmed he was flown to Georgia on a flight paid by taxpayers.

Absolutely disgraceful!",72697,2188,69,398,64
2024-11-11T23:49:13.000Z,its_The_Dr,True,False,"""I hear a lot of people say, 'The talk of a mass deportation is racist.  It's threatening to the immigrant community,'"" says Tom Homan, Trump’s former acting director. He argues it should only “be threatening to the illegal immigrant community.”",5508,180,5,53,1
2018-04-25T13:33:58.000Z,Maria_Hinojosa,False,False,"Come on 
@nytimes
 There is no such thing as an “illegal” immigrant or “illegal” human being. A person, an immigrant, may have gotten to or stayed in a country illegally but the person is not “illegal”.",0,420,12,171,0
2024-11-14T20:48:00.000Z,ResisttheMS,True,False,"Illegal immigrant says he will STILL SUPPORT TRUMP even if he gets DEPORTED. 

""I want [life] better for my children.""",9718,131,9,14,5
2024-11-12T01:35:38.000Z,Jerone4Congress,True,False,Please don't separate illegal immigrant families. Send them back together.,0,71,4,11,1037
2024-11-16T00:13:52.000Z,RealAmVoice,True,False,"""18 MINUTES SHE FOUGHT THAT MAN OFF, TRYING TO SAVE HER LIFE!"" 
@stinchfield1776
 reports on chilling details from the murder trial of Laken Riley, killed by an illegal immigrant. THIS SHOULD NEVER HAVE HAPPENED!",8597,190,10,84,6
2024-11-10T11:44:14.000Z,CarmineSabia,True,False,If I were an illegal immigrant and I knew President-elect Donald Trump gets inaugurated on January 20 I would not be advertising my immigration status.,0,138,15,33,3097
2024-11-11T05:03:16.000Z,MTGrepp,True,False,"Donald Trump’s newly appointed Border Czar has a message for every illegal immigrant, “You better start packing now… because you are going home” 

Donald Trump appointed the BEST Border Czar 

THIS IS A MASSIVE WIN FOR AMERICA ",506152,16195,368,3040,764
