timestamp,username,icon-verified,fact-checked,text,views,likes,replies,reposts,bookmarks
2018-04-25T13:33:58.000Z,Maria_Hinojosa,False,False,"Come on 
@nytimes
 There is no such thing as an “illegal” immigrant or “illegal” human being. A person, an immigrant, may have gotten to or stayed in a country illegally but the person is not “illegal”.",0,420,12,171,0
2024-11-14T14:01:47.000Z,ProjectLiberal,True,False,"Superman: American Hero, Illegal Immigrant",0,1240,2,14,0
2024-11-21T23:11:10.000Z,thenyic,False,False,"  HAPPENING NOW: We’re in Albany rallying with advocates, community members and elected officials for immigrant solidarity!",0,18,8,6,1105
2024-11-18T21:59:14.000Z,OhBrokenBritain,False,False,Who is fed up with feeding and housing illegal immigrant scroungers in our hotels?,0,92,3,40,640
2024-11-15T21:02:33.000Z,freespeechtv,True,False,"Mass immigrant deportations. Threats of denaturalization. A deliberate attack on the diverse fabric of America. The stakes have never been higher. 

#ThisWeekInWhiteSupremacy #Immigration",0,339,1,5,0
2024-11-19T08:31:32.000Z,iamyesyouareno,True,False,"2 years in prison for putting up anti-immigration stickers.

vs.

No punishment for raping a woman as an immigrant.

Two-tiered justice system.",113680,7324,130,1572,545
2024-11-17T04:40:28.000Z,Treason__Season,True,False,African immigrant reacts to other Africans threatening to turn each other in to ICE  says Africans marry their grandparents for a green card ,2501,54,16,27,33
2024-11-21T17:09:28.000Z,_ROB_29,True,False,"An illegal immigrant and Tren De Aragua gang member from Venezuela robbed an assistant to District Attorney Alvin Bragg then jacked off in front of her in her apartment. 

He has 6 prior arrests this year alone for similar crimes and was living in taxpayer funded housing.",2246,36,4,15,1
2024-11-15T19:46:06.000Z,TrumpDailyPosts,True,False,"From Tom Homan 
@RealTomHoman
 Border Czar

60 Minutes ""I hear a lot of people say, 'The talk of a mass deportation is racist.  It's threatening to the immigrant community,

Homan “It should be threatening to the ILLEGAL immigrant community.”",102208,3897,107,870,88
2024-11-21T21:48:35.000Z,MCTXSheriff,True,False,MCTXSheriff Arrests Fleeing Illegal Immigrant for Child Sexual Abuse https://ocv.im/GN0wcIg,0,23,1,8,822
2024-09-09T17:08:51.000Z,CubanOnlyTrump,True,False,"JUST ANNOUNCED :Kamala Harris ""We extended Temporary Protected Status to over 100,000 Haitian Migrants. They need support.""

Aiden Clarke an 11-year-old was kiIIed on his way to school in Springfield, Ohio.  

His kiIIer was a Haitian illegal immigrant that Kamala FLEW in.

Never",1360606,21959,2067,16350,1294
2024-09-18T15:51:48.000Z,RepCarlos,True,False," I will NOT be intimidated by the socialist Democrats.

The left calls anyone who supports border security & legal immigration a racist.

I’m a Cuban exile and legal immigrant to this country — that bull WILL NEVER fly with me.",898183,47591,1250,14507,2460
2024-09-07T16:16:46.000Z,MattWallace888,True,False,BREAKING: Illegal Immigrant Caught Planning “The Largest Terror Attack on U.S. Soil Since 9/11” ,5728547,57101,2804,21673,9211
2024-10-14T19:19:47.000Z,TRobinsonNewEra,True,False,"Illegal immigrant Italy making sure you can't get to work on time to pay your taxes that house them.

Make it makes sense?",2306771,13456,1758,3272,727
2024-08-31T02:35:21.000Z,ShadowofEzra,True,False,Nancy Pelosi just told Bill Maher that she plans to grant citizenship to every illegal immigrant and give them free housing—paid for by hardworking American taxpayers.,3557926,12578,2109,6925,2518
2024-05-22T02:42:59.000Z,BrandiKruse,True,False,The illegal immigrant who killed a Washington State Trooper just got his bail reduced – because his attorneys convinced a judge their client isn't a danger to the community.,256021,9209,774,6665,251
2024-09-12T06:06:09.000Z,DefiyantlyFree,True,False,"Daughter of Haitian immigrant confirms ABC is lying about Springfield, Ohio.

The Harris campaign is the titanic and the iceberg is approaching.",592857,17904,556,8099,2139
2024-09-04T18:29:57.000Z,robbystarbuck,True,False,"An illegal immigrant has been arrested in TN after attacking a man with a PICKAXE.

The pickaxe was embedded in his skull.

Red states should defy Feds and deport all illegals before they hurt Americans. Dare Kamala to jail you for protecting your citizens.",117018,7431,225,3551,243
2024-11-20T17:22:46.000Z,_NavyBrat,True,False,"Praying #LakenRiley's
soul is now at Peace 
RIPBeautiful Angel
Prayers for her Family who can now start their healing journey knowing justice was served  


Venezuelan Tren de Aragua (TDA) gang member and illegal immigrant Jose Ibarra, who brutally murdered Laken",4753,46,7,22,6
2024-06-23T20:37:15.000Z,4Mischief,True,False,Should Joe Biden be held accountable for these illegal immigrant crimes?,204304,13020,1760,2817,69
2024-03-11T18:39:48.000Z,MattWalshShow,True,False,"Haiti Descends Into Chaos As Our Borders Remain Wide Open

TIMESTAMPS:

00:00 - 00:30 Opening
1:55 - 15:31 Haiti Descends Into Chaos As Our Borders Remain Wide Open
16:28 - 27:52 Biden Refuses To Condemn Illegal Immigrant Who Murdered Laken Riley
27:53 - 39:30 Jimmy Kimmel",11138282,5300,507,1497,989
