timestamp,username,icon-verified,fact-checked,text,views,likes,replies,reposts,bookmarks
2024-09-09T17:08:51.000Z,CubanOnlyTrump,True,False,"JUST ANNOUNCED :Kamala Harris ""We extended Temporary Protected Status to over 100,000 Haitian Migrants. They need support.""

Aiden Clarke an 11-year-old was kiIIed on his way to school in Springfield, Ohio.  

His kiIIer was a Haitian illegal immigrant that Kamala FLEW in.

Never",1359908,21981,2073,16349,1297
2024-11-14T03:39:20.000Z,PatrioticMedia1,False,False,"PATRIOTIC DOCTORS BACK RAMATHUBA
Patriotic doctors including the outspoken 
@MikeRamothwala
 are giving their support to 
@PhophiRamathuba
 who is facing prosecution by #HPCSA for telling an illegal immigrant that Mnangagwa should be the one to take care of Zimbabwean patients.",45768,1194,96,322,13
2024-08-20T05:48:42.000Z,RyanShead,True,False,"Dear Elon,

Here is the video you say doesn’t exist of Donald Trump saying there were very fine people on both sides after Charlottesville.

You keep saying X is this arbiter of truth, yet you spread lies to help Trump and conservatives.

You’re a former illegal immigrant who’s",5772066,38461,3280,12484,2321
2024-08-31T02:58:21.000Z,stillgray,True,False,"Nancy Pelosi revealed to Bill Maher her outrageous plan to not only grant citizenship to every illegal immigrant but also to provide them with free housing, all on the dime of the hardworking American taxpayer. Cool cool cool.",1652545,19394,2661,7231,2172
2024-08-04T02:01:40.000Z,RNCResearch,True,False,"“An undocumented immigrant is not a criminal.”

— Border Czar Kamala Harris",581040,3870,776,2094,247
2024-05-05T17:50:51.000Z,w_terrence,True,False,"Happy Cinco De Mayo !  As an illegal immigrant I want my free Tacos ,Nachos and 53 million dollars asap !

This is my identity & you will respect it!
If man can be a woman then I can be an illegal immigrant!

I WANT MY PESOS, Free Housing , Free Food and yes I will still complain",433787,15847,1203,4425,347
2024-02-26T20:31:25.000Z,HouseGOP,True,False,"The man charged with the horrifying murder of 22-year-old Laken Riley is an illegal immigrant from Venezuela who crossed the southern border on Sep 8, 2022.

On Sep 20, 2022, Joe Biden said it was ""not rational"" to send illegal immigrants from Venezuela back to Venezuela.",252411,2839,760,1614,90
2024-09-25T20:07:07.000Z,SenMikeLee,True,False,"I gave Senate Democrats one more opportunity to pass the SAVE Act and secure our elections before November.

They said stopping illegal immigrant voting is not “serious.” 

Remember this.",208921,4928,533,2213,179
2024-09-07T16:16:46.000Z,MattWallace888,True,False,BREAKING: Illegal Immigrant Caught Planning “The Largest Terror Attack on U.S. Soil Since 9/11” ,5727890,57147,2809,21681,9243
2024-02-27T01:51:29.000Z,RNCResearch,True,False,Democrat Rep. Katie Porter on the murder of 22-year-old Laken Riley by an illegal immigrant: “The important thing to focus on is any one instance shouldn’t shape our overall immigration policy”,1851173,2607,2434,1611,190
2024-09-12T20:50:17.000Z,LauraLoomer,True,False,"Today, during the White House Press briefing, 
@JoeBiden
’s DEI pick for White House Press Secretary 
@KJP46
 falsely accused me of being a racist and a 9/11 conspiracy theorist. 

Karine Jean Pierre doesn’t like me because she’s a lesbian, Haitian immigrant and she doesn’t like the",948093,14012,2239,4330,420
2024-11-10T16:34:16.000Z,LtChrisOlivarez,True,False,"#RGV 
@TxDPS
 K9 tracked over 2 miles a group of illegal immigrants avoiding capture in Mission - 4 arrests made. 

Troopers in Sullivan City arrested an illegal immigrant from Mexico after a short pursuit, resulting in the recovery of 6 illegal immigrants who all had colored",17092,562,56,235,23
2024-11-08T16:32:07.000Z,almaoheneopare,True,False,"As a legal immigrant who waited 18 years to become an American citizen and who got to vote for president for the first time this year, here’s my first policy proposal to 
@realDonaldTrump
 to help curb illegal immigration.",0,339,5,11,0
2024-11-13T20:28:45.000Z,CHIRLA,False,False,"CHIRLA is dedicated to assisting the community by offering legal services! We are here to help you:

RENEW YOUR DACA
APPLY FOR U.S. CITIZENSHIP

Questions? Call our Immigrant Assistance Line, M-F, from 9AM-5PM: (888) 624-4752.

#DACA #DACARenewal #USCitizenship #LegalServices",0,644,5,9,0
2024-11-06T14:15:40.000Z,thenyic,False,False,"We know it’s tough right now, but we’ve been here before & we came out stronger on the other side. We've got your back.

Join us in our fight for immigrant justice  head to the link in our bio to see how you can get involved.

Together, we will win. ",1391,28,1,14,2
2024-11-08T02:55:35.000Z,JustTheNews,True,False,Breaking: Federal judge strikes down Biden citizenship program aimed at immigrant spouses of US citizens,9065,190,5,45,9
2024-08-31T23:56:07.000Z,ArtMusicPoli,True,False,"All those achievements yet you fail to acknowledge the strain #illegalImmigration places on our country:

1.Economic Impact: Illegal immigration costs U.S. taxpayers over $116 billion annually. This burden falls on hard-working Americans, especially in sectors like agriculture",12104,788,15,57,13
2024-11-09T17:52:48.000Z,NovusOrdoWatch,True,False,Honest question for #PopeFrancis and those who share his liberation theology: Which of the two is the one with the face of Christ now? The migrant or the victim woman? https://gatewayhispanic.com/2024/10/20-year-old-woman-stabbed-to-death-in-pamplona-by-moroccan-immigrant/… #catholictwitter,1382,48,3,11,3
2024-11-08T06:15:29.000Z,redpillbeba,True,False,"Veterans make up 7% of the homeless population and  only 6% of the US population. Not a single immigrant should get a  dollar in government programs. 

Immigration needs be merit based for this reason.",0,2,3,15,553
2024-11-08T15:30:07.000Z,wfaa,True,False,A federal judge on Thursday struck down a Biden administration policy that aimed to ease a path to citizenship for some undocumented immigrants who are married to U.S. citizens.,7274,38,13,11,3
2024-11-08T12:33:42.000Z,jonatanpallesen,True,False,"This is correct. 

All over Europe, non-vetted immigrants cost an order of 500.000 euros over their life time, for each immigrant.

They also commit far more crime.

This is obviously bad policy. It's important we realize this.",60875,538,20,69,136
2024-03-04T13:00:18.000Z,SpeakerJohnson,True,False,"When asked about the tragic murder of Laken Riley by an illegal immigrant, Secretary Mayorkas visibly checked his talking points on how to deflect blame. 

Her killer should NOT have been allowed to enter the country and if the Administration had stopped him and turned him around",1060525,16484,5400,4602,245
2024-03-10T16:06:56.000Z,SpeakerJohnson,True,False,"The president is cowering to his base and showing deference to a man who deserves none. 

This man is an illegal immigrant who brutally murdered Laken Riley.  

President Biden should be apologizing to Laken’s family. 

What an embarrassment.",16451691,35775,9486,8766,644
