timestamp,username,icon-verified,fact-checked,text,views,likes,replies,reposts,bookmarks
2024-09-08T14:55:46.000Z,amyforsandiego,True,False,"BREAKING: An illegal immigrant with a fake Green Card entered a San Diego military home and assaulted a 5-year-old girl. Thanks to Army veteran 
@thecorygoat
 and brave DHS whistleblowers, we now see how California’s sanctuary laws protect criminals while gaslighting Americans",974928,25488,444,14135,1172
2024-09-08T12:43:52.000Z,WallStreetApes,True,False,"Illegal Migrants Are “Gaming The System” Making A Fortune

Illegal immigrant explained how they get $2,000 each time they cross the border. He’s crossed 4x in a month & has made $8,000 from the Kamala Harris Administration
‌
Joe Rogan “What they're doing is this, it’s pretty wild",1233659,24443,652,12572,2766
2023-10-13T21:18:27.000Z,TBifford,True,False,"This is why Poland is not afraid of Islamic jihad within its own country.

""Not one illegal immigrant in Poland. Ever""",1464671,8291,559,2623,280
2024-02-13T04:52:11.000Z,EricAbbenante,True,False,"Sara Gonzales with a bombshell of a story:
The Lakewood Church shooter was an El Salvadorian immigrant who was detained by ICE. Genesse Moreno (Who also went by the alias Jeffery Escalante) had a voting record in the 2020 election. 
When people ask: ""Where is evidence that",3138294,22107,563,10822,2490
2024-11-14T03:39:20.000Z,PatrioticMedia1,False,False,"PATRIOTIC DOCTORS BACK RAMATHUBA
Patriotic doctors including the outspoken 
@MikeRamothwala
 are giving their support to 
@PhophiRamathuba
 who is facing prosecution by #HPCSA for telling an illegal immigrant that Mnangagwa should be the one to take care of Zimbabwean patients.",50503,1301,100,352,14
2024-03-11T18:39:48.000Z,MattWalshShow,True,False,"Haiti Descends Into Chaos As Our Borders Remain Wide Open

TIMESTAMPS:

00:00 - 00:30 Opening
1:55 - 15:31 Haiti Descends Into Chaos As Our Borders Remain Wide Open
16:28 - 27:52 Biden Refuses To Condemn Illegal Immigrant Who Murdered Laken Riley
27:53 - 39:30 Jimmy Kimmel",11137839,5305,507,1500,993
2024-03-16T22:24:09.000Z,Liz_Wheeler,True,False,"TikTok just gave me a strike warning & removed this video. For being “hateful.”

Do you think it’s because I said “illegal immigrant” or “trans’ing kids”?",294234,13088,816,4595,261
2024-07-25T20:56:44.000Z,charliekirk11,True,False,"12 years before Joe Biden made her the Border Czar, San Francisco DA Kamala Harris let illegal immigrant drug offender clear their records in order to protect them from deportation.

Let's repeat that: Kamala Harris made a special effort to make sure that illegal immigrants who",657102,29112,726,19594,2267
2024-07-08T12:54:34.000Z,WallStreetApes,True,False,"WOW  The 2024 Election Is Going To Be SO RIGGED

American Business Owner has illegal migrant come to him for a job, he says the “Illegal Immigrant has Social Security Card and Drivers License with Work ID in 4 months” of entering America

“So yesterday, I ran into somebody that",3410032,42231,2795,23375,4911
2024-04-29T14:21:39.000Z,EvaVlaar,True,False,"''When another white boy dies at the hands of an immigrant...''

Well, another one just did. A French boy named Mathis. 15 years old. Stabbed in the heart four times by an Afghan migrant who tried to steal his phone.

I have nothing left to say.",1289935,33274,678,12422,1273
2024-06-25T13:22:00.000Z,carolvorders,True,False,"Tommy Robinson arrested as an illegal immigrant in Canada 

It’s Rwanda for you my boy 

This really is an election run up that just keeps on giving isn’t it ?",4808046,35049,4343,5770,768
2024-08-22T20:26:26.000Z,CollinRugg,True,False,"JUST IN: The mother of Rachel Morin, who was k*lled by an illegal immigrant, joins Trump at the border, blasts the Biden-Kamala admin for their open border policies.

Patty Morin delivered an emotional speech alongside Trump during his visit to the southern border. 

""Rachel was",1064346,32288,535,8680,606
2024-08-16T14:03:05.000Z,brixwe,True,False,"Head of Homeland Security Mayorkas is looking to ban the term ""illegal immigrant.""

What can we call them if not illegal immigrant?",513279,10385,21308,4787,271
2024-11-07T15:59:33.000Z,MSNBC_reports,True,False,"'Illegal, unconstitutional, immoral attacks'

President-elect Trump has vowed he will start mass deportations starting on day one.

ACLU Chief Political and Advocacy Officer 
@DSchifeling
 joins 
@AnaCabrera
 to share how ACLU is preparing to defend immigrant and LGTBQ+ communities.",8586,67,18,42,5
2024-10-15T02:28:11.000Z,DefiyantlyFree,True,False,Listen to a legal immigrant tell you that you cannot vote for Harris because of what she has done with the border.,182240,23103,575,9474,2148
2024-01-13T15:46:26.000Z,TheRubberDuck79,True,False,#KattWilliams and a mexican immigrant waving a mexican flag in the front row got into a heated live 4-minute exchange in front of the whole audience.,1047252,13712,756,4223,2540
2024-03-17T17:53:30.000Z,Jessica_4_Trump,False,False,"If we lose in November it really will be a bloodbath.  

A bloodbath on the economy which is already suffering.  

A bloodbath on our rights that they keep trying to take away. 

A bloodbath for the families who lose a loved one to an illegal immigrant.  

A bloodbath for anyone",182948,8021,1588,2428,85
2024-06-28T18:05:00.000Z,DailyLoud,True,False,Illegal immigrant fatally shoots and kills 2 workers at Texas Chick-fil-A.,5851018,46968,1542,3461,2732
2024-11-09T14:21:32.000Z,thenyic,False,False,"On November 7, immigrant NYers and their allies took to the streets to let the next President know that they are stronger. ",0,23,6,13,1804
2024-04-23T01:07:06.000Z,Jessica_4_Trump,False,False,"JUST IN:  A Judge has ruled a mistrial in the case of George Alan Kelly.  Kelly was accused of taking the life of an illegal immigrant on his property.  

Kelly claimed he fired warning shots earlier in the day after seeing armed men on his property.  His wife called border",654932,14887,655,2431,116
2024-11-04T02:21:26.000Z,CollinRugg,True,False,"JUST IN: Puerto Rican fitness influencer kidnapped and m*rdered by alleged illegal immigrant in Georgia.

24-year-old Mexican illegal alien Angel DeJesus Rivera-Sanchez is accused of m*rdering Puerto Rican native Minelys “Mimi” Rodriguez-Ramirez, 25.

Rodriguez-Ramirez was last",1406513,21682,881,10379,1523
2024-11-07T04:52:08.000Z,vvsrak,True,False,"The first thing Donald Trump wants to do when in office is to end birthright citizenship, if you as a decent of an immigrant voted for this man I hope you feel shame and remorse for your vote",14883,56,20,18,33
