timestamp,username,icon-verified,fact-checked,text,views,likes,replies,reposts,bookmarks
2018-04-25T13:33:58.000Z,Maria_Hinojosa,False,False,"Come on 
@nytimes
 There is no such thing as an “illegal” immigrant or “illegal” human being. A person, an immigrant, may have gotten to or stayed in a country illegally but the person is not “illegal”.",0,437,12,171,0
2024-11-04T21:10:07.000Z,CALimmigrant,False,False,"Rent Control is on the ballot! Prop 33 lets cities and counties apply rent control to ALL types of housing, including single-family homes, condos, and newer apartments, preventing the state from limiting local rent control decisions. #VoteYES #Prop33 #CA2024",3092,8,1,2,2
2024-03-16T22:24:09.000Z,Liz_Wheeler,True,False,"TikTok just gave me a strike warning & removed this video. For being “hateful.”

Do you think it’s because I said “illegal immigrant” or “trans’ing kids”?",294215,13091,817,4599,262
2024-07-24T18:43:45.000Z,RNCResearch,True,False,"KAMALA HARRIS: ""An undocumented immigrant is NOT a criminal!""

(This is the individual in charge of our southern border)",102024,3239,423,1716,184
2024-11-03T20:10:29.000Z,NJAIJ,False,False,"In the final days of election season, we are at the 
@NDLON
 Popular Assembly to prepare for 2025 immigration scenario planning.

We start by giving our flowers to our ancestors and movement elders who have paved the way on our fight for justice ",0,11,1,8,521
2024-01-22T19:43:43.000Z,CitizenFreePres,True,False,"Doocy is fed up:

""They released an illegal immigrant from Honduras who is charged with sexually assaulting a Virginia minor and production of sexual abuse material .... You guys have no idea what kind of people are coming into this country.""",259290,5459,375,1549,151
2024-11-03T22:12:05.000Z,KeepDallasSafe,True,False," Hector Vargas, an illegal immigrant, is charged in the July 13 shooting that killed 36-year-old Noe Martinez Perez in Pleasant Grove. 

Another tragic reminder of what happens when our borders aren’t secure. Time to put Dallas's safety first!",9341,243,8,83,2
2024-04-17T15:15:57.000Z,sav_says_,True,False,"“They give me ticket for free to Chicago”

An illegal immigrant from Russia, who has been living in NYC for the past year, received a free plane ticket to Chicago sharing that he wants to “see a new city” and “feel a new vibe”

He then expressed plans to visit LA with another",3336621,9473,754,4057,1063
2024-11-06T05:49:26.000Z,MGF91,False,False,My feelings as a Mexican immigrant right now,44591,458,25,19,22
2024-11-06T15:26:23.000Z,camiinthisthang,True,False,The idea that every Latino is an illegal immigrant and therefore retarded for voting for trump is insane btw,7110,94,7,19,3
2024-11-06T16:22:45.000Z,Laceythegr8,False,False,Nobody hates illegal immigrants more than an illegal immigrant who has become legal.,1738,12,1,15,1
2024-11-06T01:02:26.000Z,ViceAndVirtues_,False,False,"I think it’s sad if your parents are immigrants and/or especially if you yourself are an immigrant, that you voted for someone that’s pushing to end birth right citizenship and wanting a massive deportation. This country was built on immigrants",30548,845,5,311,28
2024-11-04T21:19:15.000Z,MigrationPolicy,True,False,"NEW: We offer 1st-ever projections of the US working-age population by immigrant generation through 2040 based on varying future immigration level scenarios

TL;DR: Policy will play a key role in shaping the US demographic landscape & future workforce

http://migrationpolicy.org/news/immigrant-origin-population-2040…",0,1,7,10,1659
2024-11-11T16:53:32.000Z,ImmigrantCrimes,True,False,Documentation:,993,12,2,2,1
2024-11-07T18:36:07.000Z,KDJRadioShow,True,False,"An illegal immigrant in Mass. raped a 15-year-old disabled girl and got out on $500 bail. 

A 14-year-old boy was kicked out of school for wearing a shirt that said ""There are only two genders""
Massachusetts, you get what you vote for.  It's on you.",11394,295,15,112,13
2024-11-11T06:21:57.000Z,geokaren,False,False,Elon was an illegal. Immigrant,0,269,2,6,0
2024-11-04T02:00:58.000Z,GrahamAllen_1,True,False,"THIS IS DESPICABLE!!!!

Puerto Rican influencer was M*RDERED by an illegal immigrant!

Mark my words...

America is NOT safe under Kamala Harris!

Here is what Breitbart is reporting:

""Angel DeJesus Rivera-Sanchez, a 24-year-old ",12844,621,29,407,16
2023-09-18T15:47:33.000Z,SpencerLndqst,True,False,"Have you heard about America’s ‘largest illegal immigrant settlement’ that's said to be a hub of cartel activity?

I visited Colony Ridge for 
@realDailyWire
 to learn about a development that's home to 40k-75k people and is in the midst of a rapid expansion.

Here's what I found:",3745230,7826,550,4808,1749
2024-08-15T21:42:47.000Z,TheRightMelissa,True,False,"Wow! Black Business woman has a message for Kamala Harris. 

She sobs after having to sell her food truck which was bought by an illegal immigrant who got free money from the Harris/Biden Administration.",222232,4165,411,1973,359
2024-06-27T11:35:00.000Z,stillgray,True,False,"An illegal immigrant, Bernardo Raul Castro Mata, 19, who is accused of killing two NYPD officers, claims that killing cops is part of his cultural background. He is affiliated with the Venezuelan TDA gang.",113718,2702,509,1188,127
2024-07-05T21:35:12.000Z,Mick_O_Keeffe,True,False,"An Illegal immigrant from Malawi celebrates being regularised in Ireland by immediately flying home to get married and bring more people to Ireland. 

17,000 illegals were given amnesty by the current government.",170490,4531,460,2222,222
2024-08-04T17:47:02.000Z,vszyb,False,False,"Elon Musk thinks a UK civil war is inevitable due to immigration… I’d just like to remind everyone the Musk is an immigrant to the US, and before that he was an immigrant in Canada.",564823,12994,1462,3435,199
2024-03-04T01:59:56.000Z,ClownWorld_,True,False,ILLEGAL IMMIGRANT ILLEGAL IMMIGRANT ILLEGAL IMMIGRANT ILLEGAL IMMIGRANT ILLEGAL IMMIGRANT ILLEGAL IMMIGRANT ILLEGAL IMMIGRANT ILLEGAL IMMIGRANT ILLEGAL IMMIGRANT ILLEGAL IMMIGRANT ILLEGAL IMMIGRANT,1005214,22868,4759,5268,543
