timestamp,username,icon-verified,fact-checked,text,views,likes,replies,reposts,bookmarks
2024-09-09T17:08:51.000Z,CubanOnlyTrump,True,False,"JUST ANNOUNCED :Kamala Harris ""We extended Temporary Protected Status to over 100,000 Haitian Migrants. They need support.""

Aiden Clarke an 11-year-old was kiIIed on his way to school in Springfield, Ohio.  

His kiIIer was a Haitian illegal immigrant that Kamala FLEW in.

Never",1360305,21969,2069,16343,1298
2024-10-24T16:12:12.000Z,RyanMattaMedia,True,False,"A illegal immigrant mercenary who is also a MS-13 gang member just preformed a human sacrifice. Will your daughter be next? 
@JJCarrell14",247801,7881,373,7002,1212
2024-01-25T02:55:00.000Z,glennbeck,True,False,"Do Doctors Without Borders and the Red Cross know that by handing out detailed maps of how to get to the US border, they're contributing to human trafficking and allowing cartels to make $2000 per illegal immigrant? Do they know terrorists could be using these routes?",142937,6618,302,3456,236
2024-06-25T13:22:00.000Z,carolvorders,True,False,"Tommy Robinson arrested as an illegal immigrant in Canada 

It’s Rwanda for you my boy 

This really is an election run up that just keeps on giving isn’t it ?",4808222,34516,4337,5762,765
2024-01-10T14:26:13.000Z,TulsiGabbardrep,True,False,"Do you support the mass deportation of every single illegal immigrant in America effective immediately ?

YES or NO ?",445444,26289,8839,2906,40
2024-11-16T22:00:09.000Z,FoxNews,True,False,'BLOOD ON THEIR HANDS': Incoming Border Czar Tom Homan calls on pro-sanctuary city Democrats to listen to the 911 call 22-year-old Laken Riley made before prosecutors say she was killed by an illegal immigrant,18595966,25563,723,6707,1280
2024-11-15T16:29:13.000Z,alienmilian,True,False,"This is Elon Musk. 

The world's richest person who turned a $44B bet into the most influential platform in modern democracy. 

From sleeping in Tesla factories to owning the digital town square, here's how a South African immigrant became the champion of free speech ",577,4,1,2,1
2024-11-16T00:13:52.000Z,RealAmVoice,True,False,"""18 MINUTES SHE FOUGHT THAT MAN OFF, TRYING TO SAVE HER LIFE!"" 
@stinchfield1776
 reports on chilling details from the murder trial of Laken Riley, killed by an illegal immigrant. THIS SHOULD NEVER HAVE HAPPENED!",8640,193,10,84,6
2024-11-13T02:30:05.000Z,soli_Jesum,True,True,There is no such thing. Every illegal immigrant is committing a crime being here.,0,14,1,4,307
2024-11-16T03:42:22.000Z,TONYxTWO,True,False,"“I’m really happy that Trump won. I’m a first generation Mexican Immigrant, my dad just got his citizenship this year… he had all Republican across the board.”

Love this so much!! Watch this  
@realDonaldTrump",1245644,74238,770,12959,1635
2024-11-19T17:55:25.000Z,JFREJNYC,False,False,"BREAKING: New & longtime NYers disrupt 
@NYCCouncil
 hearing on 
@NYCMayor
’s cruel, anti-immigrant shelter evictions policy. We declare, “End Shelter Evictions! Immigrants are welcome in NYC – Trumpian policy is not!” ",0,7,1,8,415
2024-11-17T16:43:28.000Z,ArmandKleinX,True,False,"BLOOD ON THEIR HANDS 
Tom Homan calls on pro-sanctuary 
city Democrats to listento the 911 call
22 year old Laken Riley made before 
prosecutors say she was killed by an 
illegal immigrant !
Deport Them , That's The Way It Works ",10246,609,15,413,20
2024-11-16T06:00:22.000Z,callme_Chari,True,False,Laken Riley would still be with us if it weren’t for an illegal immigrant. This is heart breaking. 9-11 call where she spent her last moments trying to defend herself and the officer who found her body. This is ripped me apart. I pray for her family.,3848,44,9,11,2
2024-11-11T12:37:43.000Z,thatdudedusty,True,False,"Fox & Friends - Tom Homan

Tom Homan slams his critics on the southern border.

Tom Homan doubles down on Border Security.
""Border Security is National Security.""

Homan - ""Let us protect not only American communities. Let us protect Immigrant Communities. Who is victim of MS-13",1596,7,1,5,3
2024-11-11T20:12:04.000Z,FoxNews,True,False,Trump victory brings relief to family of mom allegedly murdered by illegal immigrant on pedestrian trail,89347,475,36,53,6
2024-11-18T12:35:43.000Z,FoxNews,True,False,FOX NEWS FIRST: Prosecution to show Laken Riley 'fought' for her life against illegal immigrant suspect and more top headlines,92897,250,85,55,1
2024-08-31T23:56:07.000Z,ArtMusicPoli,True,False,"All those achievements yet you fail to acknowledge the strain #illegalImmigration places on our country:

1.Economic Impact: Illegal immigration costs U.S. taxpayers over $116 billion annually. This burden falls on hard-working Americans, especially in sectors like agriculture",12120,787,15,57,14
2024-11-15T02:34:05.000Z,KeepDallasSafe,True,False," Dallas County, TX: Yet another violent crime at the hands of an illegal immigrant! Ribaldo Navaro was arrested for Aggravated Assault with a Deadly Weapon and has an immigration detainer hold. 

How many more dangerous criminals are slipping through the cracks? 

Dallas, we",0,24,1,10,324
2024-11-15T16:23:42.000Z,ScottBalesX,True,False,"To the libs screaming about illegal immigrant jobs being lost to deportation, don’t worry…

We will have plenty of ex-government workers looking for jobs…

Problem solved.",47444,2726,40,376,8
2024-11-11T22:47:42.000Z,LawSelfDefense,True,False,"Proposed:  All American prison sentences to be doubled for anyone convicted who is found to be an illegal immigrant. 

2X. 

Discuss.",13456,275,79,29,4
2024-08-20T05:48:42.000Z,RyanShead,True,False,"Dear Elon,

Here is the video you say doesn’t exist of Donald Trump saying there were very fine people on both sides after Charlottesville.

You keep saying X is this arbiter of truth, yet you spread lies to help Trump and conservatives.

You’re a former illegal immigrant who’s",5772433,37402,3279,12467,2287
