timestamp,username,icon-verified,fact-checked,text,views,likes,replies,reposts,bookmarks
2024-09-09T17:08:51.000Z,CubanOnlyTrump,True,False,"JUST ANNOUNCED :Kamala Harris ""We extended Temporary Protected Status to over 100,000 Haitian Migrants. They need support.""

Aiden Clarke an 11-year-old was kiIIed on his way to school in Springfield, Ohio.  

His kiIIer was a Haitian illegal immigrant that Kamala FLEW in.

Never",1360472,21962,2068,16352,1297
2018-04-25T13:33:58.000Z,Maria_Hinojosa,False,False,"Come on 
@nytimes
 There is no such thing as an “illegal” immigrant or “illegal” human being. A person, an immigrant, may have gotten to or stayed in a country illegally but the person is not “illegal”.",0,420,12,171,0
2024-11-06T12:35:34.000Z,Nibiru1000,True,False,"Who's ready for mass illegal immigrant deportations, protecting Black Jobs, and no taxes on overtime? Let's get this Money!! ",353221,9057,498,1738,1097
2024-09-16T23:48:26.000Z,RyanAFournier,True,False,"Remember Leonel Moreno?

He’s the illegal immigrant that encouraged other illegals to take over the homes of American citizens and become squatters.

He was just ordered to be deported.

CYA B*TCH!",367911,4185,290,1059,68
2024-11-20T15:23:21.000Z,Maria_Butina,False,False,"Today in Nizhny Novgorod, I met dozens of immigrant families who shared their challenges with the immigration process. We're listening and learning. As a State Duma deputy, I am committed to addressing these issues and improving Russia’s immigration system nationwide.",3140,98,10,16,6
2024-11-12T22:04:26.000Z,gale_kc,True,False,"Teachers can’t talk about illegal immigrant “New Americans” taking up seats in the class on social media in Weber County School District, Utah?! 

Why on earth are they are trying to limit the free speech on social media for teachers and school district staff! 

What is this,",10920,203,35,85,9
2024-11-20T19:01:24.000Z,FoxNews,True,False,"'JUSTICE FOR LAKEN RILEY!': President-elect Trump responds to the guilty verdict for Laken Riley's murderer, an illegal immigrant who should never have been in the country in the first place. The Republican vows that, while the pain and heartbreak for Laken's family is permanent,",78283,1306,117,225,10
2024-11-20T17:22:26.000Z,FaithandFreedom,True,False,"BREAKING: The illegal immigrant who brutally murdered Laken Riley has been found guilty on ALL charges.

We pray for Laken’s family, friends, and all who loved her. We must close our open border and prevent further senseless tragedies like these from taking place in our country.",0,350,4,9,0
2024-11-19T22:48:10.000Z,IAm_StarDiva,False,False,"SuperWonder: 
The Immigrant & the Refugee 
The Amazon & the Alien
The Island girl & the Farm boy
The Diplomat & the Reporter
The Hero & the Warrior 
Sun & Moon
Hope & Love
#WonderWoman #Superman",781,29,6,11,3
2024-11-14T15:52:44.000Z,TimRunsHisMouth,True,False,"Illegal immigrant breaks CNN today...

He says he still supports Trump even if he gets deported.",44424,2593,47,438,89
2024-11-12T14:44:45.000Z,AprilNicoleinVA,True,False,"If I commit a crime, I have to reap the consequences. 

An ILLEGAL immigrant, who has committed a crime has to reap the consequences even if they means being separated from their family. 

The End",0,29,6,1,704
2024-11-21T01:39:09.000Z,Joe_S_Pure,True,False,"'LOVE YOU, LAKEN': President Trump reacts to the conviction of the illegal immigrant who killed 22-year-old Laken Riley, noting that on the effects of the border surge, it is time to ""remove these criminals and thugs from our country."" https://bit.ly/4eGjhje",0,314,4,21,0
2024-11-20T20:17:17.000Z,sacullu,True,False,"You are what’s wrong with this country. What about those who died from illegal immigrant violence? What about government weaponized violence against Americans? Trans do not get their own little safe haven where you coddle them at the expense of good innocent Americans, shame on",0,78,2,8,734
2024-10-11T21:23:57.000Z,ShadowofEzra,True,False,"Donald Trump has called for the immediate execution of any illegal immigrant convicted of killing an American citizen or law enforcement officer. 

He also announced plans to unleash elite federal squads tasked with hunting down, arresting, and deporting every illegal gang member",301204,13526,327,3686,498
2024-10-14T19:19:47.000Z,TRobinsonNewEra,True,False,"Illegal immigrant Italy making sure you can't get to work on time to pay your taxes that house them.

Make it makes sense?",2306723,13458,1759,3279,725
2024-10-16T13:15:30.000Z,TRobinsonNewEra,True,False,"Illegal immigrant en route to the UK, complete with guns tattooed on his face, threatens 
@PatrickChristys
 to stop talking about him.

Worst part of it, you know he'll be here soon, and in a hotel paid for by us.",433279,8112,724,1958,125
2024-10-14T17:00:38.000Z,CollinRugg,True,False,"NEW: Former President Bill Clinton says Laken Riley would be alive if Kamala Harris and Joe Biden did proper vetting before letting illegals in.

Riley was k*lled by an illegal immigrant who illegally entered the United States in 2022 under Kamala Harris.

The comments came while",2966326,39603,1557,10596,3170
2024-11-03T06:55:45.000Z,WallStreetApes,True,False,"If you’re wondering why mass immigration into America has always been a HORRIBLE idea, look no further than this video

Immigrant being interviewed “I don’t give a f*ck about the founding of America. Like, I'm not even from here.”

We’re destroying ourselves",1280303,24302,1339,6879,2835
2024-11-18T12:30:08.000Z,FoxNews,True,False,"'HORRIFIC': Defense attorney highlights how the overwhelming evidence in the Laken Riley murder trial against illegal immigrant suspect Jose Ibarra points to a conviction ""sooner rather than later."" The case unfolds in the aftermath of the 2024 election, where the surge of",142959,320,48,78,9
2024-11-12T19:00:16.000Z,FoxNews,True,False,"‘KEEPING HIS WORD’: The mother of murdered Rachel Morin has full faith in Trump as he’s set to take charge of the border, promising to oust illegal immigrant criminals after her daughter was allegedly killed by one",92259,1132,60,163,13
2024-11-21T01:58:04.000Z,calebparke,True,False,"HEARTBREAKING: Laken Riley's stepfather read one of the last journal entries she wrote before being murdered by illegal immigrant Jose Ibarra. 

Here it is:

To my future husband,

As silly as I feel writing this, my old small group leader once recommended it. So here I am.

To",0,7,1,1,351
2024-11-12T20:00:50.000Z,AMACforAmerica,True,False,"""At the start of 2023, the net cost of illegal immigration for the United States – at the federal, state, and local levels – was at least $150.7 billion.""",0,404,4,9,0
2024-10-16T21:25:02.000Z,mazemoore,True,False,"2010. Kamala talks about the time that she let an illegal immigrant who was serving time for other offenses out of prison early.

That person violently assaulted and robbed someone when he got out of prison and somehow, Kamala made herself the victim of the story.",402452,7373,453,3672,937
