timestamp,username,icon-verified,fact-checked,text,views,likes,replies,reposts,bookmarks
2023-05-26T21:57:01.000Z,TheyCallMeDoc1,True,False,"Lesson of the day. 
Migrant - A person who moves from place to place for work. 
Immigrant - A person who comes to live permanently.
Illegal Alien - a foreign national who is living without official authorization in a country.
They are not Migrants they are illegal aliens.",24579,1464,79,640,8
2024-11-13T19:05:53.000Z,FrannyOD,True,False,"Dear Nigerians who are scared of the illegal immigrant cleansing the Trump administration is about to embark on, I have one question for you if you were in his shoes, would you protect the Nigerian border against the Niger/ Chad Fulani influx/terrorists into our country? 

Why",0,11,3,4,956
2024-11-14T21:11:22.000Z,iceoutofca,False,False,"NEW: California leaders must mount an aggressive response to protect immigrant communities to defend against Trump’s mass deportation plan. #StopICEtransfers

 
@SamTLevin",1029,23,5,19,2
2024-11-12T22:04:26.000Z,gale_kc,True,False,"Teachers can’t talk about illegal immigrant “New Americans” taking up seats in the class on social media in Weber County School District, Utah?! 

Why on earth are they are trying to limit the free speech on social media for teachers and school district staff! 

What is this,",10916,203,35,85,9
2024-11-08T14:19:41.000Z,BBlues100,False,False,"Listen to this they are putting our bus fair up to £3 and the illegal immigrant’s gets free bus fair, now this country is getting worse and worse just listen to this video",210925,9699,432,2854,385
2024-11-13T02:30:05.000Z,soli_Jesum,True,True,There is no such thing. Every illegal immigrant is committing a crime being here.,0,14,1,4,314
2024-11-14T12:00:30.000Z,thenyic,False,False,Mayor Adams MUST fight Trump's mass deportation agenda & protect immigrant NYers—not thinking about how the city will be colluding with ICE & create terror.,2980,14,4,4,1
2024-11-17T17:48:13.000Z,civillycentered,True,False,"Welcome to #Portland where; American citizens sleep on the street while the city managed to scramble up housing for 80 illegal immigrant families -after they complained 24 hours prior on the news. 
@RonWyden
 @TinaKotek
 fuck you both
@KGWNews",309,13,2,4,1
2024-11-19T22:25:01.000Z,ACLUTx,False,False,"Texas could be central to mass raids, deportations, and detention camps next year.

Anti-immigrant policies tear families apart and devastate our communities and economy.

They do nothing to improve our immigration system.",6509,107,31,62,8
2024-09-09T17:08:51.000Z,CubanOnlyTrump,True,False,"JUST ANNOUNCED :Kamala Harris ""We extended Temporary Protected Status to over 100,000 Haitian Migrants. They need support.""

Aiden Clarke an 11-year-old was kiIIed on his way to school in Springfield, Ohio.  

His kiIIer was a Haitian illegal immigrant that Kamala FLEW in.

Never",1360471,21962,2068,16351,1297
2024-09-18T01:02:47.000Z,WallStreetApes,True,False,"LISTEN TO THIS 

Mother of 2 boys who were hit by illegal Haitian immigrant on their school bus in Springfield Ohio

She has medical bills piling up from their injuries, Ohio Attorney General Victims Compensation responded to her saying THEY WILL NOT BE COVERING their injuries",355885,9509,470,5990,707
2024-09-16T23:48:26.000Z,RyanAFournier,True,False,"Remember Leonel Moreno?

He’s the illegal immigrant that encouraged other illegals to take over the homes of American citizens and become squatters.

He was just ordered to be deported.

CYA B*TCH!",367909,4186,290,1059,68
2024-11-03T06:55:45.000Z,WallStreetApes,True,False,"If you’re wondering why mass immigration into America has always been a HORRIBLE idea, look no further than this video

Immigrant being interviewed “I don’t give a f*ck about the founding of America. Like, I'm not even from here.”

We’re destroying ourselves",1280291,24303,1339,6879,2835
2024-11-20T17:22:46.000Z,_NavyBrat,True,False,"Praying #LakenRiley's
soul is now at Peace 
RIPBeautiful Angel
Prayers for her Family who can now start their healing journey knowing justice was served  


Venezuelan Tren de Aragua (TDA) gang member and illegal immigrant Jose Ibarra, who brutally murdered Laken",2248,32,2,16,4
2024-11-14T14:01:47.000Z,ProjectLiberal,True,False,"Superman: American Hero, Illegal Immigrant",0,1208,2,15,0
2024-11-19T17:55:25.000Z,JFREJNYC,False,False,"BREAKING: New & longtime NYers disrupt 
@NYCCouncil
 hearing on 
@NYCMayor
’s cruel, anti-immigrant shelter evictions policy. We declare, “End Shelter Evictions! Immigrants are welcome in NYC – Trumpian policy is not!” ",0,48,4,23,5098
2024-11-13T15:42:53.000Z,sweethomemich,True,False,"MICHIGAN 

HAPPENING NOW: Drivers Licences to
ILLEGAL Immigrant and Renters Bill of
Rights.

Contact your legislators and ask them to vote NO! 

REMINDER: If these pass, we cannot just automatically reverse these until we have the MI Senate majority and the Governor",12528,481,38,417,26
2024-11-21T01:00:07.000Z,NEWSMAX,True,False,"'LOVE YOU, LAKEN': Donald Trump reacts to the conviction of the illegal immigrant who killed 22-year-old Laken Riley, noting that on the effects of the border surge, it is time to ""remove these criminals and thugs from our country."" https://bit.ly/4eGjhje",43032,977,42,175,15
2024-11-18T18:36:50.000Z,3rdGener,True,False,"Every crime by an illegal immigrant is potentially preventable through border control and immigration policy enforcement.

#LakenRiley #HomansHome #Trump",9183,126,2,58,10
2024-11-13T19:21:02.000Z,irumyuui,True,False,Says the illegal immigrant.,0,0,10,347,0
2024-11-20T16:42:43.000Z,CollinsforTX,True,False,"Laken Riley's illegal immigrant killer has been found guilty.

In March, 170 House Democrats voted against the Laken Riley Act.

Never let any of those House Democrats live it down.",9544,277,11,121,10
2024-11-14T17:58:30.000Z,gale_kc,True,False,"Why are teachers (public employees) having their first amendment rights stripped away?

Why can’t they criticize 
@SpencerJCox
’s ‘New Americans’ program or comment on the mass amounts of illegal immigrant children in their classroom?!",815,27,3,14,1
2024-11-15T15:30:47.000Z,HartPPC,False,False,"I am an immigrant.

A pause on immigration benefits everyone in Canada!

Our taxpayer funded services and private sectors will be less overwhelmed, therefore cheaper.

Healthy assimilation and development will reduce xenophobia, ethnic tensions, and protect cultures!",75225,740,109,156,18
