timestamp,username,icon-verified,fact-checked,text,views,likes,replies,reposts,bookmarks
2023-05-26T21:57:01.000Z,TheyCallMeDoc1,True,False,"Lesson of the day. 
Migrant - A person who moves from place to place for work. 
Immigrant - A person who comes to live permanently.
Illegal Alien - a foreign national who is living without official authorization in a country.
They are not Migrants they are illegal aliens.",24524,1463,79,640,8
2024-11-10T16:34:35.000Z,LegacyMediaBias,True,False,"Democrats are accusing Trump of breaking up illegal immigrant families

Here's Joy Reid and some random DEI Priestess promoting breaking up AMERICAN families over politics on MSNBC",614,12,4,7,1
2024-11-09T16:06:23.000Z,MrReynolds52,False,False,"Fascism begins now! If you want to see  the danger of someone who was once an illegal immigrant, look no further than Elon Musk Trump and Vance are now threatening to cut off support for NATO if any European country tries to regulate through THEIR LAWS Elon Musk’s platform X. 
@AP",15153,138,10,68,11
2024-11-06T12:32:18.000Z,thenyic,False,False," STATEMENT: Immigrant Advocates Ready to Fight Back Against Trump

""Together, we will fight the fascist President-elect and his racist deportation agenda every step of the way"" 
@HeyItsMurad
 

https://nyic.org/2024/11/immigrant-advocates-ready-to-fight-back-against-trumps-deportation-agenda/…",0,4,24,44,2292
2024-11-14T03:39:20.000Z,PatrioticMedia1,False,False,"PATRIOTIC DOCTORS BACK RAMATHUBA
Patriotic doctors including the outspoken 
@MikeRamothwala
 are giving their support to 
@PhophiRamathuba
 who is facing prosecution by #HPCSA for telling an illegal immigrant that Mnangagwa should be the one to take care of Zimbabwean patients.",10803,386,48,119,5
2024-11-07T17:40:17.000Z,HaitianBridge,False,False,"This is not the time to sit back. As we enter a new era, our immigrant communities need us to show up. The Haitian Bridge Alliance is not backing down. To everyone who has been with us, and believes in being on the right side of history — let’s get to work.",2913,66,4,33,3
2024-11-08T16:20:26.000Z,DFBHarvard,True,False,"Remember when we said back in 2020 that Joe Biden was a ""Trojan Horse"" for the far out Left, or Progressives, or Marxists?

In 73 days, Joe Biden & Kamala Harris must leave the Whitehouse & Naval observatory. 

It can't come soon enough! ",366,12,3,4,1
2024-11-11T05:03:16.000Z,MTGrepp,True,False,"Donald Trump’s newly appointed Border Czar has a message for every illegal immigrant, “You better start packing now… because you are going home” 

Donald Trump appointed the BEST Border Czar 

THIS IS A MASSIVE WIN FOR AMERICA ",503720,16200,367,3047,774
2024-11-07T15:41:00.000Z,NILC,False,False,"Hurricane Helene deeply affected many communities, including immigrant farm workers who lost their jobs and homes in the disaster.

Learn how you can support farm workers impacted by Hurricane Helene:",0,2,7,7,1521
2024-11-11T16:01:24.000Z,GraduatedBen,True,False,"That’s right libtard, we stole the election using Starlink and having each illegal immigrant cast 1000 early votes for Trump. The only way to secure the elections is to do it analog. Photo ID, Election Day voting, citizenship check, paper ballots, hand counted. But by claiming",14538,538,13,48,18
2024-11-09T03:42:07.000Z,easternair355,True,False,"DYK...? 
Trump just became President elect & Mexico is already using its military to actively discourage illegal immigrant caravans from continuing through mexico & attempting to enter the US. Why is Mexico suddenly so interested in helping the US stop its illegal immigration?",0,32,12,8,452
2024-03-09T11:50:10.000Z,JoeConchaTV,True,False,"An immigrant is someone who comes to the country *legally*. 

This question (and the answer) is everything you need to know about the media and the president they run cover for.",9771,438,40,103,5
2024-11-12T17:35:02.000Z,JustTheNews,True,False,Breaking: Illegal immigrant accused of killing nursing student Laken Riley waives right to jury trial,0,22,1,10,2810
2024-11-07T00:07:32.000Z,madisoncross__,False,False,"my heart has been heavy thinking about Jocelyn Nungaray, Laken Riley, and many other women whose right to LIFE was unmercifully  taken away and violated at the hands of illegal immigrant men who never should’ve stepped foot on American soil. Our border needs to be fixed NOW!",0,11,2,1,371
2024-11-08T23:10:31.000Z,Snowflake_News,True,False,"California Attorney General Andrew Bailey says he won’t let Donald Trump touch his immigrant communities.

Translation: Don’t you dare touch their illegal immigrant voters rigging every election they have",688,16,3,6,1
2024-11-08T23:21:34.000Z,CALimmigrant,False,False,"Yesterday, immigrant rights, faith, labor, and community groups united at LA City Hall, pledging to protect and uplift immigrant communities across California. Together, we’re building a state where all feel welcome, valued, and safe. You are not alone.  #ImmigrantsBelong",0,357,4,10,0
2023-12-29T23:24:05.000Z,JoeTalkShow,True,False,"Migrants are people who keep moving.  They go place to place usually for work.  Migrants are not coming here.  They are immigrants coming illegally.  The proper governmental term is ""illegal alien.""  Don't be afraid to use the right words.",35284,2248,44,544,6
2024-11-06T20:42:03.000Z,Jonathan_Witt,False,False,"The media has so effectively brainwashed these people that they can’t differentiate between a legal immigrant who has citizenship and can vote, and illegal immigrants who should not be in the country.",0,23,1,2,1529
2024-11-12T21:30:09.000Z,BlockClubCHI,True,False,A Pilsen immigrant rights advocate was honored with the Ohtli Award from the Mexican government. https://buff.ly/3O4NWMo,0,1,3,26,4315
2024-11-07T11:10:02.000Z,CrownMaybe,True,False,"This is doubly funny because Greene's district has large Mexican/Latin American, Indian, and Korean immigrant populations.",0,14,2,4,656
2024-11-10T00:51:37.000Z,Brookltnwilliw,True,False," NYC-There are currently illegal immigrants marching on the streets of New York holding a sign that reads “No to the anti-immigrant laws, no to deportations” Look at the signs, they are professional, The Dems have organized This",0,8,6,1,241
