timestamp,username,icon-verified,fact-checked,text,views,likes,replies,reposts,bookmarks
2024-11-08T14:19:41.000Z,BBlues100,False,False,"Listen to this they are putting our bus fair up to £3 and the illegal immigrant’s gets free bus fair, now this country is getting worse and worse just listen to this video",209548,9730,437,2865,394
2024-11-12T03:37:11.000Z,ad81109,True,False,"Day 1930  11/11/2024
#DontLookAway #FriendsofImmigrants (2,104)
#BoycottAmazon #BoycottPGA #NOH8 #HarrisTrickleDownEnthusiasm

On the corner of Goff & Wells this morning vigiling for DREAMers, our immigrant sisters & brothers in the country, at the border, the people of Ukraine,",0,19,6,7,608
2024-11-10T13:12:44.000Z,stillgray,True,False,Do whatever you want all the time (if you’re an illegal Immigrant). Welcome to the UK.,26101,210,22,35,8
2024-11-04T16:18:29.000Z,Blvdhuriel,False,False,my cousin tammat he voting for trump bru u cant een vote u a immigrant,12014,152,48,16,3
2024-11-06T17:41:51.000Z,littlemissjacob,True,False,"Democrats on 𝕏 today: Doesn’t matter that I’m a Latina, a legal immigrant from Mexico—they call me ‘whitewashed’ and say my parents only married for papers. All because I didn’t vote their way? They’re pushing us further from their party with the dumbest strategy imaginable.",1283,49,6,5,1
2024-01-10T14:26:13.000Z,TulsiGabbardrep,True,False,"Do you support the mass deportation of every single illegal immigrant in America effective immediately ?

YES or NO ?",445328,26307,8838,2917,40
2024-03-08T03:38:09.000Z,_MLFootball,True,False,President Joe Biden at the State of the Union said USC head coach Lincoln Riley was killed by an illegal immigrant,1937758,7590,304,906,731
2024-08-08T02:03:58.000Z,w_terrence,True,False," EVERYONE IN AMERICA SHOULD BE MAD!!

This Veteran is getting $23 dollars in food stamps but an illegal immigrant is getting $13,000 dollars

Yes this is real! I know people who receive $50 dollars.

This is happening under Kamala Harris and Joe Biden",312835,17619,1148,9943,592
2024-07-08T21:13:39.000Z,TheRabbitHole84,True,False,"Which households are on Welfare in the United States? Here is one estimate:

- 39% of native born
- 52% of legal immigrant
- 59% of illegal immigrant",451130,4615,287,2043,792
2024-03-06T13:24:24.000Z,BPUnion,True,False,"Arresting illegal aliens who crash the border...illegally...is deemed ""anti-immigrant"" by Arizona Gov Katie ""Veto"" Hobbs.

Let that sink in for a moment.",81762,4727,420,1970,70
2024-04-03T20:13:55.000Z,rawsalerts,True,False,"#BREAKING: A Texas National Guard Soldier has been Arrested During a police Pursuit for Attempting to Smuggle Illegal Immigrant in Government Vehicle

#KinneyCounty | #Texas 

Watch as the Kinney County sheriff initiates a police pursuit following the apprehension of a Texas",2447170,9392,600,2992,866
2024-11-04T21:19:15.000Z,MigrationPolicy,True,False,"NEW: We offer 1st-ever projections of the US working-age population by immigrant generation through 2040 based on varying future immigration level scenarios

TL;DR: Policy will play a key role in shaping the US demographic landscape & future workforce

http://migrationpolicy.org/news/immigrant-origin-population-2040…",0,1,7,10,1660
2024-11-04T21:08:45.000Z,ResisttheMS,True,False,"HILARIOUS: Liberals FURIOUS about ILLEGAL IMMIGRANT housing PRANK

If they don't want to house them, why are they allowed in the country?",12160,201,4,57,19
2024-11-11T21:35:16.000Z,ImmigrantCrimes,True,False,Couple more mugs:,1163,32,1,14,1
2024-11-06T21:39:45.000Z,ru_sky_,True,False,"Insane video. But I can see a lot of people falling for the ""hide your illegal immigrant friends in the attick"" thing.",0,15,2,2,219
2024-04-16T16:33:34.000Z,sav_says_,True,False,"Welcome to the United States where our city parks are being overrun by illegal immigrant men. 

The city of NY is set to spend $12 billion through 2025 to take care of these men | 
@FrontlinesTPUSA",250382,7480,370,2489,285
2024-04-29T14:21:39.000Z,EvaVlaar,True,False,"''When another white boy dies at the hands of an immigrant...''

Well, another one just did. A French boy named Mathis. 15 years old. Stabbed in the heart four times by an Afghan migrant who tried to steal his phone.

I have nothing left to say.",1289693,33293,678,12431,1275
2024-05-19T19:41:40.000Z,robbystarbuck,True,False,"An illegal immigrant has been arrested in Campbell County, Virginia for raping a child.

His name is Hiuder Pedro Javier Sacul Caal.

How many children need to be raped or die before our politicians start mass deportations?",159122,8701,420,5218,108
2024-08-16T14:03:05.000Z,brixwe,True,False,"Head of Homeland Security Mayorkas is looking to ban the term ""illegal immigrant.""

What can we call them if not illegal immigrant?",513232,10402,21315,4789,272
2024-08-06T15:47:20.000Z,ivankatrumpo,True,False,"BREAKING: Florida Governor Ron DeSantis just said, ""I want every single illegal immigrant sent back to their home country."" 

Do you support this?

YES or NO?",73769,8889,712,1070,18
2024-03-11T14:06:08.000Z,nettermike,True,False,"Say his name. TRAVIS WOLFE was 11 years old and killed by an illegal immigrant driving without a license in Missouri. NOT a border state to the morons at MSNBC. Travis was a passenger in a jeep with his parents when a woman, here illegally from Venezuela, drove the wrong way at",292746,9708,565,5145,228
