timestamp,username,icon-verified,fact-checked,text,views,likes,replies,reposts,bookmarks
2024-09-18T15:51:48.000Z,RepCarlos,True,False," I will NOT be intimidated by the socialist Democrats.

The left calls anyone who supports border security & legal immigration a racist.

I’m a Cuban exile and legal immigrant to this country — that bull WILL NEVER fly with me.",897892,47596,1251,14501,2463
2024-08-15T13:01:16.000Z,WallStreetApes,True,False,"ALL OF AMERICA, LISTEN TO THIS 

American Business owner is selling her food truck. Illegal immigrant shows up with paperwork that he is getting funding to purchase her truck with NO MONEY in the bank and NO CREDIT

She speaks with the bank and is told it’s COMMON, Illegal",1592100,32753,2426,15699,4415
2024-08-28T14:01:52.000Z,EndWokeness,True,False,"BREAKING: The man in Philadelphia who gunned down and tried to kiII 8 innocent Americans is an illegal immigrant 

He's a MS-13 member from El Salvador",3553000,61263,2186,23970,2987
2024-03-11T18:39:48.000Z,MattWalshShow,True,False,"Haiti Descends Into Chaos As Our Borders Remain Wide Open

TIMESTAMPS:

00:00 - 00:30 Opening
1:55 - 15:31 Haiti Descends Into Chaos As Our Borders Remain Wide Open
16:28 - 27:52 Biden Refuses To Condemn Illegal Immigrant Who Murdered Laken Riley
27:53 - 39:30 Jimmy Kimmel",11137981,5302,507,1499,992
2024-09-09T17:08:51.000Z,CubanOnlyTrump,True,False,"JUST ANNOUNCED :Kamala Harris ""We extended Temporary Protected Status to over 100,000 Haitian Migrants. They need support.""

Aiden Clarke an 11-year-old was kiIIed on his way to school in Springfield, Ohio.  

His kiIIer was a Haitian illegal immigrant that Kamala FLEW in.

Never",1360104,21973,2070,16349,1298
2024-03-09T23:34:30.000Z,karolineleavitt,True,False,"President Trump on Laken Riley’s Killer: 

“I say he is an illegal alien, he is an illegal immigrant, he is an illegal migrant, and he should have never been in our country, and he wouldn’t have been under the Trump policies.”",108814,5891,285,1781,48
2024-08-31T02:58:21.000Z,stillgray,True,False,"Nancy Pelosi revealed to Bill Maher her outrageous plan to not only grant citizenship to every illegal immigrant but also to provide them with free housing, all on the dime of the hardworking American taxpayer. Cool cool cool.",1652582,19385,2660,7220,2173
2024-06-25T13:22:00.000Z,carolvorders,True,False,"Tommy Robinson arrested as an illegal immigrant in Canada 

It’s Rwanda for you my boy 

This really is an election run up that just keeps on giving isn’t it ?",4808124,34650,4341,5766,767
2024-11-09T17:52:48.000Z,NovusOrdoWatch,True,False,Honest question for #PopeFrancis and those who share his liberation theology: Which of the two is the one with the face of Christ now? The migrant or the victim woman? https://gatewayhispanic.com/2024/10/20-year-old-woman-stabbed-to-death-in-pamplona-by-moroccan-immigrant/… #catholictwitter,1412,49,3,11,3
2024-11-10T20:55:38.000Z,immi_grateful,False,False,"Did y’all hear about the illegal immigrant who cheated on his girlfriend? 
In response, she took him on a “trip” to Mexico and left him there. ",0,8,1,1,124
2024-11-16T03:42:22.000Z,TONYxTWO,True,False,"“I’m really happy that Trump won. I’m a first generation Mexican Immigrant, my dad just got his citizenship this year… he had all Republican across the board.”

Love this so much!! Watch this  
@realDonaldTrump",1221559,69233,707,12027,1478
2024-11-11T23:49:13.000Z,its_The_Dr,True,False,"""I hear a lot of people say, 'The talk of a mass deportation is racist.  It's threatening to the immigrant community,'"" says Tom Homan, Trump’s former acting director. He argues it should only “be threatening to the illegal immigrant community.”",5498,178,5,52,1
2024-11-11T22:02:06.000Z,liz_churchill10,True,False,"MEET, the BORDER CZAR, 
@RealTomHoman
 

IF you’re an ILLEGAL IMMIGRANT…START PACKING.",18806,942,40,250,50
2024-11-10T16:43:26.000Z,GaudetteRob,True,False,"To the camps! This illegal immigrant and criminal voter was caught trying to steal our Social Security benefits and Medicare. 

Thank you 
@USCIS
 for catching it.

#DeportAllSavages",1668,3,4,2,2
2024-11-12T14:58:16.000Z,MichaelBrun,True,False,"Talking to Rose about her journey to Springfield, Ohio and opening her Haitian restaurant 

#haitian #haiti #ayiti #springfield #immigrant",27554,604,18,141,39
2023-10-01T11:30:37.000Z,NHPUKOfficial,False,False,"Immigrant family lands in UK & are found a Council flat in just 2 weeks.

Millions of Brits have been waiting for years on social housing waiting lists. 

NHPUK campaign to stop permanent settlement immigration & to completely stop accepting refugees for citizenship. 

#JoinNHPUK",725679,5464,850,3397,260
2024-03-20T18:58:21.000Z,KeithWoodsYT,True,False," Immigrant TikToker with over 300k followers advising illegal immigrants on how to take over homes of Americans via squatter's rights laws. 

He says his friends have already taken over 7 homes.

""If you see an empty house in America you can squat in it- there is a law that",978140,3241,650,1191,790
2024-07-24T18:43:45.000Z,RNCResearch,True,False,"KAMALA HARRIS: ""An undocumented immigrant is NOT a criminal!""

(This is the individual in charge of our southern border)",102058,3236,423,1716,183
2024-07-25T20:56:44.000Z,charliekirk11,True,False,"12 years before Joe Biden made her the Border Czar, San Francisco DA Kamala Harris let illegal immigrant drug offender clear their records in order to protect them from deportation.

Let's repeat that: Kamala Harris made a special effort to make sure that illegal immigrants who",657176,29108,726,19578,2267
2024-10-15T02:28:11.000Z,DefiyantlyFree,True,False,Listen to a legal immigrant tell you that you cannot vote for Harris because of what she has done with the border.,182336,23105,575,9467,2144
2024-03-21T00:02:03.000Z,tariqnasheed,True,False,"A suspected illegal immigrant in NYC allegedly tried to snatch a sista's purse while he was on a scooter. And he ended up with ""black & brown"" bruises on his face.

He realized that them New York women aint really the soft targets he thought they were",303777,2877,468,869,421
