timestamp,username,icon-verified,fact-checked,text,views,likes,replies,reposts,bookmarks
2024-11-11T02:42:18.000Z,colony76,True,False,"The distinction between an illegal & ""legal"" immigrant is borderline meaningless when the outcome of both is the same. We don't want more immigration, we want remigration. We want millions of mass deportations. Anything less is completely unacceptable.",43261,170,10,40,39
2024-11-16T22:00:09.000Z,FoxNews,True,False,'BLOOD ON THEIR HANDS': Incoming Border Czar Tom Homan calls on pro-sanctuary city Democrats to listen to the 911 call 22-year-old Laken Riley made before prosecutors say she was killed by an illegal immigrant,18583119,25540,722,6699,1280
2024-11-13T02:30:05.000Z,soli_Jesum,True,True,There is no such thing. Every illegal immigrant is committing a crime being here.,0,14,1,4,307
2023-05-26T21:57:01.000Z,TheyCallMeDoc1,True,False,"Lesson of the day. 
Migrant - A person who moves from place to place for work. 
Immigrant - A person who comes to live permanently.
Illegal Alien - a foreign national who is living without official authorization in a country.
They are not Migrants they are illegal aliens.",24560,1461,79,638,8
2024-08-31T23:56:07.000Z,ArtMusicPoli,True,False,"All those achievements yet you fail to acknowledge the strain #illegalImmigration places on our country:

1.Economic Impact: Illegal immigration costs U.S. taxpayers over $116 billion annually. This burden falls on hard-working Americans, especially in sectors like agriculture",12120,787,15,57,14
2024-11-16T03:42:22.000Z,TONYxTWO,True,False,"“I’m really happy that Trump won. I’m a first generation Mexican Immigrant, my dad just got his citizenship this year… he had all Republican across the board.”

Love this so much!! Watch this  
@realDonaldTrump",1245372,74231,770,12958,1638
2024-09-09T17:08:51.000Z,CubanOnlyTrump,True,False,"JUST ANNOUNCED :Kamala Harris ""We extended Temporary Protected Status to over 100,000 Haitian Migrants. They need support.""

Aiden Clarke an 11-year-old was kiIIed on his way to school in Springfield, Ohio.  

His kiIIer was a Haitian illegal immigrant that Kamala FLEW in.

Never",1360296,21969,2069,16344,1298
2024-08-23T16:00:39.000Z,AshleaSimonBF,True,False,"Illegal immigrant dances in the street with a knife.
Outside his taxpayer funded accommodation.
We are importing thugs, murderers and rapists.
Not doctors and engineers.
We need to deport every single illegal immigrant.
No wonder our children aren’t safe ",524823,12423,475,3393,249
2024-08-04T02:01:40.000Z,RNCResearch,True,False,"“An undocumented immigrant is not a criminal.”

— Border Czar Kamala Harris",581076,3863,776,2094,248
2024-05-24T10:50:25.000Z,GoldingBF,True,False,"An immigrant nutter threatens to kill the police in London while they carry out an immigration raid on an illegal immigrant.
Scenes like this are extremely common now in our lawless and degenerate land.",222709,4722,918,2113,104
2024-11-10T17:44:18.000Z,atalovesyou,True,False,"As a LEGAL high skilled immigrant.

I became a 
@realDonaldTrump
 supporter when I heard his thoughts on LEGAL high skilled immigration.

And what he plans to do on Day 1, Jan 21st 2025.

Watch this video to make the decision for yourself.
@elonmusk
, 
@chamath
, 
@DavidSacks
,",8469,126,8,34,12
2024-11-12T19:00:16.000Z,FoxNews,True,False,"‘KEEPING HIS WORD’: The mother of murdered Rachel Morin has full faith in Trump as he’s set to take charge of the border, promising to oust illegal immigrant criminals after her daughter was allegedly killed by one",92160,1131,60,162,14
2024-11-11T18:02:32.000Z,senatormelendez,True,False,"Even Cesar Chavez who founded the UFW, was vehemently opposed to illegal immigrant farm workers. 

He was so opposed that he formed the “wet line”, as he called it, along the Arizona border to stop illegal farm workers from crossing into the U.S.",3434,143,4,36,4
2024-11-10T11:44:14.000Z,CarmineSabia,True,False,If I were an illegal immigrant and I knew President-elect Donald Trump gets inaugurated on January 20 I would not be advertising my immigration status.,0,138,15,33,3099
2024-11-13T20:43:48.000Z,GOPGovs,True,False,"Democrat Governor 
@maura_healey
 is touting that she will snub President Trump’s plan to deport ILLEGAL IMMIGRANT CRIMINALS. 

This is the out-of-touch agenda of the Democrats. 

No wonder the American people rejected it wholeheartedly.",1403,7,4,4,1
2024-11-17T12:17:26.000Z,Wnc_Ash,True,False,"Laken Riley fought for her life against an illegal immigrant for 17 minutes before her head was smashed to death by a rock. Tell me again how I didn't vote to protect women.

#LakenRiley 
#MagaForLife",0,14,4,4,433
2024-11-11T16:20:00.000Z,NieuwRechtsNL,True,False,De Jordaanse immigrant Faïd A. is veroordeeld tot een gevangenisstraf van elf jaar voor de brute verkrachting van een Franse vrouw die bewusteloos op de spoedeisende hulp lag. Daarnaast is hem een verbod opgelegd om Frans grondgebied te betreden.,0,907,3,15,0
2024-11-11T15:05:57.000Z,Ragecage_Actual,True,False,"Wow, that's strange. The Jewish guy appointed by the president to oversee the security of the nation's border is a board member of the Hebrew Immigrant Aid Society",4261,425,6,49,17
2024-11-15T02:34:05.000Z,KeepDallasSafe,True,False," Dallas County, TX: Yet another violent crime at the hands of an illegal immigrant! Ribaldo Navaro was arrested for Aggravated Assault with a Deadly Weapon and has an immigration detainer hold. 

How many more dangerous criminals are slipping through the cracks? 

Dallas, we",0,24,1,10,320
2024-11-14T20:48:00.000Z,ResisttheMS,True,False,"Illegal immigrant says he will STILL SUPPORT TRUMP even if he gets DEPORTED. 

""I want [life] better for my children.""",9725,131,9,14,5
2024-08-20T05:48:42.000Z,RyanShead,True,False,"Dear Elon,

Here is the video you say doesn’t exist of Donald Trump saying there were very fine people on both sides after Charlottesville.

You keep saying X is this arbiter of truth, yet you spread lies to help Trump and conservatives.

You’re a former illegal immigrant who’s",5772422,37423,3279,12465,2287
