timestamp,username,icon-verified,fact-checked,text,views,likes,replies,reposts,bookmarks
2024-11-22T16:00:29.000Z,DonorsChoose,False,False,"I am…not alone.  Books like “I Am Not Your Perfect Mexican Daughter” & “I Am Golden” show kids with immigrant parents that they’re not alone. Hear Lauren & other students share the books that make them feel seen  https://blog.donorschoose.org/articles/students-share-life-changing-representative-books?rf=dccontent-twitter-2024-11-representative_resources_eva_reel-donor&utm_source=twitter&utm_medium=dccontent&utm_campaign=representative_resources&utm_content=eva_reel…

#RepresentationMatters #DiverseBooks",0,0,3,292,0
2024-11-20T19:24:32.000Z,johnfgately,True,False,The type of sanctuary polices endorsed by Governor Healey and Mayor Wu invite crimes like the murder of Laken Riley to happen here in MA.  The rate of illegal immigrant crime should be 0%. #mapoli #bospoli #Natick,5444,285,4,84,2
2024-11-13T19:51:14.000Z,FishTankViewer1,True,False,Burt thinks Simbal is an illegal immigrant lmfao #fishtanklive,0,14,7,99,1817
2024-11-20T16:25:40.000Z,ImmigrantCrimes,True,False," Fairfax County, VA: On Monday, Denis Humberto Navarette Romero was arrested for Abduction with Intent to Defile and Rape.

The Herndon PD Chief stated that he is a Honduran National and 
@fox5dc
 states that, ""[a]uthorities revealed that he is in the country illegally"".",273631,2335,178,1595,113
2024-11-15T21:02:33.000Z,freespeechtv,True,False,"Mass immigrant deportations. Threats of denaturalization. A deliberate attack on the diverse fabric of America. The stakes have never been higher. 

#ThisWeekInWhiteSupremacy #Immigration",0,354,1,5,0
2024-06-23T20:37:15.000Z,4Mischief,True,False,Should Joe Biden be held accountable for these illegal immigrant crimes?,204305,13021,1760,2818,69
2024-09-12T01:58:31.000Z,dom_lucre,True,False,"BREAKING NEWS: A Haitian immigrant was caught trying to steal and eat a cat. 

""Here in Chile, we don't eat cats""",330989,6948,213,2348,754
2024-08-16T16:10:02.000Z,Shunyaa00,True,False," UK : London - Mohammed Hazem Soltaen, illegal immigrant from Egypt, attempted to rape a 14-year-old British girl, caught and arrested. Mohammed says, ""Call the Home Office. Alhamdulillah, I am Muslim.""",2774274,16140,1611,6284,2141
2024-11-06T12:35:34.000Z,Nibiru1000,True,False,"Who's ready for mass illegal immigrant deportations, protecting Black Jobs, and no taxes on overtime? Let's get this Money!! ",353561,9052,497,1736,1096
2024-03-19T13:48:15.000Z,Jessica_4_Trump,True,False,"Andi Lynn Blair was hit while riding her tricycle by an illegal immigrant who fled the scene.  She was 5 days away from celebrating her 4th birthday.  

The illegal immigrant was heading for the South Carolina border when he was caught by police and arrested.  

This isn’t cherry",546850,18205,683,6564,324
2024-09-07T16:16:46.000Z,MattWallace888,True,False,BREAKING: Illegal Immigrant Caught Planning “The Largest Terror Attack on U.S. Soil Since 9/11” ,5728565,57103,2804,21675,9210
2024-04-18T20:21:32.000Z,ImMeme0,True,False,"UPDATE: Homeland Security released the illegal immigrant accused of killing Laken Riley into the U.S. because it lacked the detention space.

Jose Ibarra, the individual accused of the murder of 22-year-old Laken, was granted release through the authority of Homeland Security",244871,5495,464,3152,184
2024-08-12T19:42:06.000Z,Mick_O_Keeffe,True,False,"This is insane!!

An Irish woman walking around a proposed immigrant plantation site is confronted by foreign men in balaclavas and told to leave.

If you can watch this video and it doesn’t ring alarm bells then I don’t know what to say.",1271602,25984,1805,10548,2148
2024-11-20T20:56:29.000Z,Congressman_JVD,True,False,"The Biden Administration has lost at least 150,000 immigrant children because of their failures at our border.
 
Others have been placed with sponsors with criminal backgrounds.
 
This is evil. Pure and simple.",16277,468,39,177,10
2024-01-13T15:46:26.000Z,TheRubberDuck79,True,False,#KattWilliams and a mexican immigrant waving a mexican flag in the front row got into a heated live 4-minute exchange in front of the whole audience.,1047413,13689,756,4217,2541
2024-06-26T14:46:08.000Z,Mick_O_Keeffe,True,False,"Foreign men are building an enormous immigrant village in rural Ireland, protected by an English man and his security firm and there's only a handful of local men opposing it. 

Ireland won't die because we lost the fight, Ireland will die because too many refused to fight.",80570,4979,387,1719,86
2024-09-17T07:34:33.000Z,wayotworld,False,False,The Hebrew Immigrant Aid Society (HIAS) is facilitating the 'migrant' invasion on the US southern border.,100428,4880,383,1262,350
2023-09-18T15:47:33.000Z,SpencerLndqst,True,False,"Have you heard about America’s ‘largest illegal immigrant settlement’ that's said to be a hub of cartel activity?

I visited Colony Ridge for 
@realDailyWire
 to learn about a development that's home to 40k-75k people and is in the midst of a rapid expansion.

Here's what I found:",3746591,7839,554,4821,1759
2024-11-22T14:52:44.000Z,LFRFamily,True,False,"6 prior arrests on similar crimes as SA, Robbery, Assault with a deadly weapon SINCE 2023 when he arrived. 

BREAKING: Manhattan DA Alvin Bragg's assistant robbed, attacked by an illegal immigrant.

Oh, and taxpayers paid for his hotel.",0,538,15,43,0
2024-09-14T15:19:27.000Z,WallStreetApes,True,False,"This American Works In A Medical Clinic In Arkansas, Illegal Migrants Put On Tax Payer Funded Health Insurance After ONLY 5 DAYS IN AMERICA

“So Arkansas is having a really big immigrant issue. I work at a women's clinic, and we had a patient come in who'd been in the country for",836042,22750,1060,13707,2471
2024-10-29T18:26:54.000Z,BehizyTweets,True,False,"WATCH: Democrat voters said Republicans hate immigrants, and a LEGAL Haitian Republican immigrant stepped up and crushed all of them

""Democrats are at a point right now where they are shipping a bunch of illegal immigrants... We have CRIMINALS from my own country traveling here",1301031,42601,574,11845,5658
2024-09-13T06:33:09.000Z,EuropeInvasions,True,False,"This French girl's name is Lola. Lola was 12 years old. Her father was an apartment attendant. Lola's biggest dream was to become a doctor and support her family.

Lola was followed by an Algerian illegal immigrant on her way home after school on Friday.

The illegal immigrant",3315630,52139,3221,20297,3165
