timestamp,username,icon-verified,fact-checked,text,views,likes,replies,reposts,bookmarks
2024-01-10T14:26:13.000Z,TulsiGabbardrep,True,False,"Do you support the mass deportation of every single illegal immigrant in America effective immediately ?

YES or NO ?",445326,26309,8838,2917,40
2024-11-11T19:05:17.000Z,immcouncil,False,False,"Happy Veterans Day! Today, we honor the brave men and women who have served our nation with unwavering courage and sacrifice. We also wish to highlight and celebrate the immigrant veterans who have served our country. Thank you for your service! #VeteransDay",0,1,6,9,537
2024-09-14T21:23:51.000Z,CalltoActivism,True,False,"Happening right now: Proud Boys are marching in Springfield, Ohio. 

Let me ask you. Who would you rather have as a neighbor? 

A Haitian immigrant? Or a white supremacist?",635766,13060,3558,4754,259
2024-11-11T14:07:31.000Z,IceholeFargin,False,False,An ILLEGAL immigrant!,0,13,1,7,270
2018-04-25T13:33:58.000Z,Maria_Hinojosa,False,False,"Come on 
@nytimes
 There is no such thing as an “illegal” immigrant or “illegal” human being. A person, an immigrant, may have gotten to or stayed in a country illegally but the person is not “illegal”.",0,436,12,171,0
2024-04-17T15:15:57.000Z,sav_says_,True,False,"“They give me ticket for free to Chicago”

An illegal immigrant from Russia, who has been living in NYC for the past year, received a free plane ticket to Chicago sharing that he wants to “see a new city” and “feel a new vibe”

He then expressed plans to visit LA with another",3336638,9470,754,4055,1063
2024-06-25T09:18:35.000Z,tezilyas,True,False,"OMA!

The irony of THIS man being arrested for being an illegal immigrant is toooooo much",298160,6108,304,1187,205
2024-08-22T21:30:02.000Z,TheBabylonBee,True,False,Oprah Surprises DNC Attendees With Free Gift Under Each Seat: Their Own Illegal Immigrant https://buff.ly/4dyJGQu,1095027,39339,621,7910,401
2024-11-07T15:41:00.000Z,NILC,False,False,"Hurricane Helene deeply affected many communities, including immigrant farm workers who lost their jobs and homes in the disaster.

Learn how you can support farm workers impacted by Hurricane Helene:",0,1,3,6,877
2024-11-06T15:19:05.000Z,JasGarsd,False,False,"Last night an immigrant voter told me it was hard to distinguish between democrats and republicans on immigration. As 
@SergioMarBel
 & I have been reporting, Dems ran a campaign that veered to the right on immigration, at times indistinguishable from some of Trump’s 1st presidency",16258,220,8,71,16
2024-11-06T15:26:23.000Z,camiinthisthang,True,False,The idea that every Latino is an illegal immigrant and therefore retarded for voting for trump is insane btw,7122,95,7,19,3
2024-11-06T16:22:45.000Z,Laceythegr8,False,False,Nobody hates illegal immigrants more than an illegal immigrant who has become legal.,1746,12,1,15,1
2024-04-18T15:30:04.000Z,elchicanomarine,False,False,"*Seeking asylum is legal.

*Crossing the border without permission is a misdemeanor.

*Immigrants both documented and undocumented are much less likely to commit a crime than native born citizens.

The vast majority of immigrants r just looking for a better life for their family!",2470,193,6,44,2
2024-11-05T16:58:49.000Z,UWDAction,False,False,"Project 2025 is a clear plan to weaponize the federal government in order to destroy our immigrant communities, and we won’t accept it. All people, regardless of immigration status, should have the right to move and live freely.",3321,46,2,26,7
2024-11-08T16:59:24.000Z,Mestiza_TK,False,False,"Thank you to my Mexican-American brothers and sisters. My family is South American but grew up within a Mexican immigrant community that loved us and to this day, they are my family. ",0,6,2,2,321
2024-03-17T13:27:13.000Z,RadioGenoa,True,False,Illegal African immigrant in Florence beats and robs a boy and no one intervenes. Intolerable.,372774,9038,731,3858,420
2024-03-28T06:41:30.000Z,RadioGenoa,True,False,Brave Spanish patriots educate the illegal African immigrant who threatens them with a 20cm knife. Education is important.,2305067,56041,3613,9733,1714
2024-03-21T00:02:03.000Z,tariqnasheed,True,False,"A suspected illegal immigrant in NYC allegedly tried to snatch a sista's purse while he was on a scooter. And he ended up with ""black & brown"" bruises on his face.

He realized that them New York women aint really the soft targets he thought they were",303656,2904,468,872,426
2024-05-19T19:41:40.000Z,robbystarbuck,True,False,"An illegal immigrant has been arrested in Campbell County, Virginia for raping a child.

His name is Hiuder Pedro Javier Sacul Caal.

How many children need to be raped or die before our politicians start mass deportations?",159121,8701,420,5218,108
2024-08-16T14:03:05.000Z,brixwe,True,False,"Head of Homeland Security Mayorkas is looking to ban the term ""illegal immigrant.""

What can we call them if not illegal immigrant?",513232,10402,21315,4789,272
2024-11-10T19:26:25.000Z,MyHandleNo,True,False,"They cry when illegal immigrant families are separated, but they don’t care about the families of citizens?!  This just breaks my heart.",2628,104,2,18,4
