timestamp,username,icon-verified,fact-checked,text,views,likes,replies,reposts,bookmarks
2024-09-08T14:55:46.000Z,amyforsandiego,True,False,"BREAKING: An illegal immigrant with a fake Green Card entered a San Diego military home and assaulted a 5-year-old girl. Thanks to Army veteran 
@thecorygoat
 and brave DHS whistleblowers, we now see how California’s sanctuary laws protect criminals while gaslighting Americans",976360,25487,443,14126,1171
2024-11-21T22:03:04.000Z,Am4ImmJustice,False,False,"It's #GiveMiamiDay. Your donation will help us give our immigrant community the chance for a better life. W Visit http://givemiamiday.org/aijustice
#GMD #GiveMiamiLove #immigration",0,0,2,67,0
2024-06-27T04:09:21.000Z,ImMeme0,True,False,"BREAKING: Illegal immigrant who shot 2 NYPD officers at 'point-blank range' indicted on 20 charges claims a notorious Venezuelan gang has been smuggling guns into city-run shelters.

Bernardo Raul Castro Mata (19) will be placed in protective custody following his explosive",913484,9483,414,5196,537
2024-09-10T00:03:45.000Z,KFILE,True,False,"Our report on CNN tonight: NEW on CNN: On a 2019 ACLU questionnaire Kamala Harris said she supported taxpayer-funded gender transition surgeries for detained immigrants, decriminalizing drug possession, and drastic cuts to ICE along with a pledge ""end' immigrant detention.",1292347,7010,822,3193,804
2024-11-06T12:35:34.000Z,Nibiru1000,True,False,"Who's ready for mass illegal immigrant deportations, protecting Black Jobs, and no taxes on overtime? Let's get this Money!! ",353468,9052,497,1736,1096
2018-04-25T13:33:58.000Z,Maria_Hinojosa,False,False,"Come on 
@nytimes
 There is no such thing as an “illegal” immigrant or “illegal” human being. A person, an immigrant, may have gotten to or stayed in a country illegally but the person is not “illegal”.",0,420,12,171,0
2024-11-20T15:23:21.000Z,Maria_Butina,False,False,"Today in Nizhny Novgorod, I met dozens of immigrant families who shared their challenges with the immigration process. We're listening and learning. As a State Duma deputy, I am committed to addressing these issues and improving Russia’s immigration system nationwide.",4368,140,13,23,8
2024-08-04T17:47:02.000Z,vszyb,False,False,"Elon Musk thinks a UK civil war is inevitable due to immigration… I’d just like to remind everyone the Musk is an immigrant to the US, and before that he was an immigrant in Canada.",565477,12150,1455,3411,195
2024-07-05T21:35:12.000Z,Mick_O_Keeffe,True,False,"An Illegal immigrant from Malawi celebrates being regularised in Ireland by immediately flying home to get married and bring more people to Ireland. 

17,000 illegals were given amnesty by the current government.",170633,4517,457,2215,223
2024-11-19T13:24:21.000Z,Mindcite_US,False,False,"Repost if you see a bigger threat to America than every Muslim, Mexican, Haitian, Venezuelan, Black, brown and nonwhite immigrant.

Combined.",3623,270,4,222,7
2024-11-20T17:15:00.000Z,theTrumpet_com,True,False,"""Los Angeles will not cooperate with ICE""

The LA City Council unanimously voted to pass a “sanctuary city” ordinance on Tuesday to prevent the city’s migrant population from being deported under President Donald Trump’s illegal-immigrant deportation plan.",0,17,5,17,890
2024-11-20T21:40:23.000Z,RepSamGraves,True,False,The Tren de Aragua gang is a threat to all our communities. Today I led my Missouri Republican colleagues in demanding that President Biden keep these dangerous illegal immigrant gang members out of our communities and out of our country.,0,15,1,4,793
2024-09-04T18:29:57.000Z,robbystarbuck,True,False,"An illegal immigrant has been arrested in TN after attacking a man with a PICKAXE.

The pickaxe was embedded in his skull.

Red states should defy Feds and deport all illegals before they hurt Americans. Dare Kamala to jail you for protecting your citizens.",117015,7429,225,3550,243
2024-09-13T16:50:05.000Z,CollinRugg,True,False,"JUST IN: Illegal immigrant arrested for m*rder after a family of four was found dead in their burning home in Irondequoit, N.Y.

Julio Cesar Pimentel Soriano, who was wanted in the Dominican Republic for m*rder in 2019, was arrested. 

Two toddlers and parents Fraime Ubaldo and",38707899,43978,3455,20921,4119
2023-09-18T15:47:33.000Z,SpencerLndqst,True,False,"Have you heard about America’s ‘largest illegal immigrant settlement’ that's said to be a hub of cartel activity?

I visited Colony Ridge for 
@realDailyWire
 to learn about a development that's home to 40k-75k people and is in the midst of a rapid expansion.

Here's what I found:",3746580,7842,554,4824,1759
2024-06-09T16:23:58.000Z,dom_lucre,True,True,"BREAKING: Anti-immigrant Malachy Steenson has been elected in Dublin Parliament, his goal is to provide ‘a safe future for his children.’ By addressing the growing problem of immigration in the EU, in short to prevent ‘The Great Replacement.’",504674,7855,218,1441,145
2024-08-01T13:12:05.000Z,DillyHussain88,True,False,"A judge has lifted reporting restrictions on the Southport stabber. 

We can now CONFIRM:

Name: Axel Rudakubana
Age: 17
Place of birth: Cardiff 
Religion: Not a Muslim

NOT A MUSLIM OR AN ILLEGAL IMMIGRANT THAT CAME ON A BOAT — WHICH THE FAR-RIOT RIOTERS HAVE CLAIMED.",2464526,20380,3926,4623,1182
2024-11-21T23:11:10.000Z,thenyic,False,False,"  HAPPENING NOW: We’re in Albany rallying with advocates, community members and elected officials for immigrant solidarity!",0,16,8,4,986
2024-02-13T04:52:11.000Z,EricAbbenante,True,False,"Sara Gonzales with a bombshell of a story:
The Lakewood Church shooter was an El Salvadorian immigrant who was detained by ICE. Genesse Moreno (Who also went by the alias Jeffery Escalante) had a voting record in the 2020 election. 
When people ask: ""Where is evidence that",3138540,22107,563,10820,2486
2024-11-20T19:41:49.000Z,educatefreedom_,True,False,"Today, we remember Laken Riley's sweet soul as justice is served: her murderer has been found guilty on 10 counts of murder. Laken did not deserve to lose her life at the hands of an illegal immigrant, brought to Atlanta on a taxpayer-funded flight. For 18 harrowing minutes, she",0,12,1,8,1492
2024-11-20T17:22:46.000Z,_NavyBrat,True,False,"Praying #LakenRiley's
soul is now at Peace 
RIPBeautiful Angel
Prayers for her Family who can now start their healing journey knowing justice was served  


Venezuelan Tren de Aragua (TDA) gang member and illegal immigrant Jose Ibarra, who brutally murdered Laken",4398,45,7,21,6
2024-11-14T14:17:54.000Z,PrincetonUPress,False,False,"In The Migrant’s Jail, Brianna Nofil examines a century-long history of immigrant incarceration in the United States.

This important book is out now. Read a sample: https://hubs.ly/Q02Ycz_30",0,969,3,10,0
2024-03-20T18:58:21.000Z,KeithWoodsYT,True,False," Immigrant TikToker with over 300k followers advising illegal immigrants on how to take over homes of Americans via squatter's rights laws. 

He says his friends have already taken over 7 homes.

""If you see an empty house in America you can squat in it- there is a law that",978224,3236,650,1190,789
