timestamp,username,icon-verified,fact-checked,text,views,likes,replies,reposts,bookmarks
2024-07-20T10:01:15.000Z,TulsiGabbard,True,False,"The Democrat elite paints anyone who wants to stop illegal immigration and secure our borders as racist and “anti-immigrant.” They are either very very stupid and don’t understand the difference between legal and illegal immigration, or they’re  trying to foment division and",1174271,53769,1812,11322,838
2024-08-01T19:45:09.000Z,AlphaNewsMN,True,False,"Minnesota Gov. Tim Walz says he wants to invest in a ""ladder factory"" to help illegal immigrants climb Trump's border wall, says we won't have Thanksgiving dinner anymore without illegal immigrant workers. 

Recent polling shows a majority of Americans support building a border",600606,3492,1815,2212,406
2024-09-03T22:27:18.000Z,DineshDSouza,True,False,"This video has been confirmed to be real from Culver City Police. 

A team of YouTubers who catch scammers recorded an interaction with Culver City PD where the officers refuse to arrest an illegal immigrant, who committed a crime, because they said Culver City is a sanctuary",325566,8877,606,5788,695
2024-03-04T13:00:18.000Z,SpeakerJohnson,True,False,"When asked about the tragic murder of Laken Riley by an illegal immigrant, Secretary Mayorkas visibly checked his talking points on how to deflect blame. 

Her killer should NOT have been allowed to enter the country and if the Administration had stopped him and turned him around",1060627,16481,5388,4598,246
2024-04-25T21:36:09.000Z,ImMeme0,True,False,"JUST IN: Mexican illegal immigrant charged with sexually assaulting two young girls under 13 years old during home invasion in Michigan. 

Miguel Hernandez-Ruiz was arraigned on one county of felony home invasion and two counts of felony criminal sexual conduct in the first",211076,3922,409,2526,187
2024-03-10T00:06:52.000Z,GOP,True,False,Biden is apologizing to an illegal immigrant arrested for murder. President Trump will stop criminals from entering the country.,277563,3772,559,1184,84
2024-08-31T02:58:21.000Z,stillgray,True,False,"Nancy Pelosi revealed to Bill Maher her outrageous plan to not only grant citizenship to every illegal immigrant but also to provide them with free housing, all on the dime of the hardworking American taxpayer. Cool cool cool.",1652662,19385,2658,7219,2171
2024-09-17T07:34:33.000Z,wayotworld,False,False,The Hebrew Immigrant Aid Society (HIAS) is facilitating the 'migrant' invasion on the US southern border.,99753,4873,382,1259,351
2024-08-04T02:01:40.000Z,RNCResearch,True,False,"“An undocumented immigrant is not a criminal.”

— Border Czar Kamala Harris",581084,3864,776,2094,248
2024-03-16T22:24:09.000Z,Liz_Wheeler,True,False,"TikTok just gave me a strike warning & removed this video. For being “hateful.”

Do you think it’s because I said “illegal immigrant” or “trans’ing kids”?",294250,13084,815,4593,259
2024-06-18T02:22:56.000Z,GregAbbott_TX,True,False,"Texas captures the #1 most wanted criminal illegal immigrant.

He's now behind bars in Tarrant Co.

We continue our search for the other most wanted.",114575,9112,355,1693,54
2024-04-17T20:01:58.000Z,ImMeme0,True,False,"NEW: African Community organizer says that NYC is “anti-African xenophobic.”  Also, she complains about the quality of FREE services illegal Africans receive. 

As an immigrant who has been living in NYC for almost 30 years I’m appalled that people who just got here have the",117958,2665,343,951,81
2024-06-28T18:05:00.000Z,DailyLoud,True,False,Illegal immigrant fatally shoots and kills 2 workers at Texas Chick-fil-A.,5851472,46905,1539,3457,2729
2023-10-01T11:30:37.000Z,NHPUKOfficial,False,False,"Immigrant family lands in UK & are found a Council flat in just 2 weeks.

Millions of Brits have been waiting for years on social housing waiting lists. 

NHPUK campaign to stop permanent settlement immigration & to completely stop accepting refugees for citizenship. 

#JoinNHPUK",727850,5474,852,3401,263
2024-07-28T11:28:59.000Z,TRUMP_ARMY_,True,False,"Do you support Donald Trump using the miIitary to help Mass Deport every illegal immigrant ?

A. YES 
B. NO",488086,30092,11851,3905,115
2024-07-29T00:31:50.000Z,TrumpDailyPosts,True,False,"Border Czar Kamala Harris: “An UNDOCUMENTED immigrant is NOT a criminal.”
@realDonaldTrump
 Donald Trump Truth Social 08:18 PM EST 07/28/24",159434,4400,438,2146,121
2024-06-19T19:55:29.000Z,usanews0,True,False,"BREAKING: Tulsi Gabbard just said, ""I want every single illegal immigrant sent back to their home country.""

Do you agree with Tulsi?
YES OR NO ??",657267,62343,5064,5399,171
2018-04-25T13:33:58.000Z,Maria_Hinojosa,False,False,"Come on 
@nytimes
 There is no such thing as an “illegal” immigrant or “illegal” human being. A person, an immigrant, may have gotten to or stayed in a country illegally but the person is not “illegal”.",0,420,12,171,0
2024-08-29T15:46:51.000Z,trumprealparody,True,False,"Do you support Me using the miIitary to MASS DEPORT every illegal immigrant ? 

A. YES
B. NO",168618,14211,6669,1929,60
2024-09-12T06:06:09.000Z,DefiyantlyFree,True,False,"Daughter of Haitian immigrant confirms ABC is lying about Springfield, Ohio.

The Harris campaign is the titanic and the iceberg is approaching.",592846,17907,556,8101,2139
2024-07-25T20:56:44.000Z,charliekirk11,True,False,"12 years before Joe Biden made her the Border Czar, San Francisco DA Kamala Harris let illegal immigrant drug offender clear their records in order to protect them from deportation.

Let's repeat that: Kamala Harris made a special effort to make sure that illegal immigrants who",657302,29111,726,19580,2265
2023-10-01T14:52:42.000Z,ImMeme0,True,False,"This is a 22-year-old ILLEGAL IMMIGRANT, Gang Member Oscar Luna who Was Arrested For Kidnapping Three Girls, Rap*ing And Tortur*ng Them, Including 11-Year-Old in Northern Minnesota.

Luna was wanted on active warrants related to two DWI offenses at the time of his arrest.

As",1095677,10580,1784,6628,282
