timestamp,username,icon-verified,fact-checked,text,views,likes,replies,reposts,bookmarks
2024-11-04T21:10:07.000Z,CALimmigrant,False,False,"Rent Control is on the ballot! Prop 33 lets cities and counties apply rent control to ALL types of housing, including single-family homes, condos, and newer apartments, preventing the state from limiting local rent control decisions. #VoteYES #Prop33 #CA2024",3088,8,1,2,2
2024-11-09T17:00:11.000Z,benonwine,True,False,Would you want an Illegal Immigrant Hotel near where you live?,0,235,253,69,11773
2024-11-06T15:26:23.000Z,camiinthisthang,True,False,The idea that every Latino is an illegal immigrant and therefore retarded for voting for trump is insane btw,7110,94,7,19,3
2024-11-06T12:35:34.000Z,Nibiru1000,True,False,"Who's ready for mass illegal immigrant deportations, protecting Black Jobs, and no taxes on overtime? Let's get this Money!! ",336754,9021,489,1725,1093
2024-11-09T03:18:02.000Z,mittenskittens_,True,False,"If you didn't know Obamacare = ACA and you're upset you're gonna lose it, you shouldn't have voted. If you didn't know American businesses/consumers would be the ones paying for the tariffs, you shouldn't have voted. If you thought your illegal immigrant family members wouldn't",0,4,13,70,5432
2023-09-18T15:47:33.000Z,SpencerLndqst,True,False,"Have you heard about America’s ‘largest illegal immigrant settlement’ that's said to be a hub of cartel activity?

I visited Colony Ridge for 
@realDailyWire
 to learn about a development that's home to 40k-75k people and is in the midst of a rapid expansion.

Here's what I found:",3745227,7825,550,4808,1749
2024-03-06T13:24:24.000Z,BPUnion,True,False,"Arresting illegal aliens who crash the border...illegally...is deemed ""anti-immigrant"" by Arizona Gov Katie ""Veto"" Hobbs.

Let that sink in for a moment.",81756,4729,420,1970,70
2024-04-16T16:33:34.000Z,sav_says_,True,False,"Welcome to the United States where our city parks are being overrun by illegal immigrant men. 

The city of NY is set to spend $12 billion through 2025 to take care of these men | 
@FrontlinesTPUSA",250370,7478,370,2489,285
2024-08-22T21:30:02.000Z,TheBabylonBee,True,False,Oprah Surprises DNC Attendees With Free Gift Under Each Seat: Their Own Illegal Immigrant https://buff.ly/4dyJGQu,1095022,39348,621,7917,402
2024-02-14T11:32:25.000Z,benonwine,True,False,"Not ONE Illegal IMMIGRANT has the right to come to Britain and receive taxpayer money. Period 

Who Agrees",122426,9716,419,1268,7
2024-08-15T21:42:47.000Z,TheRightMelissa,True,False,"Wow! Black Business woman has a message for Kamala Harris. 

She sobs after having to sell her food truck which was bought by an illegal immigrant who got free money from the Harris/Biden Administration.",222227,4164,411,1972,359
2024-11-02T04:55:04.000Z,ighaworth,True,False,"If Peanut the Squirrel was an illegal immigrant who was dealing fentanyl and raping women, New York Democrats would give him $5,000 and a cell phone.",2166070,71025,570,10723,1395
2024-08-16T14:03:05.000Z,brixwe,True,False,"Head of Homeland Security Mayorkas is looking to ban the term ""illegal immigrant.""

What can we call them if not illegal immigrant?",513220,10407,21317,4793,272
2024-06-26T14:46:08.000Z,Mick_O_Keeffe,True,False,"Foreign men are building an enormous immigrant village in rural Ireland, protected by an English man and his security firm and there's only a handful of local men opposing it. 

Ireland won't die because we lost the fight, Ireland will die because too many refused to fight.",80450,4993,388,1729,86
2024-10-11T21:23:57.000Z,ShadowofEzra,True,False,"Donald Trump has called for the immediate execution of any illegal immigrant convicted of killing an American citizen or law enforcement officer. 

He also announced plans to unleash elite federal squads tasked with hunting down, arresting, and deporting every illegal gang member",300874,13541,330,3691,500
2024-03-17T13:27:13.000Z,RadioGenoa,True,False,Illegal African immigrant in Florence beats and robs a boy and no one intervenes. Intolerable.,372758,9040,731,3861,420
2024-04-18T17:59:26.000Z,robbystarbuck,True,False,"A 40 year old illegal immigrant to the UK was set for deportation but the flight crew refused to deport him.

He then made news holding a sign that said ""migrants are not criminals"" at a detention center. He got to stay in the UK.

Now he’s brutally raped a 15 year old girl.

The",1100864,34973,1068,12252,1577
2024-11-08T16:59:24.000Z,Mestiza_TK,False,False,"Thank you to my Mexican-American brothers and sisters. My family is South American but grew up within a Mexican immigrant community that loved us and to this day, they are my family. ",0,6,2,2,309
2024-07-23T13:24:24.000Z,brixwe,True,False,"Uh oh. Mayorkas is upset and is banning the term ""illegal immigrant"".  Ok, how about ""invader""?",107239,3881,4911,1771,54
2024-11-06T21:39:45.000Z,ru_sky_,True,False,"Insane video. But I can see a lot of people falling for the ""hide your illegal immigrant friends in the attick"" thing.",0,15,2,2,219
