timestamp,username,icon-verified,fact-checked,text,views,likes,replies,reposts,bookmarks
2018-04-25T13:33:58.000Z,Maria_Hinojosa,False,False,"Come on 
@nytimes
 There is no such thing as an “illegal” immigrant or “illegal” human being. A person, an immigrant, may have gotten to or stayed in a country illegally but the person is not “illegal”.",0,436,12,171,0
2024-11-04T18:02:22.000Z,Snowflake_News,True,False,"JUST IN: Puerto Rican fitness influencer kidnapped and m*rdered by alleged illegal immigrant in Georgia.

24-year-old illegal alien Angel DeJesus Rivera-Sanchez is accused of m*rdering Puerto Rican native Minelys “Mimi” Rodriguez-Ramirez, 25.",1737,12,1,1,2
2024-11-08T22:41:50.000Z,tiffanyandsadie,True,False,Every Democrat should be assigned an illegal immigrant to feed and manage until deportation.,0,165,21,14,3612
2024-11-06T22:15:30.000Z,PrinceJamesFan,True,False,Me showing the cop the Illegal immigrant in my class on January 20th.,4470393,70923,321,4045,5463
2024-11-04T16:18:29.000Z,Blvdhuriel,False,False,my cousin tammat he voting for trump bru u cant een vote u a immigrant,12016,152,48,16,3
2024-06-27T15:08:57.000Z,nicksortor,True,False," JUST IN: Yet ANOTHER illegal immigrant has been arrested and charged with the r*pe of a 15 year old girl

BIDEN IS RESPONSIBLE.

President Trump needs to hit him HARD on this tonight. The American people need to know.",621713,18652,622,7990,302
2024-07-24T11:25:11.000Z,benonwine,True,False,"Honest Question…..

Should every illegal immigrant be deported?

YES or NO?",343122,13718,5933,1109,27
2024-08-22T21:30:02.000Z,TheBabylonBee,True,False,Oprah Surprises DNC Attendees With Free Gift Under Each Seat: Their Own Illegal Immigrant https://buff.ly/4dyJGQu,1095032,39338,621,7909,401
2024-08-29T15:46:51.000Z,trumprealparody,True,False,"Do you support Me using the miIitary to MASS DEPORT every illegal immigrant ? 

A. YES
B. NO",168491,14227,6675,1936,60
2024-11-02T04:55:04.000Z,ighaworth,True,False,"If Peanut the Squirrel was an illegal immigrant who was dealing fentanyl and raping women, New York Democrats would give him $5,000 and a cell phone.",2166692,70986,569,10718,1393
2024-11-05T20:19:35.000Z,abysms11,False,False,"who is more likely to take away your job?

- illegal immigrant 
- Ai",0,11,7,2,535
2024-11-09T17:00:11.000Z,benonwine,True,False,Would you want an Illegal Immigrant Hotel near where you live?,0,235,253,69,11816
2024-11-05T22:54:00.000Z,ighaworth,True,False,"I'm an immigrant. Here are three reasons immigrants should vote for Donald Trump:

 We came to this country for the American dream. Kamala Harris wants to turn America into the countries we left.
 Harris’s open border rewards criminals and punishes legal immigrants.
 Harris",4132,68,1,18,3
2024-11-03T23:30:09.000Z,ImmigrantCrimes,True,False,Left:,0,36,1,22,2723
2024-11-10T05:28:30.000Z,RealBababanaras,True,False,"Italian police and authorities are taking action by deploying bulldozers to demolish illegal Muslim immigrant markets in Rome. Illegal Muslim immigrants are being detained for deportation. 
Slowly but surely, the Yogi model is becoming famous worldwide.",93153,6850,64,1619,97
2024-11-05T16:58:49.000Z,UWDAction,False,False,"Project 2025 is a clear plan to weaponize the federal government in order to destroy our immigrant communities, and we won’t accept it. All people, regardless of immigration status, should have the right to move and live freely.",3325,46,2,26,7
2024-11-06T15:19:05.000Z,JasGarsd,False,False,"Last night an immigrant voter told me it was hard to distinguish between democrats and republicans on immigration. As 
@SergioMarBel
 & I have been reporting, Dems ran a campaign that veered to the right on immigration, at times indistinguishable from some of Trump’s 1st presidency",16266,220,8,71,16
2024-11-08T00:11:31.000Z,TheJFreakinC,True,False,"As a woman, I’ve never been worried about being raped, or SAed, by an illegal immigrant… But, I have been worried about being raped, and SAed, by white men, who are American citizens.",452727,15670,377,2172,216
2024-11-04T02:21:26.000Z,CollinRugg,True,False,"JUST IN: Puerto Rican fitness influencer kidnapped and m*rdered by alleged illegal immigrant in Georgia.

24-year-old Mexican illegal alien Angel DeJesus Rivera-Sanchez is accused of m*rdering Puerto Rican native Minelys “Mimi” Rodriguez-Ramirez, 25.

Rodriguez-Ramirez was last",1405711,21688,880,10376,1529
2023-05-26T21:57:01.000Z,TheyCallMeDoc1,True,False,"Lesson of the day. 
Migrant - A person who moves from place to place for work. 
Immigrant - A person who comes to live permanently.
Illegal Alien - a foreign national who is living without official authorization in a country.
They are not Migrants they are illegal aliens.",24497,1463,79,640,8
2024-11-08T14:29:12.000Z,CQuill97,False,False,The idea of an alien immigrant with a journalism degree who fights for the opressed voting republican is so hilarious.,37784,2391,17,430,96
2024-11-11T14:08:00.000Z,TimRunsHisMouth,True,False,If I was an illegal immigrant with Tom Homan in charge... I'd self-deport.,35900,3087,59,187,3
2024-11-04T21:10:07.000Z,CALimmigrant,False,False,"Rent Control is on the ballot! Prop 33 lets cities and counties apply rent control to ALL types of housing, including single-family homes, condos, and newer apartments, preventing the state from limiting local rent control decisions. #VoteYES #Prop33 #CA2024",3101,8,1,2,2
2024-11-10T17:06:02.000Z,lynsandrah37,False,False,Calling someone with a British passport an illegal immigrant must be the joke of the century,0,1204,5,44,0
