timestamp,username,icon-verified,fact-checked,text,views,likes,replies,reposts,bookmarks
2024-11-04T21:10:07.000Z,CALimmigrant,False,False,"Rent Control is on the ballot! Prop 33 lets cities and counties apply rent control to ALL types of housing, including single-family homes, condos, and newer apartments, preventing the state from limiting local rent control decisions. #VoteYES #Prop33 #CA2024",3082,8,1,2,2
2024-11-05T16:58:49.000Z,UWDAction,False,False,"Project 2025 is a clear plan to weaponize the federal government in order to destroy our immigrant communities, and we won’t accept it. All people, regardless of immigration status, should have the right to move and live freely.",3309,46,2,26,7
2024-11-02T04:55:04.000Z,ighaworth,True,False,"If Peanut the Squirrel was an illegal immigrant who was dealing fentanyl and raping women, New York Democrats would give him $5,000 and a cell phone.",2165819,71025,570,10726,1395
2024-11-08T00:11:31.000Z,TheJFreakinC,True,False,"As a woman, I’ve never been worried about being raped, or SAed, by an illegal immigrant… But, I have been worried about being raped, and SAed, by white men, who are American citizens.",451250,15715,378,2172,217
2024-11-06T01:02:26.000Z,ViceAndVirtues_,False,False,"I think it’s sad if your parents are immigrants and/or especially if you yourself are an immigrant, that you voted for someone that’s pushing to end birth right citizenship and wanting a massive deportation. This country was built on immigrants",30476,845,5,311,28
2024-10-06T18:18:56.000Z,RpsAgainstTrump,True,False,"Was Elon Musk an Illegal Immigrant? According to his brother Kimbal Musk, the answer is YES",1280624,27511,756,10547,2038
2024-11-08T14:19:41.000Z,BBlues100,False,False,"Listen to this they are putting our bus fair up to £3 and the illegal immigrant’s gets free bus fair, now this country is getting worse and worse just listen to this video",209189,9731,439,2864,400
2024-09-14T17:10:48.000Z,Robert_Cr59,True,False,"Imagine this guy in front of you and he's telling you ""The term illegal immigrant will no longer be tolerated"".  

Your reaction?",185228,3951,8792,2261,81
2024-11-06T17:11:42.000Z,yo_herran,False,False,"To folks lashing out at Trump-voting Latinos with ""you will get deported"": check yourselves. Latino is an ethnic marker not a citizenship status (or lack thereof) and it doesn't make one a deportable immigrant. You sound like the very man you despise.",1270,26,4,6,1
2024-11-05T22:32:00.000Z,ReadTheLion,True,False,An illegal immigrant man was arrested in New York after allegedly raping a 5-year-old girl.,10241,70,1,39,4
2024-11-06T15:25:13.000Z,Toxic_Ladx,False,False,MY FRIEND WHO'S A FUCKING ILLEGAL IMMIGRANT IN THE USA POSTED A VID SUPPORTING DONALD TRUMP ON HIS STORY YESTERDAY DFKMMMMMM ,0,30,8,2,1645
2024-11-10T17:06:02.000Z,lynsandrah37,False,False,Calling someone with a British passport an illegal immigrant must be the joke of the century,0,1181,5,43,0
2024-11-04T02:21:26.000Z,CollinRugg,True,False,"JUST IN: Puerto Rican fitness influencer kidnapped and m*rdered by alleged illegal immigrant in Georgia.

24-year-old Mexican illegal alien Angel DeJesus Rivera-Sanchez is accused of m*rdering Puerto Rican native Minelys “Mimi” Rodriguez-Ramirez, 25.

Rodriguez-Ramirez was last",1405344,21704,881,10388,1531
2024-11-04T20:10:30.000Z,DrakeBehren,True,False," Minelys Rodriguez RIP

Say her name because Biden and Harris won't!!

Another woman killed by an illegal immigrant allowed through our open border!

Mass Deportations Now  Protect our women and children!",26483,345,11,110,22
2024-11-08T16:59:24.000Z,Mestiza_TK,False,False,"Thank you to my Mexican-American brothers and sisters. My family is South American but grew up within a Mexican immigrant community that loved us and to this day, they are my family. ",0,6,2,2,307
2024-06-28T18:05:00.000Z,DailyLoud,True,False,Illegal immigrant fatally shoots and kills 2 workers at Texas Chick-fil-A.,5850649,47039,1543,3460,2734
2024-08-08T02:03:58.000Z,w_terrence,True,False," EVERYONE IN AMERICA SHOULD BE MAD!!

This Veteran is getting $23 dollars in food stamps but an illegal immigrant is getting $13,000 dollars

Yes this is real! I know people who receive $50 dollars.

This is happening under Kamala Harris and Joe Biden",312775,17624,1148,9949,592
2024-08-15T07:13:09.000Z,ImMeme0,True,False,"If this doesn’t break your heart and piss you off at the same time, I don’t know what will.

This veteran, who worked hard to start her business and buy her food truck, is now sharing her story of selling it to an illegal immigrant who has no credit or savings but is able to",3058717,83815,8498,39464,6775
2024-08-27T15:57:29.000Z,HawleyMO,True,False,"Last December, an illegal immigrant hit and killed 12-year old Travis Wolfe from St. Charles. Now she wants her bond reduced. UNDER NO CIRCUMSTANCE. I have written to the court to demand she remain in custody & be tried for her crimes. Close the border!",67861,7098,281,2024,41
2024-07-24T11:25:11.000Z,benonwine,True,False,"Honest Question…..

Should every illegal immigrant be deported?

YES or NO?",343122,13718,5933,1109,27
