timestamp,username,icon-verified,fact-checked,text,views,likes,replies,reposts,bookmarks
2024-08-08T02:03:58.000Z,w_terrence,True,False," EVERYONE IN AMERICA SHOULD BE MAD!!

This Veteran is getting $23 dollars in food stamps but an illegal immigrant is getting $13,000 dollars

Yes this is real! I know people who receive $50 dollars.

This is happening under Kamala Harris and Joe Biden",313094,17609,1147,9939,590
2024-08-23T02:47:23.000Z,bennyjohnson,True,False,"KAMALA HARRIS: ""I believe everyone has a right to safety, to dignity, and to justice."" 

Unless you’re a victim of brutality from an illegal immigrant.",301658,17573,1302,4575,125
2024-09-18T15:51:48.000Z,RepCarlos,True,False," I will NOT be intimidated by the socialist Democrats.

The left calls anyone who supports border security & legal immigration a racist.

I’m a Cuban exile and legal immigrant to this country — that bull WILL NEVER fly with me.",898026,47587,1251,14497,2463
2024-08-31T02:58:21.000Z,stillgray,True,False,"Nancy Pelosi revealed to Bill Maher her outrageous plan to not only grant citizenship to every illegal immigrant but also to provide them with free housing, all on the dime of the hardworking American taxpayer. Cool cool cool.",1652623,19392,2660,7222,2171
2024-03-11T18:39:48.000Z,MattWalshShow,True,False,"Haiti Descends Into Chaos As Our Borders Remain Wide Open

TIMESTAMPS:

00:00 - 00:30 Opening
1:55 - 15:31 Haiti Descends Into Chaos As Our Borders Remain Wide Open
16:28 - 27:52 Biden Refuses To Condemn Illegal Immigrant Who Murdered Laken Riley
27:53 - 39:30 Jimmy Kimmel",11138111,5302,507,1498,991
2024-11-11T02:42:18.000Z,colony76,True,False,"The distinction between an illegal & ""legal"" immigrant is borderline meaningless when the outcome of both is the same. We don't want more immigration, we want remigration. We want millions of mass deportations. Anything less is completely unacceptable.",43579,175,10,41,40
2024-11-12T08:08:04.000Z,DominiqueBilde,False,False,"République bananière:
S'il était Portugais, il serait arrêté, 
et comme il est immigrant, 
il serait libéré. 
Le pays que nous sommes en train de devenir est incroyable. #SalvarPortugal
#Immigration ",0,282,2,2,0
2024-11-17T17:48:13.000Z,civillycentered,True,False,"Welcome to #Portland where; American citizens sleep on the street while the city managed to scramble up housing for 80 illegal immigrant families -after they complained 24 hours prior on the news. 
@RonWyden
 @TinaKotek
 fuck you both
@KGWNews",0,9,2,3,213
2024-08-28T11:47:49.000Z,MorgothsReview,True,False,"Most political activity today isn't meant to solve problems; it is intended to warp language and obscure perceptions of problems.

Hence on immigration:
Illegal: contrary to or forbidden by law, especially criminal law.
Irregular: contrary to the rules or to that which is normal",14141,426,11,65,16
2024-08-17T17:53:59.000Z,EuropeInvasions,True,False,"BREAKING

While Keir Starmer's security forces are busy catching patriotic Brits posting comments, a new illegal immigrant boat has arrived on the UK coast. They are all young men. 

Do you think it's too late for the UK?",1344547,21711,3822,8001,718
2024-09-04T18:29:57.000Z,robbystarbuck,True,False,"An illegal immigrant has been arrested in TN after attacking a man with a PICKAXE.

The pickaxe was embedded in his skull.

Red states should defy Feds and deport all illegals before they hurt Americans. Dare Kamala to jail you for protecting your citizens.",116996,7431,225,3552,243
2024-09-11T00:28:42.000Z,TaylerUSA,True,False,"75-year Springfield, Ohio resident speaks on the Haitian Immigrant Influx and how it’s impacted the zip codes insurance rates:  

“We have maybe 3-4 (crashes) a day, everyday. The Haitians. Thats not even Americans that’s Haitians. Our insurance rates have went sky high because",342764,9001,233,3647,923
2024-09-16T00:07:17.000Z,LakotaMan1,True,False,"So, it wasn’t a Haitian immigrant that tried to shoot Trump. It was another, wait for it — Republican white man.",7506198,206280,4218,31429,3895
2024-08-27T15:57:29.000Z,HawleyMO,True,False,"Last December, an illegal immigrant hit and killed 12-year old Travis Wolfe from St. Charles. Now she wants her bond reduced. UNDER NO CIRCUMSTANCE. I have written to the court to demand she remain in custody & be tried for her crimes. Close the border!",67886,7086,281,2015,41
2024-11-12T17:35:02.000Z,JustTheNews,True,False,Breaking: Illegal immigrant accused of killing nursing student Laken Riley waives right to jury trial,0,22,1,10,2842
2024-11-12T01:27:59.000Z,Joe_S_Pure,True,False,"'TRAGIC LOSS': The mother of Rachel Morin, who was allegedly murdered by an illegal immigrant while out jogging last year, says her family is thankful for President Trump's commitment to making border security ""a national priority.” https://trib.al/TdeLXMt",0,288,5,15,0
2024-11-16T03:42:22.000Z,TONYxTWO,True,False,"“I’m really happy that Trump won. I’m a first generation Mexican Immigrant, my dad just got his citizenship this year… he had all Republican across the board.”

Love this so much!! Watch this  
@realDonaldTrump",1246198,74242,769,12959,1634
2024-11-19T16:12:35.000Z,SaycheeseDGTL,True,False,"Immigrant workers will be the ONLY source of U.S. labor force in the economy after 2052, according to new research by the National Foundation For American Policy.",46850,317,83,54,31
2024-08-20T05:48:42.000Z,RyanShead,True,False,"Dear Elon,

Here is the video you say doesn’t exist of Donald Trump saying there were very fine people on both sides after Charlottesville.

You keep saying X is this arbiter of truth, yet you spread lies to help Trump and conservatives.

You’re a former illegal immigrant who’s",5772446,37375,3279,12464,2288
2024-03-10T16:06:56.000Z,SpeakerJohnson,True,False,"The president is cowering to his base and showing deference to a man who deserves none. 

This man is an illegal immigrant who brutally murdered Laken Riley.  

President Biden should be apologizing to Laken’s family. 

What an embarrassment.",16451779,35752,9466,8762,645
2024-06-25T13:22:00.000Z,carolvorders,True,False,"Tommy Robinson arrested as an illegal immigrant in Canada 

It’s Rwanda for you my boy 

This really is an election run up that just keeps on giving isn’t it ?",4808247,34475,4336,5763,765
2024-03-03T10:59:47.000Z,TulsiGabbard,True,False,"A young woman in Georgia was murdered by an illegal immigrant who was set free twice—once when he illegally came into our country, and again when he was arrested shortly thereafter. If he wasn’t here, Ms. Riley wouldn’t have been killed. Kamala Harris and leaders of Dem Elite",377282,10885,472,2489,154
2023-08-28T11:00:47.000Z,GoldingBF,True,False,Illegal immigrant men filming themselves in the vicinity of a migrant hotel somewhere in England. The ‘313’ at the top of the video is a unit of the Taliban.,275392,3367,517,2018,91
