timestamp,username,icon-verified,fact-checked,text,views,likes,replies,reposts,bookmarks
2024-08-08T02:03:58.000Z,w_terrence,True,False," EVERYONE IN AMERICA SHOULD BE MAD!!

This Veteran is getting $23 dollars in food stamps but an illegal immigrant is getting $13,000 dollars

Yes this is real! I know people who receive $50 dollars.

This is happening under Kamala Harris and Joe Biden",313096,17609,1147,9939,590
2024-08-15T13:01:16.000Z,WallStreetApes,True,False,"ALL OF AMERICA, LISTEN TO THIS 

American Business owner is selling her food truck. Illegal immigrant shows up with paperwork that he is getting funding to purchase her truck with NO MONEY in the bank and NO CREDIT

She speaks with the bank and is told it’s COMMON, Illegal",1592226,32754,2426,15702,4417
2024-09-04T18:29:57.000Z,robbystarbuck,True,False,"An illegal immigrant has been arrested in TN after attacking a man with a PICKAXE.

The pickaxe was embedded in his skull.

Red states should defy Feds and deport all illegals before they hurt Americans. Dare Kamala to jail you for protecting your citizens.",116996,7431,225,3552,243
2024-08-31T02:58:21.000Z,stillgray,True,False,"Nancy Pelosi revealed to Bill Maher her outrageous plan to not only grant citizenship to every illegal immigrant but also to provide them with free housing, all on the dime of the hardworking American taxpayer. Cool cool cool.",1652625,19392,2660,7224,2171
2024-05-05T17:50:51.000Z,w_terrence,True,False,"Happy Cinco De Mayo !  As an illegal immigrant I want my free Tacos ,Nachos and 53 million dollars asap !

This is my identity & you will respect it!
If man can be a woman then I can be an illegal immigrant!

I WANT MY PESOS, Free Housing , Free Food and yes I will still complain",433818,15840,1203,4415,345
2024-11-16T22:00:09.000Z,FoxNews,True,False,'BLOOD ON THEIR HANDS': Incoming Border Czar Tom Homan calls on pro-sanctuary city Democrats to listen to the 911 call 22-year-old Laken Riley made before prosecutors say she was killed by an illegal immigrant,18621354,25609,730,6723,1284
2024-11-12T08:08:04.000Z,DominiqueBilde,False,False,"République bananière:
S'il était Portugais, il serait arrêté, 
et comme il est immigrant, 
il serait libéré. 
Le pays que nous sommes en train de devenir est incroyable. #SalvarPortugal
#Immigration ",0,283,2,2,0
2024-11-12T17:35:02.000Z,JustTheNews,True,False,Breaking: Illegal immigrant accused of killing nursing student Laken Riley waives right to jury trial,0,22,1,10,2842
2024-11-13T19:21:30.000Z,ChicanoPost,False,False,"The Mexican President reassured not to be worried about Trump and his plans for mass deportation. She expressed a warm welcome to the US immigrant community an stated if the US proceeds with deportations of Mexicans, Mexico would respond by deporting 2 million American immigrants",4626,42,10,23,7
2024-02-26T20:31:25.000Z,HouseGOP,True,False,"The man charged with the horrifying murder of 22-year-old Laken Riley is an illegal immigrant from Venezuela who crossed the southern border on Sep 8, 2022.

On Sep 20, 2022, Joe Biden said it was ""not rational"" to send illegal immigrants from Venezuela back to Venezuela.",252429,2839,760,1615,90
2024-08-23T02:47:23.000Z,bennyjohnson,True,False,"KAMALA HARRIS: ""I believe everyone has a right to safety, to dignity, and to justice."" 

Unless you’re a victim of brutality from an illegal immigrant.",301658,17571,1302,4575,125
2024-09-16T23:48:26.000Z,RyanAFournier,True,False,"Remember Leonel Moreno?

He’s the illegal immigrant that encouraged other illegals to take over the homes of American citizens and become squatters.

He was just ordered to be deported.

CYA B*TCH!",367908,4186,290,1060,68
2024-05-22T02:42:59.000Z,BrandiKruse,True,False,The illegal immigrant who killed a Washington State Trooper just got his bail reduced – because his attorneys convinced a judge their client isn't a danger to the community.,255995,9208,774,6668,251
2024-08-27T00:30:22.000Z,robbystarbuck,True,False,"Politico reports that California Democrats are likely to pass a bill granting up to $150,000 to each illegal immigrant to help them buy a house.

No, I’m not joking. Meanwhile homeless veterans and young families get nearly no help.

Politico’s headline is disgusting too. They",116485,3113,250,1455,140
2024-01-10T14:26:13.000Z,TulsiGabbardrep,True,False,"Do you support the mass deportation of every single illegal immigrant in America effective immediately ?

YES or NO ?",445446,26293,8839,2907,40
2024-05-24T10:50:25.000Z,GoldingBF,True,False,"An immigrant nutter threatens to kill the police in London while they carry out an immigration raid on an illegal immigrant.
Scenes like this are extremely common now in our lawless and degenerate land.",222718,4722,918,2114,104
2024-02-27T01:51:29.000Z,RNCResearch,True,False,Democrat Rep. Katie Porter on the murder of 22-year-old Laken Riley by an illegal immigrant: “The important thing to focus on is any one instance shouldn’t shape our overall immigration policy”,1851242,2607,2434,1612,189
2024-06-27T05:54:07.000Z,Artemisfornow,True,True,"UK - A Court has ordered a Somalian illegal immigrant must be given a council house and benefits because she has children. 

Even though she arrived from Denmark, where her husband now has citizenship.",350984,2382,431,1254,179
2023-09-18T15:47:33.000Z,SpencerLndqst,True,False,"Have you heard about America’s ‘largest illegal immigrant settlement’ that's said to be a hub of cartel activity?

I visited Colony Ridge for 
@realDailyWire
 to learn about a development that's home to 40k-75k people and is in the midst of a rapid expansion.

Here's what I found:",3746103,7836,552,4821,1756
2024-11-09T18:22:20.000Z,sav_says_,True,False,"NYC-There are currently illegal immigrants marching on the streets of New York holding a sign that reads “No to the anti-immigrant laws, no to deportations”

They shared they are from Ecuador and Peru.",5005047,33628,18846,9429,2263
2024-03-09T23:05:18.000Z,KanekoaTheGreat,True,False,"NEW: Biden says he regrets using the term “illegal” when talking about the illegal immigrant who allegedly killed Laken Riley.  

BIDEN 2024: ""I shouldn't have used illegal. It's undocumented.""

SCHUMER 2009: ""When we use phrases like undocumented workers, we convey a message",250929,4080,250,1385,300
2024-03-08T03:38:09.000Z,_MLFootball,True,False,President Joe Biden at the State of the Union said USC head coach Lincoln Riley was killed by an illegal immigrant,1937848,7583,304,907,730
2024-06-23T20:37:15.000Z,4Mischief,True,False,Should Joe Biden be held accountable for these illegal immigrant crimes?,204277,13021,1760,2820,69
2024-08-10T15:56:15.000Z,Shunyaa00,True,False," UK : Mohammed Sina, 30, illegal immigrant from Iran, attempted to rape 12-year-old British girls. Caught and arrested. Mohammed was previously in jail for assault and robbery.",365659,7913,787,4243,444
