timestamp,username,icon-verified,fact-checked,text,views,likes,replies,reposts,bookmarks
2024-11-04T21:10:07.000Z,CALimmigrant,False,False,"Rent Control is on the ballot! Prop 33 lets cities and counties apply rent control to ALL types of housing, including single-family homes, condos, and newer apartments, preventing the state from limiting local rent control decisions. #VoteYES #Prop33 #CA2024",3087,8,1,2,2
2018-04-25T13:33:58.000Z,Maria_Hinojosa,False,False,"Come on 
@nytimes
 There is no such thing as an “illegal” immigrant or “illegal” human being. A person, an immigrant, may have gotten to or stayed in a country illegally but the person is not “illegal”.",0,437,12,171,0
2024-07-08T21:13:39.000Z,TheRabbitHole84,True,False,"Which households are on Welfare in the United States? Here is one estimate:

- 39% of native born
- 52% of legal immigrant
- 59% of illegal immigrant",451102,4613,288,2046,793
2024-06-27T15:08:57.000Z,nicksortor,True,False," JUST IN: Yet ANOTHER illegal immigrant has been arrested and charged with the r*pe of a 15 year old girl

BIDEN IS RESPONSIBLE.

President Trump needs to hit him HARD on this tonight. The American people need to know.",621704,18656,622,8000,302
2024-11-11T14:07:31.000Z,IceholeFargin,False,False,An ILLEGAL immigrant!,0,11,1,6,213
2024-03-09T23:34:30.000Z,kleavittnh,True,False,"President Trump on Laken Riley’s Killer: 

“I say he is an illegal alien, he is an illegal immigrant, he is an illegal migrant, and he should have never been in our country, and he wouldn’t have been under the Trump policies.”",108677,5893,285,1786,48
2024-11-04T18:02:22.000Z,Snowflake_News,True,False,"JUST IN: Puerto Rican fitness influencer kidnapped and m*rdered by alleged illegal immigrant in Georgia.

24-year-old illegal alien Angel DeJesus Rivera-Sanchez is accused of m*rdering Puerto Rican native Minelys “Mimi” Rodriguez-Ramirez, 25.",1666,12,1,1,2
2024-08-22T21:30:02.000Z,TheBabylonBee,True,False,Oprah Surprises DNC Attendees With Free Gift Under Each Seat: Their Own Illegal Immigrant https://buff.ly/4dyJGQu,1095019,39348,621,7916,402
2024-11-06T01:02:26.000Z,ViceAndVirtues_,False,False,"I think it’s sad if your parents are immigrants and/or especially if you yourself are an immigrant, that you voted for someone that’s pushing to end birth right citizenship and wanting a massive deportation. This country was built on immigrants",30521,845,5,311,28
2024-11-06T15:26:23.000Z,camiinthisthang,True,False,The idea that every Latino is an illegal immigrant and therefore retarded for voting for trump is insane btw,7109,94,7,19,3
2024-08-15T21:42:47.000Z,TheRightMelissa,True,False,"Wow! Black Business woman has a message for Kamala Harris. 

She sobs after having to sell her food truck which was bought by an illegal immigrant who got free money from the Harris/Biden Administration.",222226,4166,411,1973,359
2024-04-17T15:15:57.000Z,sav_says_,True,False,"“They give me ticket for free to Chicago”

An illegal immigrant from Russia, who has been living in NYC for the past year, received a free plane ticket to Chicago sharing that he wants to “see a new city” and “feel a new vibe”

He then expressed plans to visit LA with another",3336621,9473,754,4055,1063
2024-01-18T00:58:44.000Z,ImMeme0,True,False,"BREAKING: Family of Kayla Marie Hamilton murdered by illegal immigrant and gang member files $100 MILLION lawsuit against Biden administration.

“We bring this landmark lawsuit in honor of Kayla to get answers on how this catastrophic failure occurred and help prevent another",512393,18138,638,6674,358
2024-02-27T01:58:04.000Z,nicksortor,True,False," JUST IN: Democrat Rep. Katie Porter says college student Laken Riley’s de*th at the hands of an ILLEGAL IMMIGRANT should NOT influence our overall immigration policy.

This is INSANITY.

Violent illegals from all over the world are FLOWING through our southern border, while",1109983,18107,2766,6282,380
2024-11-06T17:41:51.000Z,littlemissjacob,True,False,"Democrats on 𝕏 today: Doesn’t matter that I’m a Latina, a legal immigrant from Mexico—they call me ‘whitewashed’ and say my parents only married for papers. All because I didn’t vote their way? They’re pushing us further from their party with the dumbest strategy imaginable.",1280,49,6,5,1
2023-09-18T15:47:33.000Z,SpencerLndqst,True,False,"Have you heard about America’s ‘largest illegal immigrant settlement’ that's said to be a hub of cartel activity?

I visited Colony Ridge for 
@realDailyWire
 to learn about a development that's home to 40k-75k people and is in the midst of a rapid expansion.

Here's what I found:",3745221,7825,550,4808,1749
2024-03-17T13:27:13.000Z,RadioGenoa,True,False,Illegal African immigrant in Florence beats and robs a boy and no one intervenes. Intolerable.,372754,9039,731,3861,420
2024-05-24T15:09:46.000Z,KatieDaviscourt,True,False," MEET THE JUDGE: This is Judge Richard Okrent of the Snohomish County Superior Court — north of Seattle.

He reduced bail for an illegal immigrant accused of killing a WSP Trooper in March.

The $1 million bail was too harsh for the judge so he reduced it to $100k citing that",144375,6972,307,4138,141
2024-11-08T00:11:31.000Z,TheJFreakinC,True,False,"As a woman, I’ve never been worried about being raped, or SAed, by an illegal immigrant… But, I have been worried about being raped, and SAed, by white men, who are American citizens.",451507,15707,378,2172,217
2024-02-06T02:28:51.000Z,JulianCastro,True,False,"Democrats, you’re never going to be cruel enough, “tough” enough, anti-immigrant enough or able to deport your way to the negotiating table with McConnell and MAGA. Stop playing their game. Don’t act out of fear. Offer a positive vision on immigration instead. America needs it.",752015,11529,624,2963,175
2023-05-26T21:57:01.000Z,TheyCallMeDoc1,True,False,"Lesson of the day. 
Migrant - A person who moves from place to place for work. 
Immigrant - A person who comes to live permanently.
Illegal Alien - a foreign national who is living without official authorization in a country.
They are not Migrants they are illegal aliens.",24450,1464,79,639,8
2024-07-17T06:59:55.000Z,commons96055467,True,False,"Can I be honest with you. As an immigrant citizen, tonight I’m ashamed of America. Watching the Republican Convention, every speaker is demonizing me as non human because I’m brown. When I took the pledge of allegiance at my citizenship ceremony, the honorable judge said to be",2629730,32372,12523,8230,591
2024-11-11T13:14:36.000Z,Trump_speak_1,False,False,‘We The People’ have a mandate. MASS DEPORT every illegal immigrant on Day One ,0,66,3,6,0
2024-11-08T16:59:24.000Z,Mestiza_TK,False,False,"Thank you to my Mexican-American brothers and sisters. My family is South American but grew up within a Mexican immigrant community that loved us and to this day, they are my family. ",0,6,2,2,309
