timestamp,username,icon-verified,fact-checked,text,views,likes,replies,reposts,bookmarks
2024-11-05T16:58:49.000Z,UWDAction,False,False,"Project 2025 is a clear plan to weaponize the federal government in order to destroy our immigrant communities, and we won’t accept it. All people, regardless of immigration status, should have the right to move and live freely.",3350,46,2,27,7
2024-11-14T03:39:20.000Z,PatrioticMedia1,False,False,"PATRIOTIC DOCTORS BACK RAMATHUBA
Patriotic doctors including the outspoken 
@MikeRamothwala
 are giving their support to 
@PhophiRamathuba
 who is facing prosecution by #HPCSA for telling an illegal immigrant that Mnangagwa should be the one to take care of Zimbabwean patients.",6939,290,35,91,3
2024-11-13T19:51:14.000Z,FishTankViewer1,True,False,Burt thinks Simbal is an illegal immigrant lmfao #fishtanklive,0,15,6,92,1487
2024-11-08T07:29:11.000Z,FoxNews,True,False,Federal judge throws out Biden admin program to legalize illegal immigrant spouses of US citizens,220763,3094,114,597,58
2024-11-06T05:18:51.000Z,ian_mckelvey,True,False,"Look, it doesn’t matter that Biden dropped out. It doesn’t even matter if Kamala loses. The Democrats won. They successfully implemented their agenda of importing millions of new (illegal immigrant) voters. That was always their goal. Radical leftists play the long game. If Trump",1202,22,2,4,1
2024-11-06T06:42:51.000Z,Bubblebathgirl,True,False,"Laken Riley’s life was taken by an illegal immigrant because of Kamala Harris.

We never forgot.

We’ve now elected Donald J. Trump to be our 47th president to make sure Americans will be safe again to live, love, and dance.

We did it.",16663,1148,23,253,38
2024-11-07T17:40:17.000Z,HaitianBridge,False,False,"This is not the time to sit back. As we enter a new era, our immigrant communities need us to show up. The Haitian Bridge Alliance is not backing down. To everyone who has been with us, and believes in being on the right side of history — let’s get to work.",2913,66,4,33,3
2024-11-07T11:10:02.000Z,CrownMaybe,True,False,"This is doubly funny because Greene's district has large Mexican/Latin American, Indian, and Korean immigrant populations.",0,14,2,4,655
2024-11-07T14:54:47.000Z,mtelford_cis,False,False,"Massive illegal immigrant round-up will not happen. Illegal aliens can be persuaded to return home on their own by making it impractical to stay...saves gvt time & money & is preferable for the illegal aliens, allowing them to return on their own terms.",881,22,9,6,5
2024-11-08T15:30:11.000Z,FCN2go,False,False,A Trump-appointed judge ruled that the Biden administration had overstepped its authority and stretched relevant immigration laws to enable the program.,0,835,3,4,0
2024-11-10T16:34:16.000Z,LtChrisOlivarez,True,False,"#RGV 
@TxDPS
 K9 tracked over 2 miles a group of illegal immigrants avoiding capture in Mission - 4 arrests made. 

Troopers in Sullivan City arrested an illegal immigrant from Mexico after a short pursuit, resulting in the recovery of 6 illegal immigrants who all had colored",16655,561,56,235,23
2024-11-07T00:07:32.000Z,madisoncross__,False,False,"my heart has been heavy thinking about Jocelyn Nungaray, Laken Riley, and many other women whose right to LIFE was unmercifully  taken away and violated at the hands of illegal immigrant men who never should’ve stepped foot on American soil. Our border needs to be fixed NOW!",0,11,2,1,371
2024-11-10T13:12:44.000Z,stillgray,True,False,Do whatever you want all the time (if you’re an illegal Immigrant). Welcome to the UK.,26335,211,22,34,9
2024-11-11T19:05:17.000Z,immcouncil,False,False,"Happy Veterans Day! Today, we honor the brave men and women who have served our nation with unwavering courage and sacrifice. We also wish to highlight and celebrate the immigrant veterans who have served our country. Thank you for your service! #VeteransDay",736,10,1,6,1
2024-11-12T14:44:45.000Z,AprilNicoleinVA,True,False,"If I commit a crime, I have to reap the consequences. 

An ILLEGAL immigrant, who has committed a crime has to reap the consequences even if they means being separated from their family. 

The End",0,29,6,1,640
2024-11-08T16:20:26.000Z,DFBHarvard,True,False,"Remember when we said back in 2020 that Joe Biden was a ""Trojan Horse"" for the far out Left, or Progressives, or Marxists?

In 73 days, Joe Biden & Kamala Harris must leave the Whitehouse & Naval observatory. 

It can't come soon enough! ",365,12,3,4,1
2024-11-11T22:47:42.000Z,LawSelfDefense,True,False,"Proposed:  All American prison sentences to be doubled for anyone convicted who is found to be an illegal immigrant. 

2X. 

Discuss.",13372,274,79,29,4
2024-11-06T15:26:23.000Z,camiinthisthang,True,False,The idea that every Latino is an illegal immigrant and therefore retarded for voting for trump is insane btw,7175,95,7,19,3
2024-11-09T13:45:02.000Z,NEWSMAX,True,False,"A judge in Texas on Thursday ruled against President Joe Biden's program offering a path to citizenship for certain immigrant spouses of U.S. citizens, a blow that could keep the program blocked through Biden's final months in office. MORE: https://bit.ly/40Cgl3M",49675,1012,62,126,13
2024-11-10T19:18:52.000Z,PFIRorg,True,False,These people think immigrants don’t become U.S. citizens and vote. Wait till they find how the immigrant community in NYC voted. https://x.com/anniefortruth//anniefortruth/status/1855622516418417073…,0,63,2,14,1332
2024-11-05T20:33:11.000Z,Cernovich,True,False,Illegal immigrant charged with killing NYC landlady in rent dispute was allowed into US as an unaccompanied minor: sources,44165,720,12,229,36
2024-11-08T19:23:55.000Z,Bubblebathgirl,True,False,"Woman says that it’s sad her immigrant mom now worries she needs to carry her passport to prove she’s a citizen and avoid mass deportations.

That is sad. Blame illegal immigrants.",21100,770,396,158,23
2024-11-12T23:01:06.000Z,CatoInstitute,True,False,"Many Republicans act as if they can't succeed with a large immigrant electorate.

But the 2024 election provides the best evidence to date that Republicans can compete when immigration is high, writes 
@David_J_Bier
: https://cato.org/blog/immigrants-didnt-steal-election-after-all…",0,32,4,10,5347
