timestamp,username,icon-verified,fact-checked,text,views,likes,replies,reposts,bookmarks
2024-11-04T21:10:07.000Z,CALimmigrant,False,False,"Rent Control is on the ballot! Prop 33 lets cities and counties apply rent control to ALL types of housing, including single-family homes, condos, and newer apartments, preventing the state from limiting local rent control decisions. #VoteYES #Prop33 #CA2024",3096,8,1,2,2
2024-11-10T13:12:44.000Z,stillgray,True,False,Do whatever you want all the time (if you’re an illegal Immigrant). Welcome to the UK.,25996,211,21,35,8
2024-11-09T03:18:02.000Z,mittenskittens_,True,False,"If you didn't know Obamacare = ACA and you're upset you're gonna lose it, you shouldn't have voted. If you didn't know American businesses/consumers would be the ones paying for the tariffs, you shouldn't have voted. If you thought your illegal immigrant family members wouldn't",0,4,13,70,5434
2024-11-06T16:22:45.000Z,Laceythegr8,False,False,Nobody hates illegal immigrants more than an illegal immigrant who has become legal.,1741,12,1,15,1
2024-11-06T01:02:26.000Z,ViceAndVirtues_,False,False,"I think it’s sad if your parents are immigrants and/or especially if you yourself are an immigrant, that you voted for someone that’s pushing to end birth right citizenship and wanting a massive deportation. This country was built on immigrants",30566,845,5,310,28
2024-11-09T17:00:11.000Z,benonwine,True,False,Would you want an Illegal Immigrant Hotel near where you live?,0,235,253,69,11787
2024-11-11T19:40:01.000Z,NatImmForum,False,False,"A reminder this #VeteransDay, that citizenship should be accessible and attainable for the thousands of immigrant veterans and servicemembers who have bravely served our country. ",0,265,4,8,0
2024-11-09T21:42:01.000Z,MTGrepp,True,False,"MASS DEPORT EVERY ILLEGAL IMMIGRANT

MASS DEPORT EVERY ILLEGAL IMMIGRANT

MASS DEPORT EVERY ILLEGAL IMMIGRANT

MASS DEPORT EVERY ILLEGAL IMMIGRANT

MASS DEPORT EVERY ILLEGAL IMMIGRANT",22469,1324,128,261,6
2024-11-11T12:30:57.000Z,DrUmarAlQadri,True,False,"As the only candidate with an immigrant background in Dublin West, I'm sharing my unique perspective and policy on immigration and asylum. #Umar4DublinWest #UmarintheDail 
#immigration #asylum #Ireland #IrelandisFull ?",1688,43,11,5,1
2024-11-11T20:54:00.000Z,JeffDye,True,False,"This IS what I wanted. If you aren’t a LEGAL immigrant it means YOU’RE ILLEGAL. He’s deporting illegals THE EXACT same way 
@BarackObama
 did. Sooooo what. You don’t get to live wherever you want. You have to do it legally. To cry about it is insulting to all the LEGAL immigrants",1175,57,7,2,1
2024-11-06T00:14:31.000Z,0xSpliffy,True,False,I am an illegal immigrant voting in an important swing state #electionday #Election2024,3559,70,8,11,2
2024-06-28T18:05:00.000Z,DailyLoud,True,False,Illegal immigrant fatally shoots and kills 2 workers at Texas Chick-fil-A.,5850689,47033,1543,3460,2733
2024-08-29T15:46:51.000Z,trumprealparody,True,False,"Do you support Me using the miIitary to MASS DEPORT every illegal immigrant ? 

A. YES
B. NO",168471,14234,6675,1939,60
2024-08-12T19:42:06.000Z,Mick_O_Keeffe,True,False,"This is insane!!

An Irish woman walking around a proposed immigrant plantation site is confronted by foreign men in balaclavas and told to leave.

If you can watch this video and it doesn’t ring alarm bells then I don’t know what to say.",1271225,26070,1808,10593,2153
2024-09-12T21:37:00.000Z,TheRealKeean,True,False,Alberta should commit to putting every illegal immigrant that Trudeau sends over here on a bus bound for Ottawa.,67147,3791,304,654,10
2024-11-02T04:55:04.000Z,ighaworth,True,False,"If Peanut the Squirrel was an illegal immigrant who was dealing fentanyl and raping women, New York Democrats would give him $5,000 and a cell phone.",2166199,71018,570,10721,1395
2024-11-10T17:06:02.000Z,lynsandrah37,False,False,Calling someone with a British passport an illegal immigrant must be the joke of the century,0,1190,5,45,0
2024-03-06T13:24:24.000Z,BPUnion,True,False,"Arresting illegal aliens who crash the border...illegally...is deemed ""anti-immigrant"" by Arizona Gov Katie ""Veto"" Hobbs.

Let that sink in for a moment.",81759,4728,420,1971,70
2024-05-18T19:53:25.000Z,ImMeme0,True,False,"“It’s very traumatic… No. No good Rochester.” says an illegal immigrant from El Salvador.

Yaniry Pena came to the U.S. with her children a year ago.

She lived for FREE in NYC hotel for 4 months. Then she and her children were relocated to a FREE apartment in Rochester, NY.",1048140,8527,3521,3367,556
2024-05-30T07:40:30.000Z,WallStreetSilv,True,False,"ALERT:

Every American needs to hear this.

""$9000 roughly per illegal immigrant that taxpayers fronting""

That's more money than we spend per Medicaid beneficiary.

That's more than we spend for our  veterans, in the way of military, retirement benefits.

That's more than we",313805,6115,285,3030,621
2024-07-17T06:59:55.000Z,commons96055467,True,False,"Can I be honest with you. As an immigrant citizen, tonight I’m ashamed of America. Watching the Republican Convention, every speaker is demonizing me as non human because I’m brown. When I took the pledge of allegiance at my citizenship ceremony, the honorable judge said to be",2629732,32322,12523,8231,590
2024-03-08T03:38:09.000Z,_MLFootball,True,False,President Joe Biden at the State of the Union said USC head coach Lincoln Riley was killed by an illegal immigrant,1937751,7591,304,907,731
2024-03-16T22:24:09.000Z,Liz_Wheeler,True,False,"TikTok just gave me a strike warning & removed this video. For being “hateful.”

Do you think it’s because I said “illegal immigrant” or “trans’ing kids”?",294217,13090,817,4598,262
