timestamp,username,icon-verified,fact-checked,text,views,likes,replies,reposts,bookmarks
2024-08-08T02:03:58.000Z,w_terrence,True,False," EVERYONE IN AMERICA SHOULD BE MAD!!

This Veteran is getting $23 dollars in food stamps but an illegal immigrant is getting $13,000 dollars

Yes this is real! I know people who receive $50 dollars.

This is happening under Kamala Harris and Joe Biden",313085,17610,1147,9936,590
2024-04-18T20:21:32.000Z,ImMeme0,True,False,"UPDATE: Homeland Security released the illegal immigrant accused of killing Laken Riley into the U.S. because it lacked the detention space.

Jose Ibarra, the individual accused of the murder of 22-year-old Laken, was granted release through the authority of Homeland Security",244635,5492,464,3148,184
2024-11-11T02:42:18.000Z,colony76,True,False,"The distinction between an illegal & ""legal"" immigrant is borderline meaningless when the outcome of both is the same. We don't want more immigration, we want remigration. We want millions of mass deportations. Anything less is completely unacceptable.",43419,171,10,41,39
2024-05-22T02:42:59.000Z,BrandiKruse,True,False,The illegal immigrant who killed a Washington State Trooper just got his bail reduced – because his attorneys convinced a judge their client isn't a danger to the community.,255992,9207,774,6668,251
2024-09-17T07:34:33.000Z,wayotworld,False,False,The Hebrew Immigrant Aid Society (HIAS) is facilitating the 'migrant' invasion on the US southern border.,99708,4879,383,1260,355
2024-02-06T21:34:25.000Z,w_terrence,True,False,"I might lose a lot of support after this 

IM GIVING UP MY AMERICAN CITIZENSHIP!!!!!! 

I’m changing my race to Mexican and I now identify as an illegal Immigrant after finding out New York City will be giving out 53 million dollars to migrants 

My new name is Paco Nacho",1492032,42229,4334,11107,959
2024-08-15T07:13:09.000Z,ImMeme0,True,False,"If this doesn’t break your heart and piss you off at the same time, I don’t know what will.

This veteran, who worked hard to start her business and buy her food truck, is now sharing her story of selling it to an illegal immigrant who has no credit or savings but is able to",3060017,83725,8491,39422,6765
2024-08-15T13:01:16.000Z,WallStreetApes,True,False,"ALL OF AMERICA, LISTEN TO THIS 

American Business owner is selling her food truck. Illegal immigrant shows up with paperwork that he is getting funding to purchase her truck with NO MONEY in the bank and NO CREDIT

She speaks with the bank and is told it’s COMMON, Illegal",1592186,32753,2426,15699,4417
2024-11-06T12:35:34.000Z,Nibiru1000,True,False,"Who's ready for mass illegal immigrant deportations, protecting Black Jobs, and no taxes on overtime? Let's get this Money!! ",352499,9060,498,1737,1098
2023-10-01T11:30:37.000Z,NHPUKOfficial,False,False,"Immigrant family lands in UK & are found a Council flat in just 2 weeks.

Millions of Brits have been waiting for years on social housing waiting lists. 

NHPUK campaign to stop permanent settlement immigration & to completely stop accepting refugees for citizenship. 

#JoinNHPUK",727327,5473,852,3402,263
2023-08-28T11:00:47.000Z,GoldingBF,True,False,Illegal immigrant men filming themselves in the vicinity of a migrant hotel somewhere in England. The ‘313’ at the top of the video is a unit of the Taliban.,275391,3367,517,2018,91
2024-08-27T00:30:22.000Z,robbystarbuck,True,False,"Politico reports that California Democrats are likely to pass a bill granting up to $150,000 to each illegal immigrant to help them buy a house.

No, I’m not joking. Meanwhile homeless veterans and young families get nearly no help.

Politico’s headline is disgusting too. They",116484,3113,250,1455,140
2024-02-07T21:59:09.000Z,JamesOKeefeIII,True,False,"BREAKING: O’Keefe Media Group infiltrates SECRET converted illegal immigrant compound CASA ALITAS Ramada Hotel in Tucson.

This secret operation is funded by Catholic Community Services of Tucson and enriches groups like, “Las Palmas.”

O’Keefe disguised himself as a homeless",4554704,62130,2887,29895,6481
2024-03-17T02:37:04.000Z,Jessica_4_Trump,True,False,"Happening Now:  Illegal Immigrant Virgilio Aguilar Mendez has been released from ICE custody after manslaughter charges were dropped against him.  He’s now suing the Florida Sheriffs office for violating his rights.  

Last year a Sheriff’s Deputy attempted to stop Mendez, but he",1449925,19492,4098,7476,711
2024-02-27T01:58:04.000Z,nicksortor,True,False," JUST IN: Democrat Rep. Katie Porter says college student Laken Riley’s de*th at the hands of an ILLEGAL IMMIGRANT should NOT influence our overall immigration policy.

This is INSANITY.

Violent illegals from all over the world are FLOWING through our southern border, while",1110032,18095,2765,6272,378
2024-01-18T00:58:44.000Z,ImMeme0,True,False,"BREAKING: Family of Kayla Marie Hamilton murdered by illegal immigrant and gang member files $100 MILLION lawsuit against Biden administration.

“We bring this landmark lawsuit in honor of Kayla to get answers on how this catastrophic failure occurred and help prevent another",512467,18117,638,6666,357
2024-08-29T15:46:51.000Z,trumprealparody,True,False,"Do you support Me using the miIitary to MASS DEPORT every illegal immigrant ? 

A. YES
B. NO",168592,14215,6669,1933,60
