timestamp,username,icon-verified,fact-checked,text,views,likes,replies,reposts,bookmarks
2024-09-09T17:08:51.000Z,CubanOnlyTrump,True,False,"JUST ANNOUNCED :Kamala Harris ""We extended Temporary Protected Status to over 100,000 Haitian Migrants. They need support.""

Aiden Clarke an 11-year-old was kiIIed on his way to school in Springfield, Ohio.  

His kiIIer was a Haitian illegal immigrant that Kamala FLEW in.

Never",1360379,21962,2068,16348,1297
2024-07-20T10:01:15.000Z,TulsiGabbard,True,False,"The Democrat elite paints anyone who wants to stop illegal immigration and secure our borders as racist and “anti-immigrant.” They are either very very stupid and don’t understand the difference between legal and illegal immigration, or they’re  trying to foment division and",1173994,53763,1813,11315,838
2024-03-09T23:34:30.000Z,karolineleavitt,True,False,"President Trump on Laken Riley’s Killer: 

“I say he is an illegal alien, he is an illegal immigrant, he is an illegal migrant, and he should have never been in our country, and he wouldn’t have been under the Trump policies.”",108847,5888,284,1780,48
2024-01-10T14:26:13.000Z,TulsiGabbardrep,True,False,"Do you support the mass deportation of every single illegal immigrant in America effective immediately ?

YES or NO ?",445449,26296,8839,2909,40
2024-08-15T13:01:16.000Z,WallStreetApes,True,False,"ALL OF AMERICA, LISTEN TO THIS 

American Business owner is selling her food truck. Illegal immigrant shows up with paperwork that he is getting funding to purchase her truck with NO MONEY in the bank and NO CREDIT

She speaks with the bank and is told it’s COMMON, Illegal",1592252,32753,2426,15702,4417
2024-08-17T17:53:59.000Z,EuropeInvasions,True,False,"BREAKING

While Keir Starmer's security forces are busy catching patriotic Brits posting comments, a new illegal immigrant boat has arrived on the UK coast. They are all young men. 

Do you think it's too late for the UK?",1344560,21706,3821,7999,718
2024-01-25T02:55:00.000Z,glennbeck,True,False,"Do Doctors Without Borders and the Red Cross know that by handing out detailed maps of how to get to the US border, they're contributing to human trafficking and allowing cartels to make $2000 per illegal immigrant? Do they know terrorists could be using these routes?",142938,6618,302,3458,236
2024-02-27T01:51:29.000Z,RNCResearch,True,False,Democrat Rep. Katie Porter on the murder of 22-year-old Laken Riley by an illegal immigrant: “The important thing to focus on is any one instance shouldn’t shape our overall immigration policy”,1851243,2608,2434,1612,189
2024-08-04T02:01:40.000Z,RNCResearch,True,False,"“An undocumented immigrant is not a criminal.”

— Border Czar Kamala Harris",581079,3864,776,2096,248
2024-03-11T18:39:48.000Z,MattWalshShow,True,False,"Haiti Descends Into Chaos As Our Borders Remain Wide Open

TIMESTAMPS:

00:00 - 00:30 Opening
1:55 - 15:31 Haiti Descends Into Chaos As Our Borders Remain Wide Open
16:28 - 27:52 Biden Refuses To Condemn Illegal Immigrant Who Murdered Laken Riley
27:53 - 39:30 Jimmy Kimmel",11138137,5302,507,1499,991
2024-01-04T04:54:37.000Z,BigBlueWaveUSA,True,False,"In the 2024 election, Republicans will run on the border/immigrant invasion/caravans.
But ask for THEIR solution. This reporter asked Ted Cruz and got no answer / hostility and a “You don’t get to argue with me” response.
The GOP WANTS this - to run on it.",554232,11673,1850,4903,321
2024-06-27T04:09:21.000Z,ImMeme0,True,False,"BREAKING: Illegal immigrant who shot 2 NYPD officers at 'point-blank range' indicted on 20 charges claims a notorious Venezuelan gang has been smuggling guns into city-run shelters.

Bernardo Raul Castro Mata (19) will be placed in protective custody following his explosive",913358,9485,414,5198,537
2024-03-08T03:38:09.000Z,_MLFootball,True,False,President Joe Biden at the State of the Union said USC head coach Lincoln Riley was killed by an illegal immigrant,1937850,7585,304,907,730
2024-02-07T21:59:09.000Z,JamesOKeefeIII,True,False,"BREAKING: O’Keefe Media Group infiltrates SECRET converted illegal immigrant compound CASA ALITAS Ramada Hotel in Tucson.

This secret operation is funded by Catholic Community Services of Tucson and enriches groups like, “Las Palmas.”

O’Keefe disguised himself as a homeless",4554728,62117,2886,29895,6480
2024-06-27T05:54:07.000Z,Artemisfornow,True,True,"UK - A Court has ordered a Somalian illegal immigrant must be given a council house and benefits because she has children. 

Even though she arrived from Denmark, where her husband now has citizenship.",350994,2382,431,1254,179
2023-10-01T11:30:37.000Z,NHPUKOfficial,False,False,"Immigrant family lands in UK & are found a Council flat in just 2 weeks.

Millions of Brits have been waiting for years on social housing waiting lists. 

NHPUK campaign to stop permanent settlement immigration & to completely stop accepting refugees for citizenship. 

#JoinNHPUK",727474,5470,852,3402,263
2024-09-11T00:28:42.000Z,TaylerUSA,True,False,"75-year Springfield, Ohio resident speaks on the Haitian Immigrant Influx and how it’s impacted the zip codes insurance rates:  

“We have maybe 3-4 (crashes) a day, everyday. The Haitians. Thats not even Americans that’s Haitians. Our insurance rates have went sky high because",342776,8996,233,3645,923
2024-08-22T20:26:26.000Z,CollinRugg,True,False,"JUST IN: The mother of Rachel Morin, who was k*lled by an illegal immigrant, joins Trump at the border, blasts the Biden-Kamala admin for their open border policies.

Patty Morin delivered an emotional speech alongside Trump during his visit to the southern border. 

""Rachel was",1064381,32287,535,8681,606
2024-04-25T21:36:09.000Z,ImMeme0,True,False,"JUST IN: Mexican illegal immigrant charged with sexually assaulting two young girls under 13 years old during home invasion in Michigan. 

Miguel Hernandez-Ruiz was arraigned on one county of felony home invasion and two counts of felony criminal sexual conduct in the first",211009,3918,410,2528,187
2024-03-17T02:37:04.000Z,Jessica_4_Trump,True,False,"Happening Now:  Illegal Immigrant Virgilio Aguilar Mendez has been released from ICE custody after manslaughter charges were dropped against him.  He’s now suing the Florida Sheriffs office for violating his rights.  

Last year a Sheriff’s Deputy attempted to stop Mendez, but he",1449931,19488,4098,7477,711
