timestamp,username,icon-verified,fact-checked,text,views,likes,replies,reposts,bookmarks
2024-11-11T02:42:18.000Z,colony76,True,False,"The distinction between an illegal & ""legal"" immigrant is borderline meaningless when the outcome of both is the same. We don't want more immigration, we want remigration. We want millions of mass deportations. Anything less is completely unacceptable.",43174,169,10,40,39
2024-11-14T15:55:04.000Z,Cartel_Cal,True,False,"Probably an illegal immigrant and friend of 
@Scott_Wiener
.",0,84,9,15,1061
2024-11-19T04:00:38.000Z,_Charlene_TX,False,False,"Illegal aliens getting citizenship with no effort is a smack in the face to every single immigrant who came to this country legally

It takes years and money and all the illegals had to do was cross illegally 

Deport all of them",0,15,1,2,90
2024-11-18T12:30:08.000Z,FoxNews,True,False,"'HORRIFIC': Defense attorney highlights how the overwhelming evidence in the Laken Riley murder trial against illegal immigrant suspect Jose Ibarra points to a conviction ""sooner rather than later."" The case unfolds in the aftermath of the 2024 election, where the surge of",140130,313,51,76,9
2018-04-25T13:33:58.000Z,Maria_Hinojosa,False,False,"Come on 
@nytimes
 There is no such thing as an “illegal” immigrant or “illegal” human being. A person, an immigrant, may have gotten to or stayed in a country illegally but the person is not “illegal”.",0,420,12,171,0
2024-03-09T11:50:10.000Z,JoeConchaTV,True,False,"An immigrant is someone who comes to the country *legally*. 

This question (and the answer) is everything you need to know about the media and the president they run cover for.",9775,439,40,104,5
2024-11-14T20:48:00.000Z,ResisttheMS,True,False,"Illegal immigrant says he will STILL SUPPORT TRUMP even if he gets DEPORTED. 

""I want [life] better for my children.""",9721,131,9,14,5
2024-11-14T00:31:53.000Z,BrentScher,True,False,"The 
@realDailyWire
 is in DC to celebrate the Dao Prize for investigative journalism with 
@yaf
 @NJC_YAF
Our 
@SpencerLndqst
 is nominated for the top prize for his report on Colony Ridge, the massive illegal immigrant settlement in Texas",108650,752,19,74,15
2024-11-15T16:29:13.000Z,alienmilian,True,False,"This is Elon Musk. 

The world's richest person who turned a $44B bet into the most influential platform in modern democracy. 

From sleeping in Tesla factories to owning the digital town square, here's how a South African immigrant became the champion of free speech ",550,4,1,2,1
2024-11-10T19:26:25.000Z,MyHandleNo,True,False,"They cry when illegal immigrant families are separated, but they don’t care about the families of citizens?!  This just breaks my heart.",2786,106,2,21,4
2024-11-16T00:13:52.000Z,RealAmVoice,True,False,"""18 MINUTES SHE FOUGHT THAT MAN OFF, TRYING TO SAVE HER LIFE!"" 
@stinchfield1776
 reports on chilling details from the murder trial of Laken Riley, killed by an illegal immigrant. THIS SHOULD NEVER HAVE HAPPENED!",8621,193,10,84,6
2024-11-17T12:17:26.000Z,Wnc_Ash,True,False,"Laken Riley fought for her life against an illegal immigrant for 17 minutes before her head was smashed to death by a rock. Tell me again how I didn't vote to protect women.

#LakenRiley 
#MagaForLife",0,14,4,4,422
2024-11-11T12:37:43.000Z,thatdudedusty,True,False,"Fox & Friends - Tom Homan

Tom Homan slams his critics on the southern border.

Tom Homan doubles down on Border Security.
""Border Security is National Security.""

Homan - ""Let us protect not only American communities. Let us protect Immigrant Communities. Who is victim of MS-13",1594,7,1,5,3
2024-11-13T19:21:02.000Z,irumyuui,True,False,Says the illegal immigrant.,0,0,10,344,0
2024-11-12T08:08:04.000Z,DominiqueBilde,False,False,"République bananière:
S'il était Portugais, il serait arrêté, 
et comme il est immigrant, 
il serait libéré. 
Le pays que nous sommes en train de devenir est incroyable. #SalvarPortugal
#Immigration ",0,282,2,2,0
2024-11-13T18:18:02.000Z,MatRoyer,True,False,"A migrant serial killer: the cinder block killer. 

An illegal immigrant from Cameroon attacked a homeless man in Rotterdam, leaving him in a coma.
Previously, he had killed in Lyon, Évry, Dijon and Strasbourg. He was arrested at Toulon station for assaulting a woman. He was",0,944,2,10,0
2024-11-10T19:20:00.000Z,NTDNews,True,False,A judge has ruled that New York City cannot invoke a centuries-old “anti-pauper” law to block Texas from offering illegal immigrants free bus rides to the Big Apple.,0,32,1,12,1631
2024-11-11T16:01:24.000Z,GraduatedBen,True,False,"That’s right libtard, we stole the election using Starlink and having each illegal immigrant cast 1000 early votes for Trump. The only way to secure the elections is to do it analog. Photo ID, Election Day voting, citizenship check, paper ballots, hand counted. But by claiming",14774,540,13,48,18
2024-11-12T02:51:36.000Z,realBradBrewer,True,False,"HOMAN: “If you're in the country illegally, you shouldn't be feeling comfortable.”

First order of business is getting rid of criminal elements among the illegal immigrant ranks, but everyone here illegally should plan to head home.",0,183,1,3,0
2024-09-09T17:08:51.000Z,CubanOnlyTrump,True,False,"JUST ANNOUNCED :Kamala Harris ""We extended Temporary Protected Status to over 100,000 Haitian Migrants. They need support.""

Aiden Clarke an 11-year-old was kiIIed on his way to school in Springfield, Ohio.  

His kiIIer was a Haitian illegal immigrant that Kamala FLEW in.

Never",1360286,21967,2069,16344,1298
