timestamp,username,icon-verified,fact-checked,text,views,likes,replies,reposts,bookmarks
2024-09-09T17:08:51.000Z,CubanOnlyTrump,True,False,"JUST ANNOUNCED :Kamala Harris ""We extended Temporary Protected Status to over 100,000 Haitian Migrants. They need support.""

Aiden Clarke an 11-year-old was kiIIed on his way to school in Springfield, Ohio.  

His kiIIer was a Haitian illegal immigrant that Kamala FLEW in.

Never",1360267,21963,2069,16344,1298
2024-09-08T14:55:46.000Z,amyforsandiego,True,False,"BREAKING: An illegal immigrant with a fake Green Card entered a San Diego military home and assaulted a 5-year-old girl. Thanks to Army veteran 
@thecorygoat
 and brave DHS whistleblowers, we now see how California’s sanctuary laws protect criminals while gaslighting Americans",975757,25483,444,14125,1174
2024-09-03T22:27:18.000Z,DineshDSouza,True,False,"This video has been confirmed to be real from Culver City Police. 

A team of YouTubers who catch scammers recorded an interaction with Culver City PD where the officers refuse to arrest an illegal immigrant, who committed a crime, because they said Culver City is a sanctuary",325540,8877,606,5784,696
2024-09-15T12:15:11.000Z,EuropeInvasions,True,False,An illegal immigrant boat carrying 64 people set off from Tunisia. The boat heading towards Europe sank on Friday. 58 illegal immigrants died.,311169,9054,1953,1036,184
2024-11-16T22:00:09.000Z,FoxNews,True,False,'BLOOD ON THEIR HANDS': Incoming Border Czar Tom Homan calls on pro-sanctuary city Democrats to listen to the 911 call 22-year-old Laken Riley made before prosecutors say she was killed by an illegal immigrant,18556287,25490,720,6684,1280
2024-10-24T16:12:12.000Z,RyanMattaMedia,True,False,"A illegal immigrant mercenary who is also a MS-13 gang member just preformed a human sacrifice. Will your daughter be next? 
@JJCarrell14",247782,7881,373,7000,1212
2024-08-20T05:48:42.000Z,RyanShead,True,False,"Dear Elon,

Here is the video you say doesn’t exist of Donald Trump saying there were very fine people on both sides after Charlottesville.

You keep saying X is this arbiter of truth, yet you spread lies to help Trump and conservatives.

You’re a former illegal immigrant who’s",5772402,37442,3279,12460,2287
2024-05-05T17:50:51.000Z,w_terrence,True,False,"Happy Cinco De Mayo !  As an illegal immigrant I want my free Tacos ,Nachos and 53 million dollars asap !

This is my identity & you will respect it!
If man can be a woman then I can be an illegal immigrant!

I WANT MY PESOS, Free Housing , Free Food and yes I will still complain",433810,15836,1203,4413,345
2023-12-26T05:00:09.000Z,OliviaTroye,True,False,"Some keep telling me to go back to Mexico. It’s what happens when a fmr President cranks up his ugly anti-immigrant rhetoric again. I was born here. My mom & family immigrated here. She became an American citizen. They worked their asses off as migrant farm workers, long distance",692915,15724,1162,2197,160
2024-03-09T23:34:30.000Z,karolineleavitt,True,False,"President Trump on Laken Riley’s Killer: 

“I say he is an illegal alien, he is an illegal immigrant, he is an illegal migrant, and he should have never been in our country, and he wouldn’t have been under the Trump policies.”",108833,5886,285,1780,48
2024-11-06T12:35:34.000Z,Nibiru1000,True,False,"Who's ready for mass illegal immigrant deportations, protecting Black Jobs, and no taxes on overtime? Let's get this Money!! ",352302,9055,498,1737,1099
2024-11-12T14:58:16.000Z,MichaelBrun,True,False,"Talking to Rose about her journey to Springfield, Ohio and opening her Haitian restaurant 

#haitian #haiti #ayiti #springfield #immigrant",27808,605,19,141,39
2024-05-29T12:36:30.000Z,TRobinsonNewEra,True,False,"The Prime Minister of Hungary, 
@PM_ViktorOrban
 exposes the document proving George Soros is largely behind the global illegal immigrant invasion.",283869,7496,268,4230,882
2024-08-08T18:51:23.000Z,RyanShead,True,False,The only illegal immigrant influencing elections in the United States is Elon Musk.,534786,33993,698,10814,345
2024-11-16T00:13:52.000Z,RealAmVoice,True,False,"""18 MINUTES SHE FOUGHT THAT MAN OFF, TRYING TO SAVE HER LIFE!"" 
@stinchfield1776
 reports on chilling details from the murder trial of Laken Riley, killed by an illegal immigrant. THIS SHOULD NEVER HAVE HAPPENED!",8617,193,10,84,6
2024-11-18T12:30:08.000Z,FoxNews,True,False,"'HORRIFIC': Defense attorney highlights how the overwhelming evidence in the Laken Riley murder trial against illegal immigrant suspect Jose Ibarra points to a conviction ""sooner rather than later."" The case unfolds in the aftermath of the 2024 election, where the surge of",138806,307,51,74,9
2024-11-18T17:49:27.000Z,FrazierForTexas,True,False,"According to the roommate of the illegal immigrant who killed Laken Riley, he was flown to Georgia by a flight that was funded by the taxpayers. Absolutely amazing!  #txlege",928,6,1,1,1
2024-11-17T19:05:11.000Z,ProudElephantUS,True,False,"Legal Immigrant says he voted for President Trump: “I’m really happy that Trump won. I’m a first generation Mexican Immigrant, my dad just got his citizenship this year. He had all Republican across the board.”",6738,477,8,100,5
2024-11-08T14:19:41.000Z,BBlues100,False,False,"Listen to this they are putting our bus fair up to £3 and the illegal immigrant’s gets free bus fair, now this country is getting worse and worse just listen to this video",210843,9698,433,2856,388
2024-10-17T23:58:04.000Z,BarronTrumpoo,True,False,"BREAKING: Governor Sarah Sanders just said, ""I want every single illegal immigrant sent back to their home country."" 

Do you agree with Sarah?

A. YES
B. NO",86406,9295,3240,1090,22
2023-10-06T08:01:15.000Z,GoldingBF,True,False,"Let’s not beat around the bush.
The Islamic / immigrant birthrate is multiple times higher than the indigenous birthrate. 
Due to present rates of immigration and high migrant birthrates, we will become a minority in our own land.",241000,4237,1185,1641,101
2024-08-27T16:14:49.000Z,charliekirk11,True,False,"Kamala Harris says there's no such thing as an illegal immigrant.

She says we need to get rid of ICE.

She has overseen the largest invasion in American history of 10,000,000 illegals.

She has instituted catch and release.

She worked to overturn Trump's successful border",134079,3713,267,1210,101
2023-08-28T11:00:47.000Z,GoldingBF,True,False,Illegal immigrant men filming themselves in the vicinity of a migrant hotel somewhere in England. The ‘313’ at the top of the video is a unit of the Taliban.,275390,3364,517,2019,91
