timestamp,username,icon-verified,fact-checked,text,views,likes,replies,reposts,bookmarks
2024-09-09T17:08:51.000Z,CubanOnlyTrump,True,False,"JUST ANNOUNCED :Kamala Harris ""We extended Temporary Protected Status to over 100,000 Haitian Migrants. They need support.""

Aiden Clarke an 11-year-old was kiIIed on his way to school in Springfield, Ohio.  

His kiIIer was a Haitian illegal immigrant that Kamala FLEW in.

Never",1360578,21952,2067,16348,1294
2024-06-23T20:37:15.000Z,4Mischief,True,False,Should Joe Biden be held accountable for these illegal immigrant crimes?,204301,13022,1760,2819,69
2024-08-17T17:53:59.000Z,EuropeInvasions,True,False,"BREAKING

While Keir Starmer's security forces are busy catching patriotic Brits posting comments, a new illegal immigrant boat has arrived on the UK coast. They are all young men. 

Do you think it's too late for the UK?",1344611,21697,3821,8000,718
2024-08-08T18:51:23.000Z,RyanShead,True,False,The only illegal immigrant influencing elections in the United States is Elon Musk.,534825,33803,698,10808,343
2024-10-16T09:00:22.000Z,BFirstParty,True,False,This is the illegal immigrant who threatened Nigel Farage. These are the miscreants we are allowing into our country! ,490099,8704,1760,2587,291
2024-11-21T22:03:04.000Z,Am4ImmJustice,False,False,"It's #GiveMiamiDay. Your donation will help us give our immigrant community the chance for a better life. W Visit http://givemiamiday.org/aijustice
#GMD #GiveMiamiLove #immigration",0,0,2,67,0
2024-11-22T06:58:08.000Z,ThePatriotsPray,True,False,"Alvin Bragg’s ADA was attacked and robbed by a 25-year-old illegal immigrant from Venezuela, Brandon Simosa. 

Simosa, tied to the Venezuelan gang Tren de Aragua, has SIX prior arrests this year alone and illegally entered the U.S. in 2023.

Funny how this guy will probably be",0,123,1,3,0
2024-11-20T17:15:00.000Z,theTrumpet_com,True,False,"""Los Angeles will not cooperate with ICE""

The LA City Council unanimously voted to pass a “sanctuary city” ordinance on Tuesday to prevent the city’s migrant population from being deported under President Donald Trump’s illegal-immigrant deportation plan.",0,17,5,17,892
2024-11-18T08:00:36.000Z,OECD,True,False,"Immigrants account for a growing share of entrepreneurs, rising from 11% in 2006 to 17% in 2022.

Supporting immigrant entrepreneurship, policy makers can help get the most out of international migration for host-country populations and migrants alike: http://oe.cd/IMO-2024",7104,28,2,11,6
2024-11-06T12:35:34.000Z,Nibiru1000,True,False,"Who's ready for mass illegal immigrant deportations, protecting Black Jobs, and no taxes on overtime? Let's get this Money!! ",353475,9051,497,1736,1096
2023-10-06T08:01:15.000Z,GoldingBF,True,False,"Let’s not beat around the bush.
The Islamic / immigrant birthrate is multiple times higher than the indigenous birthrate. 
Due to present rates of immigration and high migrant birthrates, we will become a minority in our own land.",241015,4239,1184,1638,101
2024-07-05T21:35:12.000Z,Mick_O_Keeffe,True,False,"An Illegal immigrant from Malawi celebrates being regularised in Ireland by immediately flying home to get married and bring more people to Ireland. 

17,000 illegals were given amnesty by the current government.",170636,4517,457,2215,223
2024-07-29T00:31:50.000Z,TrumpDailyPosts,True,False,"Border Czar Kamala Harris: “An UNDOCUMENTED immigrant is NOT a criminal.”
@realDonaldTrump
 Donald Trump Truth Social 08:18 PM EST 07/28/24",159437,4401,438,2146,121
2018-04-25T13:33:58.000Z,Maria_Hinojosa,False,False,"Come on 
@nytimes
 There is no such thing as an “illegal” immigrant or “illegal” human being. A person, an immigrant, may have gotten to or stayed in a country illegally but the person is not “illegal”.",0,420,12,171,0
2024-11-20T23:58:08.000Z,BlakeOnTheHill,True,False,"Today, justice for Laken Riley. Jose Ibarra, an illegal immigrant from Venezuela, found guilty of her murder. Georgia Congressman 
@RepMikeCollins
 joins 
@thehill
 @NewsNation
 to discuss. #happeningonthehill",0,327,4,2,0
2024-11-16T21:21:43.000Z,TxDPSSouth,False,False,"#ValVerde and #Hidalgo Co. reported human smuggling incidents. 
@TxDPS
 and the 
@TXMilitary
 held Mass Migration Response exercises in Cameron and Maverick Counties. An El Salvadorian illegal immigrant was arrested following a chase, and a juvenile smuggling guide was detained.",788,12,1,1,1
2024-11-21T05:49:23.000Z,ImmigrantCrimes,True,False,"More detail on past crimes in Herndon, including the previously known recent indecent exposure conviction but also an assault on a police officer that was downgraded by the Fairfax County Attorney 
@SteveDescano
.

Still no word from ICE.",4669,52,1,24,3
2024-11-14T17:19:16.000Z,CMAlexaAviles,False,False,"Today, I spoke with 
@PIX11News
 to discuss how the incoming presidential administration will affect NYC’s immigration policies.

As the Chair of the Council’s Committee on Immigration, I’m deeply committed to protecting our sanctuary status & vibrant immigrant communities in NY.",5349,10,1,9,1
2024-02-13T04:52:11.000Z,EricAbbenante,True,False,"Sara Gonzales with a bombshell of a story:
The Lakewood Church shooter was an El Salvadorian immigrant who was detained by ICE. Genesse Moreno (Who also went by the alias Jeffery Escalante) had a voting record in the 2020 election. 
When people ask: ""Where is evidence that",3138547,22107,563,10820,2486
2024-02-27T01:51:29.000Z,RNCResearch,True,False,Democrat Rep. Katie Porter on the murder of 22-year-old Laken Riley by an illegal immigrant: “The important thing to focus on is any one instance shouldn’t shape our overall immigration policy”,1851278,2606,2434,1613,189
