timestamp,username,icon-verified,fact-checked,text,views,likes,replies,reposts,bookmarks
2024-11-21T22:03:04.000Z,Am4ImmJustice,False,False,"It's #GiveMiamiDay. Your donation will help us give our immigrant community the chance for a better life. W Visit http://givemiamiday.org/aijustice
#GMD #GiveMiamiLove #immigration",0,0,2,55,0
2024-11-19T17:55:25.000Z,JFREJNYC,False,False,"BREAKING: New & longtime NYers disrupt 
@NYCCouncil
 hearing on 
@NYCMayor
’s cruel, anti-immigrant shelter evictions policy. We declare, “End Shelter Evictions! Immigrants are welcome in NYC – Trumpian policy is not!” ",0,48,4,23,5381
2024-11-14T03:39:20.000Z,PatrioticMedia1,False,False,"PATRIOTIC DOCTORS BACK RAMATHUBA
Patriotic doctors including the outspoken 
@MikeRamothwala
 are giving their support to 
@PhophiRamathuba
 who is facing prosecution by #HPCSA for telling an illegal immigrant that Mnangagwa should be the one to take care of Zimbabwean patients.",53074,1331,103,364,15
2024-11-08T00:11:31.000Z,TheJFreakinC,True,False,"As a woman, I’ve never been worried about being raped, or SAed, by an illegal immigrant… But, I have been worried about being raped, and SAed, by white men, who are American citizens.",457557,14952,378,2166,206
2024-11-15T15:30:47.000Z,HartPPC,False,False,"I am an immigrant.

A pause on immigration benefits everyone in Canada!

Our taxpayer funded services and private sectors will be less overwhelmed, therefore cheaper.

Healthy assimilation and development will reduce xenophobia, ethnic tensions, and protect cultures!",75356,741,109,157,18
2024-10-14T19:19:47.000Z,TRobinsonNewEra,True,False,"Illegal immigrant Italy making sure you can't get to work on time to pay your taxes that house them.

Make it makes sense?",2306760,13457,1758,3274,725
2024-11-15T22:06:00.000Z,FaithandFreedom,True,False,"Today, the murder trial for Georgia nursing student Laken Riley begins. She was horrifically killed by an illegal immigrant who crossed the border under Joe Biden.

President-elect Trump’s Border Czar pick, Tom Homan, blasts this senseless tragedy: “This was preventable.”",0,1,12,30,1477
2024-11-18T08:00:36.000Z,OECD,True,False,"Immigrants account for a growing share of entrepreneurs, rising from 11% in 2006 to 17% in 2022.

Supporting immigrant entrepreneurship, policy makers can help get the most out of international migration for host-country populations and migrants alike: http://oe.cd/IMO-2024",7093,28,2,11,6
2024-11-20T16:25:40.000Z,ImmigrantCrimes,True,False," Fairfax County, VA: On Monday, Denis Humberto Navarette Romero was arrested for Abduction with Intent to Defile and Rape.

The Herndon PD Chief stated that he is a Honduran National and 
@fox5dc
 states that, ""[a]uthorities revealed that he is in the country illegally"".",268232,2316,178,1586,112
2024-10-16T09:00:22.000Z,BFirstParty,True,False,This is the illegal immigrant who threatened Nigel Farage. These are the miscreants we are allowing into our country! ,490098,8704,1760,2587,291
2024-11-21T23:11:10.000Z,thenyic,False,False,"  HAPPENING NOW: We’re in Albany rallying with advocates, community members and elected officials for immigrant solidarity!",0,14,8,4,909
2024-11-22T02:00:43.000Z,thenyic,False,False," STATEMENT: Immigrant Advocates Rally to Oppose Deportation Agenda in Albany

""Here in the Capital District, we will continue to welcome our immigrant neighbors with open arms.""

https://nyic.org/2024/11/immigrant-advocates-rally-to-oppose-deportation-agenda-in-albany/…",0,1,2,2,204
2024-08-26T09:45:36.000Z,SamFowles,True,False,"Correcting some conspiracy theories on GB News last night:

1. Anti-immigrant sentiment correlates with low immigration - i.e. you're more likely to be anti-immigrant if you've never actually met an immigrant. 

Short ",520754,1850,523,504,345
2024-11-21T16:11:01.000Z,MorningWire,True,False,"An illegal immigrant is found guilty in the murder of Georgia nursing student Laken Riley, the battle over single sex bathrooms rages in D.C., and Trump considers the idea of recess appointments for his cabinet picks. Reporting from 
@AsheSchow
, 
@megbasham
, & 
@timerice1
.",0,22,1,6,4769
2024-09-09T17:08:51.000Z,CubanOnlyTrump,True,False,"JUST ANNOUNCED :Kamala Harris ""We extended Temporary Protected Status to over 100,000 Haitian Migrants. They need support.""

Aiden Clarke an 11-year-old was kiIIed on his way to school in Springfield, Ohio.  

His kiIIer was a Haitian illegal immigrant that Kamala FLEW in.

Never",1360567,21954,2068,16353,1295
2024-11-18T04:43:40.000Z,TerryNewsome357,True,False,"A whistleblower who was paid $360k per year to manage an illegal immigrant shelter in Chicago contacted me. He's providing documents, additional information, and video evidence to support the claims mentioned in this video. 
@BenBergquam
 @annvandersteel
 @RenzTom
 @JJCarrell14",84116,4612,61,2688,724
2024-11-21T15:14:03.000Z,BrookingsInst,True,False,"In recent years, foreign-born U.S. citizens appear to be a much more politically engaged cohort, demonstrating above-average levels of voter enthusiasm with turnout exceeding the general electorate, note Gabriel R. Sanchez and Kwadwo Frimpong.",2806,10,4,4,1
2024-11-20T23:58:08.000Z,BlakeOnTheHill,True,False,"Today, justice for Laken Riley. Jose Ibarra, an illegal immigrant from Venezuela, found guilty of her murder. Georgia Congressman 
@RepMikeCollins
 joins 
@thehill
 @NewsNation
 to discuss. #happeningonthehill",0,324,4,2,0
2024-11-20T16:37:08.000Z,HarrisonKrank,True,False,The illegal immigrant who Murdered Laken Riley has been found guilty in all charges,99416,265,95,106,6
2024-11-21T16:39:01.000Z,MAGAResource,True,False,"I’m sick and tired of leftists calling illegal aliens “immigrants” or “undocumented” like somehow they just forgot to fill out a form. 

Illegal aliens are not “immigrants”. 

They are unvetted lawbreakers and cheaters. 

An immigrant applies, waits their turn then assimilates in",4135,298,19,87,6
2024-11-20T17:34:38.000Z,NILC,False,False,"Harassment and threats against the Haitian community are escalating, stoked by hate speech from anti-immigrant extremists.

Check out our latest resource for steps you can take to protect yourself and your family: https://nilc.org/resources/know-your-rights-safety-tips/…

#KnowYourRights",0,5,2,4,603
