timestamp,username,icon-verified,fact-checked,text,views,likes,replies,reposts,bookmarks
2024-11-20T16:57:27.000Z,TheLucyShow1,True,False,"Watch Verdict:

Jose Ibarra, Illegal Immigrant found guilty of all 10 charges in the murder trial of Laken Riley.",321,9,1,3,2
2024-11-14T17:04:40.000Z,rodneyscottbp,False,False,"Calling illegal aliens “immigrants” is an insult to every legal immigrant. 
Words matter!  Show respect for legal immigrants and use the appropriate legal terms.",1038,55,3,15,1
2024-11-14T03:39:20.000Z,PatrioticMedia1,False,False,"PATRIOTIC DOCTORS BACK RAMATHUBA
Patriotic doctors including the outspoken 
@MikeRamothwala
 are giving their support to 
@PhophiRamathuba
 who is facing prosecution by #HPCSA for telling an illegal immigrant that Mnangagwa should be the one to take care of Zimbabwean patients.",53063,1330,103,364,15
2024-11-13T19:05:53.000Z,FrannyOD,True,False,"Dear Nigerians who are scared of the illegal immigrant cleansing the Trump administration is about to embark on, I have one question for you if you were in his shoes, would you protect the Nigerian border against the Niger/ Chad Fulani influx/terrorists into our country? 

Why",0,11,3,4,959
2024-11-13T15:18:10.000Z,TheThe1776,True,False,"New LAPD Chief Jim McDonnell REFUSES President Trump
Deportation Orders:  “We’ll protect our immigrant community. LAPD officers will not take action to determine a person’s immigration status and will not arrest someone for their status. And LAPD will not assist with mass",38427,574,724,428,30
2024-07-20T10:01:15.000Z,TulsiGabbard,True,False,"The Democrat elite paints anyone who wants to stop illegal immigration and secure our borders as racist and “anti-immigrant.” They are either very very stupid and don’t understand the difference between legal and illegal immigration, or they’re  trying to foment division and",1174293,53770,1812,11321,838
2024-08-23T02:47:23.000Z,bennyjohnson,True,False,"KAMALA HARRIS: ""I believe everyone has a right to safety, to dignity, and to justice."" 

Unless you’re a victim of brutality from an illegal immigrant.",301678,17568,1302,4571,125
2024-09-04T18:29:57.000Z,robbystarbuck,True,False,"An illegal immigrant has been arrested in TN after attacking a man with a PICKAXE.

The pickaxe was embedded in his skull.

Red states should defy Feds and deport all illegals before they hurt Americans. Dare Kamala to jail you for protecting your citizens.",117008,7431,225,3552,243
2024-06-25T13:22:00.000Z,carolvorders,True,False,"Tommy Robinson arrested as an illegal immigrant in Canada 

It’s Rwanda for you my boy 

This really is an election run up that just keeps on giving isn’t it ?",4808367,34383,4336,5760,762
2024-03-10T00:06:52.000Z,GOP,True,False,Biden is apologizing to an illegal immigrant arrested for murder. President Trump will stop criminals from entering the country.,277564,3772,559,1184,84
2024-03-04T13:00:18.000Z,SpeakerJohnson,True,False,"When asked about the tragic murder of Laken Riley by an illegal immigrant, Secretary Mayorkas visibly checked his talking points on how to deflect blame. 

Her killer should NOT have been allowed to enter the country and if the Administration had stopped him and turned him around",1060630,16480,5388,4598,246
2024-08-27T00:30:22.000Z,robbystarbuck,True,False,"Politico reports that California Democrats are likely to pass a bill granting up to $150,000 to each illegal immigrant to help them buy a house.

No, I’m not joking. Meanwhile homeless veterans and young families get nearly no help.

Politico’s headline is disgusting too. They",116492,3114,250,1456,140
2024-08-08T18:51:23.000Z,RyanShead,True,False,The only illegal immigrant influencing elections in the United States is Elon Musk.,534824,33820,698,10809,343
2024-01-18T00:58:44.000Z,ImMeme0,True,False,"BREAKING: Family of Kayla Marie Hamilton murdered by illegal immigrant and gang member files $100 MILLION lawsuit against Biden administration.

“We bring this landmark lawsuit in honor of Kayla to get answers on how this catastrophic failure occurred and help prevent another",512500,18120,638,6666,357
2024-11-14T03:10:51.000Z,AudreyT4NM,True,False,"Illegal immigrant charged in Laken Riley murder ‘fast-tracking’ to life in prison: attorney #Illegalimmigration #Murder #Prison #Violentcrime
https://share.newsbreak.com/9uuma5s5",0,5,1,1,186
2024-11-20T16:37:08.000Z,HarrisonKrank,True,False,The illegal immigrant who Murdered Laken Riley has been found guilty in all charges,98659,265,95,106,6
2024-11-19T17:30:20.000Z,700club,True,False,Testimony Resumes in Trial of Illegal Immigrant Accused of Killing Georgia Student Laken Riley,0,903,3,4,0
2024-11-18T12:35:43.000Z,FoxNews,True,False,FOX NEWS FIRST: Prosecution to show Laken Riley 'fought' for her life against illegal immigrant suspect and more top headlines,95307,253,79,56,1
2024-11-18T23:17:12.000Z,MtnMama406,True,False," Rest in Peace, Laken Riley. You didn’t deserve this, and we will do everything in our power to make it right.

 Laken isn’t the only one we’ve lost to illegal immigrant murderers, and that’s why the people elected Trump to stop this from ever happening again!",6170,181,9,118,1
2023-12-26T05:00:09.000Z,OliviaTroye,True,False,"Some keep telling me to go back to Mexico. It’s what happens when a fmr President cranks up his ugly anti-immigrant rhetoric again. I was born here. My mom & family immigrated here. She became an American citizen. They worked their asses off as migrant farm workers, long distance",692923,15626,1162,2196,160
