timestamp,username,icon-verified,fact-checked,text,views,likes,replies,reposts,bookmarks
2024-10-15T02:28:11.000Z,DefiyantlyFree,True,False,Listen to a legal immigrant tell you that you cannot vote for Harris because of what she has done with the border.,182369,23096,575,9465,2144
2024-06-27T04:09:21.000Z,ImMeme0,True,False,"BREAKING: Illegal immigrant who shot 2 NYPD officers at 'point-blank range' indicted on 20 charges claims a notorious Venezuelan gang has been smuggling guns into city-run shelters.

Bernardo Raul Castro Mata (19) will be placed in protective custody following his explosive",913244,9478,414,5194,537
2024-08-31T02:58:21.000Z,stillgray,True,False,"Nancy Pelosi revealed to Bill Maher her outrageous plan to not only grant citizenship to every illegal immigrant but also to provide them with free housing, all on the dime of the hardworking American taxpayer. Cool cool cool.",1652592,19381,2660,7218,2173
2024-08-01T19:45:09.000Z,AlphaNewsMN,True,False,"Minnesota Gov. Tim Walz says he wants to invest in a ""ladder factory"" to help illegal immigrants climb Trump's border wall, says we won't have Thanksgiving dinner anymore without illegal immigrant workers. 

Recent polling shows a majority of Americans support building a border",600539,3488,1816,2210,406
2024-10-20T22:28:18.000Z,america,True,False,The Illegal Immigrant population in Pennsylvania has increased 241% and cost taxpayers over $1.64 billion under the Biden/Harris Administration,10351871,7698,846,3567,371
2024-11-11T05:03:16.000Z,MTGrepp,True,False,"Donald Trump’s newly appointed Border Czar has a message for every illegal immigrant, “You better start packing now… because you are going home” 

Donald Trump appointed the BEST Border Czar 

THIS IS A MASSIVE WIN FOR AMERICA ",505986,16190,367,3040,765
2024-11-10T16:43:26.000Z,GaudetteRob,True,False,"To the camps! This illegal immigrant and criminal voter was caught trying to steal our Social Security benefits and Medicare. 

Thank you 
@USCIS
 for catching it.

#DeportAllSavages",1672,3,4,2,2
2024-08-31T23:56:07.000Z,ArtMusicPoli,True,False,"All those achievements yet you fail to acknowledge the strain #illegalImmigration places on our country:

1.Economic Impact: Illegal immigration costs U.S. taxpayers over $116 billion annually. This burden falls on hard-working Americans, especially in sectors like agriculture",12115,787,15,57,14
2024-11-14T15:55:04.000Z,Cartel_Cal,True,False,"Probably an illegal immigrant and friend of 
@Scott_Wiener
.",0,84,9,15,1058
2024-11-13T02:30:05.000Z,soli_Jesum,True,True,There is no such thing. Every illegal immigrant is committing a crime being here.,0,14,1,4,303
2024-08-15T21:42:47.000Z,TheRightMelissa,True,False,"Wow! Black Business woman has a message for Kamala Harris. 

She sobs after having to sell her food truck which was bought by an illegal immigrant who got free money from the Harris/Biden Administration.",222362,4162,410,1973,358
2024-09-16T23:48:26.000Z,RyanAFournier,True,False,"Remember Leonel Moreno?

He’s the illegal immigrant that encouraged other illegals to take over the homes of American citizens and become squatters.

He was just ordered to be deported.

CYA B*TCH!",367899,4177,290,1054,67
2024-07-24T18:43:45.000Z,RNCResearch,True,False,"KAMALA HARRIS: ""An undocumented immigrant is NOT a criminal!""

(This is the individual in charge of our southern border)",102060,3233,423,1715,183
2024-09-04T18:29:57.000Z,robbystarbuck,True,False,"An illegal immigrant has been arrested in TN after attacking a man with a PICKAXE.

The pickaxe was embedded in his skull.

Red states should defy Feds and deport all illegals before they hurt Americans. Dare Kamala to jail you for protecting your citizens.",116985,7428,225,3548,243
2024-03-16T22:24:09.000Z,Liz_Wheeler,True,False,"TikTok just gave me a strike warning & removed this video. For being “hateful.”

Do you think it’s because I said “illegal immigrant” or “trans’ing kids”?",294239,13075,816,4589,258
2024-09-12T20:50:17.000Z,LauraLoomer,True,False,"Today, during the White House Press briefing, 
@JoeBiden
’s DEI pick for White House Press Secretary 
@KJP46
 falsely accused me of being a racist and a 9/11 conspiracy theorist. 

Karine Jean Pierre doesn’t like me because she’s a lesbian, Haitian immigrant and she doesn’t like the",948163,13998,2235,4325,420
2024-10-10T16:09:14.000Z,LauraLoomer,True,False,"EXCLUSIVE:

ARREST RECORDS AND GREEN CARD PROVE AZ DEMOCRAT SENATE CANDIDATE RUBEN GALLEGO’S FATHER TRAFFICKED MARIJUANA AND COCAINE FOR THE MEXICAN CARTELS IN CHICAGO

In 1996, Arizona Democrat US Senate candidate Ruben Gallego’s 
@RubenGallego
’s criminal, Mexican immigrant",1049801,12796,512,8378,437
2024-10-29T18:26:54.000Z,BehizyTweets,True,False,"WATCH: Democrat voters said Republicans hate immigrants, and a LEGAL Haitian Republican immigrant stepped up and crushed all of them

""Democrats are at a point right now where they are shipping a bunch of illegal immigrants... We have CRIMINALS from my own country traveling here",1300542,42618,576,11840,5682
2024-08-27T16:14:49.000Z,charliekirk11,True,False,"Kamala Harris says there's no such thing as an illegal immigrant.

She says we need to get rid of ICE.

She has overseen the largest invasion in American history of 10,000,000 illegals.

She has instituted catch and release.

She worked to overturn Trump's successful border",134075,3713,267,1211,102
2024-10-16T22:21:05.000Z,VigilantFox,True,False,"Kamala slurs her words and says ""no future HURM would occur” while blaming Trump for Laken Riley's death.

This was right after Bret Baier informed Kamala to her face that the illegal immigrant who murdered Riley came on her watch and BEFORE any bill negotiations.

Kamala is a",1528882,28962,682,8292,1835
2024-11-01T17:36:45.000Z,BFirstParty,True,False," BRITAIN FIRST EXPOSES THE 'CRESTA COURT' HOTEL IN ALTRINCHAM FOR HOUSING ILLEGAL MIGRANTS

The 'Cresta Court' hotel in Altrincham, just outside of Greater Manchester, has been filled to the brim with working-age African and Asian illegal immigrant men.",455257,5483,595,1954,405
2024-09-14T12:35:03.000Z,Oilfield_Rando,True,False,"So a DMV employee can turn an illegal immigrant into a voter with one checkbox.

Okiedokie. That’s fine. It’ll be fine.",187399,7775,288,2228,321
2024-03-21T00:02:03.000Z,tariqnasheed,True,False,"A suspected illegal immigrant in NYC allegedly tried to snatch a sista's purse while he was on a scooter. And he ended up with ""black & brown"" bruises on his face.

He realized that them New York women aint really the soft targets he thought they were",303790,2874,468,870,421
