timestamp,username,icon-verified,fact-checked,text,views,likes,replies,reposts,bookmarks
2024-09-09T17:08:51.000Z,CubanOnlyTrump,True,False,"JUST ANNOUNCED :Kamala Harris ""We extended Temporary Protected Status to over 100,000 Haitian Migrants. They need support.""

Aiden Clarke an 11-year-old was kiIIed on his way to school in Springfield, Ohio.  

His kiIIer was a Haitian illegal immigrant that Kamala FLEW in.

Never",1360626,21961,2067,16350,1294
2024-08-17T17:53:59.000Z,EuropeInvasions,True,False,"BREAKING

While Keir Starmer's security forces are busy catching patriotic Brits posting comments, a new illegal immigrant boat has arrived on the UK coast. They are all young men. 

Do you think it's too late for the UK?",1344623,21695,3821,8005,717
2024-11-21T19:41:43.000Z,BiggestGames_,False,False,"The beginning of THE INITIATION is suppose to make you feel like an immigrant who just landed in foreign land. 

#gamedev #indiedev #ps1 #retro",745,30,1,6,4
2024-09-25T21:50:34.000Z,MTGrepp,True,False,"HOLY SH*T  Nancy Mace exposed Democrats on how they HIDE illegal immigrant CRlME 

Kamala cares more about illegals than Americans

Mainstream Media will NEVER show you this ",711548,43974,650,17119,2255
2024-02-25T23:34:29.000Z,tariqnasheed,True,False,"A white hispanic illegal immigrant named Jose Antonio Ibarra  was arrested for the murder of white woman Laken Riley.......

but white supremacists on twitter are using this case to bring up George Floyd and Black people.. What is the correlation?",440938,4241,1009,1060,324
2018-04-25T13:33:58.000Z,Maria_Hinojosa,False,False,"Come on 
@nytimes
 There is no such thing as an “illegal” immigrant or “illegal” human being. A person, an immigrant, may have gotten to or stayed in a country illegally but the person is not “illegal”.",0,420,12,171,0
2024-06-25T09:18:35.000Z,tezilyas,True,False,"OMA!

The irony of THIS man being arrested for being an illegal immigrant is toooooo much",298210,6022,303,1185,202
2024-11-20T16:25:40.000Z,ImmigrantCrimes,True,False," Fairfax County, VA: On Monday, Denis Humberto Navarette Romero was arrested for Abduction with Intent to Defile and Rape.

The Herndon PD Chief stated that he is a Honduran National and 
@fox5dc
 states that, ""[a]uthorities revealed that he is in the country illegally"".",273260,2333,178,1594,114
2024-11-19T18:06:01.000Z,pop4climate,False,False,"We just joined 
@JFREJNYC
 in disrupting a city council hearing on immigration, in defiance of Eric Adams' shelter evictions. New York is a city of immigrants and we will rise against evictions and deportations.
Adams is failing us.

Immigrant justice is climate justice!",0,44,3,14,2001
2023-08-28T11:00:47.000Z,GoldingBF,True,False,Illegal immigrant men filming themselves in the vicinity of a migrant hotel somewhere in England. The ‘313’ at the top of the video is a unit of the Taliban.,275403,3366,517,2016,91
2024-07-08T21:13:39.000Z,TheRabbitHole84,True,False,"Which households are on Welfare in the United States? Here is one estimate:

- 39% of native born
- 52% of legal immigrant
- 59% of illegal immigrant",451268,4605,286,2040,790
2024-11-22T16:34:06.000Z,Evie_Magazine,True,False,"Laken Riley was murdered by an illegal immigrant—where's the outrage?

Laken Riley, a 22-year-old nursing student at Augusta University, was brutally murdered while jogging on a trail at the University of Georgia campus. 

She fought for her life for over 17 minutes. 

The fact",0,46,2,7,917
2024-02-26T20:31:25.000Z,HouseGOP,True,False,"The man charged with the horrifying murder of 22-year-old Laken Riley is an illegal immigrant from Venezuela who crossed the southern border on Sep 8, 2022.

On Sep 20, 2022, Joe Biden said it was ""not rational"" to send illegal immigrants from Venezuela back to Venezuela.",252454,2838,760,1612,90
2024-09-07T16:16:46.000Z,MattWallace888,True,False,BREAKING: Illegal Immigrant Caught Planning “The Largest Terror Attack on U.S. Soil Since 9/11” ,5728562,57106,2804,21676,9210
2024-01-13T15:46:26.000Z,TheRubberDuck79,True,False,#KattWilliams and a mexican immigrant waving a mexican flag in the front row got into a heated live 4-minute exchange in front of the whole audience.,1047410,13707,756,4217,2541
2024-11-03T06:55:45.000Z,WallStreetApes,True,False,"If you’re wondering why mass immigration into America has always been a HORRIBLE idea, look no further than this video

Immigrant being interviewed “I don’t give a f*ck about the founding of America. Like, I'm not even from here.”

We’re destroying ourselves",1280545,24280,1338,6872,2835
2024-11-15T19:46:06.000Z,TrumpDailyPosts,True,False,"From Tom Homan 
@RealTomHoman
 Border Czar

60 Minutes ""I hear a lot of people say, 'The talk of a mass deportation is racist.  It's threatening to the immigrant community,

Homan “It should be threatening to the ILLEGAL immigrant community.”",102231,3900,107,871,88
2023-10-01T11:30:37.000Z,NHPUKOfficial,False,False,"Immigrant family lands in UK & are found a Council flat in just 2 weeks.

Millions of Brits have been waiting for years on social housing waiting lists. 

NHPUK campaign to stop permanent settlement immigration & to completely stop accepting refugees for citizenship. 

#JoinNHPUK",727991,5473,852,3399,263
2024-11-18T18:36:50.000Z,3rdGener,True,False,"Every crime by an illegal immigrant is potentially preventable through border control and immigration policy enforcement.

#LakenRiley #HomansHome #Trump",9961,137,2,63,11
2024-11-21T21:48:35.000Z,MCTXSheriff,True,False,MCTXSheriff Arrests Fleeing Illegal Immigrant for Child Sexual Abuse https://ocv.im/GN0wcIg,0,23,1,8,842
2024-03-07T12:03:30.000Z,AzatAlsalim,True,False,"Yesterday a 14-year-old Austrian girl was found dead in the apartment of an illegal Afghan immigrant.
The girl was drugged, gang raped and then murdered.
A few months ago, Léonie, another 13-year-old girl, was also raped and murdered by a group of three Afghans in the same place.",422540,10256,639,5319,464
2024-11-21T05:49:23.000Z,ImmigrantCrimes,True,False,"More detail on past crimes in Herndon, including the previously known recent indecent exposure conviction but also an assault on a police officer that was downgraded by the Fairfax County Attorney 
@SteveDescano
.

Still no word from ICE.",4960,54,1,24,3
