timestamp,username,icon-verified,fact-checked,text,views,likes,replies,reposts,bookmarks
2024-09-09T17:08:51.000Z,CubanOnlyTrump,True,False,"JUST ANNOUNCED :Kamala Harris ""We extended Temporary Protected Status to over 100,000 Haitian Migrants. They need support.""

Aiden Clarke an 11-year-old was kiIIed on his way to school in Springfield, Ohio.  

His kiIIer was a Haitian illegal immigrant that Kamala FLEW in.

Never",1360311,21968,2069,16343,1298
2024-08-08T02:03:58.000Z,w_terrence,True,False," EVERYONE IN AMERICA SHOULD BE MAD!!

This Veteran is getting $23 dollars in food stamps but an illegal immigrant is getting $13,000 dollars

Yes this is real! I know people who receive $50 dollars.

This is happening under Kamala Harris and Joe Biden",313085,17610,1147,9936,590
2024-01-25T02:55:00.000Z,glennbeck,True,False,"Do Doctors Without Borders and the Red Cross know that by handing out detailed maps of how to get to the US border, they're contributing to human trafficking and allowing cartels to make $2000 per illegal immigrant? Do they know terrorists could be using these routes?",142937,6618,302,3456,236
2024-08-04T02:01:40.000Z,RNCResearch,True,False,"“An undocumented immigrant is not a criminal.”

— Border Czar Kamala Harris",581077,3866,776,2095,248
2024-09-13T16:50:05.000Z,CollinRugg,True,False,"JUST IN: Illegal immigrant arrested for m*rder after a family of four was found dead in their burning home in Irondequoit, N.Y.

Julio Cesar Pimentel Soriano, who was wanted in the Dominican Republic for m*rder in 2019, was arrested. 

Two toddlers and parents Fraime Ubaldo and",38706777,44010,3460,20935,4124
2024-08-01T19:45:09.000Z,AlphaNewsMN,True,False,"Minnesota Gov. Tim Walz says he wants to invest in a ""ladder factory"" to help illegal immigrants climb Trump's border wall, says we won't have Thanksgiving dinner anymore without illegal immigrant workers. 

Recent polling shows a majority of Americans support building a border",600574,3488,1816,2208,406
2023-09-18T15:47:33.000Z,SpencerLndqst,True,False,"Have you heard about America’s ‘largest illegal immigrant settlement’ that's said to be a hub of cartel activity?

I visited Colony Ridge for 
@realDailyWire
 to learn about a development that's home to 40k-75k people and is in the midst of a rapid expansion.

Here's what I found:",3745790,7830,551,4815,1753
2024-06-27T04:09:21.000Z,ImMeme0,True,False,"BREAKING: Illegal immigrant who shot 2 NYPD officers at 'point-blank range' indicted on 20 charges claims a notorious Venezuelan gang has been smuggling guns into city-run shelters.

Bernardo Raul Castro Mata (19) will be placed in protective custody following his explosive",913286,9482,414,5195,537
2024-05-18T19:53:25.000Z,ImMeme0,True,False,"“It’s very traumatic… No. No good Rochester.” says an illegal immigrant from El Salvador.

Yaniry Pena came to the U.S. with her children a year ago.

She lived for FREE in NYC hotel for 4 months. Then she and her children were relocated to a FREE apartment in Rochester, NY.",1048363,8513,3522,3363,556
2024-08-15T13:01:16.000Z,WallStreetApes,True,False,"ALL OF AMERICA, LISTEN TO THIS 

American Business owner is selling her food truck. Illegal immigrant shows up with paperwork that he is getting funding to purchase her truck with NO MONEY in the bank and NO CREDIT

She speaks with the bank and is told it’s COMMON, Illegal",1592183,32749,2426,15696,4417
2024-11-16T22:00:09.000Z,FoxNews,True,False,'BLOOD ON THEIR HANDS': Incoming Border Czar Tom Homan calls on pro-sanctuary city Democrats to listen to the 911 call 22-year-old Laken Riley made before prosecutors say she was killed by an illegal immigrant,18599483,25570,723,6705,1280
2024-11-12T17:35:02.000Z,JustTheNews,True,False,Breaking: Illegal immigrant accused of killing nursing student Laken Riley waives right to jury trial,0,22,1,10,2842
2024-08-28T11:47:49.000Z,MorgothsReview,True,False,"Most political activity today isn't meant to solve problems; it is intended to warp language and obscure perceptions of problems.

Hence on immigration:
Illegal: contrary to or forbidden by law, especially criminal law.
Irregular: contrary to the rules or to that which is normal",14136,426,11,65,16
2024-11-17T19:05:11.000Z,ProudElephantUS,True,False,"Legal Immigrant says he voted for President Trump: “I’m really happy that Trump won. I’m a first generation Mexican Immigrant, my dad just got his citizenship this year. He had all Republican across the board.”",6791,480,8,102,5
2024-11-14T12:00:30.000Z,thenyic,False,False,Mayor Adams MUST fight Trump's mass deportation agenda & protect immigrant NYers—not thinking about how the city will be colluding with ICE & create terror.,2950,14,4,4,1
2024-11-15T16:29:13.000Z,alienmilian,True,False,"This is Elon Musk. 

The world's richest person who turned a $44B bet into the most influential platform in modern democracy. 

From sleeping in Tesla factories to owning the digital town square, here's how a South African immigrant became the champion of free speech ",580,4,1,2,1
2024-11-18T17:49:27.000Z,FrazierForTexas,True,False,"According to the roommate of the illegal immigrant who killed Laken Riley, he was flown to Georgia by a flight that was funded by the taxpayers. Absolutely amazing!  #txlege",971,6,1,1,1
2024-11-14T17:00:57.000Z,RightWngdAngel,True,False,Illegal immigrant says he wouldn’t regret supporting Donald Trump even if he gets deported.  He supported Trump so his children could have a better life.,0,441,1,4,0
2024-11-17T17:48:13.000Z,civillycentered,True,False,"Welcome to #Portland where; American citizens sleep on the street while the city managed to scramble up housing for 80 illegal immigrant families -after they complained 24 hours prior on the news. 
@RonWyden
 @TinaKotek
 fuck you both
@KGWNews",0,9,2,3,188
2024-11-14T11:30:04.000Z,Sojourners,False,False,"""Considering what we know about Trump’s anti-immigrant agenda, I hope more Christians can unite in their efforts to care for those the Bible refers to as the stranger, the foreigner, or the alien.""",0,0,1,566,0
2024-11-14T03:39:20.000Z,PatrioticMedia1,False,False,"PATRIOTIC DOCTORS BACK RAMATHUBA
Patriotic doctors including the outspoken 
@MikeRamothwala
 are giving their support to 
@PhophiRamathuba
 who is facing prosecution by #HPCSA for telling an illegal immigrant that Mnangagwa should be the one to take care of Zimbabwean patients.",52839,1333,102,364,15
2024-11-15T22:06:00.000Z,FaithandFreedom,True,False,"Today, the murder trial for Georgia nursing student Laken Riley begins. She was horrifically killed by an illegal immigrant who crossed the border under Joe Biden.

President-elect Trump’s Border Czar pick, Tom Homan, blasts this senseless tragedy: “This was preventable.”",0,1,12,30,1370
