timestamp,username,icon-verified,fact-checked,text,views,likes,replies,reposts,bookmarks
2024-09-09T17:08:51.000Z,CubanOnlyTrump,True,False,"JUST ANNOUNCED :Kamala Harris ""We extended Temporary Protected Status to over 100,000 Haitian Migrants. They need support.""

Aiden Clarke an 11-year-old was kiIIed on his way to school in Springfield, Ohio.  

His kiIIer was a Haitian illegal immigrant that Kamala FLEW in.

Never",1360192,21967,2070,16346,1298
2023-05-26T21:57:01.000Z,TheyCallMeDoc1,True,False,"Lesson of the day. 
Migrant - A person who moves from place to place for work. 
Immigrant - A person who comes to live permanently.
Illegal Alien - a foreign national who is living without official authorization in a country.
They are not Migrants they are illegal aliens.",24556,1462,79,639,8
2024-08-04T02:01:40.000Z,RNCResearch,True,False,"“An undocumented immigrant is not a criminal.”

— Border Czar Kamala Harris",581073,3868,776,2097,248
2024-01-10T14:26:13.000Z,TulsiGabbardrep,True,False,"Do you support the mass deportation of every single illegal immigrant in America effective immediately ?

YES or NO ?",445435,26285,8839,2907,40
2024-08-20T05:48:42.000Z,RyanShead,True,False,"Dear Elon,

Here is the video you say doesn’t exist of Donald Trump saying there were very fine people on both sides after Charlottesville.

You keep saying X is this arbiter of truth, yet you spread lies to help Trump and conservatives.

You’re a former illegal immigrant who’s",5772357,37505,3280,12463,2288
2024-02-13T04:52:11.000Z,EricAbbenante,True,False,"Sara Gonzales with a bombshell of a story:
The Lakewood Church shooter was an El Salvadorian immigrant who was detained by ICE. Genesse Moreno (Who also went by the alias Jeffery Escalante) had a voting record in the 2020 election. 
When people ask: ""Where is evidence that",3138374,22106,563,10819,2488
2024-03-08T03:38:09.000Z,_MLFootball,True,False,President Joe Biden at the State of the Union said USC head coach Lincoln Riley was killed by an illegal immigrant,1937839,7581,304,906,731
2024-05-29T12:36:30.000Z,TRobinsonNewEra,True,False,"The Prime Minister of Hungary, 
@PM_ViktorOrban
 exposes the document proving George Soros is largely behind the global illegal immigrant invasion.",283839,7497,269,4231,882
2024-08-31T02:35:21.000Z,ShadowofEzra,True,False,Nancy Pelosi just told Bill Maher that she plans to grant citizenship to every illegal immigrant and give them free housing—paid for by hardworking American taxpayers.,3557721,12581,2111,6919,2518
2024-08-15T07:13:09.000Z,ImMeme0,True,False,"If this doesn’t break your heart and piss you off at the same time, I don’t know what will.

This veteran, who worked hard to start her business and buy her food truck, is now sharing her story of selling it to an illegal immigrant who has no credit or savings but is able to",3059877,83718,8492,39423,6766
2023-09-18T15:47:33.000Z,SpencerLndqst,True,False,"Have you heard about America’s ‘largest illegal immigrant settlement’ that's said to be a hub of cartel activity?

I visited Colony Ridge for 
@realDailyWire
 to learn about a development that's home to 40k-75k people and is in the midst of a rapid expansion.

Here's what I found:",3745619,7821,550,4807,1749
2024-02-27T01:58:04.000Z,nicksortor,True,False," JUST IN: Democrat Rep. Katie Porter says college student Laken Riley’s de*th at the hands of an ILLEGAL IMMIGRANT should NOT influence our overall immigration policy.

This is INSANITY.

Violent illegals from all over the world are FLOWING through our southern border, while",1110023,18096,2765,6272,379
2024-05-24T10:50:25.000Z,GoldingBF,True,False,"An immigrant nutter threatens to kill the police in London while they carry out an immigration raid on an illegal immigrant.
Scenes like this are extremely common now in our lawless and degenerate land.",222699,4722,918,2113,104
2024-11-13T19:21:30.000Z,ChicanoPost,False,False,"The Mexican President reassured not to be worried about Trump and his plans for mass deportation. She expressed a warm welcome to the US immigrant community an stated if the US proceeds with deportations of Mexicans, Mexico would respond by deporting 2 million American immigrants",4299,40,10,23,7
2024-08-31T02:58:21.000Z,stillgray,True,False,"Nancy Pelosi revealed to Bill Maher her outrageous plan to not only grant citizenship to every illegal immigrant but also to provide them with free housing, all on the dime of the hardworking American taxpayer. Cool cool cool.",1652601,19387,2660,7223,2172
2024-09-13T16:50:05.000Z,CollinRugg,True,False,"JUST IN: Illegal immigrant arrested for m*rder after a family of four was found dead in their burning home in Irondequoit, N.Y.

Julio Cesar Pimentel Soriano, who was wanted in the Dominican Republic for m*rder in 2019, was arrested. 

Two toddlers and parents Fraime Ubaldo and",38706247,43998,3461,20932,4126
2024-01-25T02:55:00.000Z,glennbeck,True,False,"Do Doctors Without Borders and the Red Cross know that by handing out detailed maps of how to get to the US border, they're contributing to human trafficking and allowing cartels to make $2000 per illegal immigrant? Do they know terrorists could be using these routes?",142935,6617,302,3457,236
2024-10-27T23:52:43.000Z,60Minutes,True,False,"""I hear a lot of people say, 'The talk of a mass deportation is racist.  It's threatening to the immigrant community,'"" says Tom Homan, Trump’s former acting director of immigration enforcement. He argues it should only “be threatening to the illegal immigrant community.”",1492926,22691,1588,3698,1592
2024-08-23T16:00:39.000Z,AshleaSimonBF,True,False,"Illegal immigrant dances in the street with a knife.
Outside his taxpayer funded accommodation.
We are importing thugs, murderers and rapists.
Not doctors and engineers.
We need to deport every single illegal immigrant.
No wonder our children aren’t safe ",524812,12427,475,3392,249
2024-03-21T13:13:01.000Z,MacyGardnerr,True,False,"HOW is this real??!!

This illegal immigrant, crossing the border in CA, is wearing a $500+ CANADA GOOSE jacket, holding an iPhone.",5509718,6953,1022,2610,567
