timestamp,username,icon-verified,fact-checked,text,views,likes,replies,reposts,bookmarks
2024-11-11T02:42:18.000Z,colony76,True,False,"The distinction between an illegal & ""legal"" immigrant is borderline meaningless when the outcome of both is the same. We don't want more immigration, we want remigration. We want millions of mass deportations. Anything less is completely unacceptable.",42922,165,10,39,38
2024-11-09T21:17:03.000Z,MTGrepp,True,False,"HOLY SH*T  Illegal Immigrants have taken over the Streets of New York to protest Deportations

This make it VERY easy for Donald Trump to know who to Deport. Please keep track of these people 

MASS DEPORT EVERY ILLEGAL IMMIGRANT ",674228,24310,2733,6217,445
2024-11-10T16:43:26.000Z,GaudetteRob,True,False,"To the camps! This illegal immigrant and criminal voter was caught trying to steal our Social Security benefits and Medicare. 

Thank you 
@USCIS
 for catching it.

#DeportAllSavages",1675,3,4,2,2
2024-11-12T14:44:45.000Z,AprilNicoleinVA,True,False,"If I commit a crime, I have to reap the consequences. 

An ILLEGAL immigrant, who has committed a crime has to reap the consequences even if they means being separated from their family. 

The End",0,29,6,1,695
2024-11-19T04:00:38.000Z,_Charlene_TX,False,False,"Illegal aliens getting citizenship with no effort is a smack in the face to every single immigrant who came to this country legally

It takes years and money and all the illegals had to do was cross illegally 

Deport all of them",0,11,1,2,52
2024-11-18T22:00:22.000Z,CALimmigrant,False,False,"  Join us TOMORROW MORNING at City Hall to urge the Los Angeles City Council to protect immigrant communities and pass the #SanctuaryOrdinance 

 8:30am: press conference 
 10:00am: public comment
 200 N Spring St, Los Angeles, CA 90012 

 #DemocracyInAction",0,1928,4,4,0
2024-09-09T17:08:51.000Z,CubanOnlyTrump,True,False,"JUST ANNOUNCED :Kamala Harris ""We extended Temporary Protected Status to over 100,000 Haitian Migrants. They need support.""

Aiden Clarke an 11-year-old was kiIIed on his way to school in Springfield, Ohio.  

His kiIIer was a Haitian illegal immigrant that Kamala FLEW in.

Never",1360236,21964,2070,16346,1298
2024-08-23T02:47:23.000Z,bennyjohnson,True,False,"KAMALA HARRIS: ""I believe everyone has a right to safety, to dignity, and to justice."" 

Unless you’re a victim of brutality from an illegal immigrant.",301650,17566,1302,4571,125
2024-10-24T16:12:12.000Z,RyanMattaMedia,True,False,"A illegal immigrant mercenary who is also a MS-13 gang member just preformed a human sacrifice. Will your daughter be next? 
@JJCarrell14",247770,7881,373,7000,1212
2024-09-08T14:55:46.000Z,amyforsandiego,True,False,"BREAKING: An illegal immigrant with a fake Green Card entered a San Diego military home and assaulted a 5-year-old girl. Thanks to Army veteran 
@thecorygoat
 and brave DHS whistleblowers, we now see how California’s sanctuary laws protect criminals while gaslighting Americans",975717,25483,444,14128,1174
2024-11-17T17:48:13.000Z,civillycentered,True,False,"Welcome to #Portland where; American citizens sleep on the street while the city managed to scramble up housing for 80 illegal immigrant families -after they complained 24 hours prior on the news. 
@RonWyden
 @TinaKotek
 fuck you both
@KGWNews",0,8,2,3,128
2024-11-11T23:49:13.000Z,its_The_Dr,True,False,"""I hear a lot of people say, 'The talk of a mass deportation is racist.  It's threatening to the immigrant community,'"" says Tom Homan, Trump’s former acting director. He argues it should only “be threatening to the illegal immigrant community.”",5511,180,5,53,1
2024-11-13T20:28:45.000Z,CHIRLA,False,False,"CHIRLA is dedicated to assisting the community by offering legal services! We are here to help you:

RENEW YOUR DACA
APPLY FOR U.S. CITIZENSHIP

Questions? Call our Immigrant Assistance Line, M-F, from 9AM-5PM: (888) 624-4752.

#DACA #DACARenewal #USCitizenship #LegalServices",0,838,6,8,0
2024-11-12T01:27:59.000Z,Joe_S_Pure,True,False,"'TRAGIC LOSS': The mother of Rachel Morin, who was allegedly murdered by an illegal immigrant while out jogging last year, says her family is thankful for President Trump's commitment to making border security ""a national priority.” https://trib.al/TdeLXMt",0,286,5,15,0
2024-11-13T19:21:02.000Z,irumyuui,True,False,Says the illegal immigrant.,0,0,10,344,0
2024-11-14T21:11:22.000Z,iceoutofca,False,False,"NEW: California leaders must mount an aggressive response to protect immigrant communities to defend against Trump’s mass deportation plan. #StopICEtransfers

 
@SamTLevin",964,23,5,19,2
2024-11-17T11:37:21.000Z,DefiantLs,True,False,"Laken Riley fought for her life for 18 minutes while an illegal immigrant was attacking her before he took her life.

But keep crying on TikTok because 12-year-olds can't transition.",136028,5284,85,770,109
2024-11-18T13:08:06.000Z,restoreorderusa,True,False,"But even if immigrant/minority groups began voting majority GOP, there are still many economic and cultural reasons to support immigration restriction.",0,35,3,4,1868
2024-11-18T17:21:59.000Z,DefiantLs,True,False,"The roommate of illegal immigrant who murdered Laken Riley confirmed he was flown to Georgia on a flight paid by taxpayers.

Absolutely disgraceful!",77807,2257,69,415,65
2024-11-06T12:35:34.000Z,Nibiru1000,True,False,"Who's ready for mass illegal immigrant deportations, protecting Black Jobs, and no taxes on overtime? Let's get this Money!! ",352239,9057,498,1737,1099
2024-10-17T23:58:04.000Z,BarronTrumpoo,True,False,"BREAKING: Governor Sarah Sanders just said, ""I want every single illegal immigrant sent back to their home country."" 

Do you agree with Sarah?

A. YES
B. NO",86405,9295,3240,1090,22
