timestamp,username,icon-verified,fact-checked,text,views,likes,replies,reposts,bookmarks
2024-11-14T03:39:20.000Z,PatrioticMedia1,False,False,"PATRIOTIC DOCTORS BACK RAMATHUBA
Patriotic doctors including the outspoken 
@MikeRamothwala
 are giving their support to 
@PhophiRamathuba
 who is facing prosecution by #HPCSA for telling an illegal immigrant that Mnangagwa should be the one to take care of Zimbabwean patients.",33681,896,86,260,9
2024-08-20T05:48:42.000Z,RyanShead,True,False,"Dear Elon,

Here is the video you say doesn’t exist of Donald Trump saying there were very fine people on both sides after Charlottesville.

You keep saying X is this arbiter of truth, yet you spread lies to help Trump and conservatives.

You’re a former illegal immigrant who’s",5771987,38812,3281,12489,2334
2024-05-23T13:53:58.000Z,kunley_drukpa,True,False,Illegal Immigrant from Turkey is shocked by lack of security on US Border he just illegally crossed,15709134,21051,560,4208,5639
2024-06-18T02:22:56.000Z,GregAbbott_TX,True,False,"Texas captures the #1 most wanted criminal illegal immigrant.

He's now behind bars in Tarrant Co.

We continue our search for the other most wanted.",114553,9109,355,1690,54
2024-08-31T02:35:21.000Z,ShadowofEzra,True,False,Nancy Pelosi just told Bill Maher that she plans to grant citizenship to every illegal immigrant and give them free housing—paid for by hardworking American taxpayers.,3557558,12590,2116,6930,2522
2023-10-01T11:30:37.000Z,NHPUKOfficial,False,False,"Immigrant family lands in UK & are found a Council flat in just 2 weeks.

Millions of Brits have been waiting for years on social housing waiting lists. 

NHPUK campaign to stop permanent settlement immigration & to completely stop accepting refugees for citizenship. 

#JoinNHPUK",724493,5470,850,3404,260
2024-03-09T23:34:30.000Z,kleavittnh,True,False,"President Trump on Laken Riley’s Killer: 

“I say he is an illegal alien, he is an illegal immigrant, he is an illegal migrant, and he should have never been in our country, and he wouldn’t have been under the Trump policies.”",108684,5893,285,1784,48
2024-04-23T01:07:06.000Z,Jessica_4_Trump,False,False,"JUST IN:  A Judge has ruled a mistrial in the case of George Alan Kelly.  Kelly was accused of taking the life of an illegal immigrant on his property.  

Kelly claimed he fired warning shots earlier in the day after seeing armed men on his property.  His wife called border",654928,14887,655,2432,116
2024-05-05T17:50:51.000Z,w_terrence,True,False,"Happy Cinco De Mayo !  As an illegal immigrant I want my free Tacos ,Nachos and 53 million dollars asap !

This is my identity & you will respect it!
If man can be a woman then I can be an illegal immigrant!

I WANT MY PESOS, Free Housing , Free Food and yes I will still complain",433778,15851,1203,4428,347
2024-03-17T17:53:30.000Z,Jessica_4_Trump,False,False,"If we lose in November it really will be a bloodbath.  

A bloodbath on the economy which is already suffering.  

A bloodbath on our rights that they keep trying to take away. 

A bloodbath for the families who lose a loved one to an illegal immigrant.  

A bloodbath for anyone",182947,8023,1588,2432,85
2024-06-07T12:28:56.000Z,KeithWoodsYT,True,False," Foreigners are being bussed to election centers to vote in today's elections

Reminder that the government gave EVERY illegal immigrant and refugee the right to vote today",397278,5016,345,1238,386
2024-03-21T00:02:03.000Z,tariqnasheed,True,False,"A suspected illegal immigrant in NYC allegedly tried to snatch a sista's purse while he was on a scooter. And he ended up with ""black & brown"" bruises on his face.

He realized that them New York women aint really the soft targets he thought they were",303717,2896,468,871,425
2024-09-12T01:58:31.000Z,dom_lucre,True,False,"BREAKING NEWS: A Haitian immigrant was caught trying to steal and eat a cat. 

""Here in Chile, we don't eat cats""",330887,6958,213,2348,756
2024-10-06T18:18:56.000Z,RpsAgainstTrump,True,False,"Was Elon Musk an Illegal Immigrant? According to his brother Kimbal Musk, the answer is YES",1281090,26854,755,10532,2012
2024-02-28T20:19:02.000Z,GregAbbott_TX,True,False,"What a disgrace. 

Blaming the murder of the nursing student in Georgia killed by an illegal immigrant on things like Trump.

It’s because of local officials like this who refuse to be tough on crime that we have murders on streets.

They should all be fired.
Including Biden.",522770,25607,1474,5242,136
2023-10-06T08:01:15.000Z,GoldingBF,True,False,"Let’s not beat around the bush.
The Islamic / immigrant birthrate is multiple times higher than the indigenous birthrate. 
Due to present rates of immigration and high migrant birthrates, we will become a minority in our own land.",240934,4252,1185,1638,101
2024-03-23T00:15:13.000Z,TaylerUSA,True,False,"Can’t make this up— On my flight home to DFW -> SLC I have an illegal immigrant (𝗔 𝗙𝗢𝗥𝗠𝗘𝗥 𝗦𝗢𝗟𝗗𝗜𝗘𝗥) from Venezuela seated next to me on 
@AmericanAir
 

Every time I fly back to SLC I have illegal immigrants on my flights.

Despite 
@GovCox
 claiming this is not",1017167,5587,307,2446,465
2024-11-14T08:35:38.000Z,BBlues100,False,False,"Yup well done labour voters now we have to pay loads for council tax businesses will be shutting down, illegal immigrant’s gets everything for free, this country will be even more poor all because you think that labour was the best for this country, we have another 4 years",1743,45,6,13,3
2024-11-13T18:18:02.000Z,MatRoyer,True,False,"A migrant serial killer: the cinder block killer. 

An illegal immigrant from Cameroon attacked a homeless man in Rotterdam, leaving him in a coma.
Previously, he had killed in Lyon, Évry, Dijon and Strasbourg. He was arrested at Toulon station for assaulting a woman. He was",0,496,2,9,0
2024-11-08T02:55:35.000Z,JustTheNews,True,False,Breaking: Federal judge strikes down Biden citizenship program aimed at immigrant spouses of US citizens,9059,190,5,45,9
2024-11-08T06:15:29.000Z,redpillbeba,True,False,"Veterans make up 7% of the homeless population and  only 6% of the US population. Not a single immigrant should get a  dollar in government programs. 

Immigration needs be merit based for this reason.",0,2,3,15,548
2024-11-13T19:51:14.000Z,FishTankViewer1,True,False,Burt thinks Simbal is an illegal immigrant lmfao #fishtanklive,0,14,6,96,1622
2024-11-07T00:07:32.000Z,madisoncross__,False,False,"my heart has been heavy thinking about Jocelyn Nungaray, Laken Riley, and many other women whose right to LIFE was unmercifully  taken away and violated at the hands of illegal immigrant men who never should’ve stepped foot on American soil. Our border needs to be fixed NOW!",0,11,2,1,373
2024-11-10T01:41:19.000Z,VIVALVENGEANCE,True,False,any person born on american soil is AMERICAN. it makes zero sense that a child with immigrant parents would be denied citizenship to the country they were born in.,0,46,3,1,1695
