timestamp,username,icon-verified,fact-checked,text,views,likes,replies,reposts,bookmarks
2024-11-04T21:10:07.000Z,CALimmigrant,False,False,"Rent Control is on the ballot! Prop 33 lets cities and counties apply rent control to ALL types of housing, including single-family homes, condos, and newer apartments, preventing the state from limiting local rent control decisions. #VoteYES #Prop33 #CA2024",3084,8,1,2,2
2024-11-06T05:49:26.000Z,MGF91,False,False,My feelings as a Mexican immigrant right now,44570,458,25,19,22
2024-11-06T01:02:26.000Z,ViceAndVirtues_,False,False,"I think it’s sad if your parents are immigrants and/or especially if you yourself are an immigrant, that you voted for someone that’s pushing to end birth right citizenship and wanting a massive deportation. This country was built on immigrants",30498,845,5,311,28
2024-11-06T12:35:34.000Z,Nibiru1000,True,False,"Who's ready for mass illegal immigrant deportations, protecting Black Jobs, and no taxes on overtime? Let's get this Money!! ",336280,9021,490,1724,1093
2024-11-06T17:30:05.000Z,persecutedsgin,False,False,Is anyone else having trouble logging into their Project 2025 account? I’m trying to get into the Illegal Immigrant reporting app but it’s not working,65022,1351,10,68,47
2024-11-06T16:22:45.000Z,Laceythegr8,False,False,Nobody hates illegal immigrants more than an illegal immigrant who has become legal.,1732,12,1,15,1
2024-03-06T13:24:24.000Z,BPUnion,True,False,"Arresting illegal aliens who crash the border...illegally...is deemed ""anti-immigrant"" by Arizona Gov Katie ""Veto"" Hobbs.

Let that sink in for a moment.",81753,4730,420,1971,70
2018-04-25T13:33:58.000Z,Maria_Hinojosa,False,False,"Come on 
@nytimes
 There is no such thing as an “illegal” immigrant or “illegal” human being. A person, an immigrant, may have gotten to or stayed in a country illegally but the person is not “illegal”.",0,438,12,171,0
2024-04-03T20:13:55.000Z,rawsalerts,True,False,"#BREAKING: A Texas National Guard Soldier has been Arrested During a police Pursuit for Attempting to Smuggle Illegal Immigrant in Government Vehicle

#KinneyCounty | #Texas 

Watch as the Kinney County sheriff initiates a police pursuit following the apprehension of a Texas",2447167,9390,600,2995,866
2024-08-15T21:42:47.000Z,TheRightMelissa,True,False,"Wow! Black Business woman has a message for Kamala Harris. 

She sobs after having to sell her food truck which was bought by an illegal immigrant who got free money from the Harris/Biden Administration.",222223,4167,411,1973,359
2024-09-28T00:14:00.000Z,kleavittnh,True,False,"DESPICABLE! Not a SINGLE mainstream media outlet covered the bombshell new ICE data showing Kamala let 435,000 illegal immigrant convicted criminals to freely roam the country 
@nytimes
 @washingtonpost
 @CNN
 @ABC
 @CBSNews
 @NBCNews
 @MSNBC
 @USATODAY
 @AP",445384,18769,918,9624,737
2024-06-06T08:39:17.000Z,peterstopcrime,True,False,"Another immigrant Rapist shopkeeper

He beat the shit out of her for 4 hours, snapped a broom over her, left 37 separate injuries, threatened her with a Knife and raped her, 

His barrister said 

It is quite remarkable that someone like this defendant has committed the offences",342309,8927,657,2862,154
2024-11-04T21:19:15.000Z,MigrationPolicy,True,False,"NEW: We offer 1st-ever projections of the US working-age population by immigrant generation through 2040 based on varying future immigration level scenarios

TL;DR: Policy will play a key role in shaping the US demographic landscape & future workforce

http://migrationpolicy.org/news/immigrant-origin-population-2040…",0,1,7,10,1654
2024-11-05T22:32:00.000Z,ReadTheLion,True,False,An illegal immigrant man was arrested in New York after allegedly raping a 5-year-old girl.,10244,70,1,39,4
2024-11-10T13:12:44.000Z,stillgray,True,False,Do whatever you want all the time (if you’re an illegal Immigrant). Welcome to the UK.,25869,209,21,35,8
2024-07-24T11:25:11.000Z,benonwine,True,False,"Honest Question…..

Should every illegal immigrant be deported?

YES or NO?",343122,13718,5933,1109,27
2024-04-17T20:01:58.000Z,ImMeme0,True,False,"NEW: African Community organizer says that NYC is “anti-African xenophobic.”  Also, she complains about the quality of FREE services illegal Africans receive. 

As an immigrant who has been living in NYC for almost 30 years I’m appalled that people who just got here have the",117883,2669,344,957,81
2024-04-23T01:07:06.000Z,Jessica_4_Trump,True,False,"JUST IN:  A Judge has ruled a mistrial in the case of George Alan Kelly.  Kelly was accused of taking the life of an illegal immigrant on his property.  

Kelly claimed he fired warning shots earlier in the day after seeing armed men on his property.  His wife called border",654921,14882,655,2431,116
2024-11-11T15:17:06.000Z,CopperStateNews,True,False,"I'm not at all interested in spying on our neighbors or making illegal immigrants wear patches or be placed in concentration camps. Honestly, if you live in Arizona, most likely you know an illegal immigrant or perhaps some are even living in your neighborhood. 

But, there are",0,1,6,9,473
2024-08-15T07:13:09.000Z,ImMeme0,True,False,"If this doesn’t break your heart and piss you off at the same time, I don’t know what will.

This veteran, who worked hard to start her business and buy her food truck, is now sharing her story of selling it to an illegal immigrant who has no credit or savings but is able to",3058737,83826,8498,39469,6775
2024-01-10T14:26:13.000Z,TulsiGabbardrep,True,False,"Do you support the mass deportation of every single illegal immigrant in America effective immediately ?

YES or NO ?",445282,26311,8838,2920,40
2024-02-22T16:12:55.000Z,TulsiGabbardrep,True,False,"Do you support President Donald Trump sending every single illegal immigrant that Biden let in America back to their home countries ?

YES or NO ?",142776,13179,4108,1517,23
