timestamp,username,icon-verified,fact-checked,text,views,likes,replies,reposts,bookmarks
2023-05-26T21:57:01.000Z,TheyCallMeDoc1,True,False,"Lesson of the day. 
Migrant - A person who moves from place to place for work. 
Immigrant - A person who comes to live permanently.
Illegal Alien - a foreign national who is living without official authorization in a country.
They are not Migrants they are illegal aliens.",24575,1464,79,640,8
2024-11-20T20:23:35.000Z,FoxNews,True,False,'JUSTICE HAS BEEN DELIVERED': Gov. Kemp takes direct shot at Biden administration after illegal immigrant Jose Ibarra was found guilty on all ten counts he was charged with in the murder of nursing student Laken Riley.,70208,899,169,166,10
2024-11-14T17:04:40.000Z,rodneyscottbp,False,False,"Calling illegal aliens “immigrants” is an insult to every legal immigrant. 
Words matter!  Show respect for legal immigrants and use the appropriate legal terms.",1030,55,3,15,1
2024-11-11T22:02:06.000Z,liz_churchill10,True,False,"MEET, the BORDER CZAR, 
@RealTomHoman
 

IF you’re an ILLEGAL IMMIGRANT…START PACKING.",18861,939,40,251,50
2024-11-19T22:25:01.000Z,ACLUTx,False,False,"Texas could be central to mass raids, deportations, and detention camps next year.

Anti-immigrant policies tear families apart and devastate our communities and economy.

They do nothing to improve our immigration system.",6497,107,31,62,8
2024-07-20T10:01:15.000Z,TulsiGabbard,True,False,"The Democrat elite paints anyone who wants to stop illegal immigration and secure our borders as racist and “anti-immigrant.” They are either very very stupid and don’t understand the difference between legal and illegal immigration, or they’re  trying to foment division and",1174107,53771,1812,11319,838
2024-03-09T23:34:30.000Z,karolineleavitt,True,False,"President Trump on Laken Riley’s Killer: 

“I say he is an illegal alien, he is an illegal immigrant, he is an illegal migrant, and he should have never been in our country, and he wouldn’t have been under the Trump policies.”",108864,5890,284,1781,48
2024-09-08T14:55:46.000Z,amyforsandiego,True,False,"BREAKING: An illegal immigrant with a fake Green Card entered a San Diego military home and assaulted a 5-year-old girl. Thanks to Army veteran 
@thecorygoat
 and brave DHS whistleblowers, we now see how California’s sanctuary laws protect criminals while gaslighting Americans",976232,25486,444,14128,1171
2024-03-04T13:00:18.000Z,SpeakerJohnson,True,False,"When asked about the tragic murder of Laken Riley by an illegal immigrant, Secretary Mayorkas visibly checked his talking points on how to deflect blame. 

Her killer should NOT have been allowed to enter the country and if the Administration had stopped him and turned him around",1060589,16474,5390,4600,246
2024-11-18T17:49:27.000Z,FrazierForTexas,True,False,"According to the roommate of the illegal immigrant who killed Laken Riley, he was flown to Georgia by a flight that was funded by the taxpayers. Absolutely amazing!  #txlege",1163,10,1,4,1
2024-11-20T17:07:47.000Z,SonofHas,True,False,".
@washingtonpost
, 
@AP
, and 
@nytimes
 all refuse to describe Laken Riley’s murderer as an illegal immigrant

Instead he’s a

“Venezuelan national”
“Man”
“Venezuelan migrant”

Simply infuriating",171479,3165,306,1242,83
2024-11-14T12:00:30.000Z,thenyic,False,False,Mayor Adams MUST fight Trump's mass deportation agenda & protect immigrant NYers—not thinking about how the city will be colluding with ICE & create terror.,2978,14,4,4,1
2024-11-20T17:44:54.000Z,ACTforAmerica,True,False,"BREAKING: Jose Ibarra, the illegal immigrant who murdered Laken Riley, was found guilty on ALL charges",10481,284,34,53,1
2024-11-09T18:22:20.000Z,sav_says_,True,False,"NYC-There are currently illegal immigrants marching on the streets of New York holding a sign that reads “No to the anti-immigrant laws, no to deportations”

They shared they are from Ecuador and Peru.",5006936,33622,18843,9428,2258
2024-11-08T01:59:57.000Z,MTGrepp,True,False,"EVERY SINGLE ILLEGAL IMMIGRANT NEEDS TO BE DEPORTED. I DON’T CARE WHO THEY ARE

WHO’S WITH ME ?",122370,12301,1270,1797,48
2024-11-16T03:42:22.000Z,TONYxTWO,True,False,"“I’m really happy that Trump won. I’m a first generation Mexican Immigrant, my dad just got his citizenship this year… he had all Republican across the board.”

Love this so much!! Watch this  
@realDonaldTrump",1247484,74231,768,12950,1630
2024-11-20T21:15:37.000Z,JustTheNews,True,False,Trump reacts to illegal immigrant found guilty of killing Laken Riley: 'Time to secure our border',0,40,1,12,2601
2024-11-19T18:06:01.000Z,pop4climate,False,False,"We just joined 
@JFREJNYC
 in disrupting a city council hearing on immigration, in defiance of Eric Adams' shelter evictions. New York is a city of immigrants and we will rise against evictions and deportations.
Adams is failing us.

Immigrant justice is climate justice!",0,43,3,14,1897
2024-11-20T17:09:32.000Z,DailySignal,True,False,"Jose Ibarra, the illegal immigrant who brutally murdered Laken Riley, has been found GUILTY on all 10 charges.

Riley's family can be heard sobbing while Ibarra remains blank-faced.",1269,15,1,4,1
2024-09-04T18:29:57.000Z,robbystarbuck,True,False,"An illegal immigrant has been arrested in TN after attacking a man with a PICKAXE.

The pickaxe was embedded in his skull.

Red states should defy Feds and deport all illegals before they hurt Americans. Dare Kamala to jail you for protecting your citizens.",117005,7430,225,3552,243
