timestamp,username,icon-verified,fact-checked,text,views,likes,replies,reposts,bookmarks
2024-09-09T17:08:51.000Z,CubanOnlyTrump,True,False,"JUST ANNOUNCED :Kamala Harris ""We extended Temporary Protected Status to over 100,000 Haitian Migrants. They need support.""

Aiden Clarke an 11-year-old was kiIIed on his way to school in Springfield, Ohio.  

His kiIIer was a Haitian illegal immigrant that Kamala FLEW in.

Never",1360138,21963,2070,16340,1298
2024-08-23T16:00:39.000Z,AshleaSimonBF,True,False,"Illegal immigrant dances in the street with a knife.
Outside his taxpayer funded accommodation.
We are importing thugs, murderers and rapists.
Not doctors and engineers.
We need to deport every single illegal immigrant.
No wonder our children aren’t safe ",524807,12429,475,3390,249
2024-01-10T14:26:13.000Z,TulsiGabbardrep,True,False,"Do you support the mass deportation of every single illegal immigrant in America effective immediately ?

YES or NO ?",445433,26284,8839,2909,40
2024-08-20T05:48:42.000Z,RyanShead,True,False,"Dear Elon,

Here is the video you say doesn’t exist of Donald Trump saying there were very fine people on both sides after Charlottesville.

You keep saying X is this arbiter of truth, yet you spread lies to help Trump and conservatives.

You’re a former illegal immigrant who’s",5772322,37606,3280,12468,2292
2024-03-08T03:38:09.000Z,_MLFootball,True,False,President Joe Biden at the State of the Union said USC head coach Lincoln Riley was killed by an illegal immigrant,1937835,7585,304,906,731
2024-06-03T11:10:29.000Z,NMalliotakis,True,False," Two cops shot overnight in NYC (⁦
@AOC
⁩’s district) by an illegal immigrant living at a former Marriott, current migrant shelter at OUR expense. What will it take for Biden, Hochul & Adams to change their disastrous policies? It’s infuriating",184812,3400,384,1618,71
2024-05-22T02:42:59.000Z,BrandiKruse,True,False,The illegal immigrant who killed a Washington State Trooper just got his bail reduced – because his attorneys convinced a judge their client isn't a danger to the community.,255978,9203,774,6668,251
2024-10-27T23:52:43.000Z,60Minutes,True,False,"""I hear a lot of people say, 'The talk of a mass deportation is racist.  It's threatening to the immigrant community,'"" says Tom Homan, Trump’s former acting director of immigration enforcement. He argues it should only “be threatening to the illegal immigrant community.”",1490574,22622,1585,3679,1592
2024-03-19T13:48:15.000Z,Jessica_4_Trump,True,False,"Andi Lynn Blair was hit while riding her tricycle by an illegal immigrant who fled the scene.  She was 5 days away from celebrating her 4th birthday.  

The illegal immigrant was heading for the South Carolina border when he was caught by police and arrested.  

This isn’t cherry",546823,18200,684,6568,324
2024-08-26T09:45:36.000Z,SamFowles,True,False,"Correcting some conspiracy theories on GB News last night:

1. Anti-immigrant sentiment correlates with low immigration - i.e. you're more likely to be anti-immigrant if you've never actually met an immigrant. 

Short ",520725,1865,523,505,345
2018-04-25T13:33:58.000Z,Maria_Hinojosa,False,False,"Come on 
@nytimes
 There is no such thing as an “illegal” immigrant or “illegal” human being. A person, an immigrant, may have gotten to or stayed in a country illegally but the person is not “illegal”.",0,420,12,171,0
2024-11-14T14:15:30.000Z,MarshaBlackburn,True,False,"Under no circumstances should any immigrant tied to Hamas be allowed into our country. 
@SenJackyRosen
 and I introduced the No Immigration Benefits for Hamas Terrorists Act to ban Hamas sympathizers and terrorists from entering our nation.
@AdamShawNY",23321,1710,136,258,10
2024-11-10T20:55:38.000Z,immi_grateful,False,False,"Did y’all hear about the illegal immigrant who cheated on his girlfriend? 
In response, she took him on a “trip” to Mexico and left him there. ",0,8,1,1,126
2024-11-17T17:48:13.000Z,civillycentered,True,False,"Welcome to #Portland where; American citizens sleep on the street while the city managed to scramble up housing for 80 illegal immigrant families -after they complained 24 hours prior on the news. 
@RonWyden
 @TinaKotek
 fuck you both
@KGWNews",0,7,2,3,58
2024-11-11T19:57:41.000Z,snoopsmom123,True,False,I don’t think this ILLEGAL immigrant will be making many more videos instructing his friends on how easy it is to rob American taxpayers.,1933,49,11,17,8
2024-08-01T19:45:09.000Z,AlphaNewsMN,True,False,"Minnesota Gov. Tim Walz says he wants to invest in a ""ladder factory"" to help illegal immigrants climb Trump's border wall, says we won't have Thanksgiving dinner anymore without illegal immigrant workers. 

Recent polling shows a majority of Americans support building a border",600539,3488,1816,2211,406
2024-09-19T20:48:37.000Z,trumprealparody,True,False,"BREAKING: Governor Sarah Sanders just said, ""I want every single illegal immigrant sent back to their home country."" 

Do you agree with Sarah?
A. Yes
B. No",234809,22149,9032,2932,66
2024-06-09T16:23:58.000Z,dom_lucre,True,True,"BREAKING: Anti-immigrant Malachy Steenson has been elected in Dublin Parliament, his goal is to provide ‘a safe future for his children.’ By addressing the growing problem of immigration in the EU, in short to prevent ‘The Great Replacement.’",504627,7846,218,1439,145
2024-04-23T01:07:06.000Z,Jessica_4_Trump,True,False,"JUST IN:  A Judge has ruled a mistrial in the case of George Alan Kelly.  Kelly was accused of taking the life of an illegal immigrant on his property.  

Kelly claimed he fired warning shots earlier in the day after seeing armed men on his property.  His wife called border",654940,14880,655,2428,116
2024-09-16T23:48:26.000Z,RyanAFournier,True,False,"Remember Leonel Moreno?

He’s the illegal immigrant that encouraged other illegals to take over the homes of American citizens and become squatters.

He was just ordered to be deported.

CYA B*TCH!",367899,4177,290,1054,68
2024-01-13T15:46:26.000Z,TheRubberDuck79,True,False,#KattWilliams and a mexican immigrant waving a mexican flag in the front row got into a heated live 4-minute exchange in front of the whole audience.,1047299,13714,756,4217,2539
2024-06-23T20:37:15.000Z,4Mischief,True,False,Should Joe Biden be held accountable for these illegal immigrant crimes?,204272,13010,1760,2816,69
2024-08-31T23:56:07.000Z,ArtMusicPoli,True,False,"All those achievements yet you fail to acknowledge the strain #illegalImmigration places on our country:

1.Economic Impact: Illegal immigration costs U.S. taxpayers over $116 billion annually. This burden falls on hard-working Americans, especially in sectors like agriculture",12115,787,15,57,14
2024-11-11T22:02:06.000Z,liz_churchill10,True,False,"MEET, the BORDER CZAR, 
@RealTomHoman
 

IF you’re an ILLEGAL IMMIGRANT…START PACKING.",18816,941,40,250,49
