timestamp,username,icon-verified,fact-checked,text,views,likes,replies,reposts,bookmarks
2024-09-09T17:08:51.000Z,CubanOnlyTrump,True,False,"JUST ANNOUNCED :Kamala Harris ""We extended Temporary Protected Status to over 100,000 Haitian Migrants. They need support.""

Aiden Clarke an 11-year-old was kiIIed on his way to school in Springfield, Ohio.  

His kiIIer was a Haitian illegal immigrant that Kamala FLEW in.

Never",1359888,21982,2073,16354,1297
2024-05-22T02:42:59.000Z,BrandiKruse,True,False,The illegal immigrant who killed a Washington State Trooper just got his bail reduced – because his attorneys convinced a judge their client isn't a danger to the community.,255931,9209,774,6674,251
2024-08-15T13:01:16.000Z,WallStreetApes,True,False,"ALL OF AMERICA, LISTEN TO THIS 

American Business owner is selling her food truck. Illegal immigrant shows up with paperwork that he is getting funding to purchase her truck with NO MONEY in the bank and NO CREDIT

She speaks with the bank and is told it’s COMMON, Illegal",1591986,32763,2428,15710,4418
2023-09-18T15:47:33.000Z,SpencerLndqst,True,False,"Have you heard about America’s ‘largest illegal immigrant settlement’ that's said to be a hub of cartel activity?

I visited Colony Ridge for 
@realDailyWire
 to learn about a development that's home to 40k-75k people and is in the midst of a rapid expansion.

Here's what I found:",3745477,7828,550,4808,1750
2024-08-08T02:03:58.000Z,w_terrence,True,False," EVERYONE IN AMERICA SHOULD BE MAD!!

This Veteran is getting $23 dollars in food stamps but an illegal immigrant is getting $13,000 dollars

Yes this is real! I know people who receive $50 dollars.

This is happening under Kamala Harris and Joe Biden",312949,17618,1147,9936,590
2024-06-25T13:22:00.000Z,carolvorders,True,False,"Tommy Robinson arrested as an illegal immigrant in Canada 

It’s Rwanda for you my boy 

This really is an election run up that just keeps on giving isn’t it ?",4808012,35227,4344,5773,769
2023-10-01T11:30:37.000Z,NHPUKOfficial,False,False,"Immigrant family lands in UK & are found a Council flat in just 2 weeks.

Millions of Brits have been waiting for years on social housing waiting lists. 

NHPUK campaign to stop permanent settlement immigration & to completely stop accepting refugees for citizenship. 

#JoinNHPUK",724554,5468,850,3403,260
2024-11-09T21:17:03.000Z,MTGrepp,True,False,"HOLY SH*T  Illegal Immigrants have taken over the Streets of New York to protest Deportations

This make it VERY easy for Donald Trump to know who to Deport. Please keep track of these people 

MASS DEPORT EVERY ILLEGAL IMMIGRANT ",671991,24334,2729,6220,445
2024-09-04T18:29:57.000Z,robbystarbuck,True,False,"An illegal immigrant has been arrested in TN after attacking a man with a PICKAXE.

The pickaxe was embedded in his skull.

Red states should defy Feds and deport all illegals before they hurt Americans. Dare Kamala to jail you for protecting your citizens.",116970,7430,225,3550,243
2024-05-05T17:50:51.000Z,w_terrence,True,False,"Happy Cinco De Mayo !  As an illegal immigrant I want my free Tacos ,Nachos and 53 million dollars asap !

This is my identity & you will respect it!
If man can be a woman then I can be an illegal immigrant!

I WANT MY PESOS, Free Housing , Free Food and yes I will still complain",433783,15848,1203,4428,347
2024-03-08T03:16:13.000Z,ClayTravis,True,False,"Joe Biden just confused Laken Riley, a college student killed by an illegal immigrant, with USC football coach Lincoln Riley. This just happened. The man’s brain is mush. Incredibly disrespectful.",959272,15670,668,2906,372
2024-03-10T16:06:56.000Z,SpeakerJohnson,True,False,"The president is cowering to his base and showing deference to a man who deserves none. 

This man is an illegal immigrant who brutally murdered Laken Riley.  

President Biden should be apologizing to Laken’s family. 

What an embarrassment.",16451683,35778,9487,8766,645
2024-08-22T20:26:26.000Z,CollinRugg,True,False,"JUST IN: The mother of Rachel Morin, who was k*lled by an illegal immigrant, joins Trump at the border, blasts the Biden-Kamala admin for their open border policies.

Patty Morin delivered an emotional speech alongside Trump during his visit to the southern border. 

""Rachel was",1064340,32289,535,8680,607
2024-03-23T00:15:13.000Z,TaylerUSA,True,False,"Can’t make this up— On my flight home to DFW -> SLC I have an illegal immigrant (𝗔 𝗙𝗢𝗥𝗠𝗘𝗥 𝗦𝗢𝗟𝗗𝗜𝗘𝗥) from Venezuela seated next to me on 
@AmericanAir
 

Every time I fly back to SLC I have illegal immigrants on my flights.

Despite 
@GovCox
 claiming this is not",1017175,5587,307,2445,465
2024-02-06T21:34:25.000Z,w_terrence,True,False,"I might lose a lot of support after this 

IM GIVING UP MY AMERICAN CITIZENSHIP!!!!!! 

I’m changing my race to Mexican and I now identify as an illegal Immigrant after finding out New York City will be giving out 53 million dollars to migrants 

My new name is Paco Nacho",1491984,42240,4334,11118,962
2024-08-28T22:17:55.000Z,CollinRugg,True,False,"JUST IN: An armed illegal immigrant gang has reportedly taken over an apartment complex in Aurora, Colorado.

New footage obtained by 
@vicentearenastv
 shows an armed gang at a complex in Aurora.

Aurora officials have been investigating a Venezuelan gang, the Tren de Aragua gang,",119718313,52535,7346,18431,9953
2024-10-27T21:30:36.000Z,BehizyTweets,True,False,"Vivek did something brilliant with his speech. He sent a message to different groups of people, which most politicians ignore. His message to illegal immigrants is the best

""But our message to every illegal immigrant is also this. We will return you to your country of origin,",1256645,45374,483,11269,2131
2024-08-08T18:51:23.000Z,RyanShead,True,False,The only illegal immigrant influencing elections in the United States is Elon Musk.,534743,35255,699,10851,352
2024-03-10T00:06:52.000Z,GOP,True,False,Biden is apologizing to an illegal immigrant arrested for murder. President Trump will stop criminals from entering the country.,277550,3773,560,1184,84
2024-09-19T20:48:37.000Z,trumprealparody,True,False,"BREAKING: Governor Sarah Sanders just said, ""I want every single illegal immigrant sent back to their home country."" 

Do you agree with Sarah?
A. Yes
B. No",234724,22175,9035,2941,66
2024-09-03T22:17:58.000Z,CollinRugg,True,False,"JUST IN: NYC illegal immigrant who beat a police officer in Times Square, smirks while being sentenced.

19-year-old Darwin Andres Gomez-Izquiel was sentenced after pleading guilty to second-degree assault.

Manhattan Supreme Court Judge Laura Ward gave the thug a ""stern"" warning",511252,7075,812,2507,267
2024-11-13T19:51:14.000Z,FishTankViewer1,True,False,Burt thinks Simbal is an illegal immigrant lmfao #fishtanklive,0,14,6,96,1645
2024-11-12T01:27:59.000Z,Joe_S_Pure,True,False,"'TRAGIC LOSS': The mother of Rachel Morin, who was allegedly murdered by an illegal immigrant while out jogging last year, says her family is thankful for President Trump's commitment to making border security ""a national priority.” https://trib.al/TdeLXMt",0,280,5,15,0
