timestamp,username,icon-verified,fact-checked,text,views,likes,replies,reposts,bookmarks
2024-09-09T17:08:51.000Z,CubanOnlyTrump,True,False,"JUST ANNOUNCED :Kamala Harris ""We extended Temporary Protected Status to over 100,000 Haitian Migrants. They need support.""

Aiden Clarke an 11-year-old was kiIIed on his way to school in Springfield, Ohio.  

His kiIIer was a Haitian illegal immigrant that Kamala FLEW in.

Never",1359619,21989,2074,16367,1300
2024-04-05T03:50:41.000Z,ChuckCjmmn,False,False,70% of Americans believe that Melania Trump is a illegal immigrant.,94913,2781,613,1026,44
2024-11-06T12:35:34.000Z,Nibiru1000,True,False,"Who's ready for mass illegal immigrant deportations, protecting Black Jobs, and no taxes on overtime? Let's get this Money!! ",348906,9076,497,1736,1102
2024-05-23T13:53:58.000Z,kunley_drukpa,True,False,Illegal Immigrant from Turkey is shocked by lack of security on US Border he just illegally crossed,15708779,21056,560,4208,5641
2024-06-27T04:09:21.000Z,ImMeme0,True,False,"BREAKING: Illegal immigrant who shot 2 NYPD officers at 'point-blank range' indicted on 20 charges claims a notorious Venezuelan gang has been smuggling guns into city-run shelters.

Bernardo Raul Castro Mata (19) will be placed in protective custody following his explosive",913058,9485,414,5196,536
2024-11-12T14:58:16.000Z,MichaelBrun,True,False,"Talking to Rose about her journey to Springfield, Ohio and opening her Haitian restaurant 

#haitian #haiti #ayiti #springfield #immigrant",17080,525,16,113,29
2024-11-11T23:25:39.000Z,FoxNews,True,False,"'TRAGIC LOSS': The mother of Rachel Morin, who was allegedly murdered by an illegal immigrant while out jogging last year, says her family is thankful for President-elect Trump's commitment to making border security ""a national priority.” https://trib.al/LGJt9Qb",94484,1215,60,169,11
2024-11-12T01:35:38.000Z,Jerone4Congress,True,False,Please don't separate illegal immigrant families. Send them back together.,0,71,4,11,1024
2024-11-06T09:27:04.000Z,BlockchainBoyy,True,False,"If her “immigrant family” is legal, she should be celebrating 

Illegal immigrants make a mockery of those who go through the system the right way",0,13,1,1,3938
2024-11-12T19:00:16.000Z,FoxNews,True,False,"‘KEEPING HIS WORD’: The mother of murdered Rachel Morin has full faith in Trump as he’s set to take charge of the border, promising to oust illegal immigrant criminals after her daughter was allegedly killed by one",89111,1106,58,151,10
2024-11-12T14:44:45.000Z,AprilNicoleinVA,True,False,"If I commit a crime, I have to reap the consequences. 

An ILLEGAL immigrant, who has committed a crime has to reap the consequences even if they means being separated from their family. 

The End",0,29,6,1,613
2024-11-11T05:03:16.000Z,MTGrepp,True,False,"Donald Trump’s newly appointed Border Czar has a message for every illegal immigrant, “You better start packing now… because you are going home” 

Donald Trump appointed the BEST Border Czar 

THIS IS A MASSIVE WIN FOR AMERICA ",502599,16177,362,3042,778
2024-11-07T17:40:17.000Z,HaitianBridge,False,False,"This is not the time to sit back. As we enter a new era, our immigrant communities need us to show up. The Haitian Bridge Alliance is not backing down. To everyone who has been with us, and believes in being on the right side of history — let’s get to work.",2896,66,4,34,3
2024-11-08T01:38:51.000Z,tyn1ya,False,False,this Mexican girl at my job today talking about some “sorry to my immigrant family but at least my gas is cheaper” GIRL WHAT THE WAY I GASPED SO LOUDLY I HATE TEXAS OH MY GOD,1543,53,2,2,1
2024-11-09T13:45:02.000Z,NEWSMAX,True,False,"A judge in Texas on Thursday ruled against President Joe Biden's program offering a path to citizenship for certain immigrant spouses of U.S. citizens, a blow that could keep the program blocked through Biden's final months in office. MORE: https://bit.ly/40Cgl3M",49642,1012,62,126,13
2024-11-08T16:56:10.000Z,sdicACLU,False,False,"President-elect Donald Trump has promised to target immigrant communities on day one.

Join us in calling on Congress to cut funding to the DHS immigration enforcement and protect immigrant communities: https://action.aclu.org/send-message/stop-mass-deportations…",0,366,5,5,0
2024-09-19T20:48:37.000Z,trumprealparody,True,False,"BREAKING: Governor Sarah Sanders just said, ""I want every single illegal immigrant sent back to their home country."" 

Do you agree with Sarah?
A. Yes
B. No",234659,22185,9036,2942,66
2024-06-18T02:22:56.000Z,GregAbbott_TX,True,False,"Texas captures the #1 most wanted criminal illegal immigrant.

He's now behind bars in Tarrant Co.

We continue our search for the other most wanted.",114550,9115,355,1694,54
2024-08-23T16:00:39.000Z,AshleaSimonBF,True,False,"Illegal immigrant dances in the street with a knife.
Outside his taxpayer funded accommodation.
We are importing thugs, murderers and rapists.
Not doctors and engineers.
We need to deport every single illegal immigrant.
No wonder our children aren’t safe ",524743,12447,474,3396,249
2024-09-12T06:06:09.000Z,DefiyantlyFree,True,False,"Daughter of Haitian immigrant confirms ABC is lying about Springfield, Ohio.

The Harris campaign is the titanic and the iceberg is approaching.",592659,17925,556,8113,2146
2023-10-01T11:30:37.000Z,NHPUKOfficial,False,False,"Immigrant family lands in UK & are found a Council flat in just 2 weeks.

Millions of Brits have been waiting for years on social housing waiting lists. 

NHPUK campaign to stop permanent settlement immigration & to completely stop accepting refugees for citizenship. 

#JoinNHPUK",724264,5474,849,3404,260
