timestamp,username,icon-verified,fact-checked,text,views,likes,replies,reposts,bookmarks
2024-09-09T17:08:51.000Z,CubanOnlyTrump,True,False,"JUST ANNOUNCED :Kamala Harris ""We extended Temporary Protected Status to over 100,000 Haitian Migrants. They need support.""

Aiden Clarke an 11-year-old was kiIIed on his way to school in Springfield, Ohio.  

His kiIIer was a Haitian illegal immigrant that Kamala FLEW in.

Never",1360111,21964,2070,16340,1298
2024-08-15T21:42:47.000Z,TheRightMelissa,True,False,"Wow! Black Business woman has a message for Kamala Harris. 

She sobs after having to sell her food truck which was bought by an illegal immigrant who got free money from the Harris/Biden Administration.",222357,4163,410,1973,358
2024-10-27T23:52:43.000Z,60Minutes,True,False,"""I hear a lot of people say, 'The talk of a mass deportation is racist.  It's threatening to the immigrant community,'"" says Tom Homan, Trump’s former acting director of immigration enforcement. He argues it should only “be threatening to the illegal immigrant community.”",1489883,22606,1585,3675,1590
2024-03-08T03:38:09.000Z,_MLFootball,True,False,President Joe Biden at the State of the Union said USC head coach Lincoln Riley was killed by an illegal immigrant,1937831,7586,304,906,731
2024-06-28T18:05:00.000Z,DailyLoud,True,False,Illegal immigrant fatally shoots and kills 2 workers at Texas Chick-fil-A.,5851241,46954,1541,3459,2730
2024-09-13T16:50:05.000Z,CollinRugg,True,False,"JUST IN: Illegal immigrant arrested for m*rder after a family of four was found dead in their burning home in Irondequoit, N.Y.

Julio Cesar Pimentel Soriano, who was wanted in the Dominican Republic for m*rder in 2019, was arrested. 

Two toddlers and parents Fraime Ubaldo and",38705964,44003,3461,20932,4127
2024-08-20T05:48:42.000Z,RyanShead,True,False,"Dear Elon,

Here is the video you say doesn’t exist of Donald Trump saying there were very fine people on both sides after Charlottesville.

You keep saying X is this arbiter of truth, yet you spread lies to help Trump and conservatives.

You’re a former illegal immigrant who’s",5772317,37629,3280,12467,2293
2023-05-26T21:57:01.000Z,TheyCallMeDoc1,True,False,"Lesson of the day. 
Migrant - A person who moves from place to place for work. 
Immigrant - A person who comes to live permanently.
Illegal Alien - a foreign national who is living without official authorization in a country.
They are not Migrants they are illegal aliens.",24552,1460,79,639,8
2024-08-31T02:58:21.000Z,stillgray,True,False,"Nancy Pelosi revealed to Bill Maher her outrageous plan to not only grant citizenship to every illegal immigrant but also to provide them with free housing, all on the dime of the hardworking American taxpayer. Cool cool cool.",1652583,19386,2660,7218,2173
2024-03-21T00:02:03.000Z,tariqnasheed,True,False,"A suspected illegal immigrant in NYC allegedly tried to snatch a sista's purse while he was on a scooter. And he ended up with ""black & brown"" bruises on his face.

He realized that them New York women aint really the soft targets he thought they were",303777,2877,468,869,421
2023-09-18T15:47:33.000Z,SpencerLndqst,True,False,"Have you heard about America’s ‘largest illegal immigrant settlement’ that's said to be a hub of cartel activity?

I visited Colony Ridge for 
@realDailyWire
 to learn about a development that's home to 40k-75k people and is in the midst of a rapid expansion.

Here's what I found:",3745609,7822,550,4807,1749
2024-08-31T02:35:21.000Z,ShadowofEzra,True,False,Nancy Pelosi just told Bill Maher that she plans to grant citizenship to every illegal immigrant and give them free housing—paid for by hardworking American taxpayers.,3557688,12579,2112,6918,2519
2024-03-08T03:16:13.000Z,ClayTravis,True,False,"Joe Biden just confused Laken Riley, a college student killed by an illegal immigrant, with USC football coach Lincoln Riley. This just happened. The man’s brain is mush. Incredibly disrespectful.",959434,15662,668,2906,372
2024-11-10T13:12:44.000Z,stillgray,True,False,Do whatever you want all the time (if you’re an illegal Immigrant). Welcome to the UK.,26437,211,22,34,9
2024-04-25T21:36:09.000Z,ImMeme0,True,False,"JUST IN: Mexican illegal immigrant charged with sexually assaulting two young girls under 13 years old during home invasion in Michigan. 

Miguel Hernandez-Ruiz was arraigned on one county of felony home invasion and two counts of felony criminal sexual conduct in the first",210940,3920,410,2530,187
2023-10-01T11:30:37.000Z,NHPUKOfficial,False,False,"Immigrant family lands in UK & are found a Council flat in just 2 weeks.

Millions of Brits have been waiting for years on social housing waiting lists. 

NHPUK campaign to stop permanent settlement immigration & to completely stop accepting refugees for citizenship. 

#JoinNHPUK",725703,5463,850,3397,260
2024-10-06T00:48:57.000Z,RyanShead,True,False,"Any immigrant supporting domestic terrorism, especially former illegals, should have their citizenship revoked and sent back to their country of origin.

In Elon’s case, that could be Canada or South Africa.

We should add that to the Constitution. ",61450,2483,223,713,42
2024-07-25T20:56:44.000Z,charliekirk11,True,False,"12 years before Joe Biden made her the Border Czar, San Francisco DA Kamala Harris let illegal immigrant drug offender clear their records in order to protect them from deportation.

Let's repeat that: Kamala Harris made a special effort to make sure that illegal immigrants who",657178,29100,726,19573,2267
2024-06-23T20:37:15.000Z,4Mischief,True,False,Should Joe Biden be held accountable for these illegal immigrant crimes?,204272,13012,1760,2815,69
2024-03-09T23:34:30.000Z,karolineleavitt,True,False,"President Trump on Laken Riley’s Killer: 

“I say he is an illegal alien, he is an illegal immigrant, he is an illegal migrant, and he should have never been in our country, and he wouldn’t have been under the Trump policies.”",108816,5891,285,1781,48
