timestamp,username,icon-verified,fact-checked,text,views,likes,replies,reposts,bookmarks
2024-09-09T17:08:51.000Z,CubanOnlyTrump,True,False,"JUST ANNOUNCED :Kamala Harris ""We extended Temporary Protected Status to over 100,000 Haitian Migrants. They need support.""

Aiden Clarke an 11-year-old was kiIIed on his way to school in Springfield, Ohio.  

His kiIIer was a Haitian illegal immigrant that Kamala FLEW in.

Never",1360442,21963,2068,16354,1297
2024-08-31T02:58:21.000Z,stillgray,True,False,"Nancy Pelosi revealed to Bill Maher her outrageous plan to not only grant citizenship to every illegal immigrant but also to provide them with free housing, all on the dime of the hardworking American taxpayer. Cool cool cool.",1652649,19385,2659,7223,2171
2024-10-11T21:23:57.000Z,ShadowofEzra,True,False,"Donald Trump has called for the immediate execution of any illegal immigrant convicted of killing an American citizen or law enforcement officer. 

He also announced plans to unleash elite federal squads tasked with hunting down, arresting, and deporting every illegal gang member",301196,13525,327,3686,498
2024-10-29T18:26:54.000Z,BehizyTweets,True,False,"WATCH: Democrat voters said Republicans hate immigrants, and a LEGAL Haitian Republican immigrant stepped up and crushed all of them

""Democrats are at a point right now where they are shipping a bunch of illegal immigrants... We have CRIMINALS from my own country traveling here",1300810,42610,574,11845,5666
2024-11-06T12:35:34.000Z,Nibiru1000,True,False,"Who's ready for mass illegal immigrant deportations, protecting Black Jobs, and no taxes on overtime? Let's get this Money!! ",353117,9055,498,1736,1096
2024-05-29T13:17:47.000Z,SUBRATA30016572,True,False,"Governor Kristi Noem just said, ""I want every single illegal immigrant sent back to their home country."" 

What's your reaction?",108950,13598,3608,2224,31
2024-05-05T17:50:51.000Z,w_terrence,True,False,"Happy Cinco De Mayo !  As an illegal immigrant I want my free Tacos ,Nachos and 53 million dollars asap !

This is my identity & you will respect it!
If man can be a woman then I can be an illegal immigrant!

I WANT MY PESOS, Free Housing , Free Food and yes I will still complain",433825,15840,1203,4420,345
2024-02-27T01:51:29.000Z,RNCResearch,True,False,Democrat Rep. Katie Porter on the murder of 22-year-old Laken Riley by an illegal immigrant: “The important thing to focus on is any one instance shouldn’t shape our overall immigration policy”,1851261,2607,2434,1614,189
2024-08-01T19:45:09.000Z,AlphaNewsMN,True,False,"Minnesota Gov. Tim Walz says he wants to invest in a ""ladder factory"" to help illegal immigrants climb Trump's border wall, says we won't have Thanksgiving dinner anymore without illegal immigrant workers. 

Recent polling shows a majority of Americans support building a border",600595,3491,1816,2211,406
2018-04-25T13:33:58.000Z,Maria_Hinojosa,False,False,"Come on 
@nytimes
 There is no such thing as an “illegal” immigrant or “illegal” human being. A person, an immigrant, may have gotten to or stayed in a country illegally but the person is not “illegal”.",0,420,12,171,0
2024-11-14T15:55:04.000Z,Cartel_Cal,True,False,"Probably an illegal immigrant and friend of 
@Scott_Wiener
.",0,84,9,15,1065
2024-08-31T23:56:07.000Z,ArtMusicPoli,True,False,"All those achievements yet you fail to acknowledge the strain #illegalImmigration places on our country:

1.Economic Impact: Illegal immigration costs U.S. taxpayers over $116 billion annually. This burden falls on hard-working Americans, especially in sectors like agriculture",12122,787,15,57,14
2024-11-19T03:29:55.000Z,MTGrepp,True,False,"HOLY SH*T  Trump’s Border Czar, Tom Homan drops the  on a Democrat Mayor who wants to STOP Deportations  

Illegal immigrant will be deported out of America, anybody who stops it is breaking the law. PERIOD

GET IN LINE OR GET OUT OF THE WAY ",66104,3080,95,648,76
2024-11-14T12:00:30.000Z,thenyic,False,False,Mayor Adams MUST fight Trump's mass deportation agenda & protect immigrant NYers—not thinking about how the city will be colluding with ICE & create terror.,2971,14,4,4,1
2024-11-19T22:48:10.000Z,IAm_StarDiva,False,False,"SuperWonder: 
The Immigrant & the Refugee 
The Amazon & the Alien
The Island girl & the Farm boy
The Diplomat & the Reporter
The Hero & the Warrior 
Sun & Moon
Hope & Love
#WonderWoman #Superman",723,29,6,11,3
2024-11-16T00:13:52.000Z,RealAmVoice,True,False,"""18 MINUTES SHE FOUGHT THAT MAN OFF, TRYING TO SAVE HER LIFE!"" 
@stinchfield1776
 reports on chilling details from the murder trial of Laken Riley, killed by an illegal immigrant. THIS SHOULD NEVER HAVE HAPPENED!",8872,194,10,85,6
2024-11-12T14:44:45.000Z,AprilNicoleinVA,True,False,"If I commit a crime, I have to reap the consequences. 

An ILLEGAL immigrant, who has committed a crime has to reap the consequences even if they means being separated from their family. 

The End",0,29,6,1,703
2024-11-11T22:02:06.000Z,liz_churchill10,True,False,"MEET, the BORDER CZAR, 
@RealTomHoman
 

IF you’re an ILLEGAL IMMIGRANT…START PACKING.",18855,940,40,251,50
2024-11-20T17:44:54.000Z,ACTforAmerica,True,False,"BREAKING: Jose Ibarra, the illegal immigrant who murdered Laken Riley, was found guilty on ALL charges",9606,266,34,50,1
2024-09-04T18:29:57.000Z,robbystarbuck,True,False,"An illegal immigrant has been arrested in TN after attacking a man with a PICKAXE.

The pickaxe was embedded in his skull.

Red states should defy Feds and deport all illegals before they hurt Americans. Dare Kamala to jail you for protecting your citizens.",117004,7429,225,3552,243
2024-06-27T04:09:21.000Z,ImMeme0,True,False,"BREAKING: Illegal immigrant who shot 2 NYPD officers at 'point-blank range' indicted on 20 charges claims a notorious Venezuelan gang has been smuggling guns into city-run shelters.

Bernardo Raul Castro Mata (19) will be placed in protective custody following his explosive",913383,9486,414,5198,537
