timestamp,username,icon-verified,fact-checked,text,views,likes,replies,reposts,bookmarks
2023-05-26T21:57:01.000Z,TheyCallMeDoc1,True,False,"Lesson of the day. 
Migrant - A person who moves from place to place for work. 
Immigrant - A person who comes to live permanently.
Illegal Alien - a foreign national who is living without official authorization in a country.
They are not Migrants they are illegal aliens.",24580,1464,79,640,8
2024-11-21T01:00:07.000Z,NEWSMAX,True,False,"'LOVE YOU, LAKEN': Donald Trump reacts to the conviction of the illegal immigrant who killed 22-year-old Laken Riley, noting that on the effects of the border surge, it is time to ""remove these criminals and thugs from our country."" https://bit.ly/4eGjhje",48874,1128,48,205,16
2024-11-13T19:05:53.000Z,FrannyOD,True,False,"Dear Nigerians who are scared of the illegal immigrant cleansing the Trump administration is about to embark on, I have one question for you if you were in his shoes, would you protect the Nigerian border against the Niger/ Chad Fulani influx/terrorists into our country? 

Why",0,11,3,4,958
2024-11-21T12:30:01.000Z,NEWSMAX,True,False,"'LOVE YOU, LAKEN': Donald Trump reacts to the conviction of the illegal immigrant who killed 22-year-old Laken Riley, noting that on the effects of the border surge, it is time to ""remove these criminals and thugs from our country."" https://bit.ly/4eGjhje",24828,582,31,90,6
2024-09-09T17:08:51.000Z,CubanOnlyTrump,True,False,"JUST ANNOUNCED :Kamala Harris ""We extended Temporary Protected Status to over 100,000 Haitian Migrants. They need support.""

Aiden Clarke an 11-year-old was kiIIed on his way to school in Springfield, Ohio.  

His kiIIer was a Haitian illegal immigrant that Kamala FLEW in.

Never",1360500,21962,2068,16356,1296
2024-09-18T15:51:48.000Z,RepCarlos,True,False," I will NOT be intimidated by the socialist Democrats.

The left calls anyone who supports border security & legal immigration a racist.

I’m a Cuban exile and legal immigrant to this country — that bull WILL NEVER fly with me.",898136,47592,1250,14507,2462
2024-09-17T07:34:33.000Z,wayotworld,False,False,The Hebrew Immigrant Aid Society (HIAS) is facilitating the 'migrant' invasion on the US southern border.,99746,4873,382,1259,351
2024-08-08T18:51:23.000Z,RyanShead,True,False,The only illegal immigrant influencing elections in the United States is Elon Musk.,534819,33822,698,10809,343
2024-11-18T17:49:27.000Z,FrazierForTexas,True,False,"According to the roommate of the illegal immigrant who killed Laken Riley, he was flown to Georgia by a flight that was funded by the taxpayers. Absolutely amazing!  #txlege",1215,11,1,4,2
2024-11-18T23:17:12.000Z,MtnMama406,True,False," Rest in Peace, Laken Riley. You didn’t deserve this, and we will do everything in our power to make it right.

 Laken isn’t the only one we’ve lost to illegal immigrant murderers, and that’s why the people elected Trump to stop this from ever happening again!",6141,181,9,118,1
2024-11-14T15:52:44.000Z,TimRunsHisMouth,True,False,"Illegal immigrant breaks CNN today...

He says he still supports Trump even if he gets deported.",44430,2594,47,438,89
2024-11-15T04:23:00.000Z,deedydas,True,False,"Trump will appoint Stephen Miller as deputy chief of staff for policy for his 2nd term.

Miller is vehemently anti-immigrant, responsible for a lot of the poor H-1B policies of 2016-2020.

In this clip, he refuses to even call H-1B “high skilled”!",205410,771,122,79,252
2024-11-20T20:17:17.000Z,sacullu,True,False,"You are what’s wrong with this country. What about those who died from illegal immigrant violence? What about government weaponized violence against Americans? Trans do not get their own little safe haven where you coddle them at the expense of good innocent Americans, shame on",0,86,2,8,849
2024-07-20T10:01:15.000Z,TulsiGabbard,True,False,"The Democrat elite paints anyone who wants to stop illegal immigration and secure our borders as racist and “anti-immigrant.” They are either very very stupid and don’t understand the difference between legal and illegal immigration, or they’re  trying to foment division and",1174218,53772,1812,11324,838
2024-06-09T16:23:58.000Z,dom_lucre,True,True,"BREAKING: Anti-immigrant Malachy Steenson has been elected in Dublin Parliament, his goal is to provide ‘a safe future for his children.’ By addressing the growing problem of immigration in the EU, in short to prevent ‘The Great Replacement.’",504665,7855,218,1442,145
2024-07-28T11:28:59.000Z,TRUMP_ARMY_,True,False,"Do you support Donald Trump using the miIitary to help Mass Deport every illegal immigrant ?

A. YES 
B. NO",488078,30090,11851,3905,115
2024-08-28T14:01:52.000Z,EndWokeness,True,False,"BREAKING: The man in Philadelphia who gunned down and tried to kiII 8 innocent Americans is an illegal immigrant 

He's a MS-13 member from El Salvador",3553235,61255,2186,23972,2985
2024-11-09T21:17:03.000Z,MTGrepp,True,False,"HOLY SH*T  Illegal Immigrants have taken over the Streets of New York to protest Deportations

This make it VERY easy for Donald Trump to know who to Deport. Please keep track of these people 

MASS DEPORT EVERY ILLEGAL IMMIGRANT ",675235,24314,2732,6219,445
2024-08-08T02:03:58.000Z,w_terrence,True,False," EVERYONE IN AMERICA SHOULD BE MAD!!

This Veteran is getting $23 dollars in food stamps but an illegal immigrant is getting $13,000 dollars

Yes this is real! I know people who receive $50 dollars.

This is happening under Kamala Harris and Joe Biden",313200,17606,1147,9940,589
2024-09-13T16:50:05.000Z,CollinRugg,True,False,"JUST IN: Illegal immigrant arrested for m*rder after a family of four was found dead in their burning home in Irondequoit, N.Y.

Julio Cesar Pimentel Soriano, who was wanted in the Dominican Republic for m*rder in 2019, was arrested. 

Two toddlers and parents Fraime Ubaldo and",38707565,43990,3456,20922,4119
2024-08-31T10:50:18.000Z,Mick_O_Keeffe,True,False,"""We come here illegally from Pakistan and they provide us with food, clothes, shoes, everything."" 

An illegal immigrant explains how he paid $15,000 to be trafficked into Ireland.",136375,3945,264,1722,316
2024-09-11T00:28:42.000Z,TaylerUSA,True,False,"75-year Springfield, Ohio resident speaks on the Haitian Immigrant Influx and how it’s impacted the zip codes insurance rates:  

“We have maybe 3-4 (crashes) a day, everyday. The Haitians. Thats not even Americans that’s Haitians. Our insurance rates have went sky high because",342806,8996,233,3648,922
2024-10-17T23:58:04.000Z,BarronTrumpoo,True,False,"BREAKING: Governor Sarah Sanders just said, ""I want every single illegal immigrant sent back to their home country."" 

Do you agree with Sarah?

A. YES
B. NO",86446,9297,3239,1092,22
