timestamp,username,icon-verified,fact-checked,text,views,likes,replies,reposts,bookmarks
2024-09-09T17:08:51.000Z,CubanOnlyTrump,True,False,"JUST ANNOUNCED :Kamala Harris ""We extended Temporary Protected Status to over 100,000 Haitian Migrants. They need support.""

Aiden Clarke an 11-year-old was kiIIed on his way to school in Springfield, Ohio.  

His kiIIer was a Haitian illegal immigrant that Kamala FLEW in.

Never",1360594,21954,2067,16351,1294
2024-09-08T14:55:46.000Z,amyforsandiego,True,False,"BREAKING: An illegal immigrant with a fake Green Card entered a San Diego military home and assaulted a 5-year-old girl. Thanks to Army veteran 
@thecorygoat
 and brave DHS whistleblowers, we now see how California’s sanctuary laws protect criminals while gaslighting Americans",976392,25481,443,14126,1171
2024-09-12T01:58:31.000Z,dom_lucre,True,False,"BREAKING NEWS: A Haitian immigrant was caught trying to steal and eat a cat. 

""Here in Chile, we don't eat cats""",330986,6949,213,2348,754
2024-09-18T15:51:48.000Z,RepCarlos,True,False," I will NOT be intimidated by the socialist Democrats.

The left calls anyone who supports border security & legal immigration a racist.

I’m a Cuban exile and legal immigrant to this country — that bull WILL NEVER fly with me.",898181,47580,1250,14506,2460
2024-10-27T23:52:43.000Z,60Minutes,True,False,"""I hear a lot of people say, 'The talk of a mass deportation is racist.  It's threatening to the immigrant community,'"" says Tom Homan, Trump’s former acting director of immigration enforcement. He argues it should only “be threatening to the illegal immigrant community.”",1501610,22895,1612,3753,1593
2024-08-31T02:35:21.000Z,ShadowofEzra,True,False,Nancy Pelosi just told Bill Maher that she plans to grant citizenship to every illegal immigrant and give them free housing—paid for by hardworking American taxpayers.,3557925,12576,2109,6925,2518
2024-11-14T12:00:30.000Z,thenyic,False,False,Mayor Adams MUST fight Trump's mass deportation agenda & protect immigrant NYers—not thinking about how the city will be colluding with ICE & create terror.,2997,14,4,4,1
2024-11-19T18:06:01.000Z,pop4climate,False,False,"We just joined 
@JFREJNYC
 in disrupting a city council hearing on immigration, in defiance of Eric Adams' shelter evictions. New York is a city of immigrants and we will rise against evictions and deportations.
Adams is failing us.

Immigrant justice is climate justice!",0,44,3,14,1986
2024-11-20T17:15:05.000Z,ImmigrantCrimes,True,False,Illegal alien accused of raping woman in Virginia Sanctuary County. ,254018,796,37,657,48
2024-11-15T19:46:06.000Z,TrumpDailyPosts,True,False,"From Tom Homan 
@RealTomHoman
 Border Czar

60 Minutes ""I hear a lot of people say, 'The talk of a mass deportation is racist.  It's threatening to the immigrant community,

Homan “It should be threatening to the ILLEGAL immigrant community.”",102186,3897,107,870,88
2024-11-14T14:17:54.000Z,PrincetonUPress,False,False,"In The Migrant’s Jail, Brianna Nofil examines a century-long history of immigrant incarceration in the United States.

This important book is out now. Read a sample: https://hubs.ly/Q02Ycz_30",0,970,3,10,0
2024-06-23T20:37:15.000Z,4Mischief,True,False,Should Joe Biden be held accountable for these illegal immigrant crimes?,204304,13020,1760,2818,69
2024-09-18T01:02:47.000Z,WallStreetApes,True,False,"LISTEN TO THIS 

Mother of 2 boys who were hit by illegal Haitian immigrant on their school bus in Springfield Ohio

She has medical bills piling up from their injuries, Ohio Attorney General Victims Compensation responded to her saying THEY WILL NOT BE COVERING their injuries",355898,9507,470,5988,707
2024-07-29T00:31:50.000Z,TrumpDailyPosts,True,False,"Border Czar Kamala Harris: “An UNDOCUMENTED immigrant is NOT a criminal.”
@realDonaldTrump
 Donald Trump Truth Social 08:18 PM EST 07/28/24",159439,4400,438,2146,121
2024-08-04T17:47:02.000Z,vszyb,False,False,"Elon Musk thinks a UK civil war is inevitable due to immigration… I’d just like to remind everyone the Musk is an immigrant to the US, and before that he was an immigrant in Canada.",565493,12147,1455,3409,195
2024-07-05T21:35:12.000Z,Mick_O_Keeffe,True,False,"An Illegal immigrant from Malawi celebrates being regularised in Ireland by immediately flying home to get married and bring more people to Ireland. 

17,000 illegals were given amnesty by the current government.",170640,4517,457,2215,223
2024-05-24T10:50:25.000Z,GoldingBF,True,False,"An immigrant nutter threatens to kill the police in London while they carry out an immigration raid on an illegal immigrant.
Scenes like this are extremely common now in our lawless and degenerate land.",222750,4727,917,2115,104
2024-11-20T20:56:29.000Z,Congressman_JVD,True,False,"The Biden Administration has lost at least 150,000 immigrant children because of their failures at our border.
 
Others have been placed with sponsors with criminal backgrounds.
 
This is evil. Pure and simple.",15988,464,37,175,10
2024-11-16T03:42:22.000Z,TONYxTWO,True,False,"“I’m really happy that Trump won. I’m a first generation Mexican Immigrant, my dad just got his citizenship this year… he had all Republican across the board.”

Love this so much!! Watch this  
@realDonaldTrump",1248399,74203,766,12950,1629
2024-11-22T00:59:59.000Z,Dateline_DC,False,False,"The horrors of Biden's border record continue to emerge - including the the placement of immigrant kids with people who are likely exploiting them.
@ExJon
 says this is more glaring evidence that open borders are not compassionate at all.

Full Podcast: https://spreaker.com/episode/school-choice-success-biden-s-border-horrors-huge-government-waste-lefties-leaving-twitter--62958936…",0,2,9,33,4095
2024-11-08T00:11:31.000Z,TheJFreakinC,True,False,"As a woman, I’ve never been worried about being raped, or SAed, by an illegal immigrant… But, I have been worried about being raped, and SAed, by white men, who are American citizens.",457594,14951,378,2166,206
