timestamp,username,icon-verified,fact-checked,text,views,likes,replies,reposts,bookmarks
2024-11-11T02:42:18.000Z,colony76,True,False,"The distinction between an illegal & ""legal"" immigrant is borderline meaningless when the outcome of both is the same. We don't want more immigration, we want remigration. We want millions of mass deportations. Anything less is completely unacceptable.",43628,175,10,41,40
2024-11-18T12:30:08.000Z,FoxNews,True,False,"'HORRIFIC': Defense attorney highlights how the overwhelming evidence in the Laken Riley murder trial against illegal immigrant suspect Jose Ibarra points to a conviction ""sooner rather than later."" The case unfolds in the aftermath of the 2024 election, where the surge of",141948,318,47,76,9
2024-11-14T12:00:30.000Z,thenyic,False,False,Mayor Adams MUST fight Trump's mass deportation agenda & protect immigrant NYers—not thinking about how the city will be colluding with ICE & create terror.,2958,14,4,4,1
2023-05-26T21:57:01.000Z,TheyCallMeDoc1,True,False,"Lesson of the day. 
Migrant - A person who moves from place to place for work. 
Immigrant - A person who comes to live permanently.
Illegal Alien - a foreign national who is living without official authorization in a country.
They are not Migrants they are illegal aliens.",24562,1464,79,639,8
2024-11-16T03:42:22.000Z,TONYxTWO,True,False,"“I’m really happy that Trump won. I’m a first generation Mexican Immigrant, my dad just got his citizenship this year… he had all Republican across the board.”

Love this so much!! Watch this  
@realDonaldTrump",1246469,74235,768,12957,1633
2024-11-12T21:16:47.000Z,MarkSKrikorian,True,False,Key Data on Federal Benefits Paid to Illegal Immigrant Households,18900,107,4,42,25
2024-11-14T23:24:22.000Z,FOX26Houston,True,False,"As President-elect Donald Trump prepares to take office, individuals in the immigrant community are confronting heightened uncertainty following Trump's pledges of substantial immigration reforms.",2038,15,11,1,1
2024-11-13T02:30:05.000Z,soli_Jesum,True,True,There is no such thing. Every illegal immigrant is committing a crime being here.,0,14,1,4,310
2024-11-12T17:35:02.000Z,JustTheNews,True,False,Breaking: Illegal immigrant accused of killing nursing student Laken Riley waives right to jury trial,0,22,1,10,2844
2024-09-09T17:08:51.000Z,CubanOnlyTrump,True,False,"JUST ANNOUNCED :Kamala Harris ""We extended Temporary Protected Status to over 100,000 Haitian Migrants. They need support.""

Aiden Clarke an 11-year-old was kiIIed on his way to school in Springfield, Ohio.  

His kiIIer was a Haitian illegal immigrant that Kamala FLEW in.

Never",1360348,21966,2068,16348,1297
2024-09-18T15:51:48.000Z,RepCarlos,True,False," I will NOT be intimidated by the socialist Democrats.

The left calls anyone who supports border security & legal immigration a racist.

I’m a Cuban exile and legal immigrant to this country — that bull WILL NEVER fly with me.",898040,47589,1250,14498,2463
2024-09-04T18:29:57.000Z,robbystarbuck,True,False,"An illegal immigrant has been arrested in TN after attacking a man with a PICKAXE.

The pickaxe was embedded in his skull.

Red states should defy Feds and deport all illegals before they hurt Americans. Dare Kamala to jail you for protecting your citizens.",116997,7430,225,3552,243
2024-03-09T23:34:30.000Z,karolineleavitt,True,False,"President Trump on Laken Riley’s Killer: 

“I say he is an illegal alien, he is an illegal immigrant, he is an illegal migrant, and he should have never been in our country, and he wouldn’t have been under the Trump policies.”",108841,5887,284,1781,48
2024-02-07T21:59:09.000Z,JamesOKeefeIII,True,False,"BREAKING: O’Keefe Media Group infiltrates SECRET converted illegal immigrant compound CASA ALITAS Ramada Hotel in Tucson.

This secret operation is funded by Catholic Community Services of Tucson and enriches groups like, “Las Palmas.”

O’Keefe disguised himself as a homeless",4554724,62122,2886,29896,6480
2024-08-28T11:47:49.000Z,MorgothsReview,True,False,"Most political activity today isn't meant to solve problems; it is intended to warp language and obscure perceptions of problems.

Hence on immigration:
Illegal: contrary to or forbidden by law, especially criminal law.
Irregular: contrary to the rules or to that which is normal",14151,425,11,65,16
2024-11-16T00:13:52.000Z,RealAmVoice,True,False,"""18 MINUTES SHE FOUGHT THAT MAN OFF, TRYING TO SAVE HER LIFE!"" 
@stinchfield1776
 reports on chilling details from the murder trial of Laken Riley, killed by an illegal immigrant. THIS SHOULD NEVER HAVE HAPPENED!",8767,194,10,85,6
2024-11-12T19:00:16.000Z,FoxNews,True,False,"‘KEEPING HIS WORD’: The mother of murdered Rachel Morin has full faith in Trump as he’s set to take charge of the border, promising to oust illegal immigrant criminals after her daughter was allegedly killed by one",92200,1131,60,163,14
2024-11-14T04:28:17.000Z,BadaBing1488,False,False,"POV: The newly formed Trump empire lead by DJT, Matt Gaetz, JD Vance, Tom Homan and Stephen Miller will instill fear in the hearts of every single illegal immigrant in the United States of America",0,14,1,5,374
2024-11-13T02:15:03.000Z,fox13seattle,True,False,"This week, President-elect Donald Trump announced Tom Homan as his pick for ""border czar,"" reviving concerns among immigrant communities and advocacy groups nationwide.",0,1381,3,7,0
2024-02-13T04:52:11.000Z,EricAbbenante,True,False,"Sara Gonzales with a bombshell of a story:
The Lakewood Church shooter was an El Salvadorian immigrant who was detained by ICE. Genesse Moreno (Who also went by the alias Jeffery Escalante) had a voting record in the 2020 election. 
When people ask: ""Where is evidence that",3138410,22109,563,10823,2488
2024-08-23T02:47:23.000Z,bennyjohnson,True,False,"KAMALA HARRIS: ""I believe everyone has a right to safety, to dignity, and to justice."" 

Unless you’re a victim of brutality from an illegal immigrant.",301658,17572,1302,4575,125
