timestamp,username,icon-verified,fact-checked,text,views,likes,replies,reposts,bookmarks
2024-08-08T02:03:58.000Z,w_terrence,True,False," EVERYONE IN AMERICA SHOULD BE MAD!!

This Veteran is getting $23 dollars in food stamps but an illegal immigrant is getting $13,000 dollars

Yes this is real! I know people who receive $50 dollars.

This is happening under Kamala Harris and Joe Biden",312826,17620,1148,9947,591
2024-11-04T18:02:22.000Z,Snowflake_News,True,False,"JUST IN: Puerto Rican fitness influencer kidnapped and m*rdered by alleged illegal immigrant in Georgia.

24-year-old illegal alien Angel DeJesus Rivera-Sanchez is accused of m*rdering Puerto Rican native Minelys “Mimi” Rodriguez-Ramirez, 25.",1709,12,1,1,2
2024-07-20T10:01:15.000Z,TulsiGabbard,True,False,"The Democrat elite paints anyone who wants to stop illegal immigration and secure our borders as racist and “anti-immigrant.” They are either very very stupid and don’t understand the difference between legal and illegal immigration, or they’re  trying to foment division and",1172413,53813,1815,11333,840
2024-08-27T06:31:55.000Z,benonwine,True,False,"I want to get a sense of what my followers think on 𝕏 

Do you think we should mass deport every illegal immigrant from Britain and close the border?",156790,7146,2403,675,8
2024-03-08T03:38:09.000Z,_MLFootball,True,False,President Joe Biden at the State of the Union said USC head coach Lincoln Riley was killed by an illegal immigrant,1937757,7589,304,907,731
2024-07-24T18:43:45.000Z,RNCResearch,True,False,"KAMALA HARRIS: ""An undocumented immigrant is NOT a criminal!""

(This is the individual in charge of our southern border)",102027,3238,423,1715,184
2024-06-09T16:23:58.000Z,dom_lucre,True,True,"BREAKING: Anti-immigrant Malachy Steenson has been elected in Dublin Parliament, his goal is to provide ‘a safe future for his children.’ By addressing the growing problem of immigration in the EU, in short to prevent ‘The Great Replacement.’",504570,7857,219,1446,146
2024-11-08T00:11:31.000Z,TheJFreakinC,True,False,"As a woman, I’ve never been worried about being raped, or SAed, by an illegal immigrant… But, I have been worried about being raped, and SAed, by white men, who are American citizens.",452192,15693,377,2173,216
2024-02-22T16:12:55.000Z,TulsiGabbardrep,True,False,"Do you support President Donald Trump sending every single illegal immigrant that Biden let in America back to their home countries ?

YES or NO ?",142781,13179,4108,1516,23
2024-01-10T14:26:13.000Z,TulsiGabbardrep,True,False,"Do you support the mass deportation of every single illegal immigrant in America effective immediately ?

YES or NO ?",445318,26308,8838,2918,40
2024-09-12T21:37:00.000Z,TheRealKeean,True,False,Alberta should commit to putting every illegal immigrant that Trudeau sends over here on a bus bound for Ottawa.,67149,3791,304,654,10
2024-02-06T02:28:51.000Z,JulianCastro,True,False,"Democrats, you’re never going to be cruel enough, “tough” enough, anti-immigrant enough or able to deport your way to the negotiating table with McConnell and MAGA. Stop playing their game. Don’t act out of fear. Offer a positive vision on immigration instead. America needs it.",752069,11485,624,2962,175
2024-08-01T19:45:09.000Z,AlphaNewsMN,True,False,"Minnesota Gov. Tim Walz says he wants to invest in a ""ladder factory"" to help illegal immigrants climb Trump's border wall, says we won't have Thanksgiving dinner anymore without illegal immigrant workers. 

Recent polling shows a majority of Americans support building a border",600434,3495,1817,2216,407
2024-05-18T19:53:25.000Z,ImMeme0,True,False,"“It’s very traumatic… No. No good Rochester.” says an illegal immigrant from El Salvador.

Yaniry Pena came to the U.S. with her children a year ago.

She lived for FREE in NYC hotel for 4 months. Then she and her children were relocated to a FREE apartment in Rochester, NY.",1048158,8527,3521,3364,556
2024-06-27T11:35:00.000Z,stillgray,True,False,"An illegal immigrant, Bernardo Raul Castro Mata, 19, who is accused of killing two NYPD officers, claims that killing cops is part of his cultural background. He is affiliated with the Venezuelan TDA gang.",113723,2702,509,1188,127
2024-03-04T01:59:56.000Z,ClownWorld_,True,False,ILLEGAL IMMIGRANT ILLEGAL IMMIGRANT ILLEGAL IMMIGRANT ILLEGAL IMMIGRANT ILLEGAL IMMIGRANT ILLEGAL IMMIGRANT ILLEGAL IMMIGRANT ILLEGAL IMMIGRANT ILLEGAL IMMIGRANT ILLEGAL IMMIGRANT ILLEGAL IMMIGRANT,1005220,22865,4758,5267,543
2024-03-28T06:41:30.000Z,RadioGenoa,True,False,Brave Spanish patriots educate the illegal African immigrant who threatens them with a 20cm knife. Education is important.,2305067,56037,3613,9735,1714
2024-06-27T04:09:21.000Z,ImMeme0,True,False,"BREAKING: Illegal immigrant who shot 2 NYPD officers at 'point-blank range' indicted on 20 charges claims a notorious Venezuelan gang has been smuggling guns into city-run shelters.

Bernardo Raul Castro Mata (19) will be placed in protective custody following his explosive",912975,9488,414,5203,536
2024-11-08T16:59:24.000Z,Mestiza_TK,False,False,"Thank you to my Mexican-American brothers and sisters. My family is South American but grew up within a Mexican immigrant community that loved us and to this day, they are my family. ",0,6,2,2,317
2024-08-15T07:13:09.000Z,ImMeme0,True,False,"If this doesn’t break your heart and piss you off at the same time, I don’t know what will.

This veteran, who worked hard to start her business and buy her food truck, is now sharing her story of selling it to an illegal immigrant who has no credit or savings but is able to",3058811,83815,8497,39454,6774
