timestamp,username,icon-verified,fact-checked,text,views,likes,replies,reposts,bookmarks
2024-09-09T17:08:51.000Z,CubanOnlyTrump,True,False,"JUST ANNOUNCED :Kamala Harris ""We extended Temporary Protected Status to over 100,000 Haitian Migrants. They need support.""

Aiden Clarke an 11-year-old was kiIIed on his way to school in Springfield, Ohio.  

His kiIIer was a Haitian illegal immigrant that Kamala FLEW in.

Never",1359906,21980,2073,16349,1297
2024-05-22T02:42:59.000Z,BrandiKruse,True,False,The illegal immigrant who killed a Washington State Trooper just got his bail reduced – because his attorneys convinced a judge their client isn't a danger to the community.,255934,9208,774,6673,251
2024-05-23T13:53:58.000Z,kunley_drukpa,True,False,Illegal Immigrant from Turkey is shocked by lack of security on US Border he just illegally crossed,15709220,21048,560,4208,5637
2024-09-18T15:51:48.000Z,RepCarlos,True,False," I will NOT be intimidated by the socialist Democrats.

The left calls anyone who supports border security & legal immigration a racist.

I’m a Cuban exile and legal immigrant to this country — that bull WILL NEVER fly with me.",897824,47605,1253,14509,2464
2024-08-04T02:01:40.000Z,RNCResearch,True,False,"“An undocumented immigrant is not a criminal.”

— Border Czar Kamala Harris",581039,3870,776,2094,247
2024-06-28T18:05:00.000Z,DailyLoud,True,False,Illegal immigrant fatally shoots and kills 2 workers at Texas Chick-fil-A.,5850994,46974,1542,3463,2732
2024-02-26T20:31:25.000Z,HouseGOP,True,False,"The man charged with the horrifying murder of 22-year-old Laken Riley is an illegal immigrant from Venezuela who crossed the southern border on Sep 8, 2022.

On Sep 20, 2022, Joe Biden said it was ""not rational"" to send illegal immigrants from Venezuela back to Venezuela.",252411,2840,760,1614,90
2024-05-05T17:50:51.000Z,w_terrence,True,False,"Happy Cinco De Mayo !  As an illegal immigrant I want my free Tacos ,Nachos and 53 million dollars asap !

This is my identity & you will respect it!
If man can be a woman then I can be an illegal immigrant!

I WANT MY PESOS, Free Housing , Free Food and yes I will still complain",433786,15847,1203,4425,347
2024-08-28T14:01:52.000Z,EndWokeness,True,False,"BREAKING: The man in Philadelphia who gunned down and tried to kiII 8 innocent Americans is an illegal immigrant 

He's a MS-13 member from El Salvador",3552728,61283,2186,23989,2991
2024-09-07T16:16:46.000Z,MattWallace888,True,False,BREAKING: Illegal Immigrant Caught Planning “The Largest Terror Attack on U.S. Soil Since 9/11” ,5727887,57145,2809,21685,9243
2024-11-07T17:40:17.000Z,HaitianBridge,False,False,"This is not the time to sit back. As we enter a new era, our immigrant communities need us to show up. The Haitian Bridge Alliance is not backing down. To everyone who has been with us, and believes in being on the right side of history — let’s get to work.",2941,65,4,34,3
2024-03-10T16:06:56.000Z,SpeakerJohnson,True,False,"The president is cowering to his base and showing deference to a man who deserves none. 

This man is an illegal immigrant who brutally murdered Laken Riley.  

President Biden should be apologizing to Laken’s family. 

What an embarrassment.",16451688,35777,9486,8767,644
2024-01-10T14:26:13.000Z,TulsiGabbardrep,True,False,"Do you support the mass deportation of every single illegal immigrant in America effective immediately ?

YES or NO ?",445403,26299,8840,2915,40
2024-09-12T20:50:17.000Z,LauraLoomer,True,False,"Today, during the White House Press briefing, 
@JoeBiden
’s DEI pick for White House Press Secretary 
@KJP46
 falsely accused me of being a racist and a 9/11 conspiracy theorist. 

Karine Jean Pierre doesn’t like me because she’s a lesbian, Haitian immigrant and she doesn’t like the",948093,14013,2239,4331,420
2024-09-12T01:58:31.000Z,dom_lucre,True,False,"BREAKING NEWS: A Haitian immigrant was caught trying to steal and eat a cat. 

""Here in Chile, we don't eat cats""",330891,6957,213,2348,756
2024-04-16T16:33:34.000Z,sav_says_,True,False,"Welcome to the United States where our city parks are being overrun by illegal immigrant men. 

The city of NY is set to spend $12 billion through 2025 to take care of these men | 
@FrontlinesTPUSA",250437,7472,370,2486,285
2024-03-17T17:53:30.000Z,Jessica_4_Trump,False,False,"If we lose in November it really will be a bloodbath.  

A bloodbath on the economy which is already suffering.  

A bloodbath on our rights that they keep trying to take away. 

A bloodbath for the families who lose a loved one to an illegal immigrant.  

A bloodbath for anyone",182948,8022,1588,2430,85
2024-07-08T21:13:39.000Z,TheRabbitHole84,True,False,"Which households are on Welfare in the United States? Here is one estimate:

- 39% of native born
- 52% of legal immigrant
- 59% of illegal immigrant",451181,4612,286,2042,793
2024-11-07T04:52:08.000Z,vvsrak,True,False,"The first thing Donald Trump wants to do when in office is to end birthright citizenship, if you as a decent of an immigrant voted for this man I hope you feel shame and remorse for your vote",14868,56,20,18,33
2024-02-17T13:04:35.000Z,ImMeme0,True,False,"NEW: San Francisco Appoints First Noncitizen to Serve on Elections Commission.

Kelly Wong who came to the U.S. in 2019 from China and isn’t legally allowed to vote will be overseeing and creating policy for the San Francisco Department of Elections.

Wong is immigrant rights",7455486,27357,6088,13936,2990
2024-03-19T13:48:15.000Z,Jessica_4_Trump,False,False,"Andi Lynn Blair was hit while riding her tricycle by an illegal immigrant who fled the scene.  She was 5 days away from celebrating her 4th birthday.  

The illegal immigrant was heading for the South Carolina border when he was caught by police and arrested.  

This isn’t cherry",546814,18210,685,6571,325
2024-03-07T00:46:46.000Z,Jessica_4_Trump,False,False,"Happening Now:  Senator Joni Ernst proposed a bill that would require ICE officials to detain any illegal immigrant charged with a violent crime.  She was trying to have the vote brought to the floor by unanimous decision, but it was blocked by democrat Durbin.  

Senate Majority",919224,20722,2861,10402,347
