timestamp,username,icon-verified,fact-checked,text,views,likes,replies,reposts,bookmarks
2018-04-25T13:33:58.000Z,Maria_Hinojosa,False,False,"Come on 
@nytimes
 There is no such thing as an “illegal” immigrant or “illegal” human being. A person, an immigrant, may have gotten to or stayed in a country illegally but the person is not “illegal”.",0,436,12,171,0
2024-11-12T17:00:01.000Z,TheBWSTimes,True,False,Springfield thrives with the contributions of Haitian immigrants!  #CommunityGrowth #TogetherWeThrive,0,0,3,138,0
2024-11-05T22:32:00.000Z,ReadTheLion,True,False,An illegal immigrant man was arrested in New York after allegedly raping a 5-year-old girl.,10278,70,1,39,4
2024-11-06T12:04:44.000Z,justredpillme,True,False,"Every piece of lawfare
Every attempted assassination
Every exposed lie, fake claim & propped up scandal
Every insult to voters
Every relative who had to die alone during COVID
Every citizen assaulted / r*ped / killed by an illegal immigrant
Every illegal that got free handouts",0,3,7,46,1434
2024-11-04T21:19:15.000Z,MigrationPolicy,True,False,"NEW: We offer 1st-ever projections of the US working-age population by immigrant generation through 2040 based on varying future immigration level scenarios

TL;DR: Policy will play a key role in shaping the US demographic landscape & future workforce

http://migrationpolicy.org/news/immigrant-origin-population-2040…",0,1,7,10,1667
2024-11-04T16:18:29.000Z,Blvdhuriel,False,False,my cousin tammat he voting for trump bru u cant een vote u a immigrant,12018,152,48,16,3
2024-11-07T15:41:00.000Z,NILC,False,False,"Hurricane Helene deeply affected many communities, including immigrant farm workers who lost their jobs and homes in the disaster.

Learn how you can support farm workers impacted by Hurricane Helene:",0,1,3,6,879
2024-11-11T19:05:17.000Z,immcouncil,False,False,"Happy Veterans Day! Today, we honor the brave men and women who have served our nation with unwavering courage and sacrifice. We also wish to highlight and celebrate the immigrant veterans who have served our country. Thank you for your service! #VeteransDay",623,9,1,6,1
2024-11-10T05:28:30.000Z,RealBababanaras,True,False,"Italian police and authorities are taking action by deploying bulldozers to demolish illegal Muslim immigrant markets in Rome. Illegal Muslim immigrants are being detained for deportation. 
Slowly but surely, the Yogi model is becoming famous worldwide.",93311,6854,64,1622,97
2024-11-11T06:21:57.000Z,geokaren,False,False,Elon was an illegal. Immigrant,0,307,2,6,0
2024-11-06T17:11:42.000Z,yo_herran,False,False,"To folks lashing out at Trump-voting Latinos with ""you will get deported"": check yourselves. Latino is an ethnic marker not a citizenship status (or lack thereof) and it doesn't make one a deportable immigrant. You sound like the very man you despise.",1279,25,4,6,1
2024-04-16T16:33:34.000Z,sav_says_,True,False,"Welcome to the United States where our city parks are being overrun by illegal immigrant men. 

The city of NY is set to spend $12 billion through 2025 to take care of these men | 
@FrontlinesTPUSA",250389,7478,370,2488,285
2024-08-29T15:46:51.000Z,trumprealparody,True,False,"Do you support Me using the miIitary to MASS DEPORT every illegal immigrant ? 

A. YES
B. NO",168501,14232,6675,1937,60
2024-09-16T00:07:17.000Z,LakotaMan1,True,False,"So, it wasn’t a Haitian immigrant that tried to shoot Trump. It was another, wait for it — Republican white man.",7505264,213180,4225,31516,3973
2024-11-02T04:55:04.000Z,ighaworth,True,False,"If Peanut the Squirrel was an illegal immigrant who was dealing fentanyl and raping women, New York Democrats would give him $5,000 and a cell phone.",2166877,70983,569,10715,1392
2024-08-22T21:30:02.000Z,TheBabylonBee,True,False,Oprah Surprises DNC Attendees With Free Gift Under Each Seat: Their Own Illegal Immigrant https://buff.ly/4dyJGQu,1095040,39332,621,7909,401
2024-01-10T14:26:13.000Z,TulsiGabbardrep,True,False,"Do you support the mass deportation of every single illegal immigrant in America effective immediately ?

YES or NO ?",445356,26309,8839,2916,40
2024-03-08T03:38:09.000Z,_MLFootball,True,False,President Joe Biden at the State of the Union said USC head coach Lincoln Riley was killed by an illegal immigrant,1937763,7588,304,906,731
2024-08-01T19:45:09.000Z,AlphaNewsMN,True,False,"Minnesota Gov. Tim Walz says he wants to invest in a ""ladder factory"" to help illegal immigrants climb Trump's border wall, says we won't have Thanksgiving dinner anymore without illegal immigrant workers. 

Recent polling shows a majority of Americans support building a border",600450,3496,1817,2216,406
2024-06-27T11:35:00.000Z,stillgray,True,False,"An illegal immigrant, Bernardo Raul Castro Mata, 19, who is accused of killing two NYPD officers, claims that killing cops is part of his cultural background. He is affiliated with the Venezuelan TDA gang.",113730,2703,509,1188,127
2024-05-29T12:36:30.000Z,TRobinsonNewEra,True,False,"The Prime Minister of Hungary, 
@PM_ViktorOrban
 exposes the document proving George Soros is largely behind the global illegal immigrant invasion.",283725,7522,269,4241,886
2024-11-07T14:57:13.000Z,CCAerial,False,False,"In #Massachusetts, ICE has been arresting and deporting dozens of illegal immigrant r*apists (of CHILDREN) in recent months. Here's our woke Governor Healey bragging about how she wants them to stay here. We are adrift. 
@conservativ3ant
  @RonDeSantis
@masspoli
   @elonmusk",0,6,3,6,455
