timestamp,username,icon-verified,fact-checked,text,views,likes,replies,reposts,bookmarks
2024-09-09T17:08:51.000Z,CubanOnlyTrump,True,False,"JUST ANNOUNCED :Kamala Harris ""We extended Temporary Protected Status to over 100,000 Haitian Migrants. They need support.""

Aiden Clarke an 11-year-old was kiIIed on his way to school in Springfield, Ohio.  

His kiIIer was a Haitian illegal immigrant that Kamala FLEW in.

Never",1359581,21985,2074,16364,1300
2024-08-20T05:48:42.000Z,RyanShead,True,False,"Dear Elon,

Here is the video you say doesn’t exist of Donald Trump saying there were very fine people on both sides after Charlottesville.

You keep saying X is this arbiter of truth, yet you spread lies to help Trump and conservatives.

You’re a former illegal immigrant who’s",5771914,39268,3281,12494,2344
2023-05-26T21:57:01.000Z,TheyCallMeDoc1,True,False,"Lesson of the day. 
Migrant - A person who moves from place to place for work. 
Immigrant - A person who comes to live permanently.
Illegal Alien - a foreign national who is living without official authorization in a country.
They are not Migrants they are illegal aliens.",24519,1460,79,640,8
2024-01-25T02:55:00.000Z,glennbeck,True,False,"Do Doctors Without Borders and the Red Cross know that by handing out detailed maps of how to get to the US border, they're contributing to human trafficking and allowing cartels to make $2000 per illegal immigrant? Do they know terrorists could be using these routes?",142920,6624,302,3459,237
2024-03-04T13:00:18.000Z,SpeakerJohnson,True,False,"When asked about the tragic murder of Laken Riley by an illegal immigrant, Secretary Mayorkas visibly checked his talking points on how to deflect blame. 

Her killer should NOT have been allowed to enter the country and if the Administration had stopped him and turned him around",1060512,16486,5404,4603,248
2024-08-10T15:56:15.000Z,Shunyaa00,True,False," UK : Mohammed Sina, 30, illegal immigrant from Iran, attempted to rape 12-year-old British girls. Caught and arrested. Mohammed was previously in jail for assault and robbery.",365092,7932,788,4252,448
2024-11-10T22:24:31.000Z,Baklava_USA,True,False,"Who thinks Dana Bash should VOLUNTEER to:
1) Shave her head
2) House an illegal immigrant from Venezuela
3) Take all of our JABS
4) Learn MATH

Jim Jordan does a bang up job here schooling the illiterate Dana Bash

BTW - TRUMP WON",17891,618,50,225,30
2024-11-06T05:18:51.000Z,ian_mckelvey,True,False,"Look, it doesn’t matter that Biden dropped out. It doesn’t even matter if Kamala loses. The Democrats won. They successfully implemented their agenda of importing millions of new (illegal immigrant) voters. That was always their goal. Radical leftists play the long game. If Trump",1191,22,2,4,1
2024-11-05T16:58:49.000Z,UWDAction,False,False,"Project 2025 is a clear plan to weaponize the federal government in order to destroy our immigrant communities, and we won’t accept it. All people, regardless of immigration status, should have the right to move and live freely.",3338,46,2,27,7
2024-06-28T18:05:00.000Z,DailyLoud,True,False,Illegal immigrant fatally shoots and kills 2 workers at Texas Chick-fil-A.,5850853,47007,1543,3460,2735
2024-09-18T15:51:48.000Z,RepCarlos,True,False," I will NOT be intimidated by the socialist Democrats.

The left calls anyone who supports border security & legal immigration a racist.

I’m a Cuban exile and legal immigrant to this country — that bull WILL NEVER fly with me.",897751,47626,1255,14519,2465
2024-08-26T09:45:36.000Z,SamFowles,True,False,"Correcting some conspiracy theories on GB News last night:

1. Anti-immigrant sentiment correlates with low immigration - i.e. you're more likely to be anti-immigrant if you've never actually met an immigrant. 

Short ",520691,1940,524,508,352
2024-08-22T21:30:02.000Z,TheBabylonBee,True,False,Oprah Surprises DNC Attendees With Free Gift Under Each Seat: Their Own Illegal Immigrant https://buff.ly/4dyJGQu,1095050,39335,621,7908,400
2024-08-28T22:17:55.000Z,CollinRugg,True,False,"JUST IN: An armed illegal immigrant gang has reportedly taken over an apartment complex in Aurora, Colorado.

New footage obtained by 
@vicentearenastv
 shows an armed gang at a complex in Aurora.

Aurora officials have been investigating a Venezuelan gang, the Tren de Aragua gang,",119716338,52537,7349,18437,9965
2024-11-06T09:27:04.000Z,BlockchainBoyy,True,False,"If her “immigrant family” is legal, she should be celebrating 

Illegal immigrants make a mockery of those who go through the system the right way",0,13,1,1,3934
2024-11-11T23:25:39.000Z,FoxNews,True,False,"'TRAGIC LOSS': The mother of Rachel Morin, who was allegedly murdered by an illegal immigrant while out jogging last year, says her family is thankful for President-elect Trump's commitment to making border security ""a national priority.” https://trib.al/LGJt9Qb",94273,1213,60,168,11
2024-11-05T13:50:47.000Z,Lovea2ndbaseman,True,False,"I voted to end Fentanyl coming over our border.
      My son is a recovering addict.

I voted to end taxes on Social Security.
      My dad is 93 years old.

I voted to deport illegal immigrant murderers.
      My daughter is a college student.

I voted for low taxes on",25591,654,20,112,20
2024-11-12T01:27:59.000Z,Joe_S_Pure,True,False,"'TRAGIC LOSS': The mother of Rachel Morin, who was allegedly murdered by an illegal immigrant while out jogging last year, says her family is thankful for President Trump's commitment to making border security ""a national priority.” https://trib.al/TdeLXMt",0,271,5,15,0
2024-11-12T14:44:45.000Z,AprilNicoleinVA,True,False,"If I commit a crime, I have to reap the consequences. 

An ILLEGAL immigrant, who has committed a crime has to reap the consequences even if they means being separated from their family. 

The End",0,30,6,1,600
2024-02-13T04:52:11.000Z,EricAbbenante,True,False,"Sara Gonzales with a bombshell of a story:
The Lakewood Church shooter was an El Salvadorian immigrant who was detained by ICE. Genesse Moreno (Who also went by the alias Jeffery Escalante) had a voting record in the 2020 election. 
When people ask: ""Where is evidence that",3138141,22114,563,10822,2491
2024-03-16T22:24:09.000Z,Liz_Wheeler,True,False,"TikTok just gave me a strike warning & removed this video. For being “hateful.”

Do you think it’s because I said “illegal immigrant” or “trans’ing kids”?",294226,13088,816,4599,261
