timestamp,username,icon-verified,fact-checked,text,views,likes,replies,reposts,bookmarks
2024-08-08T02:03:58.000Z,w_terrence,True,False," EVERYONE IN AMERICA SHOULD BE MAD!!

This Veteran is getting $23 dollars in food stamps but an illegal immigrant is getting $13,000 dollars

Yes this is real! I know people who receive $50 dollars.

This is happening under Kamala Harris and Joe Biden",312834,17619,1148,9946,591
2024-08-15T21:42:47.000Z,TheRightMelissa,True,False,"Wow! Black Business woman has a message for Kamala Harris. 

She sobs after having to sell her food truck which was bought by an illegal immigrant who got free money from the Harris/Biden Administration.",222249,4166,411,1973,359
2024-09-14T21:23:51.000Z,CalltoActivism,True,False,"Happening right now: Proud Boys are marching in Springfield, Ohio. 

Let me ask you. Who would you rather have as a neighbor? 

A Haitian immigrant? Or a white supremacist?",635766,13059,3558,4754,259
2024-07-08T21:13:39.000Z,TheRabbitHole84,True,False,"Which households are on Welfare in the United States? Here is one estimate:

- 39% of native born
- 52% of legal immigrant
- 59% of illegal immigrant",451128,4614,287,2045,793
2024-11-11T19:05:17.000Z,immcouncil,False,False,"Happy Veterans Day! Today, we honor the brave men and women who have served our nation with unwavering courage and sacrifice. We also wish to highlight and celebrate the immigrant veterans who have served our country. Thank you for your service! #VeteransDay",0,1,6,9,525
2024-11-06T12:35:34.000Z,Nibiru1000,True,False,"Who's ready for mass illegal immigrant deportations, protecting Black Jobs, and no taxes on overtime? Let's get this Money!! ",338435,9029,492,1728,1095
2024-11-06T22:15:30.000Z,PrinceJamesFan,True,False,Me showing the cop the Illegal immigrant in my class on January 20th.,4468877,70923,321,4046,5464
2024-11-06T16:22:45.000Z,Laceythegr8,False,False,Nobody hates illegal immigrants more than an illegal immigrant who has become legal.,1746,12,1,15,1
2024-11-06T01:02:26.000Z,ViceAndVirtues_,False,False,"I think it’s sad if your parents are immigrants and/or especially if you yourself are an immigrant, that you voted for someone that’s pushing to end birth right citizenship and wanting a massive deportation. This country was built on immigrants",30646,845,5,310,28
2024-11-03T22:22:17.000Z,Pattihatestrump,False,True,"First of all, your ""promises"" aren't worth jack shit, and I seem to recall you promising LOTS of shit and not following through. and secondly, no one needs to proove a fking thing to you, you were an illegal immigrant, and thirdly, why don't you use some of that cash for THERAPY?",374,23,3,8,1
2024-09-30T18:23:28.000Z,benonwine,True,False,"Should the Royal Navy be ordered to turn the illegal immigrant boats around and stop the illegal invasion of Britain?

YES or NO",531707,27645,8066,2716,84
2024-11-02T04:55:04.000Z,ighaworth,True,False,"If Peanut the Squirrel was an illegal immigrant who was dealing fentanyl and raping women, New York Democrats would give him $5,000 and a cell phone.",2166505,71009,569,10719,1393
2024-11-10T05:28:30.000Z,RealBababanaras,True,False,"Italian police and authorities are taking action by deploying bulldozers to demolish illegal Muslim immigrant markets in Rome. Illegal Muslim immigrants are being detained for deportation. 
Slowly but surely, the Yogi model is becoming famous worldwide.",92237,6774,64,1604,97
2024-11-11T23:52:15.000Z,OchoReacts,True,False,Brother it’s pretty bold of you to assume the average black American gives a damn about a Haitian immigrant ngl lmao,1900,9,1,4,1
2024-11-11T21:35:16.000Z,ImmigrantCrimes,True,False,Couple more mugs:,1130,30,1,12,1
2024-11-05T13:59:58.000Z,solysolz,True,False,"I am an immigrant, I am a naturalized US citizen. Took me years to get citizenship because people like his grandmother flooded the system, that don’t pay taxes yet live off my tax dollars to live in a country where she refuses to learn the language. https://x.com/adammocklerr/s/adammocklerr/status/1853214754074214620…",0,1,1,9,679
2023-09-18T15:47:33.000Z,SpencerLndqst,True,False,"Have you heard about America’s ‘largest illegal immigrant settlement’ that's said to be a hub of cartel activity?

I visited Colony Ridge for 
@realDailyWire
 to learn about a development that's home to 40k-75k people and is in the midst of a rapid expansion.

Here's what I found:",3745301,7828,550,4808,1749
2024-02-14T11:32:25.000Z,benonwine,True,False,"Not ONE Illegal IMMIGRANT has the right to come to Britain and receive taxpayer money. Period 

Who Agrees",122427,9713,419,1267,7
2024-03-17T13:27:13.000Z,RadioGenoa,True,False,Illegal African immigrant in Florence beats and robs a boy and no one intervenes. Intolerable.,372774,9039,731,3859,420
2024-04-18T17:59:26.000Z,robbystarbuck,True,False,"A 40 year old illegal immigrant to the UK was set for deportation but the flight crew refused to deport him.

He then made news holding a sign that said ""migrants are not criminals"" at a detention center. He got to stay in the UK.

Now he’s brutally raped a 15 year old girl.

The",1100870,34970,1068,12250,1577
2024-04-03T20:13:55.000Z,rawsalerts,True,False,"#BREAKING: A Texas National Guard Soldier has been Arrested During a police Pursuit for Attempting to Smuggle Illegal Immigrant in Government Vehicle

#KinneyCounty | #Texas 

Watch as the Kinney County sheriff initiates a police pursuit following the apprehension of a Texas",2447168,9392,600,2992,865
2024-03-06T13:24:24.000Z,BPUnion,True,False,"Arresting illegal aliens who crash the border...illegally...is deemed ""anti-immigrant"" by Arizona Gov Katie ""Veto"" Hobbs.

Let that sink in for a moment.",81761,4726,420,1970,70
2024-11-04T18:03:11.000Z,EileenM60933733,False,False,"Tomorrow we can tell Trump to take his immigrant, hating, self and go away. He started his campaign vilifying immigrants from South America, while on a golden escalator. 
He will end his sad political career when we elect Kamala Harris, and reject his hatred and xenophobia.",0,73,5,29,628
2024-11-06T00:14:31.000Z,0xSpliffy,True,False,I am an illegal immigrant voting in an important swing state #electionday #Election2024,3567,70,8,11,2
