timestamp,username,icon-verified,fact-checked,text,views,likes,replies,reposts,bookmarks
2024-11-15T04:09:16.000Z,RyanShead,True,False,"Did I miss where Elon Musk, a former illegal immigrant, was elected? ",10956,908,32,216,15
2024-11-21T22:03:04.000Z,Am4ImmJustice,False,False,"It's #GiveMiamiDay. Your donation will help us give our immigrant community the chance for a better life. W Visit http://givemiamiday.org/aijustice
#GMD #GiveMiamiLove #immigration",0,0,2,72,0
2024-11-16T11:01:06.000Z,OECD,True,False,"#Immigrant populations in OECD countries (as % of total population)

Luxembourg 51%
Switzerland 31%
Canada 22%
Sweden 20%
Germany 18%
Spain 17%
UK 15%
US 14%
France 14%
Italy 11%
Japan 2%",12736,73,2,40,12
2024-11-20T19:24:32.000Z,johnfgately,True,False,The type of sanctuary polices endorsed by Governor Healey and Mayor Wu invite crimes like the murder of Laken Riley to happen here in MA.  The rate of illegal immigrant crime should be 0%. #mapoli #bospoli #Natick,5379,280,4,81,2
2024-11-20T20:56:29.000Z,Congressman_JVD,True,False,"The Biden Administration has lost at least 150,000 immigrant children because of their failures at our border.
 
Others have been placed with sponsors with criminal backgrounds.
 
This is evil. Pure and simple.",16069,465,37,175,10
2024-11-22T09:54:12.000Z,HicksKiwi,True,False,"Ricardo Menéndez March, is a Gay Mexican Marxist""  who is a  Mexican Immigrant to New Zealand, and was a film Projectionist for a decade in Auckland, but was made redundant due to film Digitization. After that role, he worked in Hospitality, and then became a Green  MP",0,12,4,4,506
2024-11-15T19:51:29.000Z,David_J_Bier,True,False,"There is no ""illegal immigrant community."" It's just a bunch of people living in every AMERICAN community. They are our family, friends, workers, employers, clergymen, parishioners, and neighbors. There is no ""us versus THEM."" They are part of us.",13595,240,41,58,9
2024-11-21T05:49:23.000Z,ImmigrantCrimes,True,False,"More detail on past crimes in Herndon, including the previously known recent indecent exposure conviction but also an assault on a police officer that was downgraded by the Fairfax County Attorney 
@SteveDescano
.

Still no word from ICE.",4867,53,1,24,3
2024-11-21T16:00:02.000Z,chrissyclark_,True,False,"A Georgia judge sentenced an illegal immigrant, Jose Ibarra, to life without parole for killing a nursing student. Some want the death penalty, others argue for deportation, and some say life in prison is the right call. What do you think is the best course of action here?",1518,32,6,4,1
2024-11-21T23:11:10.000Z,thenyic,False,False,"  HAPPENING NOW: We’re in Albany rallying with advocates, community members and elected officials for immigrant solidarity!",0,17,8,4,1083
2024-09-09T17:08:51.000Z,CubanOnlyTrump,True,False,"JUST ANNOUNCED :Kamala Harris ""We extended Temporary Protected Status to over 100,000 Haitian Migrants. They need support.""

Aiden Clarke an 11-year-old was kiIIed on his way to school in Springfield, Ohio.  

His kiIIer was a Haitian illegal immigrant that Kamala FLEW in.

Never",1360601,21956,2067,16350,1294
2024-11-06T12:35:34.000Z,Nibiru1000,True,False,"Who's ready for mass illegal immigrant deportations, protecting Black Jobs, and no taxes on overtime? Let's get this Money!! ",353504,9050,497,1736,1096
2024-09-11T00:28:42.000Z,TaylerUSA,True,False,"75-year Springfield, Ohio resident speaks on the Haitian Immigrant Influx and how it’s impacted the zip codes insurance rates:  

“We have maybe 3-4 (crashes) a day, everyday. The Haitians. Thats not even Americans that’s Haitians. Our insurance rates have went sky high because",342822,8996,233,3647,922
2024-08-28T14:01:52.000Z,EndWokeness,True,False,"BREAKING: The man in Philadelphia who gunned down and tried to kiII 8 innocent Americans is an illegal immigrant 

He's a MS-13 member from El Salvador",3553325,61242,2186,23962,2984
2024-11-13T19:51:14.000Z,FishTankViewer1,True,False,Burt thinks Simbal is an illegal immigrant lmfao #fishtanklive,0,14,7,99,1816
2024-07-29T00:31:50.000Z,TrumpDailyPosts,True,False,"Border Czar Kamala Harris: “An UNDOCUMENTED immigrant is NOT a criminal.”
@realDonaldTrump
 Donald Trump Truth Social 08:18 PM EST 07/28/24",159439,4400,438,2147,121
2024-09-13T16:50:05.000Z,CollinRugg,True,False,"JUST IN: Illegal immigrant arrested for m*rder after a family of four was found dead in their burning home in Irondequoit, N.Y.

Julio Cesar Pimentel Soriano, who was wanted in the Dominican Republic for m*rder in 2019, was arrested. 

Two toddlers and parents Fraime Ubaldo and",38707993,43979,3455,20919,4117
2024-10-13T14:31:39.000Z,CollinRugg,True,False,"NEW: JD Vance torches ABC’s Martha Raddatz after she minimized the illegal immigrant gang takeovers because “only a handful” of apartments complexes have been seized.

Raddatz: “The incidents were limited to a handful of apartment complexes...”

Vance: “Do you hear yourself? Only",1809562,51483,1607,10031,2585
2024-09-12T06:06:09.000Z,DefiyantlyFree,True,False,"Daughter of Haitian immigrant confirms ABC is lying about Springfield, Ohio.

The Harris campaign is the titanic and the iceberg is approaching.",592856,17904,556,8099,2139
2024-08-15T13:01:16.000Z,WallStreetApes,True,False,"ALL OF AMERICA, LISTEN TO THIS 

American Business owner is selling her food truck. Illegal immigrant shows up with paperwork that he is getting funding to purchase her truck with NO MONEY in the bank and NO CREDIT

She speaks with the bank and is told it’s COMMON, Illegal",1592369,32751,2425,15694,4417
