timestamp,username,icon-verified,fact-checked,text,views,likes,replies,reposts,bookmarks
2024-09-09T17:08:51.000Z,CubanOnlyTrump,True,False,"JUST ANNOUNCED :Kamala Harris ""We extended Temporary Protected Status to over 100,000 Haitian Migrants. They need support.""

Aiden Clarke an 11-year-old was kiIIed on his way to school in Springfield, Ohio.  

His kiIIer was a Haitian illegal immigrant that Kamala FLEW in.

Never",1359871,21985,2073,16356,1297
2024-11-11T02:42:18.000Z,colony76,True,False,"The distinction between an illegal & ""legal"" immigrant is borderline meaningless when the outcome of both is the same. We don't want more immigration, we want remigration. We want millions of mass deportations. Anything less is completely unacceptable.",27308,85,6,24,16
2024-11-07T04:52:08.000Z,vvsrak,True,False,"The first thing Donald Trump wants to do when in office is to end birthright citizenship, if you as a decent of an immigrant voted for this man I hope you feel shame and remorse for your vote",14852,56,20,18,33
2024-01-25T02:55:00.000Z,glennbeck,True,False,"Do Doctors Without Borders and the Red Cross know that by handing out detailed maps of how to get to the US border, they're contributing to human trafficking and allowing cartels to make $2000 per illegal immigrant? Do they know terrorists could be using these routes?",142930,6621,302,3461,237
2024-06-03T11:10:29.000Z,NMalliotakis,True,False," Two cops shot overnight in NYC (⁦
@AOC
⁩’s district) by an illegal immigrant living at a former Marriott, current migrant shelter at OUR expense. What will it take for Biden, Hochul & Adams to change their disastrous policies? It’s infuriating",184794,3410,384,1622,71
2024-11-11T22:02:06.000Z,liz_churchill10,True,False,"MEET, the BORDER CZAR, 
@RealTomHoman
 

IF you’re an ILLEGAL IMMIGRANT…START PACKING.",18652,941,40,249,51
2024-11-10T01:41:19.000Z,VIVALVENGEANCE,True,False,any person born on american soil is AMERICAN. it makes zero sense that a child with immigrant parents would be denied citizenship to the country they were born in.,0,46,3,1,1700
2024-11-06T15:26:23.000Z,camiinthisthang,True,False,The idea that every Latino is an illegal immigrant and therefore retarded for voting for trump is insane btw,7197,95,7,19,3
2024-11-06T22:15:30.000Z,PrinceJamesFan,True,False,Me showing the cop the Illegal immigrant in my class on January 20th.,4479174,70859,323,4044,5450
2024-11-08T19:23:55.000Z,Bubblebathgirl,True,False,"Woman says that it’s sad her immigrant mom now worries she needs to carry her passport to prove she’s a citizen and avoid mass deportations.

That is sad. Blame illegal immigrants.",21234,770,396,158,22
2024-08-31T23:56:07.000Z,ArtMusicPoli,True,False,"All those achievements yet you fail to acknowledge the strain #illegalImmigration places on our country:

1.Economic Impact: Illegal immigration costs U.S. taxpayers over $116 billion annually. This burden falls on hard-working Americans, especially in sectors like agriculture",12102,788,15,57,13
2024-11-13T19:05:53.000Z,FrannyOD,True,False,"Dear Nigerians who are scared of the illegal immigrant cleansing the Trump administration is about to embark on, I have one question for you if you were in his shoes, would you protect the Nigerian border against the Niger/ Chad Fulani influx/terrorists into our country? 

Why",0,11,3,4,843
2024-11-08T16:20:26.000Z,DFBHarvard,True,False,"Remember when we said back in 2020 that Joe Biden was a ""Trojan Horse"" for the far out Left, or Progressives, or Marxists?

In 73 days, Joe Biden & Kamala Harris must leave the Whitehouse & Naval observatory. 

It can't come soon enough! ",366,12,3,4,1
2024-11-07T23:24:49.000Z,thenyic,False,False,We are LIVE at Foley Square to show that NYers will stand to PROTECT our immigrant neighbors & families!,0,46,6,19,5039
2024-11-09T18:22:20.000Z,sav_says_,True,False,"NYC-There are currently illegal immigrants marching on the streets of New York holding a sign that reads “No to the anti-immigrant laws, no to deportations”

They shared they are from Ecuador and Peru.",4985107,33706,18867,9418,2274
2024-11-07T14:57:13.000Z,CCAerial,False,False,"In #Massachusetts, ICE has been arresting and deporting dozens of illegal immigrant r*apists (of CHILDREN) in recent months. Here's our woke Governor Healey bragging about how she wants them to stay here. We are adrift. 
@conservativ3ant
  @RonDeSantis
@masspoli
   @elonmusk",0,6,5,6,585
2024-02-13T04:52:11.000Z,EricAbbenante,True,False,"Sara Gonzales with a bombshell of a story:
The Lakewood Church shooter was an El Salvadorian immigrant who was detained by ICE. Genesse Moreno (Who also went by the alias Jeffery Escalante) had a voting record in the 2020 election. 
When people ask: ""Where is evidence that",3138271,22114,563,10824,2490
2023-10-13T21:18:27.000Z,TBifford,True,False,"This is why Poland is not afraid of Islamic jihad within its own country.

""Not one illegal immigrant in Poland. Ever""",1464665,8292,559,2624,280
2024-08-23T02:47:23.000Z,bennyjohnson,True,False,"KAMALA HARRIS: ""I believe everyone has a right to safety, to dignity, and to justice."" 

Unless you’re a victim of brutality from an illegal immigrant.",301622,17575,1302,4570,125
2024-09-07T16:16:46.000Z,MattWallace888,True,False,BREAKING: Illegal Immigrant Caught Planning “The Largest Terror Attack on U.S. Soil Since 9/11” ,5727861,57163,2809,21688,9245
2024-08-15T07:13:09.000Z,ImMeme0,True,False,"If this doesn’t break your heart and piss you off at the same time, I don’t know what will.

This veteran, who worked hard to start her business and buy her food truck, is now sharing her story of selling it to an illegal immigrant who has no credit or savings but is able to",3059283,83771,8496,39439,6771
2023-09-18T15:47:33.000Z,SpencerLndqst,True,False,"Have you heard about America’s ‘largest illegal immigrant settlement’ that's said to be a hub of cartel activity?

I visited Colony Ridge for 
@realDailyWire
 to learn about a development that's home to 40k-75k people and is in the midst of a rapid expansion.

Here's what I found:",3745468,7830,550,4810,1750
