timestamp,username,icon-verified,fact-checked,text,views,likes,replies,reposts,bookmarks
2024-11-06T22:15:30.000Z,PrinceJamesFan,True,False,Me showing the cop the Illegal immigrant in my class on January 20th.,4464176,70936,318,4046,5472
2024-11-10T01:50:35.000Z,WonderKing82,True,False,"Hello Ice, I can't talk loud, but I see an undocumented immigrant....",5723,181,9,27,2
2024-11-06T17:30:05.000Z,persecutedsgin,False,False,Is anyone else having trouble logging into their Project 2025 account? I’m trying to get into the Illegal Immigrant reporting app but it’s not working,65005,1352,10,68,47
2024-11-06T17:11:42.000Z,yo_herran,False,False,"To folks lashing out at Trump-voting Latinos with ""you will get deported"": check yourselves. Latino is an ethnic marker not a citizenship status (or lack thereof) and it doesn't make one a deportable immigrant. You sound like the very man you despise.",1267,26,4,6,1
2024-11-08T00:11:31.000Z,TheJFreakinC,True,False,"As a woman, I’ve never been worried about being raped, or SAed, by an illegal immigrant… But, I have been worried about being raped, and SAed, by white men, who are American citizens.",450959,15717,378,2172,217
2024-11-03T13:49:26.000Z,peaceandteachin,True,False,"Leon is working for Putin. They are all in on crashing the economy and removing sanctions to prop up a failing Russia. 
He is an illegal immigrant who doesn’t understand the US and what makes America great. 
#DemsUnited #ProudBlue",5377,176,6,154,3
2024-10-02T01:20:08.000Z,booker_squared,False,False,"JD Vance is blaming immigrants for fentanyl, and he brought up his mom's addiction. 

Baby, your mama stole drugs at her nursing job in a hospital in Ohio. No immigrant had a part in that. The trash is in your home. No need to blame the border. #VPDebate",5044292,185144,2072,30591,3910
2024-03-08T03:38:09.000Z,_MLFootball,True,False,President Joe Biden at the State of the Union said USC head coach Lincoln Riley was killed by an illegal immigrant,1937746,7592,304,907,731
2024-01-10T14:26:13.000Z,TulsiGabbardrep,True,False,"Do you support the mass deportation of every single illegal immigrant in America effective immediately ?

YES or NO ?",445277,26308,8838,2918,40
2024-05-30T07:40:30.000Z,WallStreetSilv,True,False,"ALERT:

Every American needs to hear this.

""$9000 roughly per illegal immigrant that taxpayers fronting""

That's more money than we spend per Medicaid beneficiary.

That's more than we spend for our  veterans, in the way of military, retirement benefits.

That's more than we",313792,6116,285,3030,621
2024-03-11T14:06:08.000Z,nettermike,True,False,"Say his name. TRAVIS WOLFE was 11 years old and killed by an illegal immigrant driving without a license in Missouri. NOT a border state to the morons at MSNBC. Travis was a passenger in a jeep with his parents when a woman, here illegally from Venezuela, drove the wrong way at",292741,9707,565,5146,228
2024-07-05T21:35:12.000Z,Mick_O_Keeffe,True,False,"An Illegal immigrant from Malawi celebrates being regularised in Ireland by immediately flying home to get married and bring more people to Ireland. 

17,000 illegals were given amnesty by the current government.",170478,4533,460,2221,222
2018-04-25T13:33:58.000Z,Maria_Hinojosa,False,False,"Come on 
@nytimes
 There is no such thing as an “illegal” immigrant or “illegal” human being. A person, an immigrant, may have gotten to or stayed in a country illegally but the person is not “illegal”.",0,439,12,171,0
2024-08-08T10:05:01.000Z,archer_rs,False,False,"Sir Mo Farrah CBE. Multiple gold medal winning athlete.  Trafficked to the UK as a child.  Would today be classed as an ""illegal immigrant""",1168760,12241,2932,1702,147
2024-11-06T16:22:45.000Z,Laceythegr8,False,False,Nobody hates illegal immigrants more than an illegal immigrant who has become legal.,1724,12,1,15,1
2024-11-04T20:10:30.000Z,DrakeBehren,True,False," Minelys Rodriguez RIP

Say her name because Biden and Harris won't!!

Another woman killed by an illegal immigrant allowed through our open border!

Mass Deportations Now  Protect our women and children!",26470,345,11,110,22
2024-11-03T22:22:17.000Z,Pattihatestrump,False,True,"First of all, your ""promises"" aren't worth jack shit, and I seem to recall you promising LOTS of shit and not following through. and secondly, no one needs to proove a fking thing to you, you were an illegal immigrant, and thirdly, why don't you use some of that cash for THERAPY?",373,23,3,8,1
2024-11-06T03:07:06.000Z,WalletBussinK,False,False,Lmao a Hispanic man saying that he voted for trump because he wants border protection after being an illegal immigrant and then getting citizenship is crazy ,3078,30,4,8,3
2024-11-05T23:41:47.000Z,ordinarygirl1,False,False,"Potential voter fraud scheme under investigation in Denver.

Just a reminder: Denver has a massive illegal immigrant population that could be trying to influence our elections.",8603,154,11,142,8
2024-11-07T04:52:08.000Z,vvsrak,True,False,"The first thing Donald Trump wants to do when in office is to end birthright citizenship, if you as a decent of an immigrant voted for this man I hope you feel shame and remorse for your vote",12833,54,18,15,31
2024-11-06T06:31:22.000Z,loganclarkhall,True,False,"we are reasserting our sovereignty and every single illegal immigrant is going to be sent back to where they belong. 

victory for our country. victory for our people.",4381,198,2,12,8
2024-11-09T03:18:02.000Z,mittenskittens_,True,False,"If you didn't know Obamacare = ACA and you're upset you're gonna lose it, you shouldn't have voted. If you didn't know American businesses/consumers would be the ones paying for the tariffs, you shouldn't have voted. If you thought your illegal immigrant family members wouldn't",0,4,13,70,5415
2024-03-16T22:24:09.000Z,Liz_Wheeler,True,False,"TikTok just gave me a strike warning & removed this video. For being “hateful.”

Do you think it’s because I said “illegal immigrant” or “trans’ing kids”?",294209,13091,817,4602,263
2024-08-27T06:31:55.000Z,benonwine,True,False,"I want to get a sense of what my followers think on 𝕏 

Do you think we should mass deport every illegal immigrant from Britain and close the border?",156788,7149,2403,675,8
2024-02-28T02:21:32.000Z,nicksortor,True,False," #BREAKING: An illegal immigrant from El Salvador has been arrested for the M*RDER of a 2 year old child.

This comes AFTER Noel Trejo-Granados was arrested MULTIPLE times on various charges and released from custody in NJ despite a deportation order for him.

THEY ARE",1727958,24585,1808,12016,1050
