timestamp,username,icon-verified,fact-checked,text,views,likes,replies,reposts,bookmarks
2024-11-04T21:10:07.000Z,CALimmigrant,False,False,"Rent Control is on the ballot! Prop 33 lets cities and counties apply rent control to ALL types of housing, including single-family homes, condos, and newer apartments, preventing the state from limiting local rent control decisions. #VoteYES #Prop33 #CA2024",3081,8,1,2,2
2024-11-06T22:15:30.000Z,PrinceJamesFan,True,False,Me showing the cop the Illegal immigrant in my class on January 20th.,4464662,70935,318,4046,5470
2024-11-06T05:49:26.000Z,MGF91,False,False,My feelings as a Mexican immigrant right now,44527,458,25,19,22
2024-11-08T01:59:57.000Z,MTGrepp,True,False,"EVERY SINGLE ILLEGAL IMMIGRANT NEEDS TO BE DEPORTED. I DON’T CARE WHO THEY ARE

WHO’S WITH ME ?",121574,12376,1273,1815,48
2024-11-06T17:30:05.000Z,persecutedsgin,False,False,Is anyone else having trouble logging into their Project 2025 account? I’m trying to get into the Illegal Immigrant reporting app but it’s not working,65007,1352,10,68,47
2024-11-06T16:22:45.000Z,Laceythegr8,False,False,Nobody hates illegal immigrants more than an illegal immigrant who has become legal.,1727,12,1,15,1
2024-11-09T17:00:11.000Z,benonwine,True,False,Would you want an Illegal Immigrant Hotel near where you live?,0,234,252,67,11700
2024-11-05T22:32:00.000Z,ReadTheLion,True,False,An illegal immigrant man was arrested in New York after allegedly raping a 5-year-old girl.,10240,70,1,39,4
2024-11-08T13:31:51.000Z,DefNotTy,False,False,"I knew Absolute Superman was an absolute shit-show once the ""illegal sciencing"" started. 
-Natural resources bad.
-Forced immigrant labor, at gun point, naturally. 
-Lois Lane is a fascist enforcer & prob a lesbanian with a mental illness haircut.",0,316,3,8,0
2024-11-04T02:00:58.000Z,GrahamAllen_1,True,False,"THIS IS DESPICABLE!!!!

Puerto Rican influencer was M*RDERED by an illegal immigrant!

Mark my words...

America is NOT safe under Kamala Harris!

Here is what Breitbart is reporting:

""Angel DeJesus Rivera-Sanchez, a 24-year-old ",12840,620,29,406,16
2024-11-08T16:59:24.000Z,Mestiza_TK,False,False,"Thank you to my Mexican-American brothers and sisters. My family is South American but grew up within a Mexican immigrant community that loved us and to this day, they are my family. ",0,6,2,2,301
2024-11-08T18:03:45.000Z,LarryAndress2,True,False,Massive victory for deportation efforts. Judge axes  program to legalize illegal immigrant spouses of US states.,0,92,3,10,0
2024-11-11T04:33:27.000Z,bostonwriter,True,False,"I love when the wealthy opine about illegal immigrants, yet have never set foot in a predominately immigrant city - or when they do, they “roll ‘em up, lock ‘em up” as they speed through on their way to someplace better. 

They love ‘em as long as they stay “over there.”",0,16,2,7,286
2024-11-11T06:21:57.000Z,geokaren,False,False,Elon was an illegal. Immigrant,0,205,2,4,0
2024-11-11T01:17:38.000Z,AntiWuCoalition,True,False,"If you are a legal immigrant you have nothing to fear. 

If you are an ILLEGAL immigrant. Your time is coming. You can run but you can’t hide and you WILL be getting DEPORTED. 

Citizens of the commonwealth, you can also do your part by reporting all illegal aliens to ICE!",7202,448,35,52,8
2024-11-04T02:33:11.000Z,RealLifeFootage,True,False,"JUST IN: Puerto Rican fitness influencer kidnapped and m*rdered by alleged illegal immigrant in Georgia.

24-year-old Mexican illegal alien Angel DeJesus Rivera-Sanchez is accused of m*rdering Puerto Rican native Minelys “Mimi” Rodriguez-Ramirez, 25.

Rodriguez-Ramirez was last",0,29,5,10,579
2024-09-14T05:11:25.000Z,GaribaldoValdez,False,False,"Immigrant illegality is commonly racialized as Latino, and more specifically as Mexican

But every decade or so, Haitian migrants enter the convo. And we get to witness the intersectional ugliness of nativism AND antiblackness

Make no mistake, they're branches of a same tree",18117,557,9,138,35
2024-11-11T08:03:17.000Z,elliotreports,True,False,"Can any leftist tell me if an illegal immigrant commits a violent crime in our continent, what reason do we have to keep this scum in Europe?",0,90,1,2,0
2024-11-03T22:26:09.000Z,ackocher,False,False,"Seasonal Immigrant Workers Are in High Demand. America’s H-2B Visa Program Isn’t Keeping Up. - Immigration Impact 
@immcouncil",2350,9,1,7,2
2018-04-25T13:33:58.000Z,Maria_Hinojosa,False,False,"Come on 
@nytimes
 There is no such thing as an “illegal” immigrant or “illegal” human being. A person, an immigrant, may have gotten to or stayed in a country illegally but the person is not “illegal”.",0,439,12,171,0
2024-03-06T13:24:24.000Z,BPUnion,True,False,"Arresting illegal aliens who crash the border...illegally...is deemed ""anti-immigrant"" by Arizona Gov Katie ""Veto"" Hobbs.

Let that sink in for a moment.",81752,4727,420,1970,70
