timestamp,username,icon-verified,fact-checked,text,views,likes,replies,reposts,bookmarks
2024-09-09T17:08:51.000Z,CubanOnlyTrump,True,False,"JUST ANNOUNCED :Kamala Harris ""We extended Temporary Protected Status to over 100,000 Haitian Migrants. They need support.""

Aiden Clarke an 11-year-old was kiIIed on his way to school in Springfield, Ohio.  

His kiIIer was a Haitian illegal immigrant that Kamala FLEW in.

Never",1360227,21963,2070,16344,1298
2024-09-18T15:51:48.000Z,RepCarlos,True,False," I will NOT be intimidated by the socialist Democrats.

The left calls anyone who supports border security & legal immigration a racist.

I’m a Cuban exile and legal immigrant to this country — that bull WILL NEVER fly with me.",897964,47586,1251,14498,2462
2024-03-08T03:38:09.000Z,_MLFootball,True,False,President Joe Biden at the State of the Union said USC head coach Lincoln Riley was killed by an illegal immigrant,1937843,7582,304,906,730
2024-05-11T14:45:06.000Z,TimHannan,False,False,MAGA douche discovers he’s an illegal immigrant.,263840,4886,542,1185,125
2024-11-09T21:17:03.000Z,MTGrepp,True,False,"HOLY SH*T  Illegal Immigrants have taken over the Streets of New York to protest Deportations

This make it VERY easy for Donald Trump to know who to Deport. Please keep track of these people 

MASS DEPORT EVERY ILLEGAL IMMIGRANT ",674169,24311,2733,6216,446
2024-11-16T22:00:09.000Z,FoxNews,True,False,'BLOOD ON THEIR HANDS': Incoming Border Czar Tom Homan calls on pro-sanctuary city Democrats to listen to the 911 call 22-year-old Laken Riley made before prosecutors say she was killed by an illegal immigrant,18528682,25454,720,6667,1283
2023-05-26T21:57:01.000Z,TheyCallMeDoc1,True,False,"Lesson of the day. 
Migrant - A person who moves from place to place for work. 
Immigrant - A person who comes to live permanently.
Illegal Alien - a foreign national who is living without official authorization in a country.
They are not Migrants they are illegal aliens.",24558,1462,79,638,8
2024-11-13T19:21:30.000Z,ChicanoPost,False,False,"The Mexican President reassured not to be worried about Trump and his plans for mass deportation. She expressed a warm welcome to the US immigrant community an stated if the US proceeds with deportations of Mexicans, Mexico would respond by deporting 2 million American immigrants",4433,40,10,22,7
2024-11-13T02:30:05.000Z,soli_Jesum,True,True,There is no such thing. Every illegal immigrant is committing a crime being here.,0,14,1,4,307
2024-11-18T17:49:27.000Z,FrazierForTexas,True,False,"According to the roommate of the illegal immigrant who killed Laken Riley, he was flown to Georgia by a flight that was funded by the taxpayers. Absolutely amazing!  #txlege",899,6,1,1,1
2024-11-10T16:43:26.000Z,GaudetteRob,True,False,"To the camps! This illegal immigrant and criminal voter was caught trying to steal our Social Security benefits and Medicare. 

Thank you 
@USCIS
 for catching it.

#DeportAllSavages",1674,3,4,2,2
2024-08-20T05:48:42.000Z,RyanShead,True,False,"Dear Elon,

Here is the video you say doesn’t exist of Donald Trump saying there were very fine people on both sides after Charlottesville.

You keep saying X is this arbiter of truth, yet you spread lies to help Trump and conservatives.

You’re a former illegal immigrant who’s",5772373,37449,3280,12461,2288
2024-05-18T19:53:25.000Z,ImMeme0,True,False,"“It’s very traumatic… No. No good Rochester.” says an illegal immigrant from El Salvador.

Yaniry Pena came to the U.S. with her children a year ago.

She lived for FREE in NYC hotel for 4 months. Then she and her children were relocated to a FREE apartment in Rochester, NY.",1048354,8508,3522,3358,556
2024-05-23T13:53:58.000Z,kunley_drukpa,True,False,Illegal Immigrant from Turkey is shocked by lack of security on US Border he just illegally crossed,15710132,20994,559,4205,5631
2024-03-11T18:39:48.000Z,MattWalshShow,True,False,"Haiti Descends Into Chaos As Our Borders Remain Wide Open

TIMESTAMPS:

00:00 - 00:30 Opening
1:55 - 15:31 Haiti Descends Into Chaos As Our Borders Remain Wide Open
16:28 - 27:52 Biden Refuses To Condemn Illegal Immigrant Who Murdered Laken Riley
27:53 - 39:30 Jimmy Kimmel",11138064,5304,507,1499,991
2018-04-25T13:33:58.000Z,Maria_Hinojosa,False,False,"Come on 
@nytimes
 There is no such thing as an “illegal” immigrant or “illegal” human being. A person, an immigrant, may have gotten to or stayed in a country illegally but the person is not “illegal”.",0,420,12,171,0
2024-11-17T16:43:28.000Z,ArmandKleinX,True,False,"BLOOD ON THEIR HANDS 
Tom Homan calls on pro-sanctuary 
city Democrats to listento the 911 call
22 year old Laken Riley made before 
prosecutors say she was killed by an 
illegal immigrant !
Deport Them , That's The Way It Works ",10069,606,15,412,20
2024-11-10T11:44:14.000Z,CarmineSabia,True,False,If I were an illegal immigrant and I knew President-elect Donald Trump gets inaugurated on January 20 I would not be advertising my immigration status.,0,138,15,33,3097
2024-11-12T01:27:59.000Z,Joe_S_Pure,True,False,"'TRAGIC LOSS': The mother of Rachel Morin, who was allegedly murdered by an illegal immigrant while out jogging last year, says her family is thankful for President Trump's commitment to making border security ""a national priority.” https://trib.al/TdeLXMt",0,285,5,15,0
2024-10-14T19:19:47.000Z,TRobinsonNewEra,True,False,"Illegal immigrant Italy making sure you can't get to work on time to pay your taxes that house them.

Make it makes sense?",2306651,13469,1759,3278,726
