timestamp,username,icon-verified,fact-checked,text,views,likes,replies,reposts,bookmarks
2024-11-04T21:10:07.000Z,CALimmigrant,False,False,"Rent Control is on the ballot! Prop 33 lets cities and counties apply rent control to ALL types of housing, including single-family homes, condos, and newer apartments, preventing the state from limiting local rent control decisions. #VoteYES #Prop33 #CA2024",3097,8,1,2,2
2024-11-11T14:07:31.000Z,IceholeFargin,False,False,An ILLEGAL immigrant!,0,12,1,7,248
2024-11-06T17:30:05.000Z,persecutedsgin,False,False,Is anyone else having trouble logging into their Project 2025 account? I’m trying to get into the Illegal Immigrant reporting app but it’s not working,65076,1349,10,68,47
2024-11-06T15:19:05.000Z,JasGarsd,False,False,"Last night an immigrant voter told me it was hard to distinguish between democrats and republicans on immigration. As 
@SergioMarBel
 & I have been reporting, Dems ran a campaign that veered to the right on immigration, at times indistinguishable from some of Trump’s 1st presidency",16247,220,7,71,16
2024-11-11T22:01:00.000Z,ImmigrantCrimes,True,False,"The Collin County immigration detainer and a few source links.

https://wsbtv.com/news/local/cherokee-county/georgia-woman-steals-over-100k-worth-items-targets-across-country-court-records-say/E3X5GH3BSZAS5EOLE7DSBBMWYM/…

https://cowetascanner.com/suspects-steal-phones-in-alabama-arrested-by-npd-after-being-pursued-by-security/…

https://escambiacountyal.publicjailrecords.com/app/arrest.php?subject=ECSO24JBN000611#google_vignette…

https://texas.arrests.org/Arrests/Claudia_Hornea_60761583/…",0,147,2,2,0
2024-11-06T05:49:26.000Z,MGF91,False,False,My feelings as a Mexican immigrant right now,44600,458,25,19,22
2024-11-09T17:00:11.000Z,benonwine,True,False,Would you want an Illegal Immigrant Hotel near where you live?,0,235,253,69,11789
2024-11-04T21:19:15.000Z,MigrationPolicy,True,False,"NEW: We offer 1st-ever projections of the US working-age population by immigrant generation through 2040 based on varying future immigration level scenarios

TL;DR: Policy will play a key role in shaping the US demographic landscape & future workforce

http://migrationpolicy.org/news/immigrant-origin-population-2040…",0,1,7,10,1659
2024-11-08T00:11:31.000Z,TheJFreakinC,True,False,"As a woman, I’ve never been worried about being raped, or SAed, by an illegal immigrant… But, I have been worried about being raped, and SAed, by white men, who are American citizens.",451856,15699,378,2172,216
2024-11-11T06:21:57.000Z,geokaren,False,False,Elon was an illegal. Immigrant,0,284,2,6,0
2024-11-11T15:50:16.000Z,taylorburrowes,True,False,If you’re an ILLEGAL immigrant and have a baby in the USA expecting them to be automatically granted citizenship is entitlement. Plain and simple. You have to go through the proper channels — there are no handouts,0,14,1,2,707
2024-11-11T01:17:38.000Z,AntiWuCoalition,True,False,"If you are a legal immigrant you have nothing to fear. 

If you are an ILLEGAL immigrant. Your time is coming. You can run but you can’t hide and you WILL be getting DEPORTED. 

Citizens of the commonwealth, you can also do your part by reporting all illegal aliens to ICE!",17778,852,80,112,9
2024-08-08T02:03:58.000Z,w_terrence,True,False," EVERYONE IN AMERICA SHOULD BE MAD!!

This Veteran is getting $23 dollars in food stamps but an illegal immigrant is getting $13,000 dollars

Yes this is real! I know people who receive $50 dollars.

This is happening under Kamala Harris and Joe Biden",312792,17619,1148,9946,591
2024-01-10T14:26:13.000Z,TulsiGabbardrep,True,False,"Do you support the mass deportation of every single illegal immigrant in America effective immediately ?

YES or NO ?",445304,26308,8838,2918,40
2024-11-02T04:55:04.000Z,ighaworth,True,False,"If Peanut the Squirrel was an illegal immigrant who was dealing fentanyl and raping women, New York Democrats would give him $5,000 and a cell phone.",2166248,71017,570,10722,1395
2024-09-12T21:37:00.000Z,TheRealKeean,True,False,Alberta should commit to putting every illegal immigrant that Trudeau sends over here on a bus bound for Ottawa.,67147,3791,304,654,10
2024-04-17T15:15:57.000Z,sav_says_,True,False,"“They give me ticket for free to Chicago”

An illegal immigrant from Russia, who has been living in NYC for the past year, received a free plane ticket to Chicago sharing that he wants to “see a new city” and “feel a new vibe”

He then expressed plans to visit LA with another",3336623,9473,754,4057,1063
2024-08-01T19:45:09.000Z,AlphaNewsMN,True,False,"Minnesota Gov. Tim Walz says he wants to invest in a ""ladder factory"" to help illegal immigrants climb Trump's border wall, says we won't have Thanksgiving dinner anymore without illegal immigrant workers. 

Recent polling shows a majority of Americans support building a border",600421,3497,1817,2214,407
2024-08-15T07:13:09.000Z,ImMeme0,True,False,"If this doesn’t break your heart and piss you off at the same time, I don’t know what will.

This veteran, who worked hard to start her business and buy her food truck, is now sharing her story of selling it to an illegal immigrant who has no credit or savings but is able to",3058780,83819,8497,39455,6774
2024-04-25T21:36:09.000Z,ImMeme0,True,False,"JUST IN: Mexican illegal immigrant charged with sexually assaulting two young girls under 13 years old during home invasion in Michigan. 

Miguel Hernandez-Ruiz was arraigned on one county of felony home invasion and two counts of felony criminal sexual conduct in the first",210794,3924,410,2536,187
2024-11-07T18:36:07.000Z,KDJRadioShow,True,False,"An illegal immigrant in Mass. raped a 15-year-old disabled girl and got out on $500 bail. 

A 14-year-old boy was kicked out of school for wearing a shirt that said ""There are only two genders""
Massachusetts, you get what you vote for.  It's on you.",11401,295,15,112,13
2024-11-10T06:32:22.000Z,SiddhantAdlakha,False,False,"It should come as no surprise that a number of liberals have followed the Democrats’ anti-immigrant, “secure the border” pivot to its logical endpoint, and are now turning collaborator. But it bears repeating: if your advocacy for human rights is conditional, it’s worthless.",101709,2032,16,376,71
2024-09-25T21:00:35.000Z,ProjectLincoln,True,False,".
@StuartPStevens
 says the main issue of this election is not immigration- it doesn’t affect enough people to be. The reality is the inflammatory comments Trump has made about our immigrant communities are not doing him any favors in this race.",265110,3898,433,1102,64
2024-03-01T02:21:15.000Z,haysjr_9,False,False,"A girl gets killed by an immigrant, and we gotta shut down the border.
But an entire classroom of kids gets mowed down with an AR 15, and I'm politicizing a tragedy.

Is that right?",5365632,115939,4368,17787,2151
2024-03-21T00:02:03.000Z,tariqnasheed,True,False,"A suspected illegal immigrant in NYC allegedly tried to snatch a sista's purse while he was on a scooter. And he ended up with ""black & brown"" bruises on his face.

He realized that them New York women aint really the soft targets he thought they were",303636,2903,468,872,426
