timestamp,username,icon-verified,fact-checked,text,views,likes,replies,reposts,bookmarks
2024-09-09T17:08:51.000Z,CubanOnlyTrump,True,False,"JUST ANNOUNCED :Kamala Harris ""We extended Temporary Protected Status to over 100,000 Haitian Migrants. They need support.""

Aiden Clarke an 11-year-old was kiIIed on his way to school in Springfield, Ohio.  

His kiIIer was a Haitian illegal immigrant that Kamala FLEW in.

Never",1360260,21962,2069,16344,1298
2024-05-24T10:50:25.000Z,GoldingBF,True,False,"An immigrant nutter threatens to kill the police in London while they carry out an immigration raid on an illegal immigrant.
Scenes like this are extremely common now in our lawless and degenerate land.",222707,4723,918,2114,104
2024-05-11T14:45:06.000Z,TimHannan,False,False,MAGA douche discovers he’s an illegal immigrant.,263851,4888,542,1185,125
2024-08-15T07:13:09.000Z,ImMeme0,True,False,"If this doesn’t break your heart and piss you off at the same time, I don’t know what will.

This veteran, who worked hard to start her business and buy her food truck, is now sharing her story of selling it to an illegal immigrant who has no credit or savings but is able to",3059945,83711,8491,39415,6765
2024-10-29T18:26:54.000Z,BehizyTweets,True,False,"WATCH: Democrat voters said Republicans hate immigrants, and a LEGAL Haitian Republican immigrant stepped up and crushed all of them

""Democrats are at a point right now where they are shipping a bunch of illegal immigrants... We have CRIMINALS from my own country traveling here",1300635,42604,576,11841,5673
2024-08-20T05:48:42.000Z,RyanShead,True,False,"Dear Elon,

Here is the video you say doesn’t exist of Donald Trump saying there were very fine people on both sides after Charlottesville.

You keep saying X is this arbiter of truth, yet you spread lies to help Trump and conservatives.

You’re a former illegal immigrant who’s",5772398,37443,3279,12460,2287
2024-08-08T18:51:23.000Z,RyanShead,True,False,The only illegal immigrant influencing elections in the United States is Elon Musk.,534784,34003,698,10814,345
2024-08-17T17:53:59.000Z,EuropeInvasions,True,False,"BREAKING

While Keir Starmer's security forces are busy catching patriotic Brits posting comments, a new illegal immigrant boat has arrived on the UK coast. They are all young men. 

Do you think it's too late for the UK?",1344530,21707,3824,7994,718
2024-05-29T12:36:30.000Z,TRobinsonNewEra,True,False,"The Prime Minister of Hungary, 
@PM_ViktorOrban
 exposes the document proving George Soros is largely behind the global illegal immigrant invasion.",283861,7495,268,4230,882
2024-11-10T16:34:16.000Z,LtChrisOlivarez,True,False,"#RGV 
@TxDPS
 K9 tracked over 2 miles a group of illegal immigrants avoiding capture in Mission - 4 arrests made. 

Troopers in Sullivan City arrested an illegal immigrant from Mexico after a short pursuit, resulting in the recovery of 6 illegal immigrants who all had colored",17914,566,56,235,23
2024-11-19T04:00:38.000Z,_Charlene_TX,False,False,"Illegal aliens getting citizenship with no effort is a smack in the face to every single immigrant who came to this country legally

It takes years and money and all the illegals had to do was cross illegally 

Deport all of them",0,13,1,2,73
2024-11-18T17:49:27.000Z,FrazierForTexas,True,False,"According to the roommate of the illegal immigrant who killed Laken Riley, he was flown to Georgia by a flight that was funded by the taxpayers. Absolutely amazing!  #txlege",927,6,1,1,1
2024-11-18T22:00:22.000Z,CALimmigrant,False,False,"  Join us TOMORROW MORNING at City Hall to urge the Los Angeles City Council to protect immigrant communities and pass the #SanctuaryOrdinance 

 8:30am: press conference 
 10:00am: public comment
 200 N Spring St, Los Angeles, CA 90012 

 #DemocracyInAction",0,2204,4,4,0
2024-08-31T23:56:07.000Z,ArtMusicPoli,True,False,"All those achievements yet you fail to acknowledge the strain #illegalImmigration places on our country:

1.Economic Impact: Illegal immigration costs U.S. taxpayers over $116 billion annually. This burden falls on hard-working Americans, especially in sectors like agriculture",12118,787,15,57,14
2024-11-11T23:49:13.000Z,its_The_Dr,True,False,"""I hear a lot of people say, 'The talk of a mass deportation is racist.  It's threatening to the immigrant community,'"" says Tom Homan, Trump’s former acting director. He argues it should only “be threatening to the illegal immigrant community.”",5513,180,5,53,1
2024-11-13T02:30:05.000Z,soli_Jesum,True,True,There is no such thing. Every illegal immigrant is committing a crime being here.,0,14,1,4,307
2024-11-12T19:00:16.000Z,FoxNews,True,False,"‘KEEPING HIS WORD’: The mother of murdered Rachel Morin has full faith in Trump as he’s set to take charge of the border, promising to oust illegal immigrant criminals after her daughter was allegedly killed by one",92140,1131,60,162,14
2024-11-18T20:15:50.000Z,AdrianNormanDC,True,False,"As the Trump administration ramps up deportation efforts, it will be necessary to remind people there is a difference between “illegal aliens” and “immigrants.”

You’re not an immigrant unless you’ve come to the United States legally.",922,25,4,5,1
2024-11-17T12:17:26.000Z,Wnc_Ash,True,False,"Laken Riley fought for her life against an illegal immigrant for 17 minutes before her head was smashed to death by a rock. Tell me again how I didn't vote to protect women.

#LakenRiley 
#MagaForLife",0,14,4,4,414
2024-11-11T12:37:43.000Z,thatdudedusty,True,False,"Fox & Friends - Tom Homan

Tom Homan slams his critics on the southern border.

Tom Homan doubles down on Border Security.
""Border Security is National Security.""

Homan - ""Let us protect not only American communities. Let us protect Immigrant Communities. Who is victim of MS-13",1592,7,1,5,3
2024-11-17T17:48:13.000Z,civillycentered,True,False,"Welcome to #Portland where; American citizens sleep on the street while the city managed to scramble up housing for 80 illegal immigrant families -after they complained 24 hours prior on the news. 
@RonWyden
 @TinaKotek
 fuck you both
@KGWNews",0,9,2,3,156
2024-03-16T22:24:09.000Z,Liz_Wheeler,True,False,"TikTok just gave me a strike warning & removed this video. For being “hateful.”

Do you think it’s because I said “illegal immigrant” or “trans’ing kids”?",294240,13082,816,4594,259
