timestamp,username,icon-verified,fact-checked,text,views,likes,replies,reposts,bookmarks
2023-05-26T21:57:01.000Z,TheyCallMeDoc1,True,False,"Lesson of the day. 
Migrant - A person who moves from place to place for work. 
Immigrant - A person who comes to live permanently.
Illegal Alien - a foreign national who is living without official authorization in a country.
They are not Migrants they are illegal aliens.",24536,1463,79,638,8
2024-11-14T03:39:20.000Z,PatrioticMedia1,False,False,"PATRIOTIC DOCTORS BACK RAMATHUBA
Patriotic doctors including the outspoken 
@MikeRamothwala
 are giving their support to 
@PhophiRamathuba
 who is facing prosecution by #HPCSA for telling an illegal immigrant that Mnangagwa should be the one to take care of Zimbabwean patients.",47892,1236,99,335,14
2024-03-09T11:50:10.000Z,JoeConchaTV,True,False,"An immigrant is someone who comes to the country *legally*. 

This question (and the answer) is everything you need to know about the media and the president they run cover for.",9772,439,40,103,5
2024-11-08T02:55:35.000Z,JustTheNews,True,False,Breaking: Federal judge strikes down Biden citizenship program aimed at immigrant spouses of US citizens,9068,190,5,45,9
2024-11-07T17:40:17.000Z,HaitianBridge,False,False,"This is not the time to sit back. As we enter a new era, our immigrant communities need us to show up. The Haitian Bridge Alliance is not backing down. To everyone who has been with us, and believes in being on the right side of history — let’s get to work.",2945,66,4,34,3
2024-11-13T19:05:53.000Z,FrannyOD,True,False,"Dear Nigerians who are scared of the illegal immigrant cleansing the Trump administration is about to embark on, I have one question for you if you were in his shoes, would you protect the Nigerian border against the Niger/ Chad Fulani influx/terrorists into our country? 

Why",0,11,3,4,863
2024-11-07T00:07:32.000Z,madisoncross__,False,False,"my heart has been heavy thinking about Jocelyn Nungaray, Laken Riley, and many other women whose right to LIFE was unmercifully  taken away and violated at the hands of illegal immigrant men who never should’ve stepped foot on American soil. Our border needs to be fixed NOW!",0,11,2,1,378
2024-11-11T02:42:18.000Z,colony76,True,False,"The distinction between an illegal & ""legal"" immigrant is borderline meaningless when the outcome of both is the same. We don't want more immigration, we want remigration. We want millions of mass deportations. Anything less is completely unacceptable.",35295,105,7,26,24
2024-11-13T15:42:53.000Z,sweethomemich,True,False,"MICHIGAN 

HAPPENING NOW: Drivers Licences to
ILLEGAL Immigrant and Renters Bill of
Rights.

Contact your legislators and ask them to vote NO! 

REMINDER: If these pass, we cannot just automatically reverse these until we have the MI Senate majority and the Governor",11892,478,38,416,26
2024-11-14T15:55:04.000Z,Cartel_Cal,True,False,"Probably an illegal immigrant and friend of 
@Scott_Wiener
.",0,83,9,15,1033
2024-11-13T13:26:51.000Z,BBlues100,False,False,"Just gets worse free private healthcare for illegal immigrant’s, and they have free bus fairs, this labour government is laughing at all of us in this country they have more privileges than we do",2122,123,10,53,11
2024-09-25T20:07:07.000Z,SenMikeLee,True,False,"I gave Senate Democrats one more opportunity to pass the SAVE Act and secure our elections before November.

They said stopping illegal immigrant voting is not “serious.” 

Remember this.",208921,4929,533,2216,179
2024-06-25T13:22:00.000Z,carolvorders,True,False,"Tommy Robinson arrested as an illegal immigrant in Canada 

It’s Rwanda for you my boy 

This really is an election run up that just keeps on giving isn’t it ?",4808036,35126,4344,5772,768
2024-08-04T02:01:40.000Z,RNCResearch,True,False,"“An undocumented immigrant is not a criminal.”

— Border Czar Kamala Harris",581042,3870,776,2094,247
2024-06-27T04:09:21.000Z,ImMeme0,True,False,"BREAKING: Illegal immigrant who shot 2 NYPD officers at 'point-blank range' indicted on 20 charges claims a notorious Venezuelan gang has been smuggling guns into city-run shelters.

Bernardo Raul Castro Mata (19) will be placed in protective custody following his explosive",913123,9481,414,5194,537
2024-07-20T10:01:15.000Z,TulsiGabbard,True,False,"The Democrat elite paints anyone who wants to stop illegal immigration and secure our borders as racist and “anti-immigrant.” They are either very very stupid and don’t understand the difference between legal and illegal immigration, or they’re  trying to foment division and",1173431,53779,1815,11321,838
2024-11-07T14:57:13.000Z,CCAerial,False,False,"In #Massachusetts, ICE has been arresting and deporting dozens of illegal immigrant r*apists (of CHILDREN) in recent months. Here's our woke Governor Healey bragging about how she wants them to stay here. We are adrift. 
@conservativ3ant
  @RonDeSantis
@masspoli
   @elonmusk",0,6,5,6,595
2024-11-13T21:19:27.000Z,InTheThickShow,False,False,"Did a Haitian immigrant really vote multiple times in Georgia in #Election2024? 
@Maria_Hinojosa
 sets the record straight in 'La Mentirota,' a collab b/w 
@InTheThickShow
 and 
@Factchequeado
 

The truth: A Russian-backed fake video spread this misinformation ",0,1,11,12,1533
2024-11-13T19:51:14.000Z,FishTankViewer1,True,False,Burt thinks Simbal is an illegal immigrant lmfao #fishtanklive,0,14,6,96,1659
2024-11-14T20:28:05.000Z,ImmDefense,False,False," CLE training for NY attorneys next week: ICE detainers are a key part of the detention-to-deportation pipeline. We'll cover what ICE detainers are and how to navigate them in the context of New York's existing sanctuary laws (and their limits). JOIN US:
https://immigrantdefenseproject.org/cle-training-immigration-detainers-in-nyc-the-impact-on-state-criminal-cases-2/…",0,544,6,9,0
2024-11-12T14:44:45.000Z,AprilNicoleinVA,True,False,"If I commit a crime, I have to reap the consequences. 

An ILLEGAL immigrant, who has committed a crime has to reap the consequences even if they means being separated from their family. 

The End",0,30,6,1,660
2024-02-26T20:31:25.000Z,HouseGOP,True,False,"The man charged with the horrifying murder of 22-year-old Laken Riley is an illegal immigrant from Venezuela who crossed the southern border on Sep 8, 2022.

On Sep 20, 2022, Joe Biden said it was ""not rational"" to send illegal immigrants from Venezuela back to Venezuela.",252411,2838,760,1614,90
2024-03-04T13:00:18.000Z,SpeakerJohnson,True,False,"When asked about the tragic murder of Laken Riley by an illegal immigrant, Secretary Mayorkas visibly checked his talking points on how to deflect blame. 

Her killer should NOT have been allowed to enter the country and if the Administration had stopped him and turned him around",1060525,16484,5400,4605,245
