timestamp,username,icon-verified,fact-checked,text,views,likes,replies,reposts,bookmarks
2024-09-30T18:23:28.000Z,benonwine,True,False,"Should the Royal Navy be ordered to turn the illegal immigrant boats around and stop the illegal invasion of Britain?

YES or NO",531708,27641,8066,2715,84
2024-10-06T18:18:56.000Z,RpsAgainstTrump,True,False,"Was Elon Musk an Illegal Immigrant? According to his brother Kimbal Musk, the answer is YES",1280739,27408,757,10548,2034
2024-06-27T15:08:57.000Z,nicksortor,True,False," JUST IN: Yet ANOTHER illegal immigrant has been arrested and charged with the r*pe of a 15 year old girl

BIDEN IS RESPONSIBLE.

President Trump needs to hit him HARD on this tonight. The American people need to know.",621712,18652,622,7991,302
2024-08-27T06:31:55.000Z,benonwine,True,False,"I want to get a sense of what my followers think on 𝕏 

Do you think we should mass deport every illegal immigrant from Britain and close the border?",156791,7145,2403,675,8
2024-08-15T21:42:47.000Z,TheRightMelissa,True,False,"Wow! Black Business woman has a message for Kamala Harris. 

She sobs after having to sell her food truck which was bought by an illegal immigrant who got free money from the Harris/Biden Administration.",222253,4163,411,1971,359
2024-11-06T22:15:30.000Z,PrinceJamesFan,True,False,Me showing the cop the Illegal immigrant in my class on January 20th.,4469650,70925,321,4046,5463
2018-04-25T13:33:58.000Z,Maria_Hinojosa,False,False,"Come on 
@nytimes
 There is no such thing as an “illegal” immigrant or “illegal” human being. A person, an immigrant, may have gotten to or stayed in a country illegally but the person is not “illegal”.",0,436,12,171,0
2024-11-06T19:28:33.000Z,NJAIJ,False,False,"LIVE: “When it comes to immigration, we are going to let people know exactly where we stand. Governors are more important than ever before,” 
@GovMurphy
, pledging to keep immigrants’ trust in the aftermath of the election.

NJ is stronger because we are a state of immigrants ",0,24,2,8,6139
2024-11-04T02:21:26.000Z,CollinRugg,True,False,"JUST IN: Puerto Rican fitness influencer kidnapped and m*rdered by alleged illegal immigrant in Georgia.

24-year-old Mexican illegal alien Angel DeJesus Rivera-Sanchez is accused of m*rdering Puerto Rican native Minelys “Mimi” Rodriguez-Ramirez, 25.

Rodriguez-Ramirez was last",1405677,21690,880,10379,1529
2024-11-04T23:14:27.000Z,SarahisCensored,True,False,"BREAKING EXCLUSIVE - On November 2nd, 2024, an illegal immigrant was arrested for alleged kidnap and r@pe in Sandpoint, Idaho. 

This information has been kept QUIET and has not been provided to any media by authorities.

REPORT (as seen below) - “On November 2nd, 2024, at",31930,713,23,383,38
2024-03-08T03:38:09.000Z,_MLFootball,True,False,President Joe Biden at the State of the Union said USC head coach Lincoln Riley was killed by an illegal immigrant,1937759,7590,304,906,731
2024-11-06T15:19:05.000Z,JasGarsd,False,False,"Last night an immigrant voter told me it was hard to distinguish between democrats and republicans on immigration. As 
@SergioMarBel
 & I have been reporting, Dems ran a campaign that veered to the right on immigration, at times indistinguishable from some of Trump’s 1st presidency",16263,220,8,71,16
2024-11-07T15:41:00.000Z,NILC,False,False,"Hurricane Helene deeply affected many communities, including immigrant farm workers who lost their jobs and homes in the disaster.

Learn how you can support farm workers impacted by Hurricane Helene:",0,1,3,6,877
2024-09-12T21:37:00.000Z,TheRealKeean,True,False,Alberta should commit to putting every illegal immigrant that Trudeau sends over here on a bus bound for Ottawa.,67150,3789,304,653,10
2024-06-26T14:46:08.000Z,Mick_O_Keeffe,True,False,"Foreign men are building an enormous immigrant village in rural Ireland, protected by an English man and his security firm and there's only a handful of local men opposing it. 

Ireland won't die because we lost the fight, Ireland will die because too many refused to fight.",80456,4993,388,1728,86
2024-03-06T13:24:24.000Z,BPUnion,True,False,"Arresting illegal aliens who crash the border...illegally...is deemed ""anti-immigrant"" by Arizona Gov Katie ""Veto"" Hobbs.

Let that sink in for a moment.",81763,4727,420,1971,70
2024-03-17T13:27:13.000Z,RadioGenoa,True,False,Illegal African immigrant in Florence beats and robs a boy and no one intervenes. Intolerable.,372776,9036,731,3857,420
2024-08-16T14:03:05.000Z,brixwe,True,False,"Head of Homeland Security Mayorkas is looking to ban the term ""illegal immigrant.""

What can we call them if not illegal immigrant?",513233,10401,21315,4789,272
2024-11-08T00:11:31.000Z,TheJFreakinC,True,False,"As a woman, I’ve never been worried about being raped, or SAed, by an illegal immigrant… But, I have been worried about being raped, and SAed, by white men, who are American citizens.",452538,15673,377,2173,216
2024-06-27T04:09:21.000Z,ImMeme0,True,False,"BREAKING: Illegal immigrant who shot 2 NYPD officers at 'point-blank range' indicted on 20 charges claims a notorious Venezuelan gang has been smuggling guns into city-run shelters.

Bernardo Raul Castro Mata (19) will be placed in protective custody following his explosive",912978,9485,414,5197,536
2024-11-08T22:41:50.000Z,tiffanyandsadie,True,False,Every Democrat should be assigned an illegal immigrant to feed and manage until deportation.,0,165,21,14,3609
2024-11-03T22:12:05.000Z,KeepDallasSafe,True,False," Hector Vargas, an illegal immigrant, is charged in the July 13 shooting that killed 36-year-old Noe Martinez Perez in Pleasant Grove. 

Another tragic reminder of what happens when our borders aren’t secure. Time to put Dallas's safety first!",10103,252,9,85,2
2024-11-04T10:38:15.000Z,Steve92592444,True,False," Illegal Immigrants Total 
Week 28th Oct - 3rd Nov
1,227 Illegal Immigrants were unloaded at Dover from 28 Rubber Boats
Every Week this horde of Illegal Immigrants will ADD £1,717,800 to the Immigrant Bill 
Labour Taxing Farmers to Keep Illegal Immigrants alive in hotels",1889,208,6,141,2
