timestamp,username,icon-verified,fact-checked,text,views,likes,replies,reposts,bookmarks
2024-09-09T17:08:51.000Z,CubanOnlyTrump,True,False,"JUST ANNOUNCED :Kamala Harris ""We extended Temporary Protected Status to over 100,000 Haitian Migrants. They need support.""

Aiden Clarke an 11-year-old was kiIIed on his way to school in Springfield, Ohio.  

His kiIIer was a Haitian illegal immigrant that Kamala FLEW in.

Never",1359476,21982,2075,16368,1301
2024-07-24T18:43:45.000Z,RNCResearch,True,False,"KAMALA HARRIS: ""An undocumented immigrant is NOT a criminal!""

(This is the individual in charge of our southern border)",102030,3238,423,1718,184
2024-07-25T20:56:44.000Z,charliekirk11,True,False,"12 years before Joe Biden made her the Border Czar, San Francisco DA Kamala Harris let illegal immigrant drug offender clear their records in order to protect them from deportation.

Let's repeat that: Kamala Harris made a special effort to make sure that illegal immigrants who",656980,29129,726,19599,2269
2024-09-07T16:16:46.000Z,MattWallace888,True,False,BREAKING: Illegal Immigrant Caught Planning “The Largest Terror Attack on U.S. Soil Since 9/11” ,5727601,57184,2811,21695,9253
2024-05-29T12:36:30.000Z,TRobinsonNewEra,True,False,"The Prime Minister of Hungary, 
@PM_ViktorOrban
 exposes the document proving George Soros is largely behind the global illegal immigrant invasion.",283746,7521,269,4241,886
2024-04-16T16:33:34.000Z,sav_says_,True,False,"Welcome to the United States where our city parks are being overrun by illegal immigrant men. 

The city of NY is set to spend $12 billion through 2025 to take care of these men | 
@FrontlinesTPUSA",250393,7478,370,2488,285
2024-06-27T05:54:07.000Z,Artemisfornow,True,True,"UK - A Court has ordered a Somalian illegal immigrant must be given a council house and benefits because she has children. 

Even though she arrived from Denmark, where her husband now has citizenship.",350702,2388,431,1255,179
2024-03-09T23:34:30.000Z,kleavittnh,True,False,"President Trump on Laken Riley’s Killer: 

“I say he is an illegal alien, he is an illegal immigrant, he is an illegal migrant, and he should have never been in our country, and he wouldn’t have been under the Trump policies.”",108678,5889,285,1784,48
2024-07-08T12:54:34.000Z,WallStreetApes,True,False,"WOW  The 2024 Election Is Going To Be SO RIGGED

American Business Owner has illegal migrant come to him for a job, he says the “Illegal Immigrant has Social Security Card and Drivers License with Work ID in 4 months” of entering America

“So yesterday, I ran into somebody that",3409934,42258,2797,23390,4917
2024-11-06T22:15:30.000Z,PrinceJamesFan,True,False,Me showing the cop the Illegal immigrant in my class on January 20th.,4472631,70903,322,4046,5461
2024-11-11T17:01:32.000Z,nasiphim,True,False,"Illicit cigarettes: CONFISCATED!
Liquor from illegal shops: CONFISCATED!
Illegal immigrant owners: UNDER ARREST!
We are coming for them, one by one. Spazas are for locals. 
@CityTshwane
 @TMPDSafety",120965,2107,249,638,31
2024-11-10T11:44:14.000Z,CarmineSabia,True,False,If I were an illegal immigrant and I knew President-elect Donald Trump gets inaugurated on January 20 I would not be advertising my immigration status.,0,138,15,33,3080
2024-11-04T13:11:21.000Z,TheAmericanGrl,True,False,White liberals freak out when they get a fake postcard saying they agreed to house an illegal immigrant. ,3103,84,7,12,3
2024-11-04T21:14:12.000Z,DefiantLs,True,False,Patty Morin whose daughter Rachel Morin was brutally murdered by an illegal immigrant who was in the US thanks to Kamala’s open border takes the stage at Trump rally,58561,1180,27,197,16
2024-11-09T13:45:02.000Z,NEWSMAX,True,False,"A judge in Texas on Thursday ruled against President Joe Biden's program offering a path to citizenship for certain immigrant spouses of U.S. citizens, a blow that could keep the program blocked through Biden's final months in office. MORE: https://bit.ly/40Cgl3M",49559,1011,62,126,13
2024-03-10T16:06:56.000Z,SpeakerJohnson,True,False,"The president is cowering to his base and showing deference to a man who deserves none. 

This man is an illegal immigrant who brutally murdered Laken Riley.  

President Biden should be apologizing to Laken’s family. 

What an embarrassment.",16451641,35786,9498,8768,645
2024-09-08T14:55:46.000Z,amyforsandiego,True,False,"BREAKING: An illegal immigrant with a fake Green Card entered a San Diego military home and assaulted a 5-year-old girl. Thanks to Army veteran 
@thecorygoat
 and brave DHS whistleblowers, we now see how California’s sanctuary laws protect criminals while gaslighting Americans",974157,25503,443,14145,1170
2024-03-16T22:24:09.000Z,Liz_Wheeler,True,False,"TikTok just gave me a strike warning & removed this video. For being “hateful.”

Do you think it’s because I said “illegal immigrant” or “trans’ing kids”?",294222,13085,816,4597,261
2024-08-16T14:03:05.000Z,brixwe,True,False,"Head of Homeland Security Mayorkas is looking to ban the term ""illegal immigrant.""

What can we call them if not illegal immigrant?",513237,10401,21314,4790,272
2024-11-06T05:18:51.000Z,ian_mckelvey,True,False,"Look, it doesn’t matter that Biden dropped out. It doesn’t even matter if Kamala loses. The Democrats won. They successfully implemented their agenda of importing millions of new (illegal immigrant) voters. That was always their goal. Radical leftists play the long game. If Trump",1185,23,2,4,1
