timestamp,username,icon-verified,fact-checked,text,views,likes,replies,reposts,bookmarks
2024-03-08T03:38:09.000Z,_MLFootball,True,False,President Joe Biden at the State of the Union said USC head coach Lincoln Riley was killed by an illegal immigrant,1937745,7592,304,907,731
2024-01-22T19:43:43.000Z,CitizenFreePres,True,False,"Doocy is fed up:

""They released an illegal immigrant from Honduras who is charged with sexually assaulting a Virginia minor and production of sexual abuse material .... You guys have no idea what kind of people are coming into this country.""",259284,5460,375,1550,151
2024-03-09T23:34:30.000Z,kleavittnh,True,False,"President Trump on Laken Riley’s Killer: 

“I say he is an illegal alien, he is an illegal immigrant, he is an illegal migrant, and he should have never been in our country, and he wouldn’t have been under the Trump policies.”",108676,5894,285,1787,48
2024-10-29T15:51:32.000Z,CollinRugg,True,False,"JUST IN: Trump announces plan to seize all assets from illegal immigrant gangs let into the country under Kamala Harris, will use them to pay victims of migrant crime.

""I'm announcing that for the first time under my administration, we will be seizing the assets of the criminal",361992,10426,244,1796,296
2024-11-06T12:35:34.000Z,Nibiru1000,True,False,"Who's ready for mass illegal immigrant deportations, protecting Black Jobs, and no taxes on overtime? Let's get this Money!! ",335375,9012,487,1724,1090
2024-09-14T21:23:51.000Z,CalltoActivism,True,False,"Happening right now: Proud Boys are marching in Springfield, Ohio. 

Let me ask you. Who would you rather have as a neighbor? 

A Haitian immigrant? Or a white supremacist?",635752,13119,3558,4754,259
2024-11-06T15:19:05.000Z,JasGarsd,False,False,"Last night an immigrant voter told me it was hard to distinguish between democrats and republicans on immigration. As 
@SergioMarBel
 & I have been reporting, Dems ran a campaign that veered to the right on immigration, at times indistinguishable from some of Trump’s 1st presidency",16222,220,7,71,16
2024-11-06T05:49:26.000Z,MGF91,False,False,My feelings as a Mexican immigrant right now,44497,458,25,19,22
2024-07-08T21:13:39.000Z,TheRabbitHole84,True,False,"Which households are on Welfare in the United States? Here is one estimate:

- 39% of native born
- 52% of legal immigrant
- 59% of illegal immigrant",451094,4613,288,2045,792
2024-11-10T20:27:32.000Z,BEVHOWARD40,False,False,"An ""illegal"" immigrant",0,16,3,3,217
2024-11-06T20:23:00.000Z,ImmigrantCrimes,True,False,"I suppose I should thank 
@elonmusk
 for giving me a platform where I could do this without being ghosted or outright banned.",0,64,3,9,1057
2024-08-22T21:30:02.000Z,TheBabylonBee,True,False,Oprah Surprises DNC Attendees With Free Gift Under Each Seat: Their Own Illegal Immigrant https://buff.ly/4dyJGQu,1095014,39346,621,7912,402
2024-08-27T06:31:55.000Z,benonwine,True,False,"I want to get a sense of what my followers think on 𝕏 

Do you think we should mass deport every illegal immigrant from Britain and close the border?",156787,7149,2403,675,8
2024-04-03T20:13:55.000Z,rawsalerts,True,False,"#BREAKING: A Texas National Guard Soldier has been Arrested During a police Pursuit for Attempting to Smuggle Illegal Immigrant in Government Vehicle

#KinneyCounty | #Texas 

Watch as the Kinney County sheriff initiates a police pursuit following the apprehension of a Texas",2447167,9389,600,2995,866
2024-05-25T23:51:08.000Z,PamelaHensley22,True,False,"BREAKING:  Alabama Senator Katie Britt just said, ""I want every single illegal immigrant sent back to their home country."" 

What's your reaction?",465558,21567,2909,2546,52
2024-06-06T08:39:17.000Z,peterstopcrime,True,False,"Another immigrant Rapist shopkeeper

He beat the shit out of her for 4 hours, snapped a broom over her, left 37 separate injuries, threatened her with a Knife and raped her, 

His barrister said 

It is quite remarkable that someone like this defendant has committed the offences",342305,8927,657,2861,154
2024-06-26T14:46:08.000Z,Mick_O_Keeffe,True,False,"Foreign men are building an enormous immigrant village in rural Ireland, protected by an English man and his security firm and there's only a handful of local men opposing it. 

Ireland won't die because we lost the fight, Ireland will die because too many refused to fight.",80449,4992,388,1729,86
2024-04-17T15:15:57.000Z,sav_says_,True,False,"“They give me ticket for free to Chicago”

An illegal immigrant from Russia, who has been living in NYC for the past year, received a free plane ticket to Chicago sharing that he wants to “see a new city” and “feel a new vibe”

He then expressed plans to visit LA with another",3336614,9475,754,4056,1063
2024-09-12T21:37:00.000Z,TheRealKeean,True,False,Alberta should commit to putting every illegal immigrant that Trudeau sends over here on a bus bound for Ottawa.,67146,3791,304,652,10
2024-08-12T19:42:06.000Z,Mick_O_Keeffe,True,False,"This is insane!!

An Irish woman walking around a proposed immigrant plantation site is confronted by foreign men in balaclavas and told to leave.

If you can watch this video and it doesn’t ring alarm bells then I don’t know what to say.",1271204,26069,1808,10596,2155
2024-11-06T17:11:42.000Z,yo_herran,False,False,"To folks lashing out at Trump-voting Latinos with ""you will get deported"": check yourselves. Latino is an ethnic marker not a citizenship status (or lack thereof) and it doesn't make one a deportable immigrant. You sound like the very man you despise.",1265,26,4,6,1
2024-03-16T22:24:09.000Z,Liz_Wheeler,True,False,"TikTok just gave me a strike warning & removed this video. For being “hateful.”

Do you think it’s because I said “illegal immigrant” or “trans’ing kids”?",294208,13092,817,4602,263
2024-07-24T11:25:11.000Z,benonwine,True,False,"Honest Question…..

Should every illegal immigrant be deported?

YES or NO?",343122,13717,5933,1109,27
2024-02-22T16:12:55.000Z,TulsiGabbardrep,True,False,"Do you support President Donald Trump sending every single illegal immigrant that Biden let in America back to their home countries ?

YES or NO ?",142775,13177,4108,1517,23
2024-02-28T02:21:32.000Z,nicksortor,True,False," #BREAKING: An illegal immigrant from El Salvador has been arrested for the M*RDER of a 2 year old child.

This comes AFTER Noel Trejo-Granados was arrested MULTIPLE times on various charges and released from custody in NJ despite a deportation order for him.

THEY ARE",1727958,24586,1808,12017,1050
2024-11-05T16:58:49.000Z,UWDAction,False,False,"Project 2025 is a clear plan to weaponize the federal government in order to destroy our immigrant communities, and we won’t accept it. All people, regardless of immigration status, should have the right to move and live freely.",3303,46,2,26,7
2024-08-04T02:01:40.000Z,RNCResearch,True,False,"“An undocumented immigrant is not a criminal.”

— Border Czar Kamala Harris",580996,3874,776,2099,248
