timestamp,username,icon-verified,fact-checked,text,views,likes,replies,reposts,bookmarks
2024-03-08T03:38:09.000Z,_MLFootball,True,False,President Joe Biden at the State of the Union said USC head coach Lincoln Riley was killed by an illegal immigrant,1937746,7592,304,907,731
2024-11-03T20:10:29.000Z,NJAIJ,False,False,"In the final days of election season, we are at the 
@NDLON
 Popular Assembly to prepare for 2025 immigration scenario planning.

We start by giving our flowers to our ancestors and movement elders who have paved the way on our fight for justice ",0,10,1,8,517
2024-10-06T18:18:56.000Z,RpsAgainstTrump,True,False,"Was Elon Musk an Illegal Immigrant? According to his brother Kimbal Musk, the answer is YES",1280609,27518,756,10548,2039
2024-11-10T20:27:32.000Z,BEVHOWARD40,False,False,"An ""illegal"" immigrant",0,16,3,3,223
2024-08-22T21:30:02.000Z,TheBabylonBee,True,False,Oprah Surprises DNC Attendees With Free Gift Under Each Seat: Their Own Illegal Immigrant https://buff.ly/4dyJGQu,1095014,39345,621,7912,402
2024-10-29T15:51:32.000Z,CollinRugg,True,False,"JUST IN: Trump announces plan to seize all assets from illegal immigrant gangs let into the country under Kamala Harris, will use them to pay victims of migrant crime.

""I'm announcing that for the first time under my administration, we will be seizing the assets of the criminal",361995,10426,244,1796,296
2024-06-06T08:39:17.000Z,peterstopcrime,True,False,"Another immigrant Rapist shopkeeper

He beat the shit out of her for 4 hours, snapped a broom over her, left 37 separate injuries, threatened her with a Knife and raped her, 

His barrister said 

It is quite remarkable that someone like this defendant has committed the offences",342306,8928,657,2861,154
2024-04-17T15:15:57.000Z,sav_says_,True,False,"“They give me ticket for free to Chicago”

An illegal immigrant from Russia, who has been living in NYC for the past year, received a free plane ticket to Chicago sharing that he wants to “see a new city” and “feel a new vibe”

He then expressed plans to visit LA with another",3336616,9475,754,4056,1063
2024-11-06T01:02:26.000Z,ViceAndVirtues_,False,False,"I think it’s sad if your parents are immigrants and/or especially if you yourself are an immigrant, that you voted for someone that’s pushing to end birth right citizenship and wanting a massive deportation. This country was built on immigrants",30448,845,5,311,28
2024-08-27T06:31:55.000Z,benonwine,True,False,"I want to get a sense of what my followers think on 𝕏 

Do you think we should mass deport every illegal immigrant from Britain and close the border?",156789,7149,2403,675,8
2024-08-04T02:01:40.000Z,RNCResearch,True,False,"“An undocumented immigrant is not a criminal.”

— Border Czar Kamala Harris",580996,3874,776,2099,248
2024-11-06T17:11:42.000Z,yo_herran,False,False,"To folks lashing out at Trump-voting Latinos with ""you will get deported"": check yourselves. Latino is an ethnic marker not a citizenship status (or lack thereof) and it doesn't make one a deportable immigrant. You sound like the very man you despise.",1267,26,4,6,1
2024-08-08T10:05:01.000Z,archer_rs,False,False,"Sir Mo Farrah CBE. Multiple gold medal winning athlete.  Trafficked to the UK as a child.  Would today be classed as an ""illegal immigrant""",1168760,12240,2932,1702,147
2024-11-08T01:59:57.000Z,MTGrepp,True,False,"EVERY SINGLE ILLEGAL IMMIGRANT NEEDS TO BE DEPORTED. I DON’T CARE WHO THEY ARE

WHO’S WITH ME ?",121552,12374,1273,1816,48
2024-09-30T18:23:28.000Z,benonwine,True,False,"Should the Royal Navy be ordered to turn the illegal immigrant boats around and stop the illegal invasion of Britain?

YES or NO",531689,27659,8067,2718,84
2018-04-25T13:33:58.000Z,Maria_Hinojosa,False,False,"Come on 
@nytimes
 There is no such thing as an “illegal” immigrant or “illegal” human being. A person, an immigrant, may have gotten to or stayed in a country illegally but the person is not “illegal”.",0,439,12,171,0
2024-11-04T21:10:07.000Z,CALimmigrant,False,False,"Rent Control is on the ballot! Prop 33 lets cities and counties apply rent control to ALL types of housing, including single-family homes, condos, and newer apartments, preventing the state from limiting local rent control decisions. #VoteYES #Prop33 #CA2024",3081,8,1,2,2
2024-11-05T23:41:47.000Z,ordinarygirl1,False,False,"Potential voter fraud scheme under investigation in Denver.

Just a reminder: Denver has a massive illegal immigrant population that could be trying to influence our elections.",8603,154,11,142,8
2024-11-06T07:07:03.000Z,Baelizean,False,False,"Yall keep bringing up illegal immigration and I’m gonna keep telling yall until it clicks: 

It’s not a real issue because this country runs on immigrant labor.",8141,302,3,93,11
2024-11-08T23:10:31.000Z,Snowflake_News,True,False,"California Attorney General Andrew Bailey says he won’t let Donald Trump touch his immigrant communities.

Translation: Don’t you dare touch their illegal immigrant voters rigging every election they have",607,16,2,7,1
2024-11-09T21:42:01.000Z,MTGrepp,True,False,"MASS DEPORT EVERY ILLEGAL IMMIGRANT

MASS DEPORT EVERY ILLEGAL IMMIGRANT

MASS DEPORT EVERY ILLEGAL IMMIGRANT

MASS DEPORT EVERY ILLEGAL IMMIGRANT

MASS DEPORT EVERY ILLEGAL IMMIGRANT",22204,1318,127,261,6
2024-11-04T21:19:15.000Z,MigrationPolicy,True,False,"NEW: We offer 1st-ever projections of the US working-age population by immigrant generation through 2040 based on varying future immigration level scenarios

TL;DR: Policy will play a key role in shaping the US demographic landscape & future workforce

http://migrationpolicy.org/news/immigrant-origin-population-2040…",0,1,7,10,1653
