timestamp,username,icon-verified,fact-checked,text,views,likes,replies,reposts,bookmarks
2024-07-20T10:01:15.000Z,TulsiGabbard,True,False,"The Democrat elite paints anyone who wants to stop illegal immigration and secure our borders as racist and “anti-immigrant.” They are either very very stupid and don’t understand the difference between legal and illegal immigration, or they’re  trying to foment division and",1174167,53769,1812,11321,838
2024-03-16T22:24:09.000Z,Liz_Wheeler,True,False,"TikTok just gave me a strike warning & removed this video. For being “hateful.”

Do you think it’s because I said “illegal immigrant” or “trans’ing kids”?",294246,13078,815,4594,259
2024-02-27T01:51:29.000Z,RNCResearch,True,False,Democrat Rep. Katie Porter on the murder of 22-year-old Laken Riley by an illegal immigrant: “The important thing to focus on is any one instance shouldn’t shape our overall immigration policy”,1851269,2606,2434,1614,189
2024-09-17T07:34:33.000Z,wayotworld,False,False,The Hebrew Immigrant Aid Society (HIAS) is facilitating the 'migrant' invasion on the US southern border.,99741,4871,382,1260,351
2024-08-20T05:48:42.000Z,RyanShead,True,False,"Dear Elon,

Here is the video you say doesn’t exist of Donald Trump saying there were very fine people on both sides after Charlottesville.

You keep saying X is this arbiter of truth, yet you spread lies to help Trump and conservatives.

You’re a former illegal immigrant who’s",5772556,37252,3277,12455,2282
2024-06-25T13:22:00.000Z,carolvorders,True,False,"Tommy Robinson arrested as an illegal immigrant in Canada 

It’s Rwanda for you my boy 

This really is an election run up that just keeps on giving isn’t it ?",4808324,34412,4336,5762,763
2023-12-07T10:44:11.000Z,MartinDaubney,True,False,"ASYLUM RAPE CASE THAT SHAMES BRITAIN Illegal immigrant, Saad Gomaa, 34, ""raped woman just 40 days after arriving in the UK""

Gomaa, an Egyptian, had been staying at a Skegness asylum hotel - at full taxpayer's expense

Police initially took the highly unusual decision to not",412380,3141,408,1655,54
2024-06-07T12:28:56.000Z,KeithWoodsYT,True,False," Foreigners are being bussed to election centers to vote in today's elections

Reminder that the government gave EVERY illegal immigrant and refugee the right to vote today",397352,5003,345,1239,387
2023-10-01T11:30:37.000Z,NHPUKOfficial,False,False,"Immigrant family lands in UK & are found a Council flat in just 2 weeks.

Millions of Brits have been waiting for years on social housing waiting lists. 

NHPUK campaign to stop permanent settlement immigration & to completely stop accepting refugees for citizenship. 

#JoinNHPUK",727726,5472,852,3403,263
2024-08-10T15:56:15.000Z,Shunyaa00,True,False," UK : Mohammed Sina, 30, illegal immigrant from Iran, attempted to rape 12-year-old British girls. Caught and arrested. Mohammed was previously in jail for assault and robbery.",365757,7908,787,4241,443
2024-06-28T18:05:00.000Z,DailyLoud,True,False,Illegal immigrant fatally shoots and kills 2 workers at Texas Chick-fil-A.,5851457,46923,1539,3458,2729
2024-08-08T18:51:23.000Z,RyanShead,True,False,The only illegal immigrant influencing elections in the United States is Elon Musk.,534814,33833,698,10811,342
2018-04-25T13:33:58.000Z,Maria_Hinojosa,False,False,"Come on 
@nytimes
 There is no such thing as an “illegal” immigrant or “illegal” human being. A person, an immigrant, may have gotten to or stayed in a country illegally but the person is not “illegal”.",0,420,12,171,0
2024-04-17T20:01:58.000Z,ImMeme0,True,False,"NEW: African Community organizer says that NYC is “anti-African xenophobic.”  Also, she complains about the quality of FREE services illegal Africans receive. 

As an immigrant who has been living in NYC for almost 30 years I’m appalled that people who just got here have the",117956,2666,344,953,81
2024-06-28T11:56:57.000Z,burtonlisa,False,False,"Well, well. Tommy Robinson has only gone and posted his immigration arrest documents from Canada which show he is, in fact, an Irish citizen. So, he's an immigrant who identifies as English?",2292363,19051,1253,3491,729
2024-08-04T12:31:30.000Z,Megatron_ron,True,False," The man responsible for the civil unrest at UK is Zionist Tommy Robinson, who is a Mossad agent.  

Even though the killing of the children was carried out by a person who is not a Muslim, nor an illegal immigrant but a native of the UK of Rwandan origin.  

Tommy Robinson,",661794,15357,690,7665,1345
2024-03-10T00:06:52.000Z,GOP,True,False,Biden is apologizing to an illegal immigrant arrested for murder. President Trump will stop criminals from entering the country.,277560,3772,559,1184,84
2024-03-17T02:37:04.000Z,Jessica_4_Trump,False,False,"Happening Now:  Illegal Immigrant Virgilio Aguilar Mendez has been released from ICE custody after manslaughter charges were dropped against him.  He’s now suing the Florida Sheriffs office for violating his rights.  

Last year a Sheriff’s Deputy attempted to stop Mendez, but he",1449934,19495,4098,7478,710
2024-01-31T19:46:43.000Z,WeThePeople021,True,False,"If an illegal immigrant is arrested for any crime,  should they automatically be deported from our country?",352530,19501,6323,2762,23
2024-04-29T14:21:39.000Z,EvaVlaar,True,False,"''When another white boy dies at the hands of an immigrant...''

Well, another one just did. A French boy named Mathis. 15 years old. Stabbed in the heart four times by an Afghan migrant who tried to steal his phone.

I have nothing left to say.",1290190,33239,678,12413,1269
2024-07-28T11:28:59.000Z,TRUMP_ARMY_,True,False,"Do you support Donald Trump using the miIitary to help Mass Deport every illegal immigrant ?

A. YES 
B. NO",488067,30094,11852,3905,115
2024-10-15T02:28:11.000Z,DefiyantlyFree,True,False,Listen to a legal immigrant tell you that you cannot vote for Harris because of what she has done with the border.,182521,23103,575,9467,2140
