timestamp,username,icon-verified,fact-checked,text,views,likes,replies,reposts,bookmarks
2024-09-09T17:08:51.000Z,CubanOnlyTrump,True,False,"JUST ANNOUNCED :Kamala Harris ""We extended Temporary Protected Status to over 100,000 Haitian Migrants. They need support.""

Aiden Clarke an 11-year-old was kiIIed on his way to school in Springfield, Ohio.  

His kiIIer was a Haitian illegal immigrant that Kamala FLEW in.

Never",1360610,21960,2067,16348,1294
2024-05-23T13:53:58.000Z,kunley_drukpa,True,False,Illegal Immigrant from Turkey is shocked by lack of security on US Border he just illegally crossed,15710743,20985,559,4204,5630
2024-11-20T15:23:21.000Z,Maria_Butina,False,False,"Today in Nizhny Novgorod, I met dozens of immigrant families who shared their challenges with the immigration process. We're listening and learning. As a State Duma deputy, I am committed to addressing these issues and improving Russia’s immigration system nationwide.",4444,143,14,23,7
2024-11-21T19:41:43.000Z,BiggestGames_,False,False,"The beginning of THE INITIATION is suppose to make you feel like an immigrant who just landed in foreign land. 

#gamedev #indiedev #ps1 #retro",724,29,1,6,4
2024-11-06T12:35:34.000Z,Nibiru1000,True,False,"Who's ready for mass illegal immigrant deportations, protecting Black Jobs, and no taxes on overtime? Let's get this Money!! ",353530,9052,497,1736,1096
2024-11-14T12:00:30.000Z,thenyic,False,False,Mayor Adams MUST fight Trump's mass deportation agenda & protect immigrant NYers—not thinking about how the city will be colluding with ICE & create terror.,2999,14,4,4,1
2018-04-25T13:33:58.000Z,Maria_Hinojosa,False,False,"Come on 
@nytimes
 There is no such thing as an “illegal” immigrant or “illegal” human being. A person, an immigrant, may have gotten to or stayed in a country illegally but the person is not “illegal”.",0,420,12,171,0
2024-06-09T16:23:58.000Z,dom_lucre,True,True,"BREAKING: Anti-immigrant Malachy Steenson has been elected in Dublin Parliament, his goal is to provide ‘a safe future for his children.’ By addressing the growing problem of immigration in the EU, in short to prevent ‘The Great Replacement.’",504679,7851,218,1441,145
2024-11-20T19:24:32.000Z,johnfgately,True,False,The type of sanctuary polices endorsed by Governor Healey and Mayor Wu invite crimes like the murder of Laken Riley to happen here in MA.  The rate of illegal immigrant crime should be 0%. #mapoli #bospoli #Natick,5389,280,4,81,2
2024-07-20T10:01:15.000Z,TulsiGabbard,True,False,"The Democrat elite paints anyone who wants to stop illegal immigration and secure our borders as racist and “anti-immigrant.” They are either very very stupid and don’t understand the difference between legal and illegal immigration, or they’re  trying to foment division and",1174402,53772,1813,11320,838
2024-06-23T20:37:15.000Z,4Mischief,True,False,Should Joe Biden be held accountable for these illegal immigrant crimes?,204304,13021,1760,2817,69
2024-11-22T14:04:29.000Z,Patrickdery,True,False,"Démontrer que l’immigration — et donc l’immigrant — est une menace pour le Québec est la méthode que la CAQ a employée pour se faire élire, puis se maintenir au pouvoir.

Mon texte, dans 
@LeDevoir
 ",3192,71,29,24,3
2024-11-20T16:25:40.000Z,ImmigrantCrimes,True,False," Fairfax County, VA: On Monday, Denis Humberto Navarette Romero was arrested for Abduction with Intent to Defile and Rape.

The Herndon PD Chief stated that he is a Honduran National and 
@fox5dc
 states that, ""[a]uthorities revealed that he is in the country illegally"".",272497,2332,178,1594,114
2024-11-18T08:00:36.000Z,OECD,True,False,"Immigrants account for a growing share of entrepreneurs, rising from 11% in 2006 to 17% in 2022.

Supporting immigrant entrepreneurship, policy makers can help get the most out of international migration for host-country populations and migrants alike: http://oe.cd/IMO-2024",7126,28,2,11,6
2024-02-25T23:34:29.000Z,tariqnasheed,True,False,"A white hispanic illegal immigrant named Jose Antonio Ibarra  was arrested for the murder of white woman Laken Riley.......

but white supremacists on twitter are using this case to bring up George Floyd and Black people.. What is the correlation?",440909,4241,1009,1060,324
2024-09-14T15:19:27.000Z,WallStreetApes,True,False,"This American Works In A Medical Clinic In Arkansas, Illegal Migrants Put On Tax Payer Funded Health Insurance After ONLY 5 DAYS IN AMERICA

“So Arkansas is having a really big immigrant issue. I work at a women's clinic, and we had a patient come in who'd been in the country for",836038,22748,1060,13706,2471
2024-09-17T07:34:33.000Z,wayotworld,False,False,The Hebrew Immigrant Aid Society (HIAS) is facilitating the 'migrant' invasion on the US southern border.,100404,4876,383,1263,351
2024-11-20T16:51:33.000Z,TonyLaneNV,True,False," BREAKING: ILLEGAL IMMIGRANT CONVICTED OF MURDERING LAKEN RILEY IN GEORGIA  

Jose Antonio Ibarra, a 26-year-old Venezuelan who entered the U.S. illegally, has been found guilty of the February 2024 murder of 22-year-old Laken Hope Riley, a nursing student at Augusta",0,7,1,1,673
2024-07-08T12:54:34.000Z,WallStreetApes,True,False,"WOW  The 2024 Election Is Going To Be SO RIGGED

American Business Owner has illegal migrant come to him for a job, he says the “Illegal Immigrant has Social Security Card and Drivers License with Work ID in 4 months” of entering America

“So yesterday, I ran into somebody that",3410194,42227,2792,23363,4903
2024-08-15T21:42:47.000Z,TheRightMelissa,True,False,"Wow! Black Business woman has a message for Kamala Harris. 

She sobs after having to sell her food truck which was bought by an illegal immigrant who got free money from the Harris/Biden Administration.",222395,4164,410,1975,358
2024-09-12T06:06:09.000Z,DefiyantlyFree,True,False,"Daughter of Haitian immigrant confirms ABC is lying about Springfield, Ohio.

The Harris campaign is the titanic and the iceberg is approaching.",592858,17905,556,8100,2139
2024-11-20T17:22:46.000Z,_NavyBrat,True,False,"Praying #LakenRiley's
soul is now at Peace 
RIPBeautiful Angel
Prayers for her Family who can now start their healing journey knowing justice was served  


Venezuelan Tren de Aragua (TDA) gang member and illegal immigrant Jose Ibarra, who brutally murdered Laken",4796,46,7,22,6
2024-06-25T13:32:11.000Z,supertanskiii,True,False,"Didn’t have ‘Tiny Tommy Robinson being arrested as an illegal immigrant’ on my satire is dead bingo card but you know, nothing is normal anymore.",247197,5495,250,728,39
