timestamp,username,icon-verified,fact-checked,text,views,likes,replies,reposts,bookmarks
2024-06-07T12:28:56.000Z,KeithWoodsYT,True,False," Foreigners are being bussed to election centers to vote in today's elections

Reminder that the government gave EVERY illegal immigrant and refugee the right to vote today",397357,5002,345,1238,387
2024-09-08T14:55:46.000Z,amyforsandiego,True,False,"BREAKING: An illegal immigrant with a fake Green Card entered a San Diego military home and assaulted a 5-year-old girl. Thanks to Army veteran 
@thecorygoat
 and brave DHS whistleblowers, we now see how California’s sanctuary laws protect criminals while gaslighting Americans",976270,25484,444,14128,1171
2024-06-09T16:23:58.000Z,dom_lucre,True,True,"BREAKING: Anti-immigrant Malachy Steenson has been elected in Dublin Parliament, his goal is to provide ‘a safe future for his children.’ By addressing the growing problem of immigration in the EU, in short to prevent ‘The Great Replacement.’",504662,7857,218,1442,145
2024-03-16T22:24:09.000Z,Liz_Wheeler,True,False,"TikTok just gave me a strike warning & removed this video. For being “hateful.”

Do you think it’s because I said “illegal immigrant” or “trans’ing kids”?",294247,13082,815,4593,259
2024-11-20T18:45:47.000Z,FoxNews,True,False,"Laken Riley's mother, Allyson Phillips, calls the convicted illegal immigrant killer a ""twisted, evil coward"" and pleads with the judge to show no pity—just as Jose Ibarra showed none for her ""scared, panicked"" child of God.",179298,1572,121,227,58
2024-11-19T17:30:20.000Z,700club,True,False,Testimony Resumes in Trial of Illegal Immigrant Accused of Killing Georgia Student Laken Riley,0,892,3,4,0
2024-08-31T23:56:07.000Z,ArtMusicPoli,True,False,"All those achievements yet you fail to acknowledge the strain #illegalImmigration places on our country:

1.Economic Impact: Illegal immigration costs U.S. taxpayers over $116 billion annually. This burden falls on hard-working Americans, especially in sectors like agriculture",12122,787,15,57,14
2024-11-14T12:00:30.000Z,thenyic,False,False,Mayor Adams MUST fight Trump's mass deportation agenda & protect immigrant NYers—not thinking about how the city will be colluding with ICE & create terror.,2980,14,4,4,1
2024-02-27T01:51:29.000Z,RNCResearch,True,False,Democrat Rep. Katie Porter on the murder of 22-year-old Laken Riley by an illegal immigrant: “The important thing to focus on is any one instance shouldn’t shape our overall immigration policy”,1851271,2607,2434,1614,189
2024-03-03T10:59:47.000Z,TulsiGabbard,True,False,"A young woman in Georgia was murdered by an illegal immigrant who was set free twice—once when he illegally came into our country, and again when he was arrested shortly thereafter. If he wasn’t here, Ms. Riley wouldn’t have been killed. Kamala Harris and leaders of Dem Elite",377308,10887,472,2489,154
2024-09-17T07:34:33.000Z,wayotworld,False,False,The Hebrew Immigrant Aid Society (HIAS) is facilitating the 'migrant' invasion on the US southern border.,99745,4871,382,1259,351
2024-08-04T02:01:40.000Z,RNCResearch,True,False,"“An undocumented immigrant is not a criminal.”

— Border Czar Kamala Harris",581082,3866,776,2094,248
2024-06-18T02:22:56.000Z,GregAbbott_TX,True,False,"Texas captures the #1 most wanted criminal illegal immigrant.

He's now behind bars in Tarrant Co.

We continue our search for the other most wanted.",114572,9113,355,1693,54
2024-09-26T21:12:57.000Z,ArtCandee,True,False,"Donald Trump is still pushing the anti-Haitian immigrant hate while reading his weird remarks at Trump Tower in New York off of paper instead of his telepropter he says he never uses. 

Also, he's whining about the app that his administration created.

Bro is senile.",114167,2111,320,676,67
2024-11-14T15:52:44.000Z,TimRunsHisMouth,True,False,"Illegal immigrant breaks CNN today...

He says he still supports Trump even if he gets deported.",44429,2594,47,438,89
2024-03-09T23:46:07.000Z,bennyjohnson,True,False,"TRUMP ON THE CRIMINAL ALIEN WHO MURDERED LAKEN RILEY: “I say he is an illegal alien, he is an illegal immigrant, he is an illegal migrant, and he should have never been in our country, and he wouldn’t have been under the Trump policies.”",1799206,59215,987,12044,816
2024-03-08T03:38:09.000Z,_MLFootball,True,False,President Joe Biden at the State of the Union said USC head coach Lincoln Riley was killed by an illegal immigrant,1937880,7584,303,907,730
2024-05-23T13:53:58.000Z,kunley_drukpa,True,False,Illegal Immigrant from Turkey is shocked by lack of security on US Border he just illegally crossed,15710517,20981,559,4205,5627
2024-01-18T00:58:44.000Z,ImMeme0,True,False,"BREAKING: Family of Kayla Marie Hamilton murdered by illegal immigrant and gang member files $100 MILLION lawsuit against Biden administration.

“We bring this landmark lawsuit in honor of Kayla to get answers on how this catastrophic failure occurred and help prevent another",512499,18119,638,6666,357
2024-01-04T04:54:37.000Z,BigBlueWaveUSA,True,False,"In the 2024 election, Republicans will run on the border/immigrant invasion/caravans.
But ask for THEIR solution. This reporter asked Ted Cruz and got no answer / hostility and a “You don’t get to argue with me” response.
The GOP WANTS this - to run on it.",554251,11642,1849,4901,321
