timestamp,username,icon-verified,fact-checked,text,views,likes,replies,reposts,bookmarks
2024-08-08T02:03:58.000Z,w_terrence,True,False," EVERYONE IN AMERICA SHOULD BE MAD!!

This Veteran is getting $23 dollars in food stamps but an illegal immigrant is getting $13,000 dollars

Yes this is real! I know people who receive $50 dollars.

This is happening under Kamala Harris and Joe Biden",313091,17610,1147,9933,590
2024-03-16T22:24:09.000Z,Liz_Wheeler,True,False,"TikTok just gave me a strike warning & removed this video. For being “hateful.”

Do you think it’s because I said “illegal immigrant” or “trans’ing kids”?",294241,13083,816,4592,258
2024-01-10T14:26:13.000Z,TulsiGabbardrep,True,False,"Do you support the mass deportation of every single illegal immigrant in America effective immediately ?

YES or NO ?",445445,26292,8839,2907,40
2024-05-24T10:50:25.000Z,GoldingBF,True,False,"An immigrant nutter threatens to kill the police in London while they carry out an immigration raid on an illegal immigrant.
Scenes like this are extremely common now in our lawless and degenerate land.",222715,4722,918,2114,104
2023-09-18T15:47:33.000Z,SpencerLndqst,True,False,"Have you heard about America’s ‘largest illegal immigrant settlement’ that's said to be a hub of cartel activity?

I visited Colony Ridge for 
@realDailyWire
 to learn about a development that's home to 40k-75k people and is in the midst of a rapid expansion.

Here's what I found:",3745935,7833,551,4819,1755
2024-04-18T20:21:32.000Z,ImMeme0,True,False,"UPDATE: Homeland Security released the illegal immigrant accused of killing Laken Riley into the U.S. because it lacked the detention space.

Jose Ibarra, the individual accused of the murder of 22-year-old Laken, was granted release through the authority of Homeland Security",244658,5494,464,3150,184
2024-06-27T05:54:07.000Z,Artemisfornow,True,True,"UK - A Court has ordered a Somalian illegal immigrant must be given a council house and benefits because she has children. 

Even though she arrived from Denmark, where her husband now has citizenship.",350980,2382,431,1254,179
2024-08-28T14:01:52.000Z,EndWokeness,True,False,"BREAKING: The man in Philadelphia who gunned down and tried to kiII 8 innocent Americans is an illegal immigrant 

He's a MS-13 member from El Salvador",3553145,61259,2186,23971,2986
2024-05-22T02:42:59.000Z,BrandiKruse,True,False,The illegal immigrant who killed a Washington State Trooper just got his bail reduced – because his attorneys convinced a judge their client isn't a danger to the community.,255995,9208,774,6669,251
2024-01-18T00:58:44.000Z,ImMeme0,True,False,"BREAKING: Family of Kayla Marie Hamilton murdered by illegal immigrant and gang member files $100 MILLION lawsuit against Biden administration.

“We bring this landmark lawsuit in honor of Kayla to get answers on how this catastrophic failure occurred and help prevent another",512469,18120,638,6665,357
2024-08-31T02:35:21.000Z,ShadowofEzra,True,False,Nancy Pelosi just told Bill Maher that she plans to grant citizenship to every illegal immigrant and give them free housing—paid for by hardworking American taxpayers.,3557767,12578,2110,6922,2518
2024-03-20T18:58:21.000Z,KeithWoodsYT,True,False," Immigrant TikToker with over 300k followers advising illegal immigrants on how to take over homes of Americans via squatter's rights laws. 

He says his friends have already taken over 7 homes.

""If you see an empty house in America you can squat in it- there is a law that",978174,3240,650,1191,790
2023-10-01T11:30:37.000Z,NHPUKOfficial,False,False,"Immigrant family lands in UK & are found a Council flat in just 2 weeks.

Millions of Brits have been waiting for years on social housing waiting lists. 

NHPUK campaign to stop permanent settlement immigration & to completely stop accepting refugees for citizenship. 

#JoinNHPUK",727411,5471,852,3402,263
2024-08-29T15:46:51.000Z,trumprealparody,True,False,"Do you support Me using the miIitary to MASS DEPORT every illegal immigrant ? 

A. YES
B. NO",168595,14212,6669,1930,60
2024-08-12T19:42:06.000Z,Mick_O_Keeffe,True,False,"This is insane!!

An Irish woman walking around a proposed immigrant plantation site is confronted by foreign men in balaclavas and told to leave.

If you can watch this video and it doesn’t ring alarm bells then I don’t know what to say.",1271506,25995,1805,10555,2150
2024-08-01T13:12:05.000Z,DillyHussain88,True,False,"A judge has lifted reporting restrictions on the Southport stabber. 

We can now CONFIRM:

Name: Axel Rudakubana
Age: 17
Place of birth: Cardiff 
Religion: Not a Muslim

NOT A MUSLIM OR AN ILLEGAL IMMIGRANT THAT CAME ON A BOAT — WHICH THE FAR-RIOT RIOTERS HAVE CLAIMED.",2464206,20391,3928,4625,1186
2024-01-04T04:54:37.000Z,BigBlueWaveUSA,True,False,"In the 2024 election, Republicans will run on the border/immigrant invasion/caravans.
But ask for THEIR solution. This reporter asked Ted Cruz and got no answer / hostility and a “You don’t get to argue with me” response.
The GOP WANTS this - to run on it.",554227,11687,1850,4902,321
2024-09-16T00:07:17.000Z,LakotaMan1,True,False,"So, it wasn’t a Haitian immigrant that tried to shoot Trump. It was another, wait for it — Republican white man.",7506190,206327,4218,31428,3895
2024-09-12T20:50:17.000Z,LauraLoomer,True,False,"Today, during the White House Press briefing, 
@JoeBiden
’s DEI pick for White House Press Secretary 
@KJP46
 falsely accused me of being a racist and a 9/11 conspiracy theorist. 

Karine Jean Pierre doesn’t like me because she’s a lesbian, Haitian immigrant and she doesn’t like the",948229,14015,2235,4331,419
2024-08-27T15:57:29.000Z,HawleyMO,True,False,"Last December, an illegal immigrant hit and killed 12-year old Travis Wolfe from St. Charles. Now she wants her bond reduced. UNDER NO CIRCUMSTANCE. I have written to the court to demand she remain in custody & be tried for her crimes. Close the border!",67885,7087,281,2016,41
2024-11-13T19:51:14.000Z,FishTankViewer1,True,False,Burt thinks Simbal is an illegal immigrant lmfao #fishtanklive,0,14,6,99,1769
