timestamp,username,icon-verified,fact-checked,text,views,likes,replies,reposts,bookmarks
2024-09-18T15:51:48.000Z,RepCarlos,True,False," I will NOT be intimidated by the socialist Democrats.

The left calls anyone who supports border security & legal immigration a racist.

I’m a Cuban exile and legal immigrant to this country — that bull WILL NEVER fly with me.",897732,47625,1255,14518,2465
2024-01-10T14:26:13.000Z,TulsiGabbardrep,True,False,"Do you support the mass deportation of every single illegal immigrant in America effective immediately ?

YES or NO ?",445372,26310,8839,2917,40
2024-06-25T13:22:00.000Z,carolvorders,True,False,"Tommy Robinson arrested as an illegal immigrant in Canada 

It’s Rwanda for you my boy 

This really is an election run up that just keeps on giving isn’t it ?",4807937,35631,4348,5777,773
2024-02-13T04:52:11.000Z,EricAbbenante,True,False,"Sara Gonzales with a bombshell of a story:
The Lakewood Church shooter was an El Salvadorian immigrant who was detained by ICE. Genesse Moreno (Who also went by the alias Jeffery Escalante) had a voting record in the 2020 election. 
When people ask: ""Where is evidence that",3138116,22124,563,10829,2491
2024-03-08T03:38:09.000Z,_MLFootball,True,False,President Joe Biden at the State of the Union said USC head coach Lincoln Riley was killed by an illegal immigrant,1937771,7588,304,906,731
2023-09-18T15:47:33.000Z,SpencerLndqst,True,False,"Have you heard about America’s ‘largest illegal immigrant settlement’ that's said to be a hub of cartel activity?

I visited Colony Ridge for 
@realDailyWire
 to learn about a development that's home to 40k-75k people and is in the midst of a rapid expansion.

Here's what I found:",3745397,7827,550,4808,1748
2024-06-25T09:18:35.000Z,tezilyas,True,False,"OMA!

The irony of THIS man being arrested for being an illegal immigrant is toooooo much",298171,6095,304,1187,206
2024-02-27T01:51:29.000Z,RNCResearch,True,False,Democrat Rep. Katie Porter on the murder of 22-year-old Laken Riley by an illegal immigrant: “The important thing to focus on is any one instance shouldn’t shape our overall immigration policy”,1851149,2613,2434,1611,190
2024-08-23T02:47:23.000Z,bennyjohnson,True,False,"KAMALA HARRIS: ""I believe everyone has a right to safety, to dignity, and to justice."" 

Unless you’re a victim of brutality from an illegal immigrant.",301611,17584,1302,4571,125
2024-06-10T17:25:38.000Z,stillgray,True,True,Illegal Immigrant cries about how she’s gonna get deported by Frances’s new government.,6976571,53148,10645,7661,1535
2024-11-11T22:02:06.000Z,liz_churchill10,True,False,"MEET, the BORDER CZAR, 
@RealTomHoman
 

IF you’re an ILLEGAL IMMIGRANT…START PACKING.",18240,927,39,243,50
2024-03-10T16:06:56.000Z,SpeakerJohnson,True,False,"The president is cowering to his base and showing deference to a man who deserves none. 

This man is an illegal immigrant who brutally murdered Laken Riley.  

President Biden should be apologizing to Laken’s family. 

What an embarrassment.",16451644,35790,9497,8769,645
2024-08-28T22:17:55.000Z,CollinRugg,True,False,"JUST IN: An armed illegal immigrant gang has reportedly taken over an apartment complex in Aurora, Colorado.

New footage obtained by 
@vicentearenastv
 shows an armed gang at a complex in Aurora.

Aurora officials have been investigating a Venezuelan gang, the Tren de Aragua gang,",119715778,52544,7349,18437,9968
2024-11-06T06:42:51.000Z,Bubblebathgirl,True,False,"Laken Riley’s life was taken by an illegal immigrant because of Kamala Harris.

We never forgot.

We’ve now elected Donald J. Trump to be our 47th president to make sure Americans will be safe again to live, love, and dance.

We did it.",16479,1146,23,252,37
2024-11-04T20:00:14.000Z,FoxNews,True,False,"WATCH: Angel mom, guided by her faith after her daughter was allegedly murdered by an illegal immigrant, sends message to Americans that Trump is ""the only one"" who can save the nation from the border crisis. https://trib.al/1O9Qqn6",107811,1580,173,409,13
2024-11-04T13:11:21.000Z,TheAmericanGrl,True,False,White liberals freak out when they get a fake postcard saying they agreed to house an illegal immigrant. ,3115,84,7,12,3
2024-11-12T01:35:38.000Z,Jerone4Congress,True,False,Please don't separate illegal immigrant families. Send them back together.,0,71,4,11,1016
2024-11-04T18:21:06.000Z,ShelleyGldschmt,True,False,"BREAKING: TRUMP CONDEMNS ANTISEMITIC TERRORIST ATTACK AGAINST JEWISH MAN IN CHICAGO

An illegal immigrant from Mauritania who entered the US under Biden-Harris shot an Orthodox Jewish man in Chicago, shouting ""Allah Akbar"".

Kamala Harris has not condemned the attack.",108813,4060,58,1082,146
2024-04-05T03:50:41.000Z,ChuckCjmmn,False,False,70% of Americans believe that Melania Trump is a illegal immigrant.,94867,2790,613,1026,44
2024-06-07T12:28:56.000Z,KeithWoodsYT,True,False," Foreigners are being bussed to election centers to vote in today's elections

Reminder that the government gave EVERY illegal immigrant and refugee the right to vote today",397264,5020,345,1240,386
