timestamp,username,icon-verified,fact-checked,text,views,likes,replies,reposts,bookmarks
2024-09-09T17:08:51.000Z,CubanOnlyTrump,True,False,"JUST ANNOUNCED :Kamala Harris ""We extended Temporary Protected Status to over 100,000 Haitian Migrants. They need support.""

Aiden Clarke an 11-year-old was kiIIed on his way to school in Springfield, Ohio.  

His kiIIer was a Haitian illegal immigrant that Kamala FLEW in.

Never",1359490,21983,2075,16370,1301
2024-04-16T16:33:34.000Z,sav_says_,True,False,"Welcome to the United States where our city parks are being overrun by illegal immigrant men. 

The city of NY is set to spend $12 billion through 2025 to take care of these men | 
@FrontlinesTPUSA",250397,7477,370,2488,285
2024-11-06T12:35:34.000Z,Nibiru1000,True,False,"Who's ready for mass illegal immigrant deportations, protecting Black Jobs, and no taxes on overtime? Let's get this Money!! ",345791,9065,495,1736,1097
2024-08-15T21:42:47.000Z,TheRightMelissa,True,False,"Wow! Black Business woman has a message for Kamala Harris. 

She sobs after having to sell her food truck which was bought by an illegal immigrant who got free money from the Harris/Biden Administration.",222271,4168,411,1973,359
2024-08-15T13:01:16.000Z,WallStreetApes,True,False,"ALL OF AMERICA, LISTEN TO THIS 

American Business owner is selling her food truck. Illegal immigrant shows up with paperwork that he is getting funding to purchase her truck with NO MONEY in the bank and NO CREDIT

She speaks with the bank and is told it’s COMMON, Illegal",1591865,32775,2428,15708,4421
2024-03-08T03:16:13.000Z,ClayTravis,True,False,"Joe Biden just confused Laken Riley, a college student killed by an illegal immigrant, with USC football coach Lincoln Riley. This just happened. The man’s brain is mush. Incredibly disrespectful.",959252,15671,668,2909,372
2023-10-13T21:18:27.000Z,TBifford,True,False,"This is why Poland is not afraid of Islamic jihad within its own country.

""Not one illegal immigrant in Poland. Ever""",1464647,8296,559,2630,280
2024-11-11T17:01:32.000Z,nasiphim,True,False,"Illicit cigarettes: CONFISCATED!
Liquor from illegal shops: CONFISCATED!
Illegal immigrant owners: UNDER ARREST!
We are coming for them, one by one. Spazas are for locals. 
@CityTshwane
 @TMPDSafety",121727,2122,249,644,31
2024-09-08T14:55:46.000Z,amyforsandiego,True,False,"BREAKING: An illegal immigrant with a fake Green Card entered a San Diego military home and assaulted a 5-year-old girl. Thanks to Army veteran 
@thecorygoat
 and brave DHS whistleblowers, we now see how California’s sanctuary laws protect criminals while gaslighting Americans",974193,25505,443,14146,1170
2023-10-01T11:30:37.000Z,NHPUKOfficial,False,False,"Immigrant family lands in UK & are found a Council flat in just 2 weeks.

Millions of Brits have been waiting for years on social housing waiting lists. 

NHPUK campaign to stop permanent settlement immigration & to completely stop accepting refugees for citizenship. 

#JoinNHPUK",724038,5475,849,3402,260
2024-03-16T22:24:09.000Z,Liz_Wheeler,True,False,"TikTok just gave me a strike warning & removed this video. For being “hateful.”

Do you think it’s because I said “illegal immigrant” or “trans’ing kids”?",294223,13086,816,4597,261
2024-08-22T20:26:26.000Z,CollinRugg,True,False,"JUST IN: The mother of Rachel Morin, who was k*lled by an illegal immigrant, joins Trump at the border, blasts the Biden-Kamala admin for their open border policies.

Patty Morin delivered an emotional speech alongside Trump during his visit to the southern border. 

""Rachel was",1064318,32298,535,8686,607
2024-06-25T09:18:35.000Z,tezilyas,True,False,"OMA!

The irony of THIS man being arrested for being an illegal immigrant is toooooo much",298168,6099,304,1187,205
2024-08-08T02:03:58.000Z,w_terrence,True,False," EVERYONE IN AMERICA SHOULD BE MAD!!

This Veteran is getting $23 dollars in food stamps but an illegal immigrant is getting $13,000 dollars

Yes this is real! I know people who receive $50 dollars.

This is happening under Kamala Harris and Joe Biden",312883,17618,1148,9942,591
2024-04-29T14:21:39.000Z,EvaVlaar,True,False,"''When another white boy dies at the hands of an immigrant...''

Well, another one just did. A French boy named Mathis. 15 years old. Stabbed in the heart four times by an Afghan migrant who tried to steal his phone.

I have nothing left to say.",1289760,33290,678,12432,1275
2024-04-25T21:36:09.000Z,ImMeme0,True,False,"JUST IN: Mexican illegal immigrant charged with sexually assaulting two young girls under 13 years old during home invasion in Michigan. 

Miguel Hernandez-Ruiz was arraigned on one county of felony home invasion and two counts of felony criminal sexual conduct in the first",210823,3923,410,2532,187
2024-01-13T15:46:26.000Z,TheRubberDuck79,True,False,#KattWilliams and a mexican immigrant waving a mexican flag in the front row got into a heated live 4-minute exchange in front of the whole audience.,1047181,13736,756,4224,2541
2024-02-22T16:12:55.000Z,TulsiGabbardrep,True,False,"Do you support President Donald Trump sending every single illegal immigrant that Biden let in America back to their home countries ?

YES or NO ?",142783,13178,4108,1514,23
2024-07-31T23:11:35.000Z,CollinRugg,True,False,"NEW: Illegal immigrant gets a ""friendly"" welcome to the United States after getting smuggled into the country by jet ski.

""Yeah! Stealing another job!"" a man yelled.

The incident happened at Sunset Cliffs in San Diego, California, approximately a 17-mile ride by water from the",10299269,12454,949,2872,2920
2024-11-04T20:00:14.000Z,FoxNews,True,False,"WATCH: Angel mom, guided by her faith after her daughter was allegedly murdered by an illegal immigrant, sends message to Americans that Trump is ""the only one"" who can save the nation from the border crisis. https://trib.al/1O9Qqn6",107798,1581,173,409,13
2024-09-10T10:17:12.000Z,EuropeInvasions,True,False,"British woman describes immigrant who attacked and spat on her as a 'filthy migrant'

British police warn woman over her description.

What do you think?",159105,4313,934,1097,389
2018-04-25T13:33:58.000Z,Maria_Hinojosa,False,False,"Come on 
@nytimes
 There is no such thing as an “illegal” immigrant or “illegal” human being. A person, an immigrant, may have gotten to or stayed in a country illegally but the person is not “illegal”.",0,435,12,171,0
