timestamp,username,icon-verified,fact-checked,text,views,likes,replies,reposts,bookmarks
2024-09-09T17:08:51.000Z,CubanOnlyTrump,True,False,"JUST ANNOUNCED :Kamala Harris ""We extended Temporary Protected Status to over 100,000 Haitian Migrants. They need support.""

Aiden Clarke an 11-year-old was kiIIed on his way to school in Springfield, Ohio.  

His kiIIer was a Haitian illegal immigrant that Kamala FLEW in.

Never",1359556,21982,2074,16363,1300
2024-09-08T14:55:46.000Z,amyforsandiego,True,False,"BREAKING: An illegal immigrant with a fake Green Card entered a San Diego military home and assaulted a 5-year-old girl. Thanks to Army veteran 
@thecorygoat
 and brave DHS whistleblowers, we now see how California’s sanctuary laws protect criminals while gaslighting Americans",974268,25491,443,14140,1170
2024-10-15T02:28:11.000Z,DefiyantlyFree,True,False,Listen to a legal immigrant tell you that you cannot vote for Harris because of what she has done with the border.,182094,23120,575,9479,2153
2024-08-15T13:01:16.000Z,WallStreetApes,True,False,"ALL OF AMERICA, LISTEN TO THIS 

American Business owner is selling her food truck. Illegal immigrant shows up with paperwork that he is getting funding to purchase her truck with NO MONEY in the bank and NO CREDIT

She speaks with the bank and is told it’s COMMON, Illegal",1591884,32772,2428,15703,4421
2024-11-12T14:58:16.000Z,MichaelBrun,True,False,"Talking to Rose about her journey to Springfield, Ohio and opening her Haitian restaurant 

#haitian #haiti #ayiti #springfield #immigrant",15397,476,15,107,26
2024-11-11T19:05:17.000Z,immcouncil,False,False,"Happy Veterans Day! Today, we honor the brave men and women who have served our nation with unwavering courage and sacrifice. We also wish to highlight and celebrate the immigrant veterans who have served our country. Thank you for your service! #VeteransDay",676,9,1,6,1
2024-11-07T01:58:30.000Z,HaitianBridge,False,False,"The road ahead will not be easy but we knew this never would be easy. With each new admin we have fought back against hateful, anti-immigrant threats + we will continue to fight back. Today we took a deep breath. Tomorrow, the fight for dignity, compassion, + justice continues",3730,80,1,28,4
2024-11-12T01:35:38.000Z,Jerone4Congress,True,False,Please don't separate illegal immigrant families. Send them back together.,0,71,4,11,1020
2024-08-20T05:48:42.000Z,RyanShead,True,False,"Dear Elon,

Here is the video you say doesn’t exist of Donald Trump saying there were very fine people on both sides after Charlottesville.

You keep saying X is this arbiter of truth, yet you spread lies to help Trump and conservatives.

You’re a former illegal immigrant who’s",5771902,39276,3282,12492,2345
2024-08-10T15:56:15.000Z,Shunyaa00,True,False," UK : Mohammed Sina, 30, illegal immigrant from Iran, attempted to rape 12-year-old British girls. Caught and arrested. Mohammed was previously in jail for assault and robbery.",365086,7930,788,4254,446
2024-08-29T15:46:51.000Z,trumprealparody,True,False,"Do you support Me using the miIitary to MASS DEPORT every illegal immigrant ? 

A. YES
B. NO",168524,14222,6676,1933,60
2024-03-09T23:34:30.000Z,kleavittnh,True,False,"President Trump on Laken Riley’s Killer: 

“I say he is an illegal alien, he is an illegal immigrant, he is an illegal migrant, and he should have never been in our country, and he wouldn’t have been under the Trump policies.”",108680,5893,285,1785,48
2024-08-28T14:01:52.000Z,EndWokeness,True,False,"BREAKING: The man in Philadelphia who gunned down and tried to kiII 8 innocent Americans is an illegal immigrant 

He's a MS-13 member from El Salvador",3552631,61301,2187,23988,2994
2024-03-10T00:06:52.000Z,GOP,True,False,Biden is apologizing to an illegal immigrant arrested for murder. President Trump will stop criminals from entering the country.,277550,3773,560,1185,84
2024-08-27T00:30:22.000Z,robbystarbuck,True,False,"Politico reports that California Democrats are likely to pass a bill granting up to $150,000 to each illegal immigrant to help them buy a house.

No, I’m not joking. Meanwhile homeless veterans and young families get nearly no help.

Politico’s headline is disgusting too. They",116452,3114,250,1457,140
2024-10-06T00:48:57.000Z,RyanShead,True,False,"Any immigrant supporting domestic terrorism, especially former illegals, should have their citizenship revoked and sent back to their country of origin.

In Elon’s case, that could be Canada or South Africa.

We should add that to the Constitution. ",61375,2701,224,715,43
2024-06-28T18:05:00.000Z,DailyLoud,True,False,Illegal immigrant fatally shoots and kills 2 workers at Texas Chick-fil-A.,5850838,47005,1543,3460,2735
2024-03-09T23:05:18.000Z,KanekoaTheGreat,True,False,"NEW: Biden says he regrets using the term “illegal” when talking about the illegal immigrant who allegedly killed Laken Riley.  

BIDEN 2024: ""I shouldn't have used illegal. It's undocumented.""

SCHUMER 2009: ""When we use phrases like undocumented workers, we convey a message",250914,4078,250,1385,300
2024-11-09T22:01:21.000Z,KristyTallman,True,False,"THOUSANDS of Illegal Immigrants March in NYC, Protesting Anti-Immigrant Laws and Trump’s Policies

Currently, illegal immigrants from Ecuador and Peru are marching through New York City, holding signs that read “No to the anti-immigrant laws, no to deportations.” The protest",3731,29,26,12,6
2018-04-25T13:33:58.000Z,Maria_Hinojosa,False,False,"Come on 
@nytimes
 There is no such thing as an “illegal” immigrant or “illegal” human being. A person, an immigrant, may have gotten to or stayed in a country illegally but the person is not “illegal”.",0,434,12,171,0
