timestamp,username,icon-verified,fact-checked,text,views,likes,replies,reposts,bookmarks
2024-07-20T10:01:15.000Z,TulsiGabbard,True,False,"The Democrat elite paints anyone who wants to stop illegal immigration and secure our borders as racist and “anti-immigrant.” They are either very very stupid and don’t understand the difference between legal and illegal immigration, or they’re  trying to foment division and",1174207,53768,1812,11322,838
2024-06-09T16:23:58.000Z,dom_lucre,True,True,"BREAKING: Anti-immigrant Malachy Steenson has been elected in Dublin Parliament, his goal is to provide ‘a safe future for his children.’ By addressing the growing problem of immigration in the EU, in short to prevent ‘The Great Replacement.’",504664,7855,218,1442,145
2024-09-08T14:55:46.000Z,amyforsandiego,True,False,"BREAKING: An illegal immigrant with a fake Green Card entered a San Diego military home and assaulted a 5-year-old girl. Thanks to Army veteran 
@thecorygoat
 and brave DHS whistleblowers, we now see how California’s sanctuary laws protect criminals while gaslighting Americans",976272,25485,443,14128,1171
2024-03-10T16:06:56.000Z,SpeakerJohnson,True,False,"The president is cowering to his base and showing deference to a man who deserves none. 

This man is an illegal immigrant who brutally murdered Laken Riley.  

President Biden should be apologizing to Laken’s family. 

What an embarrassment.",16451846,35754,9456,8765,644
2024-06-07T12:28:56.000Z,KeithWoodsYT,True,False," Foreigners are being bussed to election centers to vote in today's elections

Reminder that the government gave EVERY illegal immigrant and refugee the right to vote today",397358,5002,345,1237,387
2024-08-01T19:45:09.000Z,AlphaNewsMN,True,False,"Minnesota Gov. Tim Walz says he wants to invest in a ""ladder factory"" to help illegal immigrants climb Trump's border wall, says we won't have Thanksgiving dinner anymore without illegal immigrant workers. 

Recent polling shows a majority of Americans support building a border",600600,3490,1815,2212,406
2024-08-04T02:01:40.000Z,RNCResearch,True,False,"“An undocumented immigrant is not a criminal.”

— Border Czar Kamala Harris",581082,3865,776,2093,248
2024-09-18T15:51:48.000Z,RepCarlos,True,False," I will NOT be intimidated by the socialist Democrats.

The left calls anyone who supports border security & legal immigration a racist.

I’m a Cuban exile and legal immigrant to this country — that bull WILL NEVER fly with me.",898133,47590,1250,14505,2462
2024-09-28T00:14:00.000Z,karolineleavitt,True,False,"DESPICABLE! Not a SINGLE mainstream media outlet covered the bombshell new ICE data showing Kamala let 435,000 illegal immigrant convicted criminals to freely roam the country 
@nytimes
 @washingtonpost
 @CNN
 @ABC
 @CBSNews
 @NBCNews
 @MSNBC
 @USATODAY
 @AP",447112,18744,917,9609,734
2024-03-03T10:59:47.000Z,TulsiGabbard,True,False,"A young woman in Georgia was murdered by an illegal immigrant who was set free twice—once when he illegally came into our country, and again when he was arrested shortly thereafter. If he wasn’t here, Ms. Riley wouldn’t have been killed. Kamala Harris and leaders of Dem Elite",377311,10887,472,2489,154
2024-07-31T23:11:35.000Z,CollinRugg,True,False,"NEW: Illegal immigrant gets a ""friendly"" welcome to the United States after getting smuggled into the country by jet ski.

""Yeah! Stealing another job!"" a man yelled.

The incident happened at Sunset Cliffs in San Diego, California, approximately a 17-mile ride by water from the",10299494,12441,947,2869,2910
2024-03-08T03:38:09.000Z,_MLFootball,True,False,President Joe Biden at the State of the Union said USC head coach Lincoln Riley was killed by an illegal immigrant,1937881,7583,303,907,730
2024-03-19T13:48:15.000Z,Jessica_4_Trump,False,False,"Andi Lynn Blair was hit while riding her tricycle by an illegal immigrant who fled the scene.  She was 5 days away from celebrating her 4th birthday.  

The illegal immigrant was heading for the South Carolina border when he was caught by police and arrested.  

This isn’t cherry",546845,18203,683,6566,324
2024-11-20T17:22:46.000Z,_NavyBrat,True,False,"Praying #LakenRiley's
soul is now at Peace 
RIPBeautiful Angel
Prayers for her Family who can now start their healing journey knowing justice was served  


Venezuelan Tren de Aragua (TDA) gang member and illegal immigrant Jose Ibarra, who brutally murdered Laken",2757,35,4,17,4
2024-11-21T08:00:14.000Z,GoldingBF,True,False,The illegal immigrant situation in this country is a sick joke. It’s infuriating. All I see is Britons struggling. These scroungers should be fucked off on the first available plane ,401161,7412,418,1260,190
2024-08-31T23:56:07.000Z,ArtMusicPoli,True,False,"All those achievements yet you fail to acknowledge the strain #illegalImmigration places on our country:

1.Economic Impact: Illegal immigration costs U.S. taxpayers over $116 billion annually. This burden falls on hard-working Americans, especially in sectors like agriculture",12123,787,15,57,14
2024-11-12T08:08:04.000Z,DominiqueBilde,False,False,"République bananière:
S'il était Portugais, il serait arrêté, 
et comme il est immigrant, 
il serait libéré. 
Le pays que nous sommes en train de devenir est incroyable. #SalvarPortugal
#Immigration ",0,294,2,2,0
2024-11-16T03:42:22.000Z,TONYxTWO,True,False,"“I’m really happy that Trump won. I’m a first generation Mexican Immigrant, my dad just got his citizenship this year… he had all Republican across the board.”

Love this so much!! Watch this  
@realDonaldTrump",1247737,74216,768,12946,1630
2024-09-19T20:48:37.000Z,trumprealparody,True,False,"BREAKING: Governor Sarah Sanders just said, ""I want every single illegal immigrant sent back to their home country."" 

Do you agree with Sarah?
A. Yes
B. No",234903,22166,9030,2936,66
2024-09-12T06:06:09.000Z,DefiyantlyFree,True,False,"Daughter of Haitian immigrant confirms ABC is lying about Springfield, Ohio.

The Harris campaign is the titanic and the iceberg is approaching.",592836,17907,556,8103,2139
2024-06-28T18:05:00.000Z,DailyLoud,True,False,Illegal immigrant fatally shoots and kills 2 workers at Texas Chick-fil-A.,5851459,46915,1539,3459,2729
2024-01-25T02:55:00.000Z,glennbeck,True,False,"Do Doctors Without Borders and the Red Cross know that by handing out detailed maps of how to get to the US border, they're contributing to human trafficking and allowing cartels to make $2000 per illegal immigrant? Do they know terrorists could be using these routes?",142951,6619,302,3459,236
