timestamp,username,icon-verified,fact-checked,text,views,likes,replies,reposts,bookmarks
2024-09-09T17:08:51.000Z,CubanOnlyTrump,True,False,"JUST ANNOUNCED :Kamala Harris ""We extended Temporary Protected Status to over 100,000 Haitian Migrants. They need support.""

Aiden Clarke an 11-year-old was kiIIed on his way to school in Springfield, Ohio.  

His kiIIer was a Haitian illegal immigrant that Kamala FLEW in.

Never",1360366,21962,2068,16349,1297
2024-08-15T13:01:16.000Z,WallStreetApes,True,False,"ALL OF AMERICA, LISTEN TO THIS 

American Business owner is selling her food truck. Illegal immigrant shows up with paperwork that he is getting funding to purchase her truck with NO MONEY in the bank and NO CREDIT

She speaks with the bank and is told it’s COMMON, Illegal",1592246,32755,2426,15702,4417
2024-09-13T16:50:05.000Z,CollinRugg,True,False,"JUST IN: Illegal immigrant arrested for m*rder after a family of four was found dead in their burning home in Irondequoit, N.Y.

Julio Cesar Pimentel Soriano, who was wanted in the Dominican Republic for m*rder in 2019, was arrested. 

Two toddlers and parents Fraime Ubaldo and",38707006,44002,3460,20934,4124
2024-06-27T04:09:21.000Z,ImMeme0,True,False,"BREAKING: Illegal immigrant who shot 2 NYPD officers at 'point-blank range' indicted on 20 charges claims a notorious Venezuelan gang has been smuggling guns into city-run shelters.

Bernardo Raul Castro Mata (19) will be placed in protective custody following his explosive",913348,9485,414,5198,537
2024-08-15T07:13:09.000Z,ImMeme0,True,False,"If this doesn’t break your heart and piss you off at the same time, I don’t know what will.

This veteran, who worked hard to start her business and buy her food truck, is now sharing her story of selling it to an illegal immigrant who has no credit or savings but is able to",3060087,83726,8490,39413,6763
2024-02-13T04:52:11.000Z,EricAbbenante,True,False,"Sara Gonzales with a bombshell of a story:
The Lakewood Church shooter was an El Salvadorian immigrant who was detained by ICE. Genesse Moreno (Who also went by the alias Jeffery Escalante) had a voting record in the 2020 election. 
When people ask: ""Where is evidence that",3138419,22107,563,10822,2488
2024-08-23T16:00:39.000Z,AshleaSimonBF,True,False,"Illegal immigrant dances in the street with a knife.
Outside his taxpayer funded accommodation.
We are importing thugs, murderers and rapists.
Not doctors and engineers.
We need to deport every single illegal immigrant.
No wonder our children aren’t safe ",524832,12422,475,3393,249
2024-08-31T02:35:21.000Z,ShadowofEzra,True,False,Nancy Pelosi just told Bill Maher that she plans to grant citizenship to every illegal immigrant and give them free housing—paid for by hardworking American taxpayers.,3557783,12578,2110,6923,2518
2024-08-27T00:30:22.000Z,robbystarbuck,True,False,"Politico reports that California Democrats are likely to pass a bill granting up to $150,000 to each illegal immigrant to help them buy a house.

No, I’m not joking. Meanwhile homeless veterans and young families get nearly no help.

Politico’s headline is disgusting too. They",116486,3114,250,1456,140
2024-11-16T22:00:09.000Z,FoxNews,True,False,'BLOOD ON THEIR HANDS': Incoming Border Czar Tom Homan calls on pro-sanctuary city Democrats to listen to the 911 call 22-year-old Laken Riley made before prosecutors say she was killed by an illegal immigrant,18631442,25621,730,6731,1283
2024-08-28T11:47:49.000Z,MorgothsReview,True,False,"Most political activity today isn't meant to solve problems; it is intended to warp language and obscure perceptions of problems.

Hence on immigration:
Illegal: contrary to or forbidden by law, especially criminal law.
Irregular: contrary to the rules or to that which is normal",14152,425,11,65,16
2024-11-19T17:30:20.000Z,700club,True,False,Testimony Resumes in Trial of Illegal Immigrant Accused of Killing Georgia Student Laken Riley,0,798,3,3,0
2024-11-11T23:49:13.000Z,its_The_Dr,True,False,"""I hear a lot of people say, 'The talk of a mass deportation is racist.  It's threatening to the immigrant community,'"" says Tom Homan, Trump’s former acting director. He argues it should only “be threatening to the illegal immigrant community.”",5521,180,6,53,1
2024-11-16T06:00:22.000Z,callme_Chari,True,False,Laken Riley would still be with us if it weren’t for an illegal immigrant. This is heart breaking. 9-11 call where she spent her last moments trying to defend herself and the officer who found her body. This is ripped me apart. I pray for her family.,4938,46,9,12,3
2024-11-12T14:44:45.000Z,AprilNicoleinVA,True,False,"If I commit a crime, I have to reap the consequences. 

An ILLEGAL immigrant, who has committed a crime has to reap the consequences even if they means being separated from their family. 

The End",0,29,6,1,701
2024-11-13T19:21:02.000Z,irumyuui,True,False,Says the illegal immigrant.,0,0,10,346,0
2024-11-13T18:18:02.000Z,MatRoyer,True,False,"A migrant serial killer: the cinder block killer. 

An illegal immigrant from Cameroon attacked a homeless man in Rotterdam, leaving him in a coma.
Previously, he had killed in Lyon, Évry, Dijon and Strasbourg. He was arrested at Toulon station for assaulting a woman. He was",0,956,2,10,0
2024-11-15T22:06:00.000Z,FaithandFreedom,True,False,"Today, the murder trial for Georgia nursing student Laken Riley begins. She was horrifically killed by an illegal immigrant who crossed the border under Joe Biden.

President-elect Trump’s Border Czar pick, Tom Homan, blasts this senseless tragedy: “This was preventable.”",0,1,12,30,1424
2024-08-31T23:56:07.000Z,ArtMusicPoli,True,False,"All those achievements yet you fail to acknowledge the strain #illegalImmigration places on our country:

1.Economic Impact: Illegal immigration costs U.S. taxpayers over $116 billion annually. This burden falls on hard-working Americans, especially in sectors like agriculture",12121,787,15,57,14
2024-11-14T17:00:57.000Z,RightWngdAngel,True,False,Illegal immigrant says he wouldn’t regret supporting Donald Trump even if he gets deported.  He supported Trump so his children could have a better life.,0,442,1,4,0
2024-11-16T03:42:22.000Z,TONYxTWO,True,False,"“I’m really happy that Trump won. I’m a first generation Mexican Immigrant, my dad just got his citizenship this year… he had all Republican across the board.”

Love this so much!! Watch this  
@realDonaldTrump",1246580,74239,768,12957,1633
2024-11-11T20:12:04.000Z,FoxNews,True,False,Trump victory brings relief to family of mom allegedly murdered by illegal immigrant on pedestrian trail,89385,475,36,53,6
