timestamp,username,icon-verified,fact-checked,text,views,likes,replies,reposts,bookmarks
2024-07-20T10:01:15.000Z,TulsiGabbard,True,False,"The Democrat elite paints anyone who wants to stop illegal immigration and secure our borders as racist and “anti-immigrant.” They are either very very stupid and don’t understand the difference between legal and illegal immigration, or they’re  trying to foment division and",1174368,53769,1813,11324,838
2024-08-08T18:51:23.000Z,RyanShead,True,False,The only illegal immigrant influencing elections in the United States is Elon Musk.,534825,33803,698,10809,343
2024-11-22T02:09:25.000Z,scholar,True,False,"I've been gambling on an elon musk tweet for every coin I've bought all week

$kith has the same narrative as pnut, illegal immigrant killing an animal in NYC. Republicans gonna rip on them

B5hfPmp6yziYuLw7VbeZ5mge359H3Y8KhqyjN9M4pump",4647,78,7,17,3
2024-03-09T11:50:10.000Z,JoeConchaTV,True,False,"An immigrant is someone who comes to the country *legally*. 

This question (and the answer) is everything you need to know about the media and the president they run cover for.",9779,440,40,104,5
2024-10-28T18:52:15.000Z,CollinRugg,True,False,"NEW: Woman starts praising God after Florida police save her from being r*ped by an illegal immigrant who applied for asylum just one day earlier.

""Thank you Jesus!"" the woman cried after officers tackled the suspect.

The Florida woman reportedly called 911 while pretending to",4743455,67570,2753,21368,5387
2024-09-10T00:03:45.000Z,KFILE,True,False,"Our report on CNN tonight: NEW on CNN: On a 2019 ACLU questionnaire Kamala Harris said she supported taxpayer-funded gender transition surgeries for detained immigrants, decriminalizing drug possession, and drastic cuts to ICE along with a pledge ""end' immigrant detention.",1292343,7010,822,3193,804
2024-11-15T21:02:33.000Z,freespeechtv,True,False,"Mass immigrant deportations. Threats of denaturalization. A deliberate attack on the diverse fabric of America. The stakes have never been higher. 

#ThisWeekInWhiteSupremacy #Immigration",0,331,1,5,0
2024-11-15T19:46:06.000Z,TrumpDailyPosts,True,False,"From Tom Homan 
@RealTomHoman
 Border Czar

60 Minutes ""I hear a lot of people say, 'The talk of a mass deportation is racist.  It's threatening to the immigrant community,

Homan “It should be threatening to the ILLEGAL immigrant community.”",102166,3898,107,870,88
2024-11-22T00:59:59.000Z,Dateline_DC,False,False,"The horrors of Biden's border record continue to emerge - including the the placement of immigrant kids with people who are likely exploiting them.
@ExJon
 says this is more glaring evidence that open borders are not compassionate at all.

Full Podcast: https://spreaker.com/episode/school-choice-success-biden-s-border-horrors-huge-government-waste-lefties-leaving-twitter--62958936…",0,2,8,29,3902
2024-08-17T17:53:59.000Z,EuropeInvasions,True,False,"BREAKING

While Keir Starmer's security forces are busy catching patriotic Brits posting comments, a new illegal immigrant boat has arrived on the UK coast. They are all young men. 

Do you think it's too late for the UK?",1344608,21699,3821,7999,718
2024-09-11T00:28:42.000Z,TaylerUSA,True,False,"75-year Springfield, Ohio resident speaks on the Haitian Immigrant Influx and how it’s impacted the zip codes insurance rates:  

“We have maybe 3-4 (crashes) a day, everyday. The Haitians. Thats not even Americans that’s Haitians. Our insurance rates have went sky high because",342819,8998,233,3647,922
2024-08-28T14:01:52.000Z,EndWokeness,True,False,"BREAKING: The man in Philadelphia who gunned down and tried to kiII 8 innocent Americans is an illegal immigrant 

He's a MS-13 member from El Salvador",3553293,61250,2186,23961,2984
2024-09-16T00:07:17.000Z,LakotaMan1,True,False,"So, it wasn’t a Haitian immigrant that tried to shoot Trump. It was another, wait for it — Republican white man.",7506449,205858,4216,31414,3892
2024-08-10T10:34:50.000Z,iamyesyouareno,True,False,"An immigrant who raped a 13-year-old girl in the UK was allowed to walk free because he didn't know rape was illegal.

But posting your opinion on social media leads to years in prison.

Make it make sense.",70341133,75600,7686,26779,5892
2024-06-25T09:18:35.000Z,tezilyas,True,False,"OMA!

The irony of THIS man being arrested for being an illegal immigrant is toooooo much",298207,6021,303,1185,203
2024-11-15T15:41:00.000Z,Geiger_Capital,True,False,"Opening statement in Laken Riley trial…

She was on her morning jog. She was found by police with her skull bashed in by a rock, body exposed, pants pulled down. Her killer is a Venezuelan illegal immigrant let into the country unvetted in 2022.

Bring back public hangings.",843766,10491,234,1842,290
2024-10-04T15:27:05.000Z,JoshEakle,True,False,"This man was an illegal immigrant who came into the US, stayed, built a business, and became the richest man in the world.

He realized the American dream.

Today, instead of working to help others do the same, he uses his platform to spread lies and demonize immigrants who have",528946,3250,1514,1392,97
2024-09-12T17:05:00.000Z,AP,True,False,"Nathan Clark, the father of an Ohio boy killed last year when a Haitian immigrant hit the school bus he was riding in, is asking Donald Trump and other politicians to stop using his son as a talking point in debates on immigration.",211206,2250,214,748,87
2018-04-25T13:33:58.000Z,Maria_Hinojosa,False,False,"Come on 
@nytimes
 There is no such thing as an “illegal” immigrant or “illegal” human being. A person, an immigrant, may have gotten to or stayed in a country illegally but the person is not “illegal”.",0,420,12,171,0
2024-11-20T19:41:49.000Z,educatefreedom_,True,False,"Today, we remember Laken Riley's sweet soul as justice is served: her murderer has been found guilty on 10 counts of murder. Laken did not deserve to lose her life at the hands of an illegal immigrant, brought to Atlanta on a taxpayer-funded flight. For 18 harrowing minutes, she",0,12,1,8,1486
