timestamp,username,icon-verified,fact-checked,text,views,likes,replies,reposts,bookmarks
2024-06-07T12:28:56.000Z,KeithWoodsYT,True,False," Foreigners are being bussed to election centers to vote in today's elections

Reminder that the government gave EVERY illegal immigrant and refugee the right to vote today",397384,5001,345,1236,386
2024-09-08T14:55:46.000Z,amyforsandiego,True,False,"BREAKING: An illegal immigrant with a fake Green Card entered a San Diego military home and assaulted a 5-year-old girl. Thanks to Army veteran 
@thecorygoat
 and brave DHS whistleblowers, we now see how California’s sanctuary laws protect criminals while gaslighting Americans",976309,25488,443,14124,1171
2024-06-23T20:37:15.000Z,4Mischief,True,False,Should Joe Biden be held accountable for these illegal immigrant crimes?,204294,13021,1760,2820,69
2024-07-29T00:31:50.000Z,TrumpDailyPosts,True,False,"Border Czar Kamala Harris: “An UNDOCUMENTED immigrant is NOT a criminal.”
@realDonaldTrump
 Donald Trump Truth Social 08:18 PM EST 07/28/24",159435,4400,438,2146,121
2024-06-25T13:22:00.000Z,carolvorders,True,False,"Tommy Robinson arrested as an illegal immigrant in Canada 

It’s Rwanda for you my boy 

This really is an election run up that just keeps on giving isn’t it ?",4808376,34376,4335,5758,762
2024-11-21T19:41:43.000Z,BiggestGames_,False,False,"The beginning of THE INITIATION is suppose to make you feel like an immigrant who just landed in foreign land. 

#gamedev #indiedev #ps1 #retro",0,2,3,17,267
2024-11-20T17:22:46.000Z,_NavyBrat,True,False,"Praying #LakenRiley's
soul is now at Peace 
RIPBeautiful Angel
Prayers for her Family who can now start their healing journey knowing justice was served  


Venezuelan Tren de Aragua (TDA) gang member and illegal immigrant Jose Ibarra, who brutally murdered Laken",3925,44,7,20,6
2024-11-14T14:01:47.000Z,ProjectLiberal,True,False,"Superman: American Hero, Illegal Immigrant",0,1223,2,14,0
2024-11-15T19:46:06.000Z,TrumpDailyPosts,True,False,"From Tom Homan 
@RealTomHoman
 Border Czar

60 Minutes ""I hear a lot of people say, 'The talk of a mass deportation is racist.  It's threatening to the immigrant community,

Homan “It should be threatening to the ILLEGAL immigrant community.”",102127,3898,107,870,88
2024-06-27T05:54:07.000Z,Artemisfornow,True,True,"UK - A Court has ordered a Somalian illegal immigrant must be given a council house and benefits because she has children. 

Even though she arrived from Denmark, where her husband now has citizenship.",351041,2382,430,1253,179
2024-08-12T19:42:06.000Z,Mick_O_Keeffe,True,False,"This is insane!!

An Irish woman walking around a proposed immigrant plantation site is confronted by foreign men in balaclavas and told to leave.

If you can watch this video and it doesn’t ring alarm bells then I don’t know what to say.",1271570,25987,1805,10550,2147
2024-07-18T21:30:51.000Z,AshleaSimonBF,True,False,"Imagine raising a young English family in this immigrant shithole?
The civilised can’t live alongside the uncivilised.
Immigration is a curse.
Leeds is unrecognisable ",511108,20237,457,4985,432
2024-06-04T18:11:12.000Z,usanews0,True,False,"BREAKING:  Alabama Senator Katie Britt just said, ""I want every single illegal immigrant sent back to their home country."" 

Do you support this?
YES OR NO",797079,61642,10979,5322,142
2024-09-12T01:58:31.000Z,dom_lucre,True,False,"BREAKING NEWS: A Haitian immigrant was caught trying to steal and eat a cat. 

""Here in Chile, we don't eat cats""",330979,6947,213,2348,754
2024-11-18T04:43:40.000Z,TerryNewsome357,True,False,"A whistleblower who was paid $360k per year to manage an illegal immigrant shelter in Chicago contacted me. He's providing documents, additional information, and video evidence to support the claims mentioned in this video. 
@BenBergquam
 @annvandersteel
 @RenzTom
 @JJCarrell14",84088,4612,61,2688,724
2024-11-20T22:22:13.000Z,LFRFamily,True,False,This is the guy who President Joe Biden called an Illegal Immigrant and then apologized for not addressing his as an Undocumented Person? To HELL with this Demon!,0,486,5,29,0
2024-11-21T16:11:01.000Z,MorningWire,True,False,"An illegal immigrant is found guilty in the murder of Georgia nursing student Laken Riley, the battle over single sex bathrooms rages in D.C., and Trump considers the idea of recess appointments for his cabinet picks. Reporting from 
@AsheSchow
, 
@megbasham
, & 
@timerice1
.",0,19,1,6,4441
2024-11-16T02:00:00.000Z,TheBWSTimes,True,False, Haitian culture shapes Springfield’s growth—proud to celebrate diversity!  #CulturalRoots #SpringfieldStrong #UnityInDiversity,0,344,2,3,0
2024-11-14T17:00:01.000Z,TheBWSTimes,True,False,Haitian heritage enriches Springfield’s community in powerful ways!  #CulturalImpact #GrowingTogether,0,221,5,7,0
2024-11-21T16:39:01.000Z,MAGAResource,True,False,"I’m sick and tired of leftists calling illegal aliens “immigrants” or “undocumented” like somehow they just forgot to fill out a form. 

Illegal aliens are not “immigrants”. 

They are unvetted lawbreakers and cheaters. 

An immigrant applies, waits their turn then assimilates in",3799,265,19,78,6
2024-11-17T17:33:08.000Z,olivasdan,False,False,"Inspired by Beckett’s iconic Godot play and our country's anti-immigrant policies, WAITING FOR GODÍNEZ explores the meaning—and absurdities—of identity and belonging. The University of New Mexico Press (
@UNMPress
) will publish my play in 2025.
https://newplayexchange.org/script/2018261/waiting-for-godinez… #playwriting",0,12,3,7,403
2024-11-18T17:49:27.000Z,FrazierForTexas,True,False,"According to the roommate of the illegal immigrant who killed Laken Riley, he was flown to Georgia by a flight that was funded by the taxpayers. Absolutely amazing!  #txlege",1259,11,1,4,2
2024-02-13T04:52:11.000Z,EricAbbenante,True,False,"Sara Gonzales with a bombshell of a story:
The Lakewood Church shooter was an El Salvadorian immigrant who was detained by ICE. Genesse Moreno (Who also went by the alias Jeffery Escalante) had a voting record in the 2020 election. 
When people ask: ""Where is evidence that",3138519,22104,563,10820,2486
2024-02-25T23:34:29.000Z,tariqnasheed,True,False,"A white hispanic illegal immigrant named Jose Antonio Ibarra  was arrested for the murder of white woman Laken Riley.......

but white supremacists on twitter are using this case to bring up George Floyd and Black people.. What is the correlation?",440786,4240,1009,1060,324
