timestamp,username,icon-verified,fact-checked,text,views,likes,replies,reposts,bookmarks
2024-08-08T02:03:58.000Z,w_terrence,True,False," EVERYONE IN AMERICA SHOULD BE MAD!!

This Veteran is getting $23 dollars in food stamps but an illegal immigrant is getting $13,000 dollars

Yes this is real! I know people who receive $50 dollars.

This is happening under Kamala Harris and Joe Biden",313207,17606,1147,9940,589
2024-09-17T07:34:33.000Z,wayotworld,False,False,The Hebrew Immigrant Aid Society (HIAS) is facilitating the 'migrant' invasion on the US southern border.,99750,4873,382,1260,351
2024-09-18T15:51:48.000Z,RepCarlos,True,False," I will NOT be intimidated by the socialist Democrats.

The left calls anyone who supports border security & legal immigration a racist.

I’m a Cuban exile and legal immigrant to this country — that bull WILL NEVER fly with me.",898140,47592,1250,14507,2462
2024-09-04T18:29:57.000Z,robbystarbuck,True,False,"An illegal immigrant has been arrested in TN after attacking a man with a PICKAXE.

The pickaxe was embedded in his skull.

Red states should defy Feds and deport all illegals before they hurt Americans. Dare Kamala to jail you for protecting your citizens.",117006,7432,225,3552,243
2024-08-17T17:53:59.000Z,EuropeInvasions,True,False,"BREAKING

While Keir Starmer's security forces are busy catching patriotic Brits posting comments, a new illegal immigrant boat has arrived on the UK coast. They are all young men. 

Do you think it's too late for the UK?",1344599,21701,3821,8000,717
2024-08-27T00:30:22.000Z,robbystarbuck,True,False,"Politico reports that California Democrats are likely to pass a bill granting up to $150,000 to each illegal immigrant to help them buy a house.

No, I’m not joking. Meanwhile homeless veterans and young families get nearly no help.

Politico’s headline is disgusting too. They",116491,3114,250,1456,140
2024-10-29T18:26:54.000Z,BehizyTweets,True,False,"WATCH: Democrat voters said Republicans hate immigrants, and a LEGAL Haitian Republican immigrant stepped up and crushed all of them

""Democrats are at a point right now where they are shipping a bunch of illegal immigrants... We have CRIMINALS from my own country traveling here",1300881,42609,574,11842,5664
2024-11-20T18:45:47.000Z,FoxNews,True,False,"Laken Riley's mother, Allyson Phillips, calls the convicted illegal immigrant killer a ""twisted, evil coward"" and pleads with the judge to show no pity—just as Jose Ibarra showed none for her ""scared, panicked"" child of God.",192602,1680,125,242,60
2024-08-19T12:15:42.000Z,GoldingBF,True,False,Immigrant kicks and punches elderly man in the head in Belgium. Reminds of the recent attack in the North East where a migrant killed a British pensioner.,1691790,19502,3348,9969,788
2024-08-15T13:01:16.000Z,WallStreetApes,True,False,"ALL OF AMERICA, LISTEN TO THIS 

American Business owner is selling her food truck. Illegal immigrant shows up with paperwork that he is getting funding to purchase her truck with NO MONEY in the bank and NO CREDIT

She speaks with the bank and is told it’s COMMON, Illegal",1592326,32751,2425,15694,4418
2024-11-18T22:00:22.000Z,CALimmigrant,False,False,"  Join us TOMORROW MORNING at City Hall to urge the Los Angeles City Council to protect immigrant communities and pass the #SanctuaryOrdinance 

 8:30am: press conference 
 10:00am: public comment
 200 N Spring St, Los Angeles, CA 90012 

 #DemocracyInAction",3005,7,3,5,1
2024-09-13T16:50:05.000Z,CollinRugg,True,False,"JUST IN: Illegal immigrant arrested for m*rder after a family of four was found dead in their burning home in Irondequoit, N.Y.

Julio Cesar Pimentel Soriano, who was wanted in the Dominican Republic for m*rder in 2019, was arrested. 

Two toddlers and parents Fraime Ubaldo and",38707635,43987,3456,20924,4118
2024-10-15T02:28:11.000Z,DefiyantlyFree,True,False,Listen to a legal immigrant tell you that you cannot vote for Harris because of what she has done with the border.,182525,23106,574,9468,2139
2024-07-20T10:01:15.000Z,TulsiGabbard,True,False,"The Democrat elite paints anyone who wants to stop illegal immigration and secure our borders as racist and “anti-immigrant.” They are either very very stupid and don’t understand the difference between legal and illegal immigration, or they’re  trying to foment division and",1174250,53771,1812,11322,838
2024-06-27T05:54:07.000Z,Artemisfornow,True,True,"UK - A Court has ordered a Somalian illegal immigrant must be given a council house and benefits because she has children. 

Even though she arrived from Denmark, where her husband now has citizenship.",351031,2381,430,1253,179
2024-06-23T20:37:15.000Z,4Mischief,True,False,Should Joe Biden be held accountable for these illegal immigrant crimes?,204287,13028,1760,2821,69
2024-03-08T03:38:09.000Z,_MLFootball,True,False,President Joe Biden at the State of the Union said USC head coach Lincoln Riley was killed by an illegal immigrant,1937895,7583,303,907,730
2024-08-22T20:26:26.000Z,CollinRugg,True,False,"JUST IN: The mother of Rachel Morin, who was k*lled by an illegal immigrant, joins Trump at the border, blasts the Biden-Kamala admin for their open border policies.

Patty Morin delivered an emotional speech alongside Trump during his visit to the southern border. 

""Rachel was",1064391,32290,535,8683,607
2024-10-24T16:12:12.000Z,RyanMattaMedia,True,False,"A illegal immigrant mercenary who is also a MS-13 gang member just preformed a human sacrifice. Will your daughter be next? 
@JJCarrell14",247877,7881,373,7003,1212
2024-08-16T16:10:02.000Z,Shunyaa00,True,False," UK : London - Mohammed Hazem Soltaen, illegal immigrant from Egypt, attempted to rape a 14-year-old British girl, caught and arrested. Mohammed says, ""Call the Home Office. Alhamdulillah, I am Muslim.""",2774036,16139,1612,6286,2140
