timestamp,username,icon-verified,fact-checked,text,views,likes,replies,reposts,bookmarks
2024-09-09T17:08:51.000Z,CubanOnlyTrump,True,False,"JUST ANNOUNCED :Kamala Harris ""We extended Temporary Protected Status to over 100,000 Haitian Migrants. They need support.""

Aiden Clarke an 11-year-old was kiIIed on his way to school in Springfield, Ohio.  

His kiIIer was a Haitian illegal immigrant that Kamala FLEW in.

Never",1359771,21995,2073,16362,1299
2024-09-14T15:19:27.000Z,WallStreetApes,True,False,"This American Works In A Medical Clinic In Arkansas, Illegal Migrants Put On Tax Payer Funded Health Insurance After ONLY 5 DAYS IN AMERICA

“So Arkansas is having a really big immigrant issue. I work at a women's clinic, and we had a patient come in who'd been in the country for",835891,22760,1061,13728,2479
2024-11-05T16:58:49.000Z,UWDAction,False,False,"Project 2025 is a clear plan to weaponize the federal government in order to destroy our immigrant communities, and we won’t accept it. All people, regardless of immigration status, should have the right to move and live freely.",3350,46,2,27,7
2024-11-08T19:23:55.000Z,Bubblebathgirl,True,False,"Woman says that it’s sad her immigrant mom now worries she needs to carry her passport to prove she’s a citizen and avoid mass deportations.

That is sad. Blame illegal immigrants.",21092,771,396,158,23
2024-08-15T07:13:09.000Z,ImMeme0,True,False,"If this doesn’t break your heart and piss you off at the same time, I don’t know what will.

This veteran, who worked hard to start her business and buy her food truck, is now sharing her story of selling it to an illegal immigrant who has no credit or savings but is able to",3059183,83794,8496,39445,6773
2024-02-27T01:51:29.000Z,RNCResearch,True,False,Democrat Rep. Katie Porter on the murder of 22-year-old Laken Riley by an illegal immigrant: “The important thing to focus on is any one instance shouldn’t shape our overall immigration policy”,1851159,2612,2434,1610,190
2024-01-25T02:55:00.000Z,glennbeck,True,False,"Do Doctors Without Borders and the Red Cross know that by handing out detailed maps of how to get to the US border, they're contributing to human trafficking and allowing cartels to make $2000 per illegal immigrant? Do they know terrorists could be using these routes?",142925,6622,302,3457,237
2024-07-28T11:28:59.000Z,TRUMP_ARMY_,True,False,"Do you support Donald Trump using the miIitary to help Mass Deport every illegal immigrant ?

A. YES 
B. NO",487846,30111,11863,3910,115
2024-10-29T18:26:54.000Z,BehizyTweets,True,False,"WATCH: Democrat voters said Republicans hate immigrants, and a LEGAL Haitian Republican immigrant stepped up and crushed all of them

""Democrats are at a point right now where they are shipping a bunch of illegal immigrants... We have CRIMINALS from my own country traveling here",1300079,42656,577,11849,5699
2023-10-01T11:30:37.000Z,NHPUKOfficial,False,False,"Immigrant family lands in UK & are found a Council flat in just 2 weeks.

Millions of Brits have been waiting for years on social housing waiting lists. 

NHPUK campaign to stop permanent settlement immigration & to completely stop accepting refugees for citizenship. 

#JoinNHPUK",724339,5470,850,3403,260
2024-08-29T15:46:51.000Z,trumprealparody,True,False,"Do you support Me using the miIitary to MASS DEPORT every illegal immigrant ? 

A. YES
B. NO",168546,14221,6675,1935,60
2024-06-28T18:05:00.000Z,DailyLoud,True,False,Illegal immigrant fatally shoots and kills 2 workers at Texas Chick-fil-A.,5850923,47004,1542,3462,2734
2024-08-27T00:30:22.000Z,robbystarbuck,True,False,"Politico reports that California Democrats are likely to pass a bill granting up to $150,000 to each illegal immigrant to help them buy a house.

No, I’m not joking. Meanwhile homeless veterans and young families get nearly no help.

Politico’s headline is disgusting too. They",116461,3113,250,1456,140
2024-03-21T00:02:03.000Z,tariqnasheed,True,False,"A suspected illegal immigrant in NYC allegedly tried to snatch a sista's purse while he was on a scooter. And he ended up with ""black & brown"" bruises on his face.

He realized that them New York women aint really the soft targets he thought they were",303699,2900,468,871,425
2018-04-25T13:33:58.000Z,Maria_Hinojosa,False,False,"Come on 
@nytimes
 There is no such thing as an “illegal” immigrant or “illegal” human being. A person, an immigrant, may have gotten to or stayed in a country illegally but the person is not “illegal”.",0,432,12,171,0
2024-11-09T14:21:32.000Z,thenyic,False,False,"On November 7, immigrant NYers and their allies took to the streets to let the next President know that they are stronger. ",0,23,6,13,1794
2024-11-07T01:58:30.000Z,HaitianBridge,False,False,"The road ahead will not be easy but we knew this never would be easy. With each new admin we have fought back against hateful, anti-immigrant threats + we will continue to fight back. Today we took a deep breath. Tomorrow, the fight for dignity, compassion, + justice continues",3742,79,1,28,4
2024-11-08T15:20:52.000Z,jonatanpallesen,True,False,"Immigrants from the Middle East and Northern Africa cost Denmark on average $11,000 per immigrant per year. This is over half a million dollars over a lifetime, for every immigrant.

And the descendants are even costlier!

This is a uniquely bad policy.",1832,31,4,3,10
2024-11-05T22:32:00.000Z,ReadTheLion,True,False,An illegal immigrant man was arrested in New York after allegedly raping a 5-year-old girl.,10293,70,1,39,4
2023-12-26T05:00:09.000Z,OliviaTroye,True,False,"Some keep telling me to go back to Mexico. It’s what happens when a fmr President cranks up his ugly anti-immigrant rhetoric again. I was born here. My mom & family immigrated here. She became an American citizen. They worked their asses off as migrant farm workers, long distance",692905,16910,1163,2204,162
