timestamp,username,icon-verified,fact-checked,text,views,likes,replies,reposts,bookmarks
2024-11-21T22:03:04.000Z,Am4ImmJustice,False,False,"It's #GiveMiamiDay. Your donation will help us give our immigrant community the chance for a better life. W Visit http://givemiamiday.org/aijustice
#GMD #GiveMiamiLove #immigration",0,0,2,62,0
2024-11-21T19:41:43.000Z,BiggestGames_,False,False,"The beginning of THE INITIATION is suppose to make you feel like an immigrant who just landed in foreign land. 

#gamedev #indiedev #ps1 #retro",488,26,1,5,4
2024-11-15T21:02:33.000Z,freespeechtv,True,False,"Mass immigrant deportations. Threats of denaturalization. A deliberate attack on the diverse fabric of America. The stakes have never been higher. 

#ThisWeekInWhiteSupremacy #Immigration",0,333,1,5,0
2024-11-21T05:49:23.000Z,ImmigrantCrimes,True,False,"More detail on past crimes in Herndon, including the previously known recent indecent exposure conviction but also an assault on a police officer that was downgraded by the Fairfax County Attorney 
@SteveDescano
.

Still no word from ICE.",4619,52,1,24,3
2024-11-20T17:22:46.000Z,_NavyBrat,True,False,"Praying #LakenRiley's
soul is now at Peace 
RIPBeautiful Angel
Prayers for her Family who can now start their healing journey knowing justice was served  


Venezuelan Tren de Aragua (TDA) gang member and illegal immigrant Jose Ibarra, who brutally murdered Laken",4308,45,7,21,6
2024-11-22T00:59:59.000Z,Dateline_DC,False,False,"The horrors of Biden's border record continue to emerge - including the the placement of immigrant kids with people who are likely exploiting them.
@ExJon
 says this is more glaring evidence that open borders are not compassionate at all.

Full Podcast: https://spreaker.com/episode/school-choice-success-biden-s-border-horrors-huge-government-waste-lefties-leaving-twitter--62958936…",0,2,8,29,3954
2024-11-20T23:08:54.000Z,DefiyantlyFree,True,False,Chicago Mayor Johnson says he will protect the black community from Trump. The black community in Chicago says they are tired of being used to push the illegal immigrant agenda.,93132,4279,416,1244,120
2024-11-21T21:48:35.000Z,MCTXSheriff,True,False,MCTXSheriff Arrests Fleeing Illegal Immigrant for Child Sexual Abuse https://ocv.im/GN0wcIg,0,752,8,23,0
2024-11-20T20:56:29.000Z,Congressman_JVD,True,False,"The Biden Administration has lost at least 150,000 immigrant children because of their failures at our border.
 
Others have been placed with sponsors with criminal backgrounds.
 
This is evil. Pure and simple.",15843,462,37,175,10
2024-11-15T19:46:06.000Z,TrumpDailyPosts,True,False,"From Tom Homan 
@RealTomHoman
 Border Czar

60 Minutes ""I hear a lot of people say, 'The talk of a mass deportation is racist.  It's threatening to the immigrant community,

Homan “It should be threatening to the ILLEGAL immigrant community.”",102169,3898,107,870,88
2024-06-23T20:37:15.000Z,4Mischief,True,False,Should Joe Biden be held accountable for these illegal immigrant crimes?,204301,13022,1760,2819,69
2024-09-09T17:08:51.000Z,CubanOnlyTrump,True,False,"JUST ANNOUNCED :Kamala Harris ""We extended Temporary Protected Status to over 100,000 Haitian Migrants. They need support.""

Aiden Clarke an 11-year-old was kiIIed on his way to school in Springfield, Ohio.  

His kiIIer was a Haitian illegal immigrant that Kamala FLEW in.

Never",1360573,21955,2068,16351,1294
2024-09-10T00:03:45.000Z,KFILE,True,False,"Our report on CNN tonight: NEW on CNN: On a 2019 ACLU questionnaire Kamala Harris said she supported taxpayer-funded gender transition surgeries for detained immigrants, decriminalizing drug possession, and drastic cuts to ICE along with a pledge ""end' immigrant detention.",1292347,7010,822,3193,804
2024-08-31T02:35:21.000Z,ShadowofEzra,True,False,Nancy Pelosi just told Bill Maher that she plans to grant citizenship to every illegal immigrant and give them free housing—paid for by hardworking American taxpayers.,3557918,12580,2109,6925,2518
2024-09-12T01:58:31.000Z,dom_lucre,True,False,"BREAKING NEWS: A Haitian immigrant was caught trying to steal and eat a cat. 

""Here in Chile, we don't eat cats""",330985,6950,213,2348,754
2024-09-18T15:51:48.000Z,RepCarlos,True,False," I will NOT be intimidated by the socialist Democrats.

The left calls anyone who supports border security & legal immigration a racist.

I’m a Cuban exile and legal immigrant to this country — that bull WILL NEVER fly with me.",898173,47589,1250,14508,2460
2024-10-27T23:52:43.000Z,60Minutes,True,False,"""I hear a lot of people say, 'The talk of a mass deportation is racist.  It's threatening to the immigrant community,'"" says Tom Homan, Trump’s former acting director of immigration enforcement. He argues it should only “be threatening to the illegal immigrant community.”",1501294,22891,1611,3749,1594
2024-11-15T15:41:00.000Z,Geiger_Capital,True,False,"Opening statement in Laken Riley trial…

She was on her morning jog. She was found by police with her skull bashed in by a rock, body exposed, pants pulled down. Her killer is a Venezuelan illegal immigrant let into the country unvetted in 2022.

Bring back public hangings.",844751,10492,234,1842,290
2024-11-20T18:38:08.000Z,ashleyhayek,True,False,"Jose Ibarra, an illegal immigrant, GUILTY. This horrific crime never should’ve happened to Laken Riley—illegal immigration puts lives at risk. We MUST secure the border to stop these senseless tragedies.",0,27,3,7,1055
2024-11-21T14:01:00.000Z,dailychartbook,True,False,"""Out of [11.9 million construction workers], 8.9 million were native-born, and 3 million were foreign-born, the highest number of immigrant workers in construction ever recorded by the ACS.""
@NAHBhome",2834,11,1,6,4
2024-11-20T18:11:52.000Z,Policies4Action,False,False,"6 new research projects exploring impacts of local policy on immigrant communities' economic stability, healthcare access & social inclusion. 

Funded by 
@RWJF
, with admin by 
@UrbanInstitute
, this research advances #HealthEquity for all. 

Learn more:",0,323,3,5,0
2024-02-27T01:58:04.000Z,nicksortor,True,False," JUST IN: Democrat Rep. Katie Porter says college student Laken Riley’s de*th at the hands of an ILLEGAL IMMIGRANT should NOT influence our overall immigration policy.

This is INSANITY.

Violent illegals from all over the world are FLOWING through our southern border, while",1110084,18103,2765,6277,378
