timestamp,username,icon-verified,fact-checked,text,views,likes,replies,reposts,bookmarks
2024-09-03T22:27:18.000Z,DineshDSouza,True,False,"This video has been confirmed to be real from Culver City Police. 

A team of YouTubers who catch scammers recorded an interaction with Culver City PD where the officers refuse to arrest an illegal immigrant, who committed a crime, because they said Culver City is a sanctuary",325483,8886,606,5789,697
2024-09-09T17:08:51.000Z,CubanOnlyTrump,True,False,"JUST ANNOUNCED :Kamala Harris ""We extended Temporary Protected Status to over 100,000 Haitian Migrants. They need support.""

Aiden Clarke an 11-year-old was kiIIed on his way to school in Springfield, Ohio.  

His kiIIer was a Haitian illegal immigrant that Kamala FLEW in.

Never",1359919,21977,2073,16347,1297
2024-08-15T13:01:16.000Z,WallStreetApes,True,False,"ALL OF AMERICA, LISTEN TO THIS 

American Business owner is selling her food truck. Illegal immigrant shows up with paperwork that he is getting funding to purchase her truck with NO MONEY in the bank and NO CREDIT

She speaks with the bank and is told it’s COMMON, Illegal",1592004,32759,2428,15710,4417
2024-08-15T21:42:47.000Z,TheRightMelissa,True,False,"Wow! Black Business woman has a message for Kamala Harris. 

She sobs after having to sell her food truck which was bought by an illegal immigrant who got free money from the Harris/Biden Administration.",222320,4168,411,1975,359
2024-02-06T21:34:25.000Z,w_terrence,True,False,"I might lose a lot of support after this 

IM GIVING UP MY AMERICAN CITIZENSHIP!!!!!! 

I’m changing my race to Mexican and I now identify as an illegal Immigrant after finding out New York City will be giving out 53 million dollars to migrants 

My new name is Paco Nacho",1491988,42231,4334,11114,962
2024-11-12T19:00:16.000Z,FoxNews,True,False,"‘KEEPING HIS WORD’: The mother of murdered Rachel Morin has full faith in Trump as he’s set to take charge of the border, promising to oust illegal immigrant criminals after her daughter was allegedly killed by one",91368,1130,60,163,14
2024-11-11T22:02:06.000Z,liz_churchill10,True,False,"MEET, the BORDER CZAR, 
@RealTomHoman
 

IF you’re an ILLEGAL IMMIGRANT…START PACKING.",18692,940,40,248,51
2024-11-13T02:15:03.000Z,fox13seattle,True,False,"This week, President-elect Donald Trump announced Tom Homan as his pick for ""border czar,"" reviving concerns among immigrant communities and advocacy groups nationwide.",0,1373,3,7,0
2024-08-20T05:48:42.000Z,RyanShead,True,False,"Dear Elon,

Here is the video you say doesn’t exist of Donald Trump saying there were very fine people on both sides after Charlottesville.

You keep saying X is this arbiter of truth, yet you spread lies to help Trump and conservatives.

You’re a former illegal immigrant who’s",5772085,38336,3280,12487,2312
2024-05-24T10:50:25.000Z,GoldingBF,True,False,"An immigrant nutter threatens to kill the police in London while they carry out an immigration raid on an illegal immigrant.
Scenes like this are extremely common now in our lawless and degenerate land.",222650,4730,918,2115,104
2024-08-28T14:01:52.000Z,EndWokeness,True,False,"BREAKING: The man in Philadelphia who gunned down and tried to kiII 8 innocent Americans is an illegal immigrant 

He's a MS-13 member from El Salvador",3552749,61268,2186,23985,2990
2024-03-09T23:34:30.000Z,kleavittnh,True,False,"President Trump on Laken Riley’s Killer: 

“I say he is an illegal alien, he is an illegal immigrant, he is an illegal migrant, and he should have never been in our country, and he wouldn’t have been under the Trump policies.”",108687,5893,285,1784,48
2024-06-18T02:22:56.000Z,GregAbbott_TX,True,False,"Texas captures the #1 most wanted criminal illegal immigrant.

He's now behind bars in Tarrant Co.

We continue our search for the other most wanted.",114556,9111,355,1694,54
2024-11-08T02:55:35.000Z,JustTheNews,True,False,Breaking: Federal judge strikes down Biden citizenship program aimed at immigrant spouses of US citizens,9073,190,5,45,9
2024-11-13T18:18:02.000Z,MatRoyer,True,False,"A migrant serial killer: the cinder block killer. 

An illegal immigrant from Cameroon attacked a homeless man in Rotterdam, leaving him in a coma.
Previously, he had killed in Lyon, Évry, Dijon and Strasbourg. He was arrested at Toulon station for assaulting a woman. He was",0,649,2,9,0
2024-11-14T20:28:05.000Z,ImmDefense,False,False," CLE training for NY attorneys next week: ICE detainers are a key part of the detention-to-deportation pipeline. We'll cover what ICE detainers are and how to navigate them in the context of New York's existing sanctuary laws (and their limits). JOIN US:
https://immigrantdefenseproject.org/cle-training-immigration-detainers-in-nyc-the-impact-on-state-criminal-cases-2/…",0,555,6,9,0
2024-11-13T15:42:53.000Z,sweethomemich,True,False,"MICHIGAN 

HAPPENING NOW: Drivers Licences to
ILLEGAL Immigrant and Renters Bill of
Rights.

Contact your legislators and ask them to vote NO! 

REMINDER: If these pass, we cannot just automatically reverse these until we have the MI Senate majority and the Governor",12007,479,38,416,26
2024-11-13T21:19:27.000Z,InTheThickShow,False,False,"Did a Haitian immigrant really vote multiple times in Georgia in #Election2024? 
@Maria_Hinojosa
 sets the record straight in 'La Mentirota,' a collab b/w 
@InTheThickShow
 and 
@Factchequeado
 

The truth: A Russian-backed fake video spread this misinformation ",0,1,11,12,1543
2018-04-25T13:33:58.000Z,Maria_Hinojosa,False,False,"Come on 
@nytimes
 There is no such thing as an “illegal” immigrant or “illegal” human being. A person, an immigrant, may have gotten to or stayed in a country illegally but the person is not “illegal”.",0,425,12,171,0
2024-11-08T16:20:26.000Z,DFBHarvard,True,False,"Remember when we said back in 2020 that Joe Biden was a ""Trojan Horse"" for the far out Left, or Progressives, or Marxists?

In 73 days, Joe Biden & Kamala Harris must leave the Whitehouse & Naval observatory. 

It can't come soon enough! ",366,12,3,4,1
2024-11-09T16:06:23.000Z,MrReynolds52,False,False,"Fascism begins now! If you want to see  the danger of someone who was once an illegal immigrant, look no further than Elon Musk Trump and Vance are now threatening to cut off support for NATO if any European country tries to regulate through THEIR LAWS Elon Musk’s platform X. 
@AP",15177,130,10,68,11
2024-11-11T18:42:35.000Z,CurtisHouck,True,False,"More 
@GiancarloSopo
 vs. CNN’s Maria Cardona, including Cardona insisting liberal Hispanic groups never came up with Latinx and Cardona falsely claiming there wasn't an uproar over Biden calling Laken Riley's alleged murder an illegal immigrant: 

Sopo: “[T]he Hispanic community",41869,300,8,82,22
2024-11-10T02:34:21.000Z,IzzyMSW,True,False,"Still at my office. Sometimes I like sitting in here in the quiet thinking about how far I’ve come. The daughter of a heroin addict father and Mexican immigrant mother, from a small border town. I now have my own practice and little office ",3048,172,11,1,2
