timestamp,username,icon-verified,fact-checked,text,views,likes,replies,reposts,bookmarks
2024-08-08T02:03:58.000Z,w_terrence,True,False," EVERYONE IN AMERICA SHOULD BE MAD!!

This Veteran is getting $23 dollars in food stamps but an illegal immigrant is getting $13,000 dollars

Yes this is real! I know people who receive $50 dollars.

This is happening under Kamala Harris and Joe Biden",312799,17620,1148,9947,591
2024-11-04T18:02:22.000Z,Snowflake_News,True,False,"JUST IN: Puerto Rican fitness influencer kidnapped and m*rdered by alleged illegal immigrant in Georgia.

24-year-old illegal alien Angel DeJesus Rivera-Sanchez is accused of m*rdering Puerto Rican native Minelys “Mimi” Rodriguez-Ramirez, 25.",1684,12,1,1,2
2024-07-20T10:01:15.000Z,TulsiGabbard,True,False,"The Democrat elite paints anyone who wants to stop illegal immigration and secure our borders as racist and “anti-immigrant.” They are either very very stupid and don’t understand the difference between legal and illegal immigration, or they’re  trying to foment division and",1172379,53821,1815,11336,840
2024-06-27T15:08:57.000Z,nicksortor,True,False," JUST IN: Yet ANOTHER illegal immigrant has been arrested and charged with the r*pe of a 15 year old girl

BIDEN IS RESPONSIBLE.

President Trump needs to hit him HARD on this tonight. The American people need to know.",621706,18650,622,7994,302
2024-03-06T13:24:24.000Z,BPUnion,True,False,"Arresting illegal aliens who crash the border...illegally...is deemed ""anti-immigrant"" by Arizona Gov Katie ""Veto"" Hobbs.

Let that sink in for a moment.",81759,4728,420,1971,70
2024-03-21T00:02:03.000Z,tariqnasheed,True,False,"A suspected illegal immigrant in NYC allegedly tried to snatch a sista's purse while he was on a scooter. And he ended up with ""black & brown"" bruises on his face.

He realized that them New York women aint really the soft targets he thought they were",303639,2903,468,872,426
2024-11-06T05:49:26.000Z,MGF91,False,False,My feelings as a Mexican immigrant right now,44603,458,25,19,22
2024-06-09T16:23:58.000Z,dom_lucre,True,True,"BREAKING: Anti-immigrant Malachy Steenson has been elected in Dublin Parliament, his goal is to provide ‘a safe future for his children.’ By addressing the growing problem of immigration in the EU, in short to prevent ‘The Great Replacement.’",504568,7859,219,1445,146
2024-08-22T21:30:02.000Z,TheBabylonBee,True,False,Oprah Surprises DNC Attendees With Free Gift Under Each Seat: Their Own Illegal Immigrant https://buff.ly/4dyJGQu,1095024,39343,621,7914,401
2024-05-18T19:53:25.000Z,ImMeme0,True,False,"“It’s very traumatic… No. No good Rochester.” says an illegal immigrant from El Salvador.

Yaniry Pena came to the U.S. with her children a year ago.

She lived for FREE in NYC hotel for 4 months. Then she and her children were relocated to a FREE apartment in Rochester, NY.",1048145,8529,3521,3367,556
2024-07-17T06:59:55.000Z,commons96055467,True,False,"Can I be honest with you. As an immigrant citizen, tonight I’m ashamed of America. Watching the Republican Convention, every speaker is demonizing me as non human because I’m brown. When I took the pledge of allegiance at my citizenship ceremony, the honorable judge said to be",2629733,32267,12523,8230,589
2024-05-19T19:41:40.000Z,robbystarbuck,True,False,"An illegal immigrant has been arrested in Campbell County, Virginia for raping a child.

His name is Hiuder Pedro Javier Sacul Caal.

How many children need to be raped or die before our politicians start mass deportations?",159119,8701,420,5220,108
2024-04-18T17:59:26.000Z,robbystarbuck,True,False,"A 40 year old illegal immigrant to the UK was set for deportation but the flight crew refused to deport him.

He then made news holding a sign that said ""migrants are not criminals"" at a detention center. He got to stay in the UK.

Now he’s brutally raped a 15 year old girl.

The",1100868,34973,1068,12249,1577
2024-05-24T15:09:46.000Z,KatieDaviscourt,True,False," MEET THE JUDGE: This is Judge Richard Okrent of the Snohomish County Superior Court — north of Seattle.

He reduced bail for an illegal immigrant accused of killing a WSP Trooper in March.

The $1 million bail was too harsh for the judge so he reduced it to $100k citing that",144381,6971,307,4138,141
2024-11-06T15:26:23.000Z,camiinthisthang,True,False,The idea that every Latino is an illegal immigrant and therefore retarded for voting for trump is insane btw,7117,94,7,19,3
2024-07-23T13:24:24.000Z,brixwe,True,False,"Uh oh. Mayorkas is upset and is banning the term ""illegal immigrant"".  Ok, how about ""invader""?",107241,3881,4911,1771,54
2024-07-31T23:11:35.000Z,CollinRugg,True,False,"NEW: Illegal immigrant gets a ""friendly"" welcome to the United States after getting smuggled into the country by jet ski.

""Yeah! Stealing another job!"" a man yelled.

The incident happened at Sunset Cliffs in San Diego, California, approximately a 17-mile ride by water from the",10299244,12458,949,2873,2920
2024-01-04T04:54:37.000Z,BigBlueWaveUSA,True,False,"In the 2024 election, Republicans will run on the border/immigrant invasion/caravans.
But ask for THEIR solution. This reporter asked Ted Cruz and got no answer / hostility and a “You don’t get to argue with me” response.
The GOP WANTS this - to run on it.",554210,12610,1852,4916,341
2024-05-05T15:30:49.000Z,robbystarbuck,True,False,"The Chicago Teachers Union is demanding a new contract that pays for free abortions, $2,000 for each illegal immigrant, for unused schools to be turned into migrant homes, they want the ability to lie to parents about their kid’s gender identity and $50 billion in wage hikes to",260379,5437,432,2638,405
2024-11-07T18:36:07.000Z,KDJRadioShow,True,False,"An illegal immigrant in Mass. raped a 15-year-old disabled girl and got out on $500 bail. 

A 14-year-old boy was kicked out of school for wearing a shirt that said ""There are only two genders""
Massachusetts, you get what you vote for.  It's on you.",11405,296,15,112,13
2024-08-23T02:47:23.000Z,bennyjohnson,True,False,"KAMALA HARRIS: ""I believe everyone has a right to safety, to dignity, and to justice."" 

Unless you’re a victim of brutality from an illegal immigrant.",301608,17591,1302,4575,125
2024-11-11T01:17:38.000Z,AntiWuCoalition,True,False,"If you are a legal immigrant you have nothing to fear. 

If you are an ILLEGAL immigrant. Your time is coming. You can run but you can’t hide and you WILL be getting DEPORTED. 

Citizens of the commonwealth, you can also do your part by reporting all illegal aliens to ICE!",18723,880,82,113,9
2024-11-11T06:21:57.000Z,geokaren,False,False,Elon was an illegal. Immigrant,0,287,2,6,0
2024-11-04T02:00:58.000Z,GrahamAllen_1,True,False,"THIS IS DESPICABLE!!!!

Puerto Rican influencer was M*RDERED by an illegal immigrant!

Mark my words...

America is NOT safe under Kamala Harris!

Here is what Breitbart is reporting:

""Angel DeJesus Rivera-Sanchez, a 24-year-old ",12846,621,29,407,16
