timestamp,username,icon-verified,fact-checked,text,views,likes,replies,reposts,bookmarks
2024-09-09T17:08:51.000Z,CubanOnlyTrump,True,False,"JUST ANNOUNCED :Kamala Harris ""We extended Temporary Protected Status to over 100,000 Haitian Migrants. They need support.""

Aiden Clarke an 11-year-old was kiIIed on his way to school in Springfield, Ohio.  

His kiIIer was a Haitian illegal immigrant that Kamala FLEW in.

Never",1359677,21990,2074,16366,1300
2024-03-11T18:39:48.000Z,MattWalshShow,True,False,"Haiti Descends Into Chaos As Our Borders Remain Wide Open

TIMESTAMPS:

00:00 - 00:30 Opening
1:55 - 15:31 Haiti Descends Into Chaos As Our Borders Remain Wide Open
16:28 - 27:52 Biden Refuses To Condemn Illegal Immigrant Who Murdered Laken Riley
27:53 - 39:30 Jimmy Kimmel",11137719,5307,507,1501,993
2024-05-23T13:53:58.000Z,kunley_drukpa,True,False,Illegal Immigrant from Turkey is shocked by lack of security on US Border he just illegally crossed,15708811,21052,560,4207,5640
2024-08-15T21:42:47.000Z,TheRightMelissa,True,False,"Wow! Black Business woman has a message for Kamala Harris. 

She sobs after having to sell her food truck which was bought by an illegal immigrant who got free money from the Harris/Biden Administration.",222285,4169,411,1974,359
2024-11-05T16:58:49.000Z,UWDAction,False,False,"Project 2025 is a clear plan to weaponize the federal government in order to destroy our immigrant communities, and we won’t accept it. All people, regardless of immigration status, should have the right to move and live freely.",3347,46,2,27,7
2024-11-09T16:06:23.000Z,MrReynolds52,False,False,"Fascism begins now! If you want to see  the danger of someone who was once an illegal immigrant, look no further than Elon Musk Trump and Vance are now threatening to cut off support for NATO if any European country tries to regulate through THEIR LAWS Elon Musk’s platform X. 
@AP",15128,139,10,68,11
2024-11-08T02:55:35.000Z,JustTheNews,True,False,Breaking: Federal judge strikes down Biden citizenship program aimed at immigrant spouses of US citizens,9050,190,5,45,9
2024-11-09T14:21:32.000Z,thenyic,False,False,"On November 7, immigrant NYers and their allies took to the streets to let the next President know that they are stronger. ",0,23,6,13,1786
2024-11-11T19:05:17.000Z,immcouncil,False,False,"Happy Veterans Day! Today, we honor the brave men and women who have served our nation with unwavering courage and sacrifice. We also wish to highlight and celebrate the immigrant veterans who have served our country. Thank you for your service! #VeteransDay",715,10,1,6,1
2024-11-07T17:40:17.000Z,HaitianBridge,False,False,"This is not the time to sit back. As we enter a new era, our immigrant communities need us to show up. The Haitian Bridge Alliance is not backing down. To everyone who has been with us, and believes in being on the right side of history — let’s get to work.",2904,66,4,34,3
2024-11-10T22:24:31.000Z,Baklava_USA,True,False,"Who thinks Dana Bash should VOLUNTEER to:
1) Shave her head
2) House an illegal immigrant from Venezuela
3) Take all of our JABS
4) Learn MATH

Jim Jordan does a bang up job here schooling the illiterate Dana Bash

BTW - TRUMP WON",18019,620,50,225,29
2024-11-05T13:50:47.000Z,Lovea2ndbaseman,True,False,"I voted to end Fentanyl coming over our border.
      My son is a recovering addict.

I voted to end taxes on Social Security.
      My dad is 93 years old.

I voted to deport illegal immigrant murderers.
      My daughter is a college student.

I voted for low taxes on",25602,654,20,112,20
2024-11-10T13:12:44.000Z,stillgray,True,False,Do whatever you want all the time (if you’re an illegal Immigrant). Welcome to the UK.,26291,210,22,34,8
2024-11-11T23:25:39.000Z,FoxNews,True,False,"'TRAGIC LOSS': The mother of Rachel Morin, who was allegedly murdered by an illegal immigrant while out jogging last year, says her family is thankful for President-elect Trump's commitment to making border security ""a national priority.” https://trib.al/LGJt9Qb",94708,1215,60,169,11
2024-06-28T18:05:00.000Z,DailyLoud,True,False,Illegal immigrant fatally shoots and kills 2 workers at Texas Chick-fil-A.,5850882,47008,1542,3461,2734
2024-08-28T14:01:52.000Z,EndWokeness,True,False,"BREAKING: The man in Philadelphia who gunned down and tried to kiII 8 innocent Americans is an illegal immigrant 

He's a MS-13 member from El Salvador",3552659,61314,2187,24000,2995
2024-09-12T06:06:09.000Z,DefiyantlyFree,True,False,"Daughter of Haitian immigrant confirms ABC is lying about Springfield, Ohio.

The Harris campaign is the titanic and the iceberg is approaching.",592663,17925,556,8114,2146
2024-08-10T15:56:15.000Z,Shunyaa00,True,False," UK : Mohammed Sina, 30, illegal immigrant from Iran, attempted to rape 12-year-old British girls. Caught and arrested. Mohammed was previously in jail for assault and robbery.",365117,7935,788,4252,447
2024-11-05T19:24:02.000Z,latimes,True,False,Meet the Mexican immigrant working at a Trump hotel and canvassing for Harris in Las Vegas,15567,82,29,29,4
2024-11-09T21:17:03.000Z,MTGrepp,True,False,"HOLY SH*T  Illegal Immigrants have taken over the Streets of New York to protest Deportations

This make it VERY easy for Donald Trump to know who to Deport. Please keep track of these people 

MASS DEPORT EVERY ILLEGAL IMMIGRANT ",670320,24342,2731,6222,447
2024-11-12T01:35:38.000Z,Jerone4Congress,True,False,Please don't separate illegal immigrant families. Send them back together.,0,71,4,11,1025
2024-11-07T11:10:02.000Z,CrownMaybe,True,False,"This is doubly funny because Greene's district has large Mexican/Latin American, Indian, and Korean immigrant populations.",0,14,2,4,652
2024-11-07T13:59:00.000Z,RyanMattaMedia,True,False,"We went undercover searching for illegal immigrant gangs and uncovered one of the largest open-air prostitution rings in the United States. 
@eyeoftheSTORMsd",13025,628,21,486,143
