timestamp,username,icon-verified,fact-checked,text,views,likes,replies,reposts,bookmarks
2024-05-29T13:17:47.000Z,SUBRATA30016572,True,False,"Governor Kristi Noem just said, ""I want every single illegal immigrant sent back to their home country."" 

What's your reaction?",108933,13599,3608,2221,31
2024-07-20T10:01:15.000Z,TulsiGabbard,True,False,"The Democrat elite paints anyone who wants to stop illegal immigration and secure our borders as racist and “anti-immigrant.” They are either very very stupid and don’t understand the difference between legal and illegal immigration, or they’re  trying to foment division and",1174015,53766,1813,11318,838
2024-08-31T02:58:21.000Z,stillgray,True,False,"Nancy Pelosi revealed to Bill Maher her outrageous plan to not only grant citizenship to every illegal immigrant but also to provide them with free housing, all on the dime of the hardworking American taxpayer. Cool cool cool.",1652635,19389,2660,7225,2170
2024-06-18T02:22:56.000Z,GregAbbott_TX,True,False,"Texas captures the #1 most wanted criminal illegal immigrant.

He's now behind bars in Tarrant Co.

We continue our search for the other most wanted.",114567,9112,355,1694,54
2024-09-08T12:43:52.000Z,WallStreetApes,True,False,"Illegal Migrants Are “Gaming The System” Making A Fortune

Illegal immigrant explained how they get $2,000 each time they cross the border. He’s crossed 4x in a month & has made $8,000 from the Kamala Harris Administration
‌
Joe Rogan “What they're doing is this, it’s pretty wild",1233778,24438,652,12571,2765
2024-06-03T11:10:29.000Z,NMalliotakis,True,False," Two cops shot overnight in NYC (⁦
@AOC
⁩’s district) by an illegal immigrant living at a former Marriott, current migrant shelter at OUR expense. What will it take for Biden, Hochul & Adams to change their disastrous policies? It’s infuriating",184827,3405,384,1621,71
2024-07-28T11:28:59.000Z,TRUMP_ARMY_,True,False,"Do you support Donald Trump using the miIitary to help Mass Deport every illegal immigrant ?

A. YES 
B. NO",488036,30094,11855,3906,115
2024-04-25T21:36:09.000Z,ImMeme0,True,False,"JUST IN: Mexican illegal immigrant charged with sexually assaulting two young girls under 13 years old during home invasion in Michigan. 

Miguel Hernandez-Ruiz was arraigned on one county of felony home invasion and two counts of felony criminal sexual conduct in the first",211019,3919,410,2529,187
2024-05-22T02:42:59.000Z,BrandiKruse,True,False,The illegal immigrant who killed a Washington State Trooper just got his bail reduced – because his attorneys convinced a judge their client isn't a danger to the community.,255999,9210,774,6670,251
2024-11-15T15:30:47.000Z,HartPPC,False,False,"I am an immigrant.

A pause on immigration benefits everyone in Canada!

Our taxpayer funded services and private sectors will be less overwhelmed, therefore cheaper.

Healthy assimilation and development will reduce xenophobia, ethnic tensions, and protect cultures!",75088,740,109,156,18
2024-11-18T12:30:08.000Z,FoxNews,True,False,"'HORRIFIC': Defense attorney highlights how the overwhelming evidence in the Laken Riley murder trial against illegal immigrant suspect Jose Ibarra points to a conviction ""sooner rather than later."" The case unfolds in the aftermath of the 2024 election, where the surge of",142389,320,48,78,9
2024-11-12T22:04:26.000Z,gale_kc,True,False,"Teachers can’t talk about illegal immigrant “New Americans” taking up seats in the class on social media in Weber County School District, Utah?! 

Why on earth are they are trying to limit the free speech on social media for teachers and school district staff! 

What is this,",10899,203,35,85,9
2024-11-12T08:08:04.000Z,DominiqueBilde,False,False,"République bananière:
S'il était Portugais, il serait arrêté, 
et comme il est immigrant, 
il serait libéré. 
Le pays que nous sommes en train de devenir est incroyable. #SalvarPortugal
#Immigration ",0,287,2,2,0
2024-11-18T22:00:22.000Z,CALimmigrant,False,False,"  Join us TOMORROW MORNING at City Hall to urge the Los Angeles City Council to protect immigrant communities and pass the #SanctuaryOrdinance 

 8:30am: press conference 
 10:00am: public comment
 200 N Spring St, Los Angeles, CA 90012 

 #DemocracyInAction",2911,6,3,5,1
2024-11-13T02:30:05.000Z,soli_Jesum,True,True,There is no such thing. Every illegal immigrant is committing a crime being here.,0,14,1,4,312
2024-11-15T14:03:03.000Z,pastordhm,False,False,Praying for Laken’s family as they continue to walk thru the nightmare of the failed .Gov protection and practices that led to her loss not to mention having to face this predator in a courtroom.,1960,28,4,6,1
2024-11-14T04:28:17.000Z,BadaBing1488,False,False,"POV: The newly formed Trump empire lead by DJT, Matt Gaetz, JD Vance, Tom Homan and Stephen Miller will instill fear in the hearts of every single illegal immigrant in the United States of America",0,14,1,5,398
2024-11-20T12:47:02.000Z,ShenandoahWrit1,True,False,"Yes. That is exactly how we  have 323,000 illegal immigrant children unaccounted for inside the U.S. and how we have U.S. made long-range missiles launched into mainland Russia. Proud of this administration, Ana?",0,144,3,15,0
2024-11-12T04:20:00.000Z,FightFactory,True,False,An illegal immigrant shows dirty hand gestures and then gets hit with a lethal jaw-cracking elbow.,516238,4194,43,91,296
2024-11-15T20:26:03.000Z,SULLY10X,True,False,"Every illegal immigrant here is a criminal. 

Never forget that she tried to change the definition of illegal immigrants. One of Kamala’s greatest mistakes. ",1189,26,4,10,2
