timestamp,username,icon-verified,fact-checked,text,views,likes,replies,reposts,bookmarks
2024-11-14T03:39:20.000Z,PatrioticMedia1,False,False,"PATRIOTIC DOCTORS BACK RAMATHUBA
Patriotic doctors including the outspoken 
@MikeRamothwala
 are giving their support to 
@PhophiRamathuba
 who is facing prosecution by #HPCSA for telling an illegal immigrant that Mnangagwa should be the one to take care of Zimbabwean patients.",36711,971,89,279,10
2024-11-10T22:24:31.000Z,Baklava_USA,True,False,"Who thinks Dana Bash should VOLUNTEER to:
1) Shave her head
2) House an illegal immigrant from Venezuela
3) Take all of our JABS
4) Learn MATH

Jim Jordan does a bang up job here schooling the illiterate Dana Bash

BTW - TRUMP WON",18112,620,50,225,29
2024-11-13T02:15:03.000Z,fox13seattle,True,False,"This week, President-elect Donald Trump announced Tom Homan as his pick for ""border czar,"" reviving concerns among immigrant communities and advocacy groups nationwide.",0,1363,3,7,0
2024-11-09T21:17:03.000Z,MTGrepp,True,False,"HOLY SH*T  Illegal Immigrants have taken over the Streets of New York to protest Deportations

This make it VERY easy for Donald Trump to know who to Deport. Please keep track of these people 

MASS DEPORT EVERY ILLEGAL IMMIGRANT ",671719,24337,2728,6223,446
2024-11-11T23:49:13.000Z,its_The_Dr,True,False,"""I hear a lot of people say, 'The talk of a mass deportation is racist.  It's threatening to the immigrant community,'"" says Tom Homan, Trump’s former acting director. He argues it should only “be threatening to the illegal immigrant community.”",5443,179,5,53,1
2024-09-09T17:08:51.000Z,CubanOnlyTrump,True,False,"JUST ANNOUNCED :Kamala Harris ""We extended Temporary Protected Status to over 100,000 Haitian Migrants. They need support.""

Aiden Clarke an 11-year-old was kiIIed on his way to school in Springfield, Ohio.  

His kiIIer was a Haitian illegal immigrant that Kamala FLEW in.

Never",1359852,21986,2073,16359,1297
2024-03-19T13:48:15.000Z,Jessica_4_Trump,False,False,"Andi Lynn Blair was hit while riding her tricycle by an illegal immigrant who fled the scene.  She was 5 days away from celebrating her 4th birthday.  

The illegal immigrant was heading for the South Carolina border when he was caught by police and arrested.  

This isn’t cherry",546812,18209,685,6570,325
2024-08-28T14:01:52.000Z,EndWokeness,True,False,"BREAKING: The man in Philadelphia who gunned down and tried to kiII 8 innocent Americans is an illegal immigrant 

He's a MS-13 member from El Salvador",3552709,61299,2186,23991,2993
2024-01-13T15:46:26.000Z,TheRubberDuck79,True,False,#KattWilliams and a mexican immigrant waving a mexican flag in the front row got into a heated live 4-minute exchange in front of the whole audience.,1047233,13723,756,4224,2539
2024-07-08T21:13:39.000Z,TheRabbitHole84,True,False,"Which households are on Welfare in the United States? Here is one estimate:

- 39% of native born
- 52% of legal immigrant
- 59% of illegal immigrant",451172,4613,287,2043,793
2023-10-01T11:30:37.000Z,NHPUKOfficial,False,False,"Immigrant family lands in UK & are found a Council flat in just 2 weeks.

Millions of Brits have been waiting for years on social housing waiting lists. 

NHPUK campaign to stop permanent settlement immigration & to completely stop accepting refugees for citizenship. 

#JoinNHPUK",724538,5468,850,3404,260
2024-06-25T13:22:00.000Z,carolvorders,True,False,"Tommy Robinson arrested as an illegal immigrant in Canada 

It’s Rwanda for you my boy 

This really is an election run up that just keeps on giving isn’t it ?",4808000,35269,4344,5775,773
2024-04-25T21:36:09.000Z,ImMeme0,True,False,"JUST IN: Mexican illegal immigrant charged with sexually assaulting two young girls under 13 years old during home invasion in Michigan. 

Miguel Hernandez-Ruiz was arraigned on one county of felony home invasion and two counts of felony criminal sexual conduct in the first",210859,3922,410,2531,187
2024-08-29T15:46:51.000Z,trumprealparody,True,False,"Do you support Me using the miIitary to MASS DEPORT every illegal immigrant ? 

A. YES
B. NO",168555,14226,6675,1936,60
2024-03-23T00:15:13.000Z,TaylerUSA,True,False,"Can’t make this up— On my flight home to DFW -> SLC I have an illegal immigrant (𝗔 𝗙𝗢𝗥𝗠𝗘𝗥 𝗦𝗢𝗟𝗗𝗜𝗘𝗥) from Venezuela seated next to me on 
@AmericanAir
 

Every time I fly back to SLC I have illegal immigrants on my flights.

Despite 
@GovCox
 claiming this is not",1017172,5586,307,2445,465
2024-01-31T19:46:43.000Z,WeThePeople021,True,False,"If an illegal immigrant is arrested for any crime,  should they automatically be deported from our country?",352518,19514,6326,2765,23
2024-03-04T13:00:18.000Z,SpeakerJohnson,True,False,"When asked about the tragic murder of Laken Riley by an illegal immigrant, Secretary Mayorkas visibly checked his talking points on how to deflect blame. 

Her killer should NOT have been allowed to enter the country and if the Administration had stopped him and turned him around",1060524,16487,5401,4605,246
2024-10-27T23:52:43.000Z,60Minutes,True,False,"""I hear a lot of people say, 'The talk of a mass deportation is racist.  It's threatening to the immigrant community,'"" says Tom Homan, Trump’s former acting director of immigration enforcement. He argues it should only “be threatening to the illegal immigrant community.”",1461122,21919,1556,3541,1564
2024-02-26T03:21:58.000Z,AmiriKing,True,False,"Of course you’d rather burn down cities over a crackhead that beat and robbed a pregnant woman and would later overdose on meth and fentanyl in police custody instead of an innocent University nursing student who was murdered by an illegal immigrant.

Fucking trash.",1081643,25315,929,3084,719
2024-08-22T21:30:02.000Z,TheBabylonBee,True,False,Oprah Surprises DNC Attendees With Free Gift Under Each Seat: Their Own Illegal Immigrant https://buff.ly/4dyJGQu,1095077,39332,621,7903,400
2024-11-06T22:15:30.000Z,PrinceJamesFan,True,False,Me showing the cop the Illegal immigrant in my class on January 20th.,4478894,70862,322,4044,5450
2024-06-25T13:32:11.000Z,supertanskiii,True,False,"Didn’t have ‘Tiny Tommy Robinson being arrested as an illegal immigrant’ on my satire is dead bingo card but you know, nothing is normal anymore.",247168,5729,252,733,41
2024-08-15T04:31:59.000Z,IvankaNews_,True,False,"BREAKING: Lauren Boebert said, ""I want every single illegal immigrant sent back to their home country."" 

Do you agree with Lauren Boebert?

A. YES
B. NO",71281,6391,1859,698,15
2024-03-10T00:06:52.000Z,GOP,True,False,Biden is apologizing to an illegal immigrant arrested for murder. President Trump will stop criminals from entering the country.,277550,3774,560,1185,84
