timestamp,username,icon-verified,fact-checked,text,views,likes,replies,reposts,bookmarks
2024-11-21T22:03:04.000Z,Am4ImmJustice,False,False,"It's #GiveMiamiDay. Your donation will help us give our immigrant community the chance for a better life. W Visit http://givemiamiday.org/aijustice
#GMD #GiveMiamiLove #immigration",0,0,2,44,0
2024-11-21T23:11:10.000Z,thenyic,False,False,"  HAPPENING NOW: We’re in Albany rallying with advocates, community members and elected officials for immigrant solidarity!",0,14,8,3,710
2024-11-20T16:25:40.000Z,ImmigrantCrimes,True,False," Fairfax County, VA: On Monday, Denis Humberto Navarette Romero was arrested for Abduction with Intent to Defile and Rape.

The Herndon PD Chief stated that he is a Honduran National and 
@fox5dc
 states that, ""[a]uthorities revealed that he is in the country illegally"".",266323,2306,175,1582,112
2024-11-15T21:02:33.000Z,freespeechtv,True,False,"Mass immigrant deportations. Threats of denaturalization. A deliberate attack on the diverse fabric of America. The stakes have never been higher. 

#ThisWeekInWhiteSupremacy #Immigration",0,330,1,5,0
2018-04-25T13:33:58.000Z,Maria_Hinojosa,False,False,"Come on 
@nytimes
 There is no such thing as an “illegal” immigrant or “illegal” human being. A person, an immigrant, may have gotten to or stayed in a country illegally but the person is not “illegal”.",0,420,12,171,0
2024-11-15T19:46:06.000Z,TrumpDailyPosts,True,False,"From Tom Homan 
@RealTomHoman
 Border Czar

60 Minutes ""I hear a lot of people say, 'The talk of a mass deportation is racist.  It's threatening to the immigrant community,

Homan “It should be threatening to the ILLEGAL immigrant community.”",102145,3897,107,870,88
2024-11-17T01:26:00.000Z,kellymccullen,True,False,"2025 Federal action is promised on undocumented/illegal immigration, but it's a top issue for NC legislators now.  A veto override could compel abt 10 county sheriffs to cooperate with ICE on immigrant detainer requests. 
@jay_chaudhuri
 discusses how it could play out. #ncpol",0,0,2,273,0
2024-11-15T15:41:00.000Z,Geiger_Capital,True,False,"Opening statement in Laken Riley trial…

She was on her morning jog. She was found by police with her skull bashed in by a rock, body exposed, pants pulled down. Her killer is a Venezuelan illegal immigrant let into the country unvetted in 2022.

Bring back public hangings.",840802,10485,233,1839,288
2024-11-20T17:34:38.000Z,NILC,False,False,"Harassment and threats against the Haitian community are escalating, stoked by hate speech from anti-immigrant extremists.

Check out our latest resource for steps you can take to protect yourself and your family: https://nilc.org/resources/know-your-rights-safety-tips/…

#KnowYourRights",0,5,2,4,595
2024-06-07T12:28:56.000Z,KeithWoodsYT,True,False," Foreigners are being bussed to election centers to vote in today's elections

Reminder that the government gave EVERY illegal immigrant and refugee the right to vote today",397393,5001,345,1236,386
2024-09-18T15:51:48.000Z,RepCarlos,True,False," I will NOT be intimidated by the socialist Democrats.

The left calls anyone who supports border security & legal immigration a racist.

I’m a Cuban exile and legal immigrant to this country — that bull WILL NEVER fly with me.",898165,47591,1250,14508,2461
2024-08-08T18:51:23.000Z,RyanShead,True,False,The only illegal immigrant influencing elections in the United States is Elon Musk.,534825,33807,698,10809,343
2024-08-31T02:35:21.000Z,ShadowofEzra,True,False,Nancy Pelosi just told Bill Maher that she plans to grant citizenship to every illegal immigrant and give them free housing—paid for by hardworking American taxpayers.,3557910,12579,2109,6927,2518
2024-08-15T13:01:16.000Z,WallStreetApes,True,False,"ALL OF AMERICA, LISTEN TO THIS 

American Business owner is selling her food truck. Illegal immigrant shows up with paperwork that he is getting funding to purchase her truck with NO MONEY in the bank and NO CREDIT

She speaks with the bank and is told it’s COMMON, Illegal",1592350,32751,2425,15696,4417
2024-05-27T21:25:44.000Z,AmyMek,True,False,"Islamized France....

A knife jihad attack took place yesterday in the metro system of Lyon, France that left four individuals injured. The Islamic attacker, Mustapha El Jemli, is an illegal immigrant from Morocco who was supposed to leave France in 2022 under an official order.",340792,6320,409,4297,405
2024-08-12T19:42:06.000Z,Mick_O_Keeffe,True,False,"This is insane!!

An Irish woman walking around a proposed immigrant plantation site is confronted by foreign men in balaclavas and told to leave.

If you can watch this video and it doesn’t ring alarm bells then I don’t know what to say.",1271573,25990,1805,10550,2147
2024-03-06T13:24:24.000Z,BPUnion,True,False,"Arresting illegal aliens who crash the border...illegally...is deemed ""anti-immigrant"" by Arizona Gov Katie ""Veto"" Hobbs.

Let that sink in for a moment.",81892,4727,421,1972,69
2024-08-10T15:56:15.000Z,Shunyaa00,True,False," UK : Mohammed Sina, 30, illegal immigrant from Iran, attempted to rape 12-year-old British girls. Caught and arrested. Mohammed was previously in jail for assault and robbery.",365824,7903,787,4239,441
2024-06-19T19:55:29.000Z,usanews0,True,False,"BREAKING: Tulsi Gabbard just said, ""I want every single illegal immigrant sent back to their home country.""

Do you agree with Tulsi?
YES OR NO ??",657269,62329,5064,5401,171
2024-08-23T16:00:39.000Z,AshleaSimonBF,True,False,"Illegal immigrant dances in the street with a knife.
Outside his taxpayer funded accommodation.
We are importing thugs, murderers and rapists.
Not doctors and engineers.
We need to deport every single illegal immigrant.
No wonder our children aren’t safe ",524880,12420,475,3394,249
2024-09-10T10:17:12.000Z,EuropeInvasions,True,False,"British woman describes immigrant who attacked and spat on her as a 'filthy migrant'

British police warn woman over her description.

What do you think?",159247,4287,930,1092,388
2024-11-19T13:24:21.000Z,Mindcite_US,False,False,"Repost if you see a bigger threat to America than every Muslim, Mexican, Haitian, Venezuelan, Black, brown and nonwhite immigrant.

Combined.",3605,269,4,221,7
