timestamp,username,icon-verified,fact-checked,text,views,likes,replies,reposts,bookmarks
2024-09-09T17:08:51.000Z,CubanOnlyTrump,True,False,"JUST ANNOUNCED :Kamala Harris ""We extended Temporary Protected Status to over 100,000 Haitian Migrants. They need support.""

Aiden Clarke an 11-year-old was kiIIed on his way to school in Springfield, Ohio.  

His kiIIer was a Haitian illegal immigrant that Kamala FLEW in.

Never",1360587,21952,2067,16350,1294
2024-09-08T14:55:46.000Z,amyforsandiego,True,False,"BREAKING: An illegal immigrant with a fake Green Card entered a San Diego military home and assaulted a 5-year-old girl. Thanks to Army veteran 
@thecorygoat
 and brave DHS whistleblowers, we now see how California’s sanctuary laws protect criminals while gaslighting Americans",976383,25486,443,14127,1171
2024-07-20T10:01:15.000Z,TulsiGabbard,True,False,"The Democrat elite paints anyone who wants to stop illegal immigration and secure our borders as racist and “anti-immigrant.” They are either very very stupid and don’t understand the difference between legal and illegal immigration, or they’re  trying to foment division and",1174393,53770,1813,11322,838
2024-10-28T18:52:15.000Z,CollinRugg,True,False,"NEW: Woman starts praising God after Florida police save her from being r*ped by an illegal immigrant who applied for asylum just one day earlier.

""Thank you Jesus!"" the woman cried after officers tackled the suspect.

The Florida woman reportedly called 911 while pretending to",4743511,67558,2753,21366,5387
2024-08-17T17:53:59.000Z,EuropeInvasions,True,False,"BREAKING

While Keir Starmer's security forces are busy catching patriotic Brits posting comments, a new illegal immigrant boat has arrived on the UK coast. They are all young men. 

Do you think it's too late for the UK?",1344616,21696,3821,8001,718
2024-11-21T22:03:04.000Z,Am4ImmJustice,False,False,"It's #GiveMiamiDay. Your donation will help us give our immigrant community the chance for a better life. W Visit http://givemiamiday.org/aijustice
#GMD #GiveMiamiLove #immigration",0,0,2,68,0
2024-11-21T19:41:43.000Z,BiggestGames_,False,False,"The beginning of THE INITIATION is suppose to make you feel like an immigrant who just landed in foreign land. 

#gamedev #indiedev #ps1 #retro",613,28,1,6,4
2024-11-20T20:56:29.000Z,Congressman_JVD,True,False,"The Biden Administration has lost at least 150,000 immigrant children because of their failures at our border.
 
Others have been placed with sponsors with criminal backgrounds.
 
This is evil. Pure and simple.",15911,464,37,175,10
2024-11-20T17:22:26.000Z,FaithandFreedom,True,False,"BREAKING: The illegal immigrant who brutally murdered Laken Riley has been found guilty on ALL charges.

We pray for Laken’s family, friends, and all who loved her. We must close our open border and prevent further senseless tragedies like these from taking place in our country.",0,383,4,9,0
2024-11-20T19:24:32.000Z,johnfgately,True,False,The type of sanctuary polices endorsed by Governor Healey and Mayor Wu invite crimes like the murder of Laken Riley to happen here in MA.  The rate of illegal immigrant crime should be 0%. #mapoli #bospoli #Natick,5344,279,5,80,2
2024-06-23T20:37:15.000Z,4Mischief,True,False,Should Joe Biden be held accountable for these illegal immigrant crimes?,204304,13022,1760,2819,69
2024-08-15T13:01:16.000Z,WallStreetApes,True,False,"ALL OF AMERICA, LISTEN TO THIS 

American Business owner is selling her food truck. Illegal immigrant shows up with paperwork that he is getting funding to purchase her truck with NO MONEY in the bank and NO CREDIT

She speaks with the bank and is told it’s COMMON, Illegal",1592368,32750,2425,15696,4417
2024-06-03T16:34:04.000Z,TrumpDailyPosts,True,False,"Biden Migrant Crime is out of control and is ravaging America! Last night, two brave NYPD officers doing their job were shot by a Monster Illegal Immigrant who came here illegally from Venezuela last year and was living in a tax-payer funded migrant shelter. Crooked Joe Biden has",79700,3860,494,1627,38
2024-09-13T16:50:05.000Z,CollinRugg,True,False,"JUST IN: Illegal immigrant arrested for m*rder after a family of four was found dead in their burning home in Irondequoit, N.Y.

Julio Cesar Pimentel Soriano, who was wanted in the Dominican Republic for m*rder in 2019, was arrested. 

Two toddlers and parents Fraime Ubaldo and",38707935,43977,3455,20919,4118
2024-07-05T21:35:12.000Z,Mick_O_Keeffe,True,False,"An Illegal immigrant from Malawi celebrates being regularised in Ireland by immediately flying home to get married and bring more people to Ireland. 

17,000 illegals were given amnesty by the current government.",170638,4517,457,2215,223
2024-11-22T00:59:59.000Z,Dateline_DC,False,False,"The horrors of Biden's border record continue to emerge - including the the placement of immigrant kids with people who are likely exploiting them.
@ExJon
 says this is more glaring evidence that open borders are not compassionate at all.

Full Podcast: https://spreaker.com/episode/school-choice-success-biden-s-border-horrors-huge-government-waste-lefties-leaving-twitter--62958936…",0,2,9,32,4043
2024-11-15T15:41:00.000Z,Geiger_Capital,True,False,"Opening statement in Laken Riley trial…

She was on her morning jog. She was found by police with her skull bashed in by a rock, body exposed, pants pulled down. Her killer is a Venezuelan illegal immigrant let into the country unvetted in 2022.

Bring back public hangings.",846905,10500,234,1841,290
2024-11-20T19:16:23.000Z,Anna_Giaritelli,False,False,"NEW: John Fabbricatore, retired ICE official

“What is wrong with illegal alien? It connotes no race, religion, or culture. It is a purely legal term that was hijacked in an Orwellian attempt to control the messaging about illegal immigration.”
@JohnE_Fabb",0,25,2,14,3137
2024-11-21T21:05:29.000Z,LtChrisOlivarez,True,False,"VIDEO: A smuggler driving a Honda Civic led 
@TxDPS
 Troopers on a pursuit along US-277 in Val Verde County. 

During the pursuit, the smuggler, Jose Rigoberto Perez Calderon, an illegal immigrant from El Salvador, drove on the wrong side of the road, almost crashing head-on with a",8324,208,11,101,13
2024-09-10T00:03:45.000Z,KFILE,True,False,"Our report on CNN tonight: NEW on CNN: On a 2019 ACLU questionnaire Kamala Harris said she supported taxpayer-funded gender transition surgeries for detained immigrants, decriminalizing drug possession, and drastic cuts to ICE along with a pledge ""end' immigrant detention.",1292351,7008,822,3193,804
2023-08-28T11:00:47.000Z,GoldingBF,True,False,Illegal immigrant men filming themselves in the vicinity of a migrant hotel somewhere in England. The ‘313’ at the top of the video is a unit of the Taliban.,275403,3365,517,2017,91
