timestamp,username,icon-verified,fact-checked,text,views,likes,replies,reposts,bookmarks
2018-04-25T13:33:58.000Z,Maria_Hinojosa,False,False,"Come on 
@nytimes
 There is no such thing as an “illegal” immigrant or “illegal” human being. A person, an immigrant, may have gotten to or stayed in a country illegally but the person is not “illegal”.",0,439,12,171,0
2024-03-06T13:24:24.000Z,BPUnion,True,False,"Arresting illegal aliens who crash the border...illegally...is deemed ""anti-immigrant"" by Arizona Gov Katie ""Veto"" Hobbs.

Let that sink in for a moment.",81752,4731,420,1971,70
2024-03-16T22:24:09.000Z,Liz_Wheeler,True,False,"TikTok just gave me a strike warning & removed this video. For being “hateful.”

Do you think it’s because I said “illegal immigrant” or “trans’ing kids”?",294212,13094,817,4604,263
2024-11-03T20:10:29.000Z,NJAIJ,False,False,"In the final days of election season, we are at the 
@NDLON
 Popular Assembly to prepare for 2025 immigration scenario planning.

We start by giving our flowers to our ancestors and movement elders who have paved the way on our fight for justice ",0,10,1,8,517
2024-08-22T21:30:02.000Z,TheBabylonBee,True,False,Oprah Surprises DNC Attendees With Free Gift Under Each Seat: Their Own Illegal Immigrant https://buff.ly/4dyJGQu,1095016,39348,621,7915,402
2024-09-30T18:23:28.000Z,benonwine,True,False,"Should the Royal Navy be ordered to turn the illegal immigrant boats around and stop the illegal invasion of Britain?

YES or NO",531690,27653,8067,2718,84
2024-05-30T07:40:30.000Z,WallStreetSilv,True,False,"ALERT:

Every American needs to hear this.

""$9000 roughly per illegal immigrant that taxpayers fronting""

That's more money than we spend per Medicaid beneficiary.

That's more than we spend for our  veterans, in the way of military, retirement benefits.

That's more than we",313796,6116,285,3030,621
2024-11-04T18:02:22.000Z,Snowflake_News,True,False,"JUST IN: Puerto Rican fitness influencer kidnapped and m*rdered by alleged illegal immigrant in Georgia.

24-year-old illegal alien Angel DeJesus Rivera-Sanchez is accused of m*rdering Puerto Rican native Minelys “Mimi” Rodriguez-Ramirez, 25.",1640,12,1,1,2
2024-11-06T17:30:05.000Z,persecutedsgin,False,False,Is anyone else having trouble logging into their Project 2025 account? I’m trying to get into the Illegal Immigrant reporting app but it’s not working,65008,1352,10,68,47
2024-03-11T14:06:08.000Z,nettermike,True,False,"Say his name. TRAVIS WOLFE was 11 years old and killed by an illegal immigrant driving without a license in Missouri. NOT a border state to the morons at MSNBC. Travis was a passenger in a jeep with his parents when a woman, here illegally from Venezuela, drove the wrong way at",292743,9710,565,5149,228
2024-04-16T16:33:34.000Z,sav_says_,True,False,"Welcome to the United States where our city parks are being overrun by illegal immigrant men. 

The city of NY is set to spend $12 billion through 2025 to take care of these men | 
@FrontlinesTPUSA",250368,7478,370,2489,285
2024-11-02T04:55:04.000Z,ighaworth,True,False,"If Peanut the Squirrel was an illegal immigrant who was dealing fentanyl and raping women, New York Democrats would give him $5,000 and a cell phone.",2165768,71023,569,10723,1395
2024-11-06T01:02:26.000Z,ViceAndVirtues_,False,False,"I think it’s sad if your parents are immigrants and/or especially if you yourself are an immigrant, that you voted for someone that’s pushing to end birth right citizenship and wanting a massive deportation. This country was built on immigrants",30471,845,5,311,28
2024-11-06T17:11:42.000Z,yo_herran,False,False,"To folks lashing out at Trump-voting Latinos with ""you will get deported"": check yourselves. Latino is an ethnic marker not a citizenship status (or lack thereof) and it doesn't make one a deportable immigrant. You sound like the very man you despise.",1269,26,4,6,1
2024-11-06T16:22:45.000Z,Laceythegr8,False,False,Nobody hates illegal immigrants more than an illegal immigrant who has become legal.,1728,12,1,15,1
2024-03-04T01:59:56.000Z,ClownWorld_,True,False,ILLEGAL IMMIGRANT ILLEGAL IMMIGRANT ILLEGAL IMMIGRANT ILLEGAL IMMIGRANT ILLEGAL IMMIGRANT ILLEGAL IMMIGRANT ILLEGAL IMMIGRANT ILLEGAL IMMIGRANT ILLEGAL IMMIGRANT ILLEGAL IMMIGRANT ILLEGAL IMMIGRANT,1005209,22863,4759,5269,545
2024-03-01T02:21:15.000Z,haysjr_9,False,False,"A girl gets killed by an immigrant, and we gotta shut down the border.
But an entire classroom of kids gets mowed down with an AR 15, and I'm politicizing a tragedy.

Is that right?",5365628,116049,4368,17783,2152
2024-11-03T21:29:00.000Z,ImmigrantCrimes,True,False,Man on immigration detainer accused of serial burglary of young women's homes. ,15051,204,5,170,10
2024-11-10T13:12:44.000Z,stillgray,True,False,Do whatever you want all the time (if you’re an illegal Immigrant). Welcome to the UK.,25738,209,21,34,8
2024-08-08T18:51:23.000Z,RyanShead,True,False,The only illegal immigrant influencing elections in the United States is Elon Musk.,534717,36484,700,10866,360
2024-11-04T21:19:15.000Z,MigrationPolicy,True,False,"NEW: We offer 1st-ever projections of the US working-age population by immigrant generation through 2040 based on varying future immigration level scenarios

TL;DR: Policy will play a key role in shaping the US demographic landscape & future workforce

http://migrationpolicy.org/news/immigrant-origin-population-2040…",0,1,7,10,1653
2024-08-08T10:05:01.000Z,archer_rs,False,False,"Sir Mo Farrah CBE. Multiple gold medal winning athlete.  Trafficked to the UK as a child.  Would today be classed as an ""illegal immigrant""",1168761,12236,2931,1701,147
