timestamp,username,icon-verified,fact-checked,text,views,likes,replies,reposts,bookmarks
2024-11-08T14:19:41.000Z,BBlues100,False,False,"Listen to this they are putting our bus fair up to £3 and the illegal immigrant’s gets free bus fair, now this country is getting worse and worse just listen to this video",209679,9734,437,2865,394
2024-11-05T13:04:17.000Z,ChrisLu44,False,False,"My immigrant dad holding me in front of the White House in 1969. He became a citizen after the 1965 Immigration Act. Until he died, he always voted - not party line (Carter '76; Reagan '80), but for the person who represented the hope and optimism that drew him to the U.S. #Vote",0,105,1,5,2565
2024-11-04T18:04:38.000Z,ImmigrantCrimes,True,False,"Oakland County, MI: ""A pedestrian crash left a 72-year-old Rochester Hills man in grave condition, the sheriff’s office said.""

""The U.S. Customs and Border Control determined the driver was in the  U.S. illegally—and was released pending a future hearing in federal  court,",6041,101,4,101,5
2024-11-04T16:18:29.000Z,Blvdhuriel,False,False,my cousin tammat he voting for trump bru u cant een vote u a immigrant,12017,152,48,16,3
2024-11-06T03:07:06.000Z,WalletBussinK,False,False,Lmao a Hispanic man saying that he voted for trump because he wants border protection after being an illegal immigrant and then getting citizenship is crazy ,3105,30,4,8,3
2024-11-05T21:00:07.000Z,montesirene17,False,False,"Having immigrant/illegal friends, family, spouse, siblings, PARENTS, CLIENTS & being a father/mother to a female & still choosing someone who targets & HATES them is CRAZY specially if you make less than 400k & are an anchor baby yourself  unless you’re a white rich man, INSANE",554724,18640,163,4902,809
2024-11-06T01:02:26.000Z,ViceAndVirtues_,False,False,"I think it’s sad if your parents are immigrants and/or especially if you yourself are an immigrant, that you voted for someone that’s pushing to end birth right citizenship and wanting a massive deportation. This country was built on immigrants",30719,845,5,309,27
2024-04-16T16:33:34.000Z,sav_says_,True,False,"Welcome to the United States where our city parks are being overrun by illegal immigrant men. 

The city of NY is set to spend $12 billion through 2025 to take care of these men | 
@FrontlinesTPUSA",250383,7480,370,2489,285
2024-08-29T15:46:51.000Z,trumprealparody,True,False,"Do you support Me using the miIitary to MASS DEPORT every illegal immigrant ? 

A. YES
B. NO",168494,14226,6675,1935,60
2024-05-30T07:40:30.000Z,WallStreetSilv,True,False,"ALERT:

Every American needs to hear this.

""$9000 roughly per illegal immigrant that taxpayers fronting""

That's more money than we spend per Medicaid beneficiary.

That's more than we spend for our  veterans, in the way of military, retirement benefits.

That's more than we",313808,6115,285,3029,621
2024-09-16T00:07:17.000Z,LakotaMan1,True,False,"So, it wasn’t a Haitian immigrant that tried to shoot Trump. It was another, wait for it — Republican white man.",7505235,213289,4225,31521,3975
2024-08-08T02:03:58.000Z,w_terrence,True,False," EVERYONE IN AMERICA SHOULD BE MAD!!

This Veteran is getting $23 dollars in food stamps but an illegal immigrant is getting $13,000 dollars

Yes this is real! I know people who receive $50 dollars.

This is happening under Kamala Harris and Joe Biden",312847,17616,1148,9941,591
2024-03-08T03:38:09.000Z,_MLFootball,True,False,President Joe Biden at the State of the Union said USC head coach Lincoln Riley was killed by an illegal immigrant,1937760,7590,304,906,731
2024-04-18T17:59:26.000Z,robbystarbuck,True,False,"A 40 year old illegal immigrant to the UK was set for deportation but the flight crew refused to deport him.

He then made news holding a sign that said ""migrants are not criminals"" at a detention center. He got to stay in the UK.

Now he’s brutally raped a 15 year old girl.

The",1100875,34952,1068,12249,1577
2024-08-04T02:01:40.000Z,RNCResearch,True,False,"“An undocumented immigrant is not a criminal.”

— Border Czar Kamala Harris",581013,3872,776,2099,248
2024-07-31T23:11:35.000Z,CollinRugg,True,False,"NEW: Illegal immigrant gets a ""friendly"" welcome to the United States after getting smuggled into the country by jet ski.

""Yeah! Stealing another job!"" a man yelled.

The incident happened at Sunset Cliffs in San Diego, California, approximately a 17-mile ride by water from the",10299257,12456,949,2872,2922
2024-08-16T14:03:05.000Z,brixwe,True,False,"Head of Homeland Security Mayorkas is looking to ban the term ""illegal immigrant.""

What can we call them if not illegal immigrant?",513236,10404,21315,4790,272
2024-08-15T04:31:59.000Z,IvankaNews_,True,False,"BREAKING: Lauren Boebert said, ""I want every single illegal immigrant sent back to their home country."" 

Do you agree with Lauren Boebert?

A. YES
B. NO",71170,6384,1859,699,15
2024-07-31T15:41:13.000Z,trumprealparody,True,False,"Do you support Me using the miIitary to MASS DEPORT every illegal immigrant ? 

A. YES
B. NO",191243,14077,6221,1779,46
2024-11-05T23:14:15.000Z,MaxSiegelbaum,False,False,"Documented's reporters spent today speaking with immigrant voters. 

Most voted for Trump, citing crime and migrant issues as their top concerns.",0,12,12,16,10969
2024-11-11T06:21:57.000Z,geokaren,False,False,Elon was an illegal. Immigrant,0,305,2,6,0
2024-06-09T16:23:58.000Z,dom_lucre,True,True,"BREAKING: Anti-immigrant Malachy Steenson has been elected in Dublin Parliament, his goal is to provide ‘a safe future for his children.’ By addressing the growing problem of immigration in the EU, in short to prevent ‘The Great Replacement.’",504579,7856,219,1446,146
2024-03-06T13:24:24.000Z,BPUnion,True,False,"Arresting illegal aliens who crash the border...illegally...is deemed ""anti-immigrant"" by Arizona Gov Katie ""Veto"" Hobbs.

Let that sink in for a moment.",81765,4728,420,1971,70
