timestamp,username,icon-verified,fact-checked,text,views,likes,replies,reposts,bookmarks
2024-09-30T18:23:28.000Z,benonwine,True,False,"Should the Royal Navy be ordered to turn the illegal immigrant boats around and stop the illegal invasion of Britain?

YES or NO",531718,27646,8066,2716,84
2024-08-08T02:03:58.000Z,w_terrence,True,False," EVERYONE IN AMERICA SHOULD BE MAD!!

This Veteran is getting $23 dollars in food stamps but an illegal immigrant is getting $13,000 dollars

Yes this is real! I know people who receive $50 dollars.

This is happening under Kamala Harris and Joe Biden",312851,17616,1148,9942,591
2024-11-05T22:32:00.000Z,ReadTheLion,True,False,An illegal immigrant man was arrested in New York after allegedly raping a 5-year-old girl.,10258,69,1,39,4
2024-09-12T21:37:00.000Z,TheRealKeean,True,False,Alberta should commit to putting every illegal immigrant that Trudeau sends over here on a bus bound for Ottawa.,67150,3790,304,653,10
2024-11-06T03:07:06.000Z,WalletBussinK,False,False,Lmao a Hispanic man saying that he voted for trump because he wants border protection after being an illegal immigrant and then getting citizenship is crazy ,3105,30,4,8,3
2024-06-27T15:08:57.000Z,nicksortor,True,False," JUST IN: Yet ANOTHER illegal immigrant has been arrested and charged with the r*pe of a 15 year old girl

BIDEN IS RESPONSIBLE.

President Trump needs to hit him HARD on this tonight. The American people need to know.",621714,18650,622,7989,302
2024-07-08T21:13:39.000Z,TheRabbitHole84,True,False,"Which households are on Welfare in the United States? Here is one estimate:

- 39% of native born
- 52% of legal immigrant
- 59% of illegal immigrant",451137,4615,287,2043,792
2024-11-10T05:28:30.000Z,RealBababanaras,True,False,"Italian police and authorities are taking action by deploying bulldozers to demolish illegal Muslim immigrant markets in Rome. Illegal Muslim immigrants are being detained for deportation. 
Slowly but surely, the Yogi model is becoming famous worldwide.",93228,6849,64,1619,97
2024-11-11T19:05:17.000Z,immcouncil,False,False,"Happy Veterans Day! Today, we honor the brave men and women who have served our nation with unwavering courage and sacrifice. We also wish to highlight and celebrate the immigrant veterans who have served our country. Thank you for your service! #VeteransDay",592,9,1,6,1
2024-06-27T04:09:21.000Z,ImMeme0,True,False,"BREAKING: Illegal immigrant who shot 2 NYPD officers at 'point-blank range' indicted on 20 charges claims a notorious Venezuelan gang has been smuggling guns into city-run shelters.

Bernardo Raul Castro Mata (19) will be placed in protective custody following his explosive",912999,9483,414,5199,536
2024-08-04T02:01:40.000Z,RNCResearch,True,False,"“An undocumented immigrant is not a criminal.”

— Border Czar Kamala Harris",581013,3873,776,2099,248
2024-11-11T12:42:11.000Z,MTGrepp,True,False,‘We The People’ have a mandate. MASS DEPORT every illegal immigrant on Day One ,31188,1682,122,338,10
2024-11-05T23:14:15.000Z,MaxSiegelbaum,False,False,"Documented's reporters spent today speaking with immigrant voters. 

Most voted for Trump, citing crime and migrant issues as their top concerns.",0,12,12,16,10970
2024-11-10T01:41:19.000Z,VIVALVENGEANCE,True,False,any person born on american soil is AMERICAN. it makes zero sense that a child with immigrant parents would be denied citizenship to the country they were born in.,0,46,3,1,1653
2024-11-09T23:15:08.000Z,borderObserver,True,False,"#RightBias
Illegal immigrant debit card program ended in NYC
https://americanmilitarynews.com/2024/11/illegal-immigrant-debit-card-program-ended-in-nyc/…
8 Nov 2024

#FrontPage #BorderObserver qt-fp-11744",0,0,2,45,0
2024-11-07T14:54:47.000Z,mtelford_cis,False,False,"Massive illegal immigrant round-up will not happen. Illegal aliens can be persuaded to return home on their own by making it impractical to stay...saves gvt time & money & is preferable for the illegal aliens, allowing them to return on their own terms.",861,21,9,6,5
2024-11-04T21:08:45.000Z,ResisttheMS,True,False,"HILARIOUS: Liberals FURIOUS about ILLEGAL IMMIGRANT housing PRANK

If they don't want to house them, why are they allowed in the country?",12163,201,4,57,19
2024-11-05T20:51:05.000Z,FlorenceProject,False,False,"No matter the outcome of today’s election, immigration policy will be impacted, and the Florence Project will remain steadfast in advocating for the rights and humane treatment of our immigrant communities.",0,194,1,3,0
2024-11-12T03:37:11.000Z,ad81109,True,False,"Day 1930  11/11/2024
#DontLookAway #FriendsofImmigrants (2,104)
#BoycottAmazon #BoycottPGA #NOH8 #HarrisTrickleDownEnthusiasm

On the corner of Goff & Wells this morning vigiling for DREAMers, our immigrant sisters & brothers in the country, at the border, the people of Ukraine,",0,39,7,9,896
2023-05-26T21:57:01.000Z,TheyCallMeDoc1,True,False,"Lesson of the day. 
Migrant - A person who moves from place to place for work. 
Immigrant - A person who comes to live permanently.
Illegal Alien - a foreign national who is living without official authorization in a country.
They are not Migrants they are illegal aliens.",24499,1463,79,640,8
2024-11-04T18:02:22.000Z,Snowflake_News,True,False,"JUST IN: Puerto Rican fitness influencer kidnapped and m*rdered by alleged illegal immigrant in Georgia.

24-year-old illegal alien Angel DeJesus Rivera-Sanchez is accused of m*rdering Puerto Rican native Minelys “Mimi” Rodriguez-Ramirez, 25.",1747,12,1,1,2
2024-05-30T07:40:30.000Z,WallStreetSilv,True,False,"ALERT:

Every American needs to hear this.

""$9000 roughly per illegal immigrant that taxpayers fronting""

That's more money than we spend per Medicaid beneficiary.

That's more than we spend for our  veterans, in the way of military, retirement benefits.

That's more than we",313809,6116,285,3029,621
