timestamp,username,icon-verified,fact-checked,text,views,likes,replies,reposts,bookmarks
2024-09-09T17:08:51.000Z,CubanOnlyTrump,True,False,"JUST ANNOUNCED :Kamala Harris ""We extended Temporary Protected Status to over 100,000 Haitian Migrants. They need support.""

Aiden Clarke an 11-year-old was kiIIed on his way to school in Springfield, Ohio.  

His kiIIer was a Haitian illegal immigrant that Kamala FLEW in.

Never",1359867,21987,2073,16358,1297
2024-01-25T02:55:00.000Z,glennbeck,True,False,"Do Doctors Without Borders and the Red Cross know that by handing out detailed maps of how to get to the US border, they're contributing to human trafficking and allowing cartels to make $2000 per illegal immigrant? Do they know terrorists could be using these routes?",142930,6621,302,3461,237
2024-11-11T02:42:18.000Z,colony76,True,False,"The distinction between an illegal & ""legal"" immigrant is borderline meaningless when the outcome of both is the same. We don't want more immigration, we want remigration. We want millions of mass deportations. Anything less is completely unacceptable.",26487,84,6,24,14
2024-08-08T02:03:58.000Z,w_terrence,True,False," EVERYONE IN AMERICA SHOULD BE MAD!!

This Veteran is getting $23 dollars in food stamps but an illegal immigrant is getting $13,000 dollars

Yes this is real! I know people who receive $50 dollars.

This is happening under Kamala Harris and Joe Biden",312941,17620,1148,9937,591
2024-08-10T15:56:15.000Z,Shunyaa00,True,False," UK : Mohammed Sina, 30, illegal immigrant from Iran, attempted to rape 12-year-old British girls. Caught and arrested. Mohammed was previously in jail for assault and robbery.",365227,7926,788,4244,445
2024-11-13T19:05:53.000Z,FrannyOD,True,False,"Dear Nigerians who are scared of the illegal immigrant cleansing the Trump administration is about to embark on, I have one question for you if you were in his shoes, would you protect the Nigerian border against the Niger/ Chad Fulani influx/terrorists into our country? 

Why",0,11,3,4,841
2024-11-11T22:02:06.000Z,liz_churchill10,True,False,"MEET, the BORDER CZAR, 
@RealTomHoman
 

IF you’re an ILLEGAL IMMIGRANT…START PACKING.",18647,941,40,249,51
2024-11-13T20:43:48.000Z,GOPGovs,True,False,"Democrat Governor 
@maura_healey
 is touting that she will snub President Trump’s plan to deport ILLEGAL IMMIGRANT CRIMINALS. 

This is the out-of-touch agenda of the Democrats. 

No wonder the American people rejected it wholeheartedly.",0,7,1,4,1290
2024-11-13T19:21:30.000Z,ChicanoPost,False,False,"The Mexican President reassured not to be worried about Trump and his plans for mass deportation. She expressed a warm welcome to the US immigrant community an stated if the US proceeds with deportations of Mexicans, Mexico would respond by deporting 2 million American immigrants",2518,31,3,14,4
2024-11-07T00:07:32.000Z,madisoncross__,False,False,"my heart has been heavy thinking about Jocelyn Nungaray, Laken Riley, and many other women whose right to LIFE was unmercifully  taken away and violated at the hands of illegal immigrant men who never should’ve stepped foot on American soil. Our border needs to be fixed NOW!",0,11,2,1,374
2024-11-14T20:48:00.000Z,ResisttheMS,True,False,"Illegal immigrant says he will STILL SUPPORT TRUMP even if he gets DEPORTED. 

""I want [life] better for my children.""",9147,128,9,13,6
2024-11-07T14:57:13.000Z,CCAerial,False,False,"In #Massachusetts, ICE has been arresting and deporting dozens of illegal immigrant r*apists (of CHILDREN) in recent months. Here's our woke Governor Healey bragging about how she wants them to stay here. We are adrift. 
@conservativ3ant
  @RonDeSantis
@masspoli
   @elonmusk",0,6,5,6,585
2024-11-08T13:52:17.000Z,lsferguson,True,False,Federal Judge Tosses Biden Attempt to Legalize Illegal Immigrant Spouses,0,32,2,12,1014
2024-09-18T15:51:48.000Z,RepCarlos,True,False," I will NOT be intimidated by the socialist Democrats.

The left calls anyone who supports border security & legal immigration a racist.

I’m a Cuban exile and legal immigrant to this country — that bull WILL NEVER fly with me.",897806,47618,1253,14517,2464
2024-09-04T18:29:57.000Z,robbystarbuck,True,False,"An illegal immigrant has been arrested in TN after attacking a man with a PICKAXE.

The pickaxe was embedded in his skull.

Red states should defy Feds and deport all illegals before they hurt Americans. Dare Kamala to jail you for protecting your citizens.",116969,7432,225,3551,243
2024-08-27T00:30:22.000Z,robbystarbuck,True,False,"Politico reports that California Democrats are likely to pass a bill granting up to $150,000 to each illegal immigrant to help them buy a house.

No, I’m not joking. Meanwhile homeless veterans and young families get nearly no help.

Politico’s headline is disgusting too. They",116464,3111,250,1454,140
2024-10-11T21:23:57.000Z,ShadowofEzra,True,False,"Donald Trump has called for the immediate execution of any illegal immigrant convicted of killing an American citizen or law enforcement officer. 

He also announced plans to unleash elite federal squads tasked with hunting down, arresting, and deporting every illegal gang member",301005,13528,327,3682,500
2024-09-11T00:28:42.000Z,TaylerUSA,True,False,"75-year Springfield, Ohio resident speaks on the Haitian Immigrant Influx and how it’s impacted the zip codes insurance rates:  

“We have maybe 3-4 (crashes) a day, everyday. The Haitians. Thats not even Americans that’s Haitians. Our insurance rates have went sky high because",342679,9005,233,3649,927
2024-03-17T17:53:30.000Z,Jessica_4_Trump,False,False,"If we lose in November it really will be a bloodbath.  

A bloodbath on the economy which is already suffering.  

A bloodbath on our rights that they keep trying to take away. 

A bloodbath for the families who lose a loved one to an illegal immigrant.  

A bloodbath for anyone",182948,8022,1588,2431,85
2024-08-08T18:51:23.000Z,RyanShead,True,False,The only illegal immigrant influencing elections in the United States is Elon Musk.,534740,35395,699,10852,354
2024-07-08T21:13:39.000Z,TheRabbitHole84,True,False,"Which households are on Welfare in the United States? Here is one estimate:

- 39% of native born
- 52% of legal immigrant
- 59% of illegal immigrant",451173,4613,287,2042,793
2024-08-22T20:26:26.000Z,CollinRugg,True,False,"JUST IN: The mother of Rachel Morin, who was k*lled by an illegal immigrant, joins Trump at the border, blasts the Biden-Kamala admin for their open border policies.

Patty Morin delivered an emotional speech alongside Trump during his visit to the southern border. 

""Rachel was",1064339,32291,535,8679,607
2024-06-18T02:22:56.000Z,GregAbbott_TX,True,False,"Texas captures the #1 most wanted criminal illegal immigrant.

He's now behind bars in Tarrant Co.

We continue our search for the other most wanted.",114554,9110,355,1693,54
