timestamp,username,icon-verified,fact-checked,text,views,likes,replies,reposts,bookmarks
2024-09-09T17:08:51.000Z,CubanOnlyTrump,True,False,"JUST ANNOUNCED :Kamala Harris ""We extended Temporary Protected Status to over 100,000 Haitian Migrants. They need support.""

Aiden Clarke an 11-year-old was kiIIed on his way to school in Springfield, Ohio.  

His kiIIer was a Haitian illegal immigrant that Kamala FLEW in.

Never",1359914,21983,2073,16353,1297
2024-08-20T05:48:42.000Z,RyanShead,True,False,"Dear Elon,

Here is the video you say doesn’t exist of Donald Trump saying there were very fine people on both sides after Charlottesville.

You keep saying X is this arbiter of truth, yet you spread lies to help Trump and conservatives.

You’re a former illegal immigrant who’s",5772073,38422,3280,12485,2320
2024-09-04T18:29:57.000Z,robbystarbuck,True,False,"An illegal immigrant has been arrested in TN after attacking a man with a PICKAXE.

The pickaxe was embedded in his skull.

Red states should defy Feds and deport all illegals before they hurt Americans. Dare Kamala to jail you for protecting your citizens.",116973,7430,225,3549,243
2024-08-04T02:01:40.000Z,RNCResearch,True,False,"“An undocumented immigrant is not a criminal.”

— Border Czar Kamala Harris",581041,3869,776,2094,247
2024-11-07T17:40:17.000Z,HaitianBridge,False,False,"This is not the time to sit back. As we enter a new era, our immigrant communities need us to show up. The Haitian Bridge Alliance is not backing down. To everyone who has been with us, and believes in being on the right side of history — let’s get to work.",2944,66,4,34,3
2024-11-09T17:52:48.000Z,NovusOrdoWatch,True,False,Honest question for #PopeFrancis and those who share his liberation theology: Which of the two is the one with the face of Christ now? The migrant or the victim woman? https://gatewayhispanic.com/2024/10/20-year-old-woman-stabbed-to-death-in-pamplona-by-moroccan-immigrant/… #catholictwitter,1382,48,3,11,3
2024-11-13T02:15:03.000Z,fox13seattle,True,False,"This week, President-elect Donald Trump announced Tom Homan as his pick for ""border czar,"" reviving concerns among immigrant communities and advocacy groups nationwide.",0,1372,3,7,0
2024-11-13T20:43:48.000Z,GOPGovs,True,False,"Democrat Governor 
@maura_healey
 is touting that she will snub President Trump’s plan to deport ILLEGAL IMMIGRANT CRIMINALS. 

This is the out-of-touch agenda of the Democrats. 

No wonder the American people rejected it wholeheartedly.",1319,7,1,4,1
2024-11-14T20:27:13.000Z,benonwine,True,False,Who agrees with me that absolutely NO Illegal Immigrant should receive Benefits?,75469,8078,366,679,10
2024-02-13T04:52:11.000Z,EricAbbenante,True,False,"Sara Gonzales with a bombshell of a story:
The Lakewood Church shooter was an El Salvadorian immigrant who was detained by ICE. Genesse Moreno (Who also went by the alias Jeffery Escalante) had a voting record in the 2020 election. 
When people ask: ""Where is evidence that",3138283,22112,563,10822,2491
2024-05-05T17:50:51.000Z,w_terrence,True,False,"Happy Cinco De Mayo !  As an illegal immigrant I want my free Tacos ,Nachos and 53 million dollars asap !

This is my identity & you will respect it!
If man can be a woman then I can be an illegal immigrant!

I WANT MY PESOS, Free Housing , Free Food and yes I will still complain",433788,15846,1203,4424,347
2024-08-29T15:46:51.000Z,trumprealparody,True,False,"Do you support Me using the miIitary to MASS DEPORT every illegal immigrant ? 

A. YES
B. NO",168561,14223,6675,1935,60
2024-07-24T18:43:45.000Z,RNCResearch,True,False,"KAMALA HARRIS: ""An undocumented immigrant is NOT a criminal!""

(This is the individual in charge of our southern border)",102043,3236,423,1717,183
2024-08-22T20:26:26.000Z,CollinRugg,True,False,"JUST IN: The mother of Rachel Morin, who was k*lled by an illegal immigrant, joins Trump at the border, blasts the Biden-Kamala admin for their open border policies.

Patty Morin delivered an emotional speech alongside Trump during his visit to the southern border. 

""Rachel was",1064343,32286,535,8681,607
2024-08-27T00:30:22.000Z,robbystarbuck,True,False,"Politico reports that California Democrats are likely to pass a bill granting up to $150,000 to each illegal immigrant to help them buy a house.

No, I’m not joking. Meanwhile homeless veterans and young families get nearly no help.

Politico’s headline is disgusting too. They",116470,3109,250,1453,140
2024-09-07T16:16:46.000Z,MattWallace888,True,False,BREAKING: Illegal Immigrant Caught Planning “The Largest Terror Attack on U.S. Soil Since 9/11” ,5727898,57148,2809,21687,9243
2024-08-08T18:51:23.000Z,RyanShead,True,False,The only illegal immigrant influencing elections in the United States is Elon Musk.,534748,35142,699,10849,351
2024-06-27T15:08:57.000Z,nicksortor,True,False," JUST IN: Yet ANOTHER illegal immigrant has been arrested and charged with the r*pe of a 15 year old girl

BIDEN IS RESPONSIBLE.

President Trump needs to hit him HARD on this tonight. The American people need to know.",621734,18662,622,7994,301
2024-09-11T00:28:42.000Z,TaylerUSA,True,False,"75-year Springfield, Ohio resident speaks on the Haitian Immigrant Influx and how it’s impacted the zip codes insurance rates:  

“We have maybe 3-4 (crashes) a day, everyday. The Haitians. Thats not even Americans that’s Haitians. Our insurance rates have went sky high because",342692,9005,233,3651,927
2024-03-16T22:24:09.000Z,Liz_Wheeler,True,False,"TikTok just gave me a strike warning & removed this video. For being “hateful.”

Do you think it’s because I said “illegal immigrant” or “trans’ing kids”?",294234,13086,816,4599,261
