timestamp,username,icon-verified,fact-checked,text,views,likes,replies,reposts,bookmarks
2024-11-12T14:58:16.000Z,MichaelBrun,True,False,"Talking to Rose about her journey to Springfield, Ohio and opening her Haitian restaurant 

#haitian #haiti #ayiti #springfield #immigrant",12213,411,14,92,22
2024-11-06T06:42:51.000Z,Bubblebathgirl,True,False,"Laken Riley’s life was taken by an illegal immigrant because of Kamala Harris.

We never forgot.

We’ve now elected Donald J. Trump to be our 47th president to make sure Americans will be safe again to live, love, and dance.

We did it.",16413,1145,23,251,37
2024-11-01T17:36:45.000Z,BFirstParty,True,False," BRITAIN FIRST EXPOSES THE 'CRESTA COURT' HOTEL IN ALTRINCHAM FOR HOUSING ILLEGAL MIGRANTS

The 'Cresta Court' hotel in Altrincham, just outside of Greater Manchester, has been filled to the brim with working-age African and Asian illegal immigrant men.",452731,5499,598,1959,407
2024-10-17T23:58:04.000Z,BarronTrumpoo,True,False,"BREAKING: Governor Sarah Sanders just said, ""I want every single illegal immigrant sent back to their home country."" 

Do you agree with Sarah?

A. YES
B. NO",86243,9311,3242,1092,23
2024-09-09T17:08:51.000Z,CubanOnlyTrump,True,False,"JUST ANNOUNCED :Kamala Harris ""We extended Temporary Protected Status to over 100,000 Haitian Migrants. They need support.""

Aiden Clarke an 11-year-old was kiIIed on his way to school in Springfield, Ohio.  

His kiIIer was a Haitian illegal immigrant that Kamala FLEW in.

Never",1359500,21984,2075,16370,1301
2024-09-03T22:27:18.000Z,DineshDSouza,True,False,"This video has been confirmed to be real from Culver City Police. 

A team of YouTubers who catch scammers recorded an interaction with Culver City PD where the officers refuse to arrest an illegal immigrant, who committed a crime, because they said Culver City is a sanctuary",325462,8886,606,5792,696
2024-05-22T02:42:59.000Z,BrandiKruse,True,False,The illegal immigrant who killed a Washington State Trooper just got his bail reduced – because his attorneys convinced a judge their client isn't a danger to the community.,255908,9211,774,6674,251
2024-06-28T18:05:00.000Z,DailyLoud,True,False,Illegal immigrant fatally shoots and kills 2 workers at Texas Chick-fil-A.,5850813,47023,1543,3461,2737
2024-02-13T04:52:11.000Z,EricAbbenante,True,False,"Sara Gonzales with a bombshell of a story:
The Lakewood Church shooter was an El Salvadorian immigrant who was detained by ICE. Genesse Moreno (Who also went by the alias Jeffery Escalante) had a voting record in the 2020 election. 
When people ask: ""Where is evidence that",3138108,22124,563,10828,2491
2024-08-20T05:48:42.000Z,RyanShead,True,False,"Dear Elon,

Here is the video you say doesn’t exist of Donald Trump saying there were very fine people on both sides after Charlottesville.

You keep saying X is this arbiter of truth, yet you spread lies to help Trump and conservatives.

You’re a former illegal immigrant who’s",5771876,39337,3282,12494,2346
2024-04-05T03:50:41.000Z,ChuckCjmmn,False,False,70% of Americans believe that Melania Trump is a illegal immigrant.,94863,2789,613,1025,44
2024-08-28T14:01:52.000Z,EndWokeness,True,False,"BREAKING: The man in Philadelphia who gunned down and tried to kiII 8 innocent Americans is an illegal immigrant 

He's a MS-13 member from El Salvador",3552608,61319,2187,24002,2995
2024-06-25T09:18:35.000Z,tezilyas,True,False,"OMA!

The irony of THIS man being arrested for being an illegal immigrant is toooooo much",298169,6099,304,1187,206
2024-05-23T13:53:58.000Z,kunley_drukpa,True,False,Illegal Immigrant from Turkey is shocked by lack of security on US Border he just illegally crossed,15708622,21060,560,4210,5641
2023-10-01T14:52:42.000Z,ImMeme0,True,False,"This is a 22-year-old ILLEGAL IMMIGRANT, Gang Member Oscar Luna who Was Arrested For Kidnapping Three Girls, Rap*ing And Tortur*ng Them, Including 11-Year-Old in Northern Minnesota.

Luna was wanted on active warrants related to two DWI offenses at the time of his arrest.

As",1095611,10579,1787,6636,282
2024-03-21T00:02:03.000Z,tariqnasheed,True,False,"A suspected illegal immigrant in NYC allegedly tried to snatch a sista's purse while he was on a scooter. And he ended up with ""black & brown"" bruises on his face.

He realized that them New York women aint really the soft targets he thought they were",303676,2902,468,872,426
2024-02-27T01:51:29.000Z,RNCResearch,True,False,Democrat Rep. Katie Porter on the murder of 22-year-old Laken Riley by an illegal immigrant: “The important thing to focus on is any one instance shouldn’t shape our overall immigration policy”,1851147,2613,2434,1611,191
2024-06-07T12:28:56.000Z,KeithWoodsYT,True,False," Foreigners are being bussed to election centers to vote in today's elections

Reminder that the government gave EVERY illegal immigrant and refugee the right to vote today",397260,5019,345,1240,386
2024-06-18T02:22:56.000Z,GregAbbott_TX,True,False,"Texas captures the #1 most wanted criminal illegal immigrant.

He's now behind bars in Tarrant Co.

We continue our search for the other most wanted.",114544,9113,355,1694,54
2023-10-13T21:18:27.000Z,TBifford,True,False,"This is why Poland is not afraid of Islamic jihad within its own country.

""Not one illegal immigrant in Poland. Ever""",1464647,8296,559,2630,280
