timestamp,username,icon-verified,fact-checked,text,views,likes,replies,reposts,bookmarks
2024-09-09T17:08:51.000Z,CubanOnlyTrump,True,False,"JUST ANNOUNCED :Kamala Harris ""We extended Temporary Protected Status to over 100,000 Haitian Migrants. They need support.""

Aiden Clarke an 11-year-old was kiIIed on his way to school in Springfield, Ohio.  

His kiIIer was a Haitian illegal immigrant that Kamala FLEW in.

Never",1360383,21961,2068,16347,1297
2024-07-20T10:01:15.000Z,TulsiGabbard,True,False,"The Democrat elite paints anyone who wants to stop illegal immigration and secure our borders as racist and “anti-immigrant.” They are either very very stupid and don’t understand the difference between legal and illegal immigration, or they’re  trying to foment division and",1174002,53762,1813,11315,838
2024-02-13T04:52:11.000Z,EricAbbenante,True,False,"Sara Gonzales with a bombshell of a story:
The Lakewood Church shooter was an El Salvadorian immigrant who was detained by ICE. Genesse Moreno (Who also went by the alias Jeffery Escalante) had a voting record in the 2020 election. 
When people ask: ""Where is evidence that",3138429,22105,563,10822,2488
2024-01-10T14:26:13.000Z,TulsiGabbardrep,True,False,"Do you support the mass deportation of every single illegal immigrant in America effective immediately ?

YES or NO ?",445450,26294,8839,2909,40
2024-08-17T17:53:59.000Z,EuropeInvasions,True,False,"BREAKING

While Keir Starmer's security forces are busy catching patriotic Brits posting comments, a new illegal immigrant boat has arrived on the UK coast. They are all young men. 

Do you think it's too late for the UK?",1344561,21706,3821,7999,718
2024-08-15T13:01:16.000Z,WallStreetApes,True,False,"ALL OF AMERICA, LISTEN TO THIS 

American Business owner is selling her food truck. Illegal immigrant shows up with paperwork that he is getting funding to purchase her truck with NO MONEY in the bank and NO CREDIT

She speaks with the bank and is told it’s COMMON, Illegal",1592253,32751,2426,15702,4417
2024-03-03T10:59:47.000Z,TulsiGabbard,True,False,"A young woman in Georgia was murdered by an illegal immigrant who was set free twice—once when he illegally came into our country, and again when he was arrested shortly thereafter. If he wasn’t here, Ms. Riley wouldn’t have been killed. Kamala Harris and leaders of Dem Elite",377291,10883,472,2489,154
2024-07-24T18:43:45.000Z,RNCResearch,True,False,"KAMALA HARRIS: ""An undocumented immigrant is NOT a criminal!""

(This is the individual in charge of our southern border)",102068,3234,423,1717,183
2024-03-11T18:39:48.000Z,MattWalshShow,True,False,"Haiti Descends Into Chaos As Our Borders Remain Wide Open

TIMESTAMPS:

00:00 - 00:30 Opening
1:55 - 15:31 Haiti Descends Into Chaos As Our Borders Remain Wide Open
16:28 - 27:52 Biden Refuses To Condemn Illegal Immigrant Who Murdered Laken Riley
27:53 - 39:30 Jimmy Kimmel",11138137,5301,507,1499,991
2023-12-26T05:00:09.000Z,OliviaTroye,True,False,"Some keep telling me to go back to Mexico. It’s what happens when a fmr President cranks up his ugly anti-immigrant rhetoric again. I was born here. My mom & family immigrated here. She became an American citizen. They worked their asses off as migrant farm workers, long distance",692921,15667,1162,2198,160
2024-01-04T04:54:37.000Z,BigBlueWaveUSA,True,False,"In the 2024 election, Republicans will run on the border/immigrant invasion/caravans.
But ask for THEIR solution. This reporter asked Ted Cruz and got no answer / hostility and a “You don’t get to argue with me” response.
The GOP WANTS this - to run on it.",554232,11672,1850,4903,321
2024-03-21T00:02:03.000Z,tariqnasheed,True,False,"A suspected illegal immigrant in NYC allegedly tried to snatch a sista's purse while he was on a scooter. And he ended up with ""black & brown"" bruises on his face.

He realized that them New York women aint really the soft targets he thought they were",303839,2868,468,869,420
2024-01-18T00:58:44.000Z,ImMeme0,True,False,"BREAKING: Family of Kayla Marie Hamilton murdered by illegal immigrant and gang member files $100 MILLION lawsuit against Biden administration.

“We bring this landmark lawsuit in honor of Kayla to get answers on how this catastrophic failure occurred and help prevent another",512472,18113,638,6666,357
2024-07-28T11:28:59.000Z,TRUMP_ARMY_,True,False,"Do you support Donald Trump using the miIitary to help Mass Deport every illegal immigrant ?

A. YES 
B. NO",488033,30089,11855,3907,115
2023-10-01T11:30:37.000Z,NHPUKOfficial,False,False,"Immigrant family lands in UK & are found a Council flat in just 2 weeks.

Millions of Brits have been waiting for years on social housing waiting lists. 

NHPUK campaign to stop permanent settlement immigration & to completely stop accepting refugees for citizenship. 

#JoinNHPUK",727484,5471,852,3402,263
2024-09-10T10:17:12.000Z,EuropeInvasions,True,False,"British woman describes immigrant who attacked and spat on her as a 'filthy migrant'

British police warn woman over her description.

What do you think?",159220,4295,933,1092,387
2024-09-16T23:48:26.000Z,RyanAFournier,True,False,"Remember Leonel Moreno?

He’s the illegal immigrant that encouraged other illegals to take over the homes of American citizens and become squatters.

He was just ordered to be deported.

CYA B*TCH!",367908,4185,290,1060,68
2024-03-06T13:24:24.000Z,BPUnion,True,False,"Arresting illegal aliens who crash the border...illegally...is deemed ""anti-immigrant"" by Arizona Gov Katie ""Veto"" Hobbs.

Let that sink in for a moment.",81882,4726,421,1970,69
2018-04-25T13:33:58.000Z,Maria_Hinojosa,False,False,"Come on 
@nytimes
 There is no such thing as an “illegal” immigrant or “illegal” human being. A person, an immigrant, may have gotten to or stayed in a country illegally but the person is not “illegal”.",0,420,12,171,0
2024-10-11T21:23:57.000Z,ShadowofEzra,True,False,"Donald Trump has called for the immediate execution of any illegal immigrant convicted of killing an American citizen or law enforcement officer. 

He also announced plans to unleash elite federal squads tasked with hunting down, arresting, and deporting every illegal gang member",301171,13524,327,3685,498
2024-02-27T01:58:04.000Z,nicksortor,True,False," JUST IN: Democrat Rep. Katie Porter says college student Laken Riley’s de*th at the hands of an ILLEGAL IMMIGRANT should NOT influence our overall immigration policy.

This is INSANITY.

Violent illegals from all over the world are FLOWING through our southern border, while",1110035,18102,2765,6275,378
2024-01-24T21:08:54.000Z,WeThePeople021,True,False,I think every person that supports Biden should have to house one illegal immigrant (refugee). Who agrees?,56023,4602,471,1217,5
2024-02-27T01:51:29.000Z,RNCResearch,True,False,Democrat Rep. Katie Porter on the murder of 22-year-old Laken Riley by an illegal immigrant: “The important thing to focus on is any one instance shouldn’t shape our overall immigration policy”,1851243,2608,2434,1612,189
2024-08-10T15:56:15.000Z,Shunyaa00,True,False," UK : Mohammed Sina, 30, illegal immigrant from Iran, attempted to rape 12-year-old British girls. Caught and arrested. Mohammed was previously in jail for assault and robbery.",365685,7909,787,4243,444
