timestamp,username,icon-verified,fact-checked,text,views,likes,replies,reposts,bookmarks
2024-05-22T02:42:59.000Z,BrandiKruse,True,False,The illegal immigrant who killed a Washington State Trooper just got his bail reduced – because his attorneys convinced a judge their client isn't a danger to the community.,255932,9209,774,6674,251
2024-09-09T17:08:51.000Z,CubanOnlyTrump,True,False,"JUST ANNOUNCED :Kamala Harris ""We extended Temporary Protected Status to over 100,000 Haitian Migrants. They need support.""

Aiden Clarke an 11-year-old was kiIIed on his way to school in Springfield, Ohio.  

His kiIIer was a Haitian illegal immigrant that Kamala FLEW in.

Never",1359901,21982,2073,16348,1297
2024-08-20T05:48:42.000Z,RyanShead,True,False,"Dear Elon,

Here is the video you say doesn’t exist of Donald Trump saying there were very fine people on both sides after Charlottesville.

You keep saying X is this arbiter of truth, yet you spread lies to help Trump and conservatives.

You’re a former illegal immigrant who’s",5772056,38484,3280,12486,2322
2024-08-23T06:26:45.000Z,HoodedClaw1974,True,False,This is Muhammad. Illegal immigrant from Iran. Caught by paedophile hunters for trying to meet 12 year old girl. All I can say is thank God for paedophile hunters who stop dozens of these bastards everyday. I don't think people know the true extent of this problem.,620492,23608,740,7130,483
2024-03-08T03:16:13.000Z,ClayTravis,True,False,"Joe Biden just confused Laken Riley, a college student killed by an illegal immigrant, with USC football coach Lincoln Riley. This just happened. The man’s brain is mush. Incredibly disrespectful.",959276,15668,668,2908,372
2024-07-24T18:43:45.000Z,RNCResearch,True,False,"KAMALA HARRIS: ""An undocumented immigrant is NOT a criminal!""

(This is the individual in charge of our southern border)",102044,3237,423,1717,183
2023-01-08T23:44:48.000Z,RNCResearch,True,False,"Biden departs his border drive-by just as quickly as he arrived — his first-ever visit to the border in his 50+ years in politics and 80+ years of life.

Officials had the town sanitized and illegal immigrant encampments cleared before Biden arrived.",526664,7451,2792,3068,35
2024-03-10T00:06:52.000Z,GOP,True,False,Biden is apologizing to an illegal immigrant arrested for murder. President Trump will stop criminals from entering the country.,277550,3772,560,1185,84
2024-05-24T10:50:25.000Z,GoldingBF,True,False,"An immigrant nutter threatens to kill the police in London while they carry out an immigration raid on an illegal immigrant.
Scenes like this are extremely common now in our lawless and degenerate land.",222643,4732,918,2115,104
2024-09-04T18:29:57.000Z,robbystarbuck,True,False,"An illegal immigrant has been arrested in TN after attacking a man with a PICKAXE.

The pickaxe was embedded in his skull.

Red states should defy Feds and deport all illegals before they hurt Americans. Dare Kamala to jail you for protecting your citizens.",116971,7430,225,3548,243
2024-08-15T21:42:47.000Z,TheRightMelissa,True,False,"Wow! Black Business woman has a message for Kamala Harris. 

She sobs after having to sell her food truck which was bought by an illegal immigrant who got free money from the Harris/Biden Administration.",222317,4171,411,1975,359
2024-08-08T18:51:23.000Z,RyanShead,True,False,The only illegal immigrant influencing elections in the United States is Elon Musk.,534745,35169,699,10848,351
2024-08-28T14:01:52.000Z,EndWokeness,True,False,"BREAKING: The man in Philadelphia who gunned down and tried to kiII 8 innocent Americans is an illegal immigrant 

He's a MS-13 member from El Salvador",3552722,61289,2186,23991,2992
2024-05-29T12:36:30.000Z,TRobinsonNewEra,True,False,"The Prime Minister of Hungary, 
@PM_ViktorOrban
 exposes the document proving George Soros is largely behind the global illegal immigrant invasion.",283787,7518,269,4240,886
2024-11-08T06:15:29.000Z,redpillbeba,True,False,"Veterans make up 7% of the homeless population and  only 6% of the US population. Not a single immigrant should get a  dollar in government programs. 

Immigration needs be merit based for this reason.",0,2,3,15,552
2024-11-08T18:03:45.000Z,LarryAndress2,True,False,Massive victory for deportation efforts. Judge axes  program to legalize illegal immigrant spouses of US states.,0,103,3,10,0
2024-11-09T17:52:48.000Z,NovusOrdoWatch,True,False,Honest question for #PopeFrancis and those who share his liberation theology: Which of the two is the one with the face of Christ now? The migrant or the victim woman? https://gatewayhispanic.com/2024/10/20-year-old-woman-stabbed-to-death-in-pamplona-by-moroccan-immigrant/… #catholictwitter,1380,48,3,11,3
2024-11-09T16:06:23.000Z,MrReynolds52,False,False,"Fascism begins now! If you want to see  the danger of someone who was once an illegal immigrant, look no further than Elon Musk Trump and Vance are now threatening to cut off support for NATO if any European country tries to regulate through THEIR LAWS Elon Musk’s platform X. 
@AP",15174,131,10,68,11
2024-11-14T15:55:04.000Z,Cartel_Cal,True,False,"Probably an illegal immigrant and friend of 
@Scott_Wiener
.",0,82,9,15,1020
2024-10-27T21:30:36.000Z,BehizyTweets,True,False,"Vivek did something brilliant with his speech. He sent a message to different groups of people, which most politicians ignore. His message to illegal immigrants is the best

""But our message to every illegal immigrant is also this. We will return you to your country of origin,",1256666,45370,483,11267,2131
