timestamp,username,icon-verified,fact-checked,text,views,likes,replies,reposts,bookmarks
2023-05-26T21:57:01.000Z,TheyCallMeDoc1,True,False,"Lesson of the day. 
Migrant - A person who moves from place to place for work. 
Immigrant - A person who comes to live permanently.
Illegal Alien - a foreign national who is living without official authorization in a country.
They are not Migrants they are illegal aliens.",24567,1463,79,639,8
2024-11-16T22:00:09.000Z,FoxNews,True,False,'BLOOD ON THEIR HANDS': Incoming Border Czar Tom Homan calls on pro-sanctuary city Democrats to listen to the 911 call 22-year-old Laken Riley made before prosecutors say she was killed by an illegal immigrant,18649885,25642,732,6743,1282
2024-11-12T22:04:26.000Z,gale_kc,True,False,"Teachers can’t talk about illegal immigrant “New Americans” taking up seats in the class on social media in Weber County School District, Utah?! 

Why on earth are they are trying to limit the free speech on social media for teachers and school district staff! 

What is this,",10900,203,35,85,9
2024-11-18T22:00:22.000Z,CALimmigrant,False,False,"  Join us TOMORROW MORNING at City Hall to urge the Los Angeles City Council to protect immigrant communities and pass the #SanctuaryOrdinance 

 8:30am: press conference 
 10:00am: public comment
 200 N Spring St, Los Angeles, CA 90012 

 #DemocracyInAction",2916,6,3,5,1
2024-11-12T14:58:16.000Z,MichaelBrun,True,False,"Talking to Rose about her journey to Springfield, Ohio and opening her Haitian restaurant 

#haitian #haiti #ayiti #springfield #immigrant",27999,605,19,141,38
2024-11-15T16:29:13.000Z,alienmilian,True,False,"This is Elon Musk. 

The world's richest person who turned a $44B bet into the most influential platform in modern democracy. 

From sleeping in Tesla factories to owning the digital town square, here's how a South African immigrant became the champion of free speech ",649,4,1,2,1
2024-11-14T17:00:57.000Z,RightWngdAngel,True,False,Illegal immigrant says he wouldn’t regret supporting Donald Trump even if he gets deported.  He supported Trump so his children could have a better life.,0,446,1,4,0
2024-11-16T00:13:52.000Z,RealAmVoice,True,False,"""18 MINUTES SHE FOUGHT THAT MAN OFF, TRYING TO SAVE HER LIFE!"" 
@stinchfield1776
 reports on chilling details from the murder trial of Laken Riley, killed by an illegal immigrant. THIS SHOULD NEVER HAVE HAPPENED!",8835,194,10,85,6
2024-11-14T04:28:17.000Z,BadaBing1488,False,False,"POV: The newly formed Trump empire lead by DJT, Matt Gaetz, JD Vance, Tom Homan and Stephen Miller will instill fear in the hearts of every single illegal immigrant in the United States of America",0,14,1,5,401
2024-11-15T20:26:03.000Z,SULLY10X,True,False,"Every illegal immigrant here is a criminal. 

Never forget that she tried to change the definition of illegal immigrants. One of Kamala’s greatest mistakes. ",1189,26,4,10,2
2024-11-16T12:48:34.000Z,SUBRATA30016572,True,False,Do you support Donald Trump using the miIitary to help Mass Deport every illegal immigrant!!,4587,582,132,109,3
2024-11-16T16:22:54.000Z,Lancegooden,True,False,"Illegal immigrant crossings plummeted 87% where President 
@realDonaldTrump
's wall was constructed.

There is no credible case against finishing the border wall.",13439,275,13,56,1
2024-11-15T16:23:42.000Z,ScottBalesX,True,False,"To the libs screaming about illegal immigrant jobs being lost to deportation, don’t worry…

We will have plenty of ex-government workers looking for jobs…

Problem solved.",47556,2728,40,376,8
2024-05-29T13:17:47.000Z,SUBRATA30016572,True,False,"Governor Kristi Noem just said, ""I want every single illegal immigrant sent back to their home country."" 

What's your reaction?",108934,13600,3608,2222,31
2024-09-09T17:08:51.000Z,CubanOnlyTrump,True,False,"JUST ANNOUNCED :Kamala Harris ""We extended Temporary Protected Status to over 100,000 Haitian Migrants. They need support.""

Aiden Clarke an 11-year-old was kiIIed on his way to school in Springfield, Ohio.  

His kiIIer was a Haitian illegal immigrant that Kamala FLEW in.

Never",1360400,21965,2068,16354,1297
2024-08-15T13:01:16.000Z,WallStreetApes,True,False,"ALL OF AMERICA, LISTEN TO THIS 

American Business owner is selling her food truck. Illegal immigrant shows up with paperwork that he is getting funding to purchase her truck with NO MONEY in the bank and NO CREDIT

She speaks with the bank and is told it’s COMMON, Illegal",1592264,32753,2426,15702,4419
2024-06-18T02:22:56.000Z,GregAbbott_TX,True,False,"Texas captures the #1 most wanted criminal illegal immigrant.

He's now behind bars in Tarrant Co.

We continue our search for the other most wanted.",114567,9112,355,1694,54
2024-11-06T12:35:34.000Z,Nibiru1000,True,False,"Who's ready for mass illegal immigrant deportations, protecting Black Jobs, and no taxes on overtime? Let's get this Money!! ",352954,9058,498,1735,1097
2024-06-03T11:10:29.000Z,NMalliotakis,True,False," Two cops shot overnight in NYC (⁦
@AOC
⁩’s district) by an illegal immigrant living at a former Marriott, current migrant shelter at OUR expense. What will it take for Biden, Hochul & Adams to change their disastrous policies? It’s infuriating",184827,3405,384,1621,71
2024-05-22T02:42:59.000Z,BrandiKruse,True,False,The illegal immigrant who killed a Washington State Trooper just got his bail reduced – because his attorneys convinced a judge their client isn't a danger to the community.,256000,9213,774,6670,251
2024-05-23T13:53:58.000Z,kunley_drukpa,True,False,Illegal Immigrant from Turkey is shocked by lack of security on US Border he just illegally crossed,15710376,20991,559,4205,5628
2024-05-18T19:53:25.000Z,ImMeme0,True,False,"“It’s very traumatic… No. No good Rochester.” says an illegal immigrant from El Salvador.

Yaniry Pena came to the U.S. with her children a year ago.

She lived for FREE in NYC hotel for 4 months. Then she and her children were relocated to a FREE apartment in Rochester, NY.",1048380,8514,3521,3365,556
2024-07-28T11:28:59.000Z,TRUMP_ARMY_,True,False,"Do you support Donald Trump using the miIitary to help Mass Deport every illegal immigrant ?

A. YES 
B. NO",488039,30092,11855,3906,115
2024-11-14T03:39:20.000Z,PatrioticMedia1,False,False,"PATRIOTIC DOCTORS BACK RAMATHUBA
Patriotic doctors including the outspoken 
@MikeRamothwala
 are giving their support to 
@PhophiRamathuba
 who is facing prosecution by #HPCSA for telling an illegal immigrant that Mnangagwa should be the one to take care of Zimbabwean patients.",52929,1333,103,364,15
