timestamp,username,icon-verified,fact-checked,text,views,likes,replies,reposts,bookmarks
2024-10-15T02:28:11.000Z,DefiyantlyFree,True,False,Listen to a legal immigrant tell you that you cannot vote for Harris because of what she has done with the border.,182354,23097,575,9462,2143
2024-09-03T22:27:18.000Z,DineshDSouza,True,False,"This video has been confirmed to be real from Culver City Police. 

A team of YouTubers who catch scammers recorded an interaction with Culver City PD where the officers refuse to arrest an illegal immigrant, who committed a crime, because they said Culver City is a sanctuary",325529,8878,606,5783,696
2024-08-01T19:45:09.000Z,AlphaNewsMN,True,False,"Minnesota Gov. Tim Walz says he wants to invest in a ""ladder factory"" to help illegal immigrants climb Trump's border wall, says we won't have Thanksgiving dinner anymore without illegal immigrant workers. 

Recent polling shows a majority of Americans support building a border",600539,3488,1816,2211,406
2024-08-23T16:00:39.000Z,AshleaSimonBF,True,False,"Illegal immigrant dances in the street with a knife.
Outside his taxpayer funded accommodation.
We are importing thugs, murderers and rapists.
Not doctors and engineers.
We need to deport every single illegal immigrant.
No wonder our children aren’t safe ",524805,12429,475,3390,249
2024-10-06T18:18:56.000Z,RpsAgainstTrump,True,False,"Was Elon Musk an Illegal Immigrant? According to his brother Kimbal Musk, the answer is YES",1281537,25693,754,10497,1946
2024-11-10T13:12:44.000Z,stillgray,True,False,Do whatever you want all the time (if you’re an illegal Immigrant). Welcome to the UK.,26438,211,22,34,9
2024-11-13T18:18:02.000Z,MatRoyer,True,False,"A migrant serial killer: the cinder block killer. 

An illegal immigrant from Cameroon attacked a homeless man in Rotterdam, leaving him in a coma.
Previously, he had killed in Lyon, Évry, Dijon and Strasbourg. He was arrested at Toulon station for assaulting a woman. He was",0,918,2,10,0
2024-11-13T02:30:05.000Z,soli_Jesum,True,True,There is no such thing. Every illegal immigrant is committing a crime being here.,0,14,1,4,301
2024-11-17T19:05:11.000Z,ProudElephantUS,True,False,"Legal Immigrant says he voted for President Trump: “I’m really happy that Trump won. I’m a first generation Mexican Immigrant, my dad just got his citizenship this year. He had all Republican across the board.”",6152,430,8,95,5
2024-08-28T14:01:52.000Z,EndWokeness,True,False,"BREAKING: The man in Philadelphia who gunned down and tried to kiII 8 innocent Americans is an illegal immigrant 

He's a MS-13 member from El Salvador",3553038,61247,2186,23961,2987
2024-08-23T06:26:45.000Z,HoodedClaw1974,True,False,This is Muhammad. Illegal immigrant from Iran. Caught by paedophile hunters for trying to meet 12 year old girl. All I can say is thank God for paedophile hunters who stop dozens of these bastards everyday. I don't think people know the true extent of this problem.,620575,23585,740,7121,481
2024-10-27T23:52:43.000Z,60Minutes,True,False,"""I hear a lot of people say, 'The talk of a mass deportation is racist.  It's threatening to the immigrant community,'"" says Tom Homan, Trump’s former acting director of immigration enforcement. He argues it should only “be threatening to the illegal immigrant community.”",1490429,22621,1585,3679,1592
2024-08-31T02:58:21.000Z,stillgray,True,False,"Nancy Pelosi revealed to Bill Maher her outrageous plan to not only grant citizenship to every illegal immigrant but also to provide them with free housing, all on the dime of the hardworking American taxpayer. Cool cool cool.",1652586,19386,2660,7219,2173
2023-10-01T11:30:37.000Z,NHPUKOfficial,False,False,"Immigrant family lands in UK & are found a Council flat in just 2 weeks.

Millions of Brits have been waiting for years on social housing waiting lists. 

NHPUK campaign to stop permanent settlement immigration & to completely stop accepting refugees for citizenship. 

#JoinNHPUK",725746,5465,850,3397,260
2024-04-23T01:07:06.000Z,Jessica_4_Trump,True,False,"JUST IN:  A Judge has ruled a mistrial in the case of George Alan Kelly.  Kelly was accused of taking the life of an illegal immigrant on his property.  

Kelly claimed he fired warning shots earlier in the day after seeing armed men on his property.  His wife called border",654940,14879,655,2428,116
2024-09-12T01:58:31.000Z,dom_lucre,True,False,"BREAKING NEWS: A Haitian immigrant was caught trying to steal and eat a cat. 

""Here in Chile, we don't eat cats""",330917,6955,213,2348,756
2024-08-28T22:17:55.000Z,CollinRugg,True,False,"JUST IN: An armed illegal immigrant gang has reportedly taken over an apartment complex in Aurora, Colorado.

New footage obtained by 
@vicentearenastv
 shows an armed gang at a complex in Aurora.

Aurora officials have been investigating a Venezuelan gang, the Tren de Aragua gang,",119721854,52484,7337,18428,9938
2023-12-26T05:00:09.000Z,OliviaTroye,True,False,"Some keep telling me to go back to Mexico. It’s what happens when a fmr President cranks up his ugly anti-immigrant rhetoric again. I was born here. My mom & family immigrated here. She became an American citizen. They worked their asses off as migrant farm workers, long distance",692912,15826,1162,2200,160
2024-08-17T17:53:59.000Z,EuropeInvasions,True,False,"BREAKING

While Keir Starmer's security forces are busy catching patriotic Brits posting comments, a new illegal immigrant boat has arrived on the UK coast. They are all young men. 

Do you think it's too late for the UK?",1344443,21720,3824,7997,718
2024-07-24T18:43:45.000Z,RNCResearch,True,False,"KAMALA HARRIS: ""An undocumented immigrant is NOT a criminal!""

(This is the individual in charge of our southern border)",102060,3235,423,1713,183
2024-04-29T14:21:39.000Z,EvaVlaar,True,False,"''When another white boy dies at the hands of an immigrant...''

Well, another one just did. A French boy named Mathis. 15 years old. Stabbed in the heart four times by an Afghan migrant who tried to steal his phone.

I have nothing left to say.",1290020,33238,678,12412,1272
2024-07-29T00:31:50.000Z,TrumpDailyPosts,True,False,"Border Czar Kamala Harris: “An UNDOCUMENTED immigrant is NOT a criminal.”
@realDonaldTrump
 Donald Trump Truth Social 08:18 PM EST 07/28/24",159420,4396,438,2145,121
2024-03-10T00:06:52.000Z,GOP,True,False,Biden is apologizing to an illegal immigrant arrested for murder. President Trump will stop criminals from entering the country.,277553,3772,560,1183,84
