timestamp,username,icon-verified,fact-checked,text,views,likes,replies,reposts,bookmarks
2024-09-09T17:08:51.000Z,CubanOnlyTrump,True,False,"JUST ANNOUNCED :Kamala Harris ""We extended Temporary Protected Status to over 100,000 Haitian Migrants. They need support.""

Aiden Clarke an 11-year-old was kiIIed on his way to school in Springfield, Ohio.  

His kiIIer was a Haitian illegal immigrant that Kamala FLEW in.

Never",1359764,21995,2073,16362,1299
2024-10-15T02:28:11.000Z,DefiyantlyFree,True,False,Listen to a legal immigrant tell you that you cannot vote for Harris because of what she has done with the border.,182141,23125,575,9482,2151
2024-06-03T11:10:29.000Z,NMalliotakis,True,False," Two cops shot overnight in NYC (⁦
@AOC
⁩’s district) by an illegal immigrant living at a former Marriott, current migrant shelter at OUR expense. What will it take for Biden, Hochul & Adams to change their disastrous policies? It’s infuriating",184775,3410,384,1620,71
2024-02-13T04:52:11.000Z,EricAbbenante,True,False,"Sara Gonzales with a bombshell of a story:
The Lakewood Church shooter was an El Salvadorian immigrant who was detained by ICE. Genesse Moreno (Who also went by the alias Jeffery Escalante) had a voting record in the 2020 election. 
When people ask: ""Where is evidence that",3138211,22121,563,10828,2490
2024-08-20T05:48:42.000Z,RyanShead,True,False,"Dear Elon,

Here is the video you say doesn’t exist of Donald Trump saying there were very fine people on both sides after Charlottesville.

You keep saying X is this arbiter of truth, yet you spread lies to help Trump and conservatives.

You’re a former illegal immigrant who’s",5771952,38978,3281,12488,2338
2024-11-06T12:35:34.000Z,Nibiru1000,True,False,"Who's ready for mass illegal immigrant deportations, protecting Black Jobs, and no taxes on overtime? Let's get this Money!! ",349744,9083,499,1736,1102
2024-11-10T13:12:44.000Z,stillgray,True,False,Do whatever you want all the time (if you’re an illegal Immigrant). Welcome to the UK.,26327,211,22,34,9
2024-08-31T23:56:07.000Z,ArtMusicPoli,True,False,"All those achievements yet you fail to acknowledge the strain #illegalImmigration places on our country:

1.Economic Impact: Illegal immigration costs U.S. taxpayers over $116 billion annually. This burden falls on hard-working Americans, especially in sectors like agriculture",12102,788,15,57,13
2024-11-06T05:18:51.000Z,ian_mckelvey,True,False,"Look, it doesn’t matter that Biden dropped out. It doesn’t even matter if Kamala loses. The Democrats won. They successfully implemented their agenda of importing millions of new (illegal immigrant) voters. That was always their goal. Radical leftists play the long game. If Trump",1201,22,2,4,1
2023-09-18T15:47:33.000Z,SpencerLndqst,True,False,"Have you heard about America’s ‘largest illegal immigrant settlement’ that's said to be a hub of cartel activity?

I visited Colony Ridge for 
@realDailyWire
 to learn about a development that's home to 40k-75k people and is in the midst of a rapid expansion.

Here's what I found:",3745445,7828,550,4807,1749
2023-10-01T11:30:37.000Z,NHPUKOfficial,False,False,"Immigrant family lands in UK & are found a Council flat in just 2 weeks.

Millions of Brits have been waiting for years on social housing waiting lists. 

NHPUK campaign to stop permanent settlement immigration & to completely stop accepting refugees for citizenship. 

#JoinNHPUK",724336,5470,850,3404,260
2024-09-08T14:55:46.000Z,amyforsandiego,True,False,"BREAKING: An illegal immigrant with a fake Green Card entered a San Diego military home and assaulted a 5-year-old girl. Thanks to Army veteran 
@thecorygoat
 and brave DHS whistleblowers, we now see how California’s sanctuary laws protect criminals while gaslighting Americans",974514,25501,443,14143,1171
2024-08-10T15:56:15.000Z,Shunyaa00,True,False," UK : Mohammed Sina, 30, illegal immigrant from Iran, attempted to rape 12-year-old British girls. Caught and arrested. Mohammed was previously in jail for assault and robbery.",365143,7931,788,4251,447
2024-05-23T13:53:58.000Z,kunley_drukpa,True,False,Illegal Immigrant from Turkey is shocked by lack of security on US Border he just illegally crossed,15708851,21044,560,4208,5640
2024-11-05T16:58:49.000Z,UWDAction,False,False,"Project 2025 is a clear plan to weaponize the federal government in order to destroy our immigrant communities, and we won’t accept it. All people, regardless of immigration status, should have the right to move and live freely.",3349,46,2,27,7
2024-11-08T14:13:12.000Z,CPAC,True,False,"Top News: Judge Strikes Down Biden's Immigrant Spouse Protection Program

A federal judge on Thursday struck down a Biden administration policy that aimed to ease a path to citizenship for some undocumented immigrants who are married to U.S. citizens.

Explore more news at",0,31,2,7,1941
2024-11-09T14:21:32.000Z,thenyic,False,False,"On November 7, immigrant NYers and their allies took to the streets to let the next President know that they are stronger. ",0,23,6,13,1793
2024-11-10T11:44:14.000Z,CarmineSabia,True,False,If I were an illegal immigrant and I knew President-elect Donald Trump gets inaugurated on January 20 I would not be advertising my immigration status.,0,137,15,33,3088
2024-11-11T19:05:17.000Z,immcouncil,False,False,"Happy Veterans Day! Today, we honor the brave men and women who have served our nation with unwavering courage and sacrifice. We also wish to highlight and celebrate the immigrant veterans who have served our country. Thank you for your service! #VeteransDay",731,10,1,6,1
2024-03-10T00:06:52.000Z,GOP,True,False,Biden is apologizing to an illegal immigrant arrested for murder. President Trump will stop criminals from entering the country.,277550,3774,560,1186,84
