timestamp,username,icon-verified,fact-checked,text,views,likes,replies,reposts,bookmarks
2023-05-26T21:57:01.000Z,TheyCallMeDoc1,True,False,"Lesson of the day. 
Migrant - A person who moves from place to place for work. 
Immigrant - A person who comes to live permanently.
Illegal Alien - a foreign national who is living without official authorization in a country.
They are not Migrants they are illegal aliens.",24539,1463,79,638,8
2024-11-14T03:39:20.000Z,PatrioticMedia1,False,False,"PATRIOTIC DOCTORS BACK RAMATHUBA
Patriotic doctors including the outspoken 
@MikeRamothwala
 are giving their support to 
@PhophiRamathuba
 who is facing prosecution by #HPCSA for telling an illegal immigrant that Mnangagwa should be the one to take care of Zimbabwean patients.",48434,1245,99,338,14
2024-11-10T11:44:14.000Z,CarmineSabia,True,False,If I were an illegal immigrant and I knew President-elect Donald Trump gets inaugurated on January 20 I would not be advertising my immigration status.,0,138,15,33,3091
2024-11-13T15:42:53.000Z,sweethomemich,True,False,"MICHIGAN 

HAPPENING NOW: Drivers Licences to
ILLEGAL Immigrant and Renters Bill of
Rights.

Contact your legislators and ask them to vote NO! 

REMINDER: If these pass, we cannot just automatically reverse these until we have the MI Senate majority and the Governor",11957,478,38,416,26
2024-11-14T20:27:13.000Z,benonwine,True,False,Who agrees with me that absolutely NO Illegal Immigrant should receive Benefits?,90930,9359,434,801,12
2024-08-20T05:48:42.000Z,RyanShead,True,False,"Dear Elon,

Here is the video you say doesn’t exist of Donald Trump saying there were very fine people on both sides after Charlottesville.

You keep saying X is this arbiter of truth, yet you spread lies to help Trump and conservatives.

You’re a former illegal immigrant who’s",5772078,38422,3280,12486,2316
2024-09-09T17:08:51.000Z,CubanOnlyTrump,True,False,"JUST ANNOUNCED :Kamala Harris ""We extended Temporary Protected Status to over 100,000 Haitian Migrants. They need support.""

Aiden Clarke an 11-year-old was kiIIed on his way to school in Springfield, Ohio.  

His kiIIer was a Haitian illegal immigrant that Kamala FLEW in.

Never",1359918,21982,2073,16351,1297
2024-08-23T02:47:23.000Z,bennyjohnson,True,False,"KAMALA HARRIS: ""I believe everyone has a right to safety, to dignity, and to justice."" 

Unless you’re a victim of brutality from an illegal immigrant.",301627,17573,1302,4570,125
2024-08-04T02:01:40.000Z,RNCResearch,True,False,"“An undocumented immigrant is not a criminal.”

— Border Czar Kamala Harris",581042,3870,776,2094,247
2024-05-23T13:53:58.000Z,kunley_drukpa,True,False,Illegal Immigrant from Turkey is shocked by lack of security on US Border he just illegally crossed,15709248,21044,560,4207,5638
2024-06-27T04:09:21.000Z,ImMeme0,True,False,"BREAKING: Illegal immigrant who shot 2 NYPD officers at 'point-blank range' indicted on 20 charges claims a notorious Venezuelan gang has been smuggling guns into city-run shelters.

Bernardo Raul Castro Mata (19) will be placed in protective custody following his explosive",913127,9480,414,5195,537
2024-02-26T20:31:25.000Z,HouseGOP,True,False,"The man charged with the horrifying murder of 22-year-old Laken Riley is an illegal immigrant from Venezuela who crossed the southern border on Sep 8, 2022.

On Sep 20, 2022, Joe Biden said it was ""not rational"" to send illegal immigrants from Venezuela back to Venezuela.",252412,2838,760,1614,90
2024-03-08T03:38:09.000Z,_MLFootball,True,False,President Joe Biden at the State of the Union said USC head coach Lincoln Riley was killed by an illegal immigrant,1937797,7588,304,907,731
2024-09-18T15:51:48.000Z,RepCarlos,True,False," I will NOT be intimidated by the socialist Democrats.

The left calls anyone who supports border security & legal immigration a racist.

I’m a Cuban exile and legal immigrant to this country — that bull WILL NEVER fly with me.",897829,47610,1253,14509,2464
2024-03-08T03:16:13.000Z,ClayTravis,True,False,"Joe Biden just confused Laken Riley, a college student killed by an illegal immigrant, with USC football coach Lincoln Riley. This just happened. The man’s brain is mush. Incredibly disrespectful.",959285,15667,668,2906,372
2024-08-27T00:30:22.000Z,robbystarbuck,True,False,"Politico reports that California Democrats are likely to pass a bill granting up to $150,000 to each illegal immigrant to help them buy a house.

No, I’m not joking. Meanwhile homeless veterans and young families get nearly no help.

Politico’s headline is disgusting too. They",116470,3110,250,1453,140
2024-06-28T18:05:00.000Z,DailyLoud,True,False,Illegal immigrant fatally shoots and kills 2 workers at Texas Chick-fil-A.,5851006,46967,1542,3462,2732
2024-04-17T15:15:57.000Z,sav_says_,True,False,"“They give me ticket for free to Chicago”

An illegal immigrant from Russia, who has been living in NYC for the past year, received a free plane ticket to Chicago sharing that he wants to “see a new city” and “feel a new vibe”

He then expressed plans to visit LA with another",3336674,9467,753,4052,1063
2024-06-18T13:12:46.000Z,EndWokeness,True,False,"An illegal immigrant with SIXTEEN PRIOR DEPORTATIONS kiIIed Scott Miller while speeding and driving without a CDL. 

Mendoza worked for Monique Trucking.

Monique, the California-based trucking company, has a history of violations.

SUE THEM INTO OBLIVION.",917675,18617,383,4263,447
2024-10-27T21:30:36.000Z,BehizyTweets,True,False,"Vivek did something brilliant with his speech. He sent a message to different groups of people, which most politicians ignore. His message to illegal immigrants is the best

""But our message to every illegal immigrant is also this. We will return you to your country of origin,",1256699,45368,483,11266,2131
2024-01-10T14:26:13.000Z,TulsiGabbardrep,True,False,"Do you support the mass deportation of every single illegal immigrant in America effective immediately ?

YES or NO ?",445403,26301,8840,2916,40
