timestamp,username,icon-verified,fact-checked,text,views,likes,replies,reposts,bookmarks
2024-09-09T17:08:51.000Z,CubanOnlyTrump,True,False,"JUST ANNOUNCED :Kamala Harris ""We extended Temporary Protected Status to over 100,000 Haitian Migrants. They need support.""

Aiden Clarke an 11-year-old was kiIIed on his way to school in Springfield, Ohio.  

His kiIIer was a Haitian illegal immigrant that Kamala FLEW in.

Never",1359650,21990,2074,16366,1300
2024-02-26T20:31:25.000Z,HouseGOP,True,False,"The man charged with the horrifying murder of 22-year-old Laken Riley is an illegal immigrant from Venezuela who crossed the southern border on Sep 8, 2022.

On Sep 20, 2022, Joe Biden said it was ""not rational"" to send illegal immigrants from Venezuela back to Venezuela.",252411,2841,760,1615,90
2024-06-27T04:09:21.000Z,ImMeme0,True,False,"BREAKING: Illegal immigrant who shot 2 NYPD officers at 'point-blank range' indicted on 20 charges claims a notorious Venezuelan gang has been smuggling guns into city-run shelters.

Bernardo Raul Castro Mata (19) will be placed in protective custody following his explosive",913062,9488,414,5197,536
2024-11-12T14:58:16.000Z,MichaelBrun,True,False,"Talking to Rose about her journey to Springfield, Ohio and opening her Haitian restaurant 

#haitian #haiti #ayiti #springfield #immigrant",18060,532,16,116,30
2024-11-07T00:07:32.000Z,madisoncross__,False,False,"my heart has been heavy thinking about Jocelyn Nungaray, Laken Riley, and many other women whose right to LIFE was unmercifully  taken away and violated at the hands of illegal immigrant men who never should’ve stepped foot on American soil. Our border needs to be fixed NOW!",0,11,2,1,367
2023-05-26T21:57:01.000Z,TheyCallMeDoc1,True,False,"Lesson of the day. 
Migrant - A person who moves from place to place for work. 
Immigrant - A person who comes to live permanently.
Illegal Alien - a foreign national who is living without official authorization in a country.
They are not Migrants they are illegal aliens.",24521,1463,79,641,8
2024-11-05T16:58:49.000Z,UWDAction,False,False,"Project 2025 is a clear plan to weaponize the federal government in order to destroy our immigrant communities, and we won’t accept it. All people, regardless of immigration status, should have the right to move and live freely.",3344,46,2,27,7
2024-11-11T19:05:17.000Z,immcouncil,False,False,"Happy Veterans Day! Today, we honor the brave men and women who have served our nation with unwavering courage and sacrifice. We also wish to highlight and celebrate the immigrant veterans who have served our country. Thank you for your service! #VeteransDay",712,10,1,6,1
2024-11-08T02:55:35.000Z,JustTheNews,True,False,Breaking: Federal judge strikes down Biden citizenship program aimed at immigrant spouses of US citizens,9047,190,5,45,9
2024-11-07T17:40:17.000Z,HaitianBridge,False,False,"This is not the time to sit back. As we enter a new era, our immigrant communities need us to show up. The Haitian Bridge Alliance is not backing down. To everyone who has been with us, and believes in being on the right side of history — let’s get to work.",2901,66,4,34,3
2024-11-12T07:03:02.000Z,JayJay91341991,False,False,Balloon-head Babet is an illegal immigrant from Mauritius and should be deported immediately!   #auspol,16365,874,68,168,7
2024-09-19T20:48:37.000Z,trumprealparody,True,False,"BREAKING: Governor Sarah Sanders just said, ""I want every single illegal immigrant sent back to their home country."" 

Do you agree with Sarah?
A. Yes
B. No",234667,22186,9036,2942,66
2024-08-31T02:58:21.000Z,stillgray,True,False,"Nancy Pelosi revealed to Bill Maher her outrageous plan to not only grant citizenship to every illegal immigrant but also to provide them with free housing, all on the dime of the hardworking American taxpayer. Cool cool cool.",1652516,19408,2662,7236,2175
2024-03-11T18:39:48.000Z,MattWalshShow,True,False,"Haiti Descends Into Chaos As Our Borders Remain Wide Open

TIMESTAMPS:

00:00 - 00:30 Opening
1:55 - 15:31 Haiti Descends Into Chaos As Our Borders Remain Wide Open
16:28 - 27:52 Biden Refuses To Condemn Illegal Immigrant Who Murdered Laken Riley
27:53 - 39:30 Jimmy Kimmel",11137711,5305,507,1500,992
2024-02-06T21:34:25.000Z,w_terrence,True,False,"I might lose a lot of support after this 

IM GIVING UP MY AMERICAN CITIZENSHIP!!!!!! 

I’m changing my race to Mexican and I now identify as an illegal Immigrant after finding out New York City will be giving out 53 million dollars to migrants 

My new name is Paco Nacho",1491977,42244,4334,11127,962
2024-09-12T06:06:09.000Z,DefiyantlyFree,True,False,"Daughter of Haitian immigrant confirms ABC is lying about Springfield, Ohio.

The Harris campaign is the titanic and the iceberg is approaching.",592663,17927,556,8114,2146
2024-09-20T18:56:15.000Z,CongresswomanSC,True,False,"The Haitian community and all immigrant communities contribute to the fabric of this great nation, and we must stand with them in solidarity. We must continue to fight for an America where everyone is treated with dignity, respect, and fairness—no matter where they come from.",129174,2429,416,988,40
2024-10-27T21:30:36.000Z,BehizyTweets,True,False,"Vivek did something brilliant with his speech. He sent a message to different groups of people, which most politicians ignore. His message to illegal immigrants is the best

""But our message to every illegal immigrant is also this. We will return you to your country of origin,",1256348,45390,482,11271,2133
2024-04-29T14:21:39.000Z,EvaVlaar,True,False,"''When another white boy dies at the hands of an immigrant...''

Well, another one just did. A French boy named Mathis. 15 years old. Stabbed in the heart four times by an Afghan migrant who tried to steal his phone.

I have nothing left to say.",1289780,33289,678,12429,1275
2024-11-12T14:44:45.000Z,AprilNicoleinVA,True,False,"If I commit a crime, I have to reap the consequences. 

An ILLEGAL immigrant, who has committed a crime has to reap the consequences even if they means being separated from their family. 

The End",0,29,6,1,621
2024-11-12T01:35:38.000Z,Jerone4Congress,True,False,Please don't separate illegal immigrant families. Send them back together.,0,71,4,11,1024
2024-11-08T15:54:29.000Z,MigrationPolicy,True,False,"Indians are one of the largest—and fastest growing—immigrant populations in the US

Our article by Madeleine Greene & 
@JeanneBatalova
 collects useful data to help you understand this group",0,1,1,3,390
