timestamp,username,icon-verified,fact-checked,text,views,likes,replies,reposts,bookmarks
2024-11-06T22:15:30.000Z,PrinceJamesFan,True,False,Me showing the cop the Illegal immigrant in my class on January 20th.,4464522,70935,318,4046,5470
2024-11-06T20:23:00.000Z,ImmigrantCrimes,True,False,"I suppose I should thank 
@elonmusk
 for giving me a platform where I could do this without being ghosted or outright banned.",0,65,3,10,1058
2024-11-08T14:19:41.000Z,BBlues100,False,False,"Listen to this they are putting our bus fair up to £3 and the illegal immigrant’s gets free bus fair, now this country is getting worse and worse just listen to this video",209049,9733,439,2861,400
2024-11-06T05:49:26.000Z,MGF91,False,False,My feelings as a Mexican immigrant right now,44523,458,25,19,22
2024-11-03T13:49:26.000Z,peaceandteachin,True,False,"Leon is working for Putin. They are all in on crashing the economy and removing sanctions to prop up a failing Russia. 
He is an illegal immigrant who doesn’t understand the US and what makes America great. 
#DemsUnited #ProudBlue",5379,176,6,154,3
2024-11-06T06:31:22.000Z,loganclarkhall,True,False,"we are reasserting our sovereignty and every single illegal immigrant is going to be sent back to where they belong. 

victory for our country. victory for our people.",4381,198,2,12,8
2024-11-04T20:10:30.000Z,DrakeBehren,True,False," Minelys Rodriguez RIP

Say her name because Biden and Harris won't!!

Another woman killed by an illegal immigrant allowed through our open border!

Mass Deportations Now  Protect our women and children!",26474,345,11,110,22
2024-11-04T16:18:29.000Z,Blvdhuriel,False,False,my cousin tammat he voting for trump bru u cant een vote u a immigrant,11994,151,48,16,2
2024-03-06T13:24:24.000Z,BPUnion,True,False,"Arresting illegal aliens who crash the border...illegally...is deemed ""anti-immigrant"" by Arizona Gov Katie ""Veto"" Hobbs.

Let that sink in for a moment.",81752,4727,420,1970,70
2024-03-09T23:34:30.000Z,kleavittnh,True,False,"President Trump on Laken Riley’s Killer: 

“I say he is an illegal alien, he is an illegal immigrant, he is an illegal migrant, and he should have never been in our country, and he wouldn’t have been under the Trump policies.”",108676,5894,285,1786,48
2024-10-29T15:51:32.000Z,CollinRugg,True,False,"JUST IN: Trump announces plan to seize all assets from illegal immigrant gangs let into the country under Kamala Harris, will use them to pay victims of migrant crime.

""I'm announcing that for the first time under my administration, we will be seizing the assets of the criminal",361996,10427,244,1796,296
2024-05-25T23:51:08.000Z,PamelaHensley22,True,False,"BREAKING:  Alabama Senator Katie Britt just said, ""I want every single illegal immigrant sent back to their home country."" 

What's your reaction?",465560,21566,2909,2547,52
2024-04-16T16:33:34.000Z,sav_says_,True,False,"Welcome to the United States where our city parks are being overrun by illegal immigrant men. 

The city of NY is set to spend $12 billion through 2025 to take care of these men | 
@FrontlinesTPUSA",250366,7477,370,2489,285
2024-03-11T14:06:08.000Z,nettermike,True,False,"Say his name. TRAVIS WOLFE was 11 years old and killed by an illegal immigrant driving without a license in Missouri. NOT a border state to the morons at MSNBC. Travis was a passenger in a jeep with his parents when a woman, here illegally from Venezuela, drove the wrong way at",292743,9707,565,5146,228
2024-09-18T15:51:48.000Z,RepCarlos,True,False," I will NOT be intimidated by the socialist Democrats.

The left calls anyone who supports border security & legal immigration a racist.

I’m a Cuban exile and legal immigrant to this country — that bull WILL NEVER fly with me.",897616,47622,1255,14521,2465
2024-04-17T20:01:58.000Z,ImMeme0,True,False,"NEW: African Community organizer says that NYC is “anti-African xenophobic.”  Also, she complains about the quality of FREE services illegal Africans receive. 

As an immigrant who has been living in NYC for almost 30 years I’m appalled that people who just got here have the",117880,2666,344,956,81
2024-02-27T16:04:15.000Z,brotherjones_,False,False,"Last night Speaker Sexton silenced me for calling out an anti-immigrant resolution.

Their rhetoric honoring Texas’ immoral border policies and attacking migrants mirrors the neo-Nazis who marched in Nashville.

The Tennessee House is rolling out the welcome mat for hate groups.",132792,7066,1120,2488,58
2024-11-06T16:22:45.000Z,Laceythegr8,False,False,Nobody hates illegal immigrants more than an illegal immigrant who has become legal.,1726,12,1,15,1
2024-11-10T06:32:22.000Z,SiddhantAdlakha,False,False,"It should come as no surprise that a number of liberals have followed the Democrats’ anti-immigrant, “secure the border” pivot to its logical endpoint, and are now turning collaborator. But it bears repeating: if your advocacy for human rights is conditional, it’s worthless.",96961,1973,16,370,72
2024-11-04T02:00:58.000Z,GrahamAllen_1,True,False,"THIS IS DESPICABLE!!!!

Puerto Rican influencer was M*RDERED by an illegal immigrant!

Mark my words...

America is NOT safe under Kamala Harris!

Here is what Breitbart is reporting:

""Angel DeJesus Rivera-Sanchez, a 24-year-old ",12840,620,29,406,16
2024-11-07T16:11:07.000Z,jbuggie444,True,False,"for mass deportations they do not check legal status. if you look the part, you’re deported. anyone who has birthright citizenship, deported. anyone who became a naturalized citizen, deported. anyone who looks like an immigrant, deported.",3209,52,2,4,6
2024-11-08T18:03:45.000Z,LarryAndress2,True,False,Massive victory for deportation efforts. Judge axes  program to legalize illegal immigrant spouses of US states.,0,92,3,10,0
2024-11-11T05:03:16.000Z,MTGrepp,True,False,"Donald Trump’s newly appointed Border Czar has a message for every illegal immigrant, “You better start packing now… because you are going home” 

Donald Trump appointed the BEST Border Czar 

THIS IS A MASSIVE WIN FOR AMERICA ",96635,6264,150,1366,334
2024-11-07T14:54:47.000Z,mtelford_cis,False,False,"Massive illegal immigrant round-up will not happen. Illegal aliens can be persuaded to return home on their own by making it impractical to stay...saves gvt time & money & is preferable for the illegal aliens, allowing them to return on their own terms.",831,20,9,6,4
2024-11-07T14:08:24.000Z,ColorinColorado,False,False,"Making Immigrant Students and Families Feel Welcome

https://colorincolorado.org/immigration/guide/welcome…",0,4,14,26,1533
2024-11-05T00:03:00.000Z,RepBethVanDuyne,True,False,"Antisemitism is imported through our broken border and protected by far-left sanctuary city policies. I’m working with my 
@HouseGOP
 colleagues to secure the border and support our Jewish community.",0,750,4,12,0
