timestamp,username,icon-verified,fact-checked,text,views,likes,replies,reposts,bookmarks
2018-04-25T13:33:58.000Z,Maria_Hinojosa,False,False,"Come on 
@nytimes
 There is no such thing as an “illegal” immigrant or “illegal” human being. A person, an immigrant, may have gotten to or stayed in a country illegally but the person is not “illegal”.",0,436,12,171,0
2024-11-07T15:41:00.000Z,NILC,False,False,"Hurricane Helene deeply affected many communities, including immigrant farm workers who lost their jobs and homes in the disaster.

Learn how you can support farm workers impacted by Hurricane Helene:",0,1,3,6,879
2024-11-09T03:18:02.000Z,mittenskittens_,True,False,"If you didn't know Obamacare = ACA and you're upset you're gonna lose it, you shouldn't have voted. If you didn't know American businesses/consumers would be the ones paying for the tariffs, you shouldn't have voted. If you thought your illegal immigrant family members wouldn't",0,4,13,70,5450
2024-11-06T03:07:06.000Z,WalletBussinK,False,False,Lmao a Hispanic man saying that he voted for trump because he wants border protection after being an illegal immigrant and then getting citizenship is crazy ,3099,30,4,8,3
2024-11-08T00:11:31.000Z,TheJFreakinC,True,False,"As a woman, I’ve never been worried about being raped, or SAed, by an illegal immigrant… But, I have been worried about being raped, and SAed, by white men, who are American citizens.",452587,15674,377,2173,216
2024-11-04T21:19:15.000Z,MigrationPolicy,True,False,"NEW: We offer 1st-ever projections of the US working-age population by immigrant generation through 2040 based on varying future immigration level scenarios

TL;DR: Policy will play a key role in shaping the US demographic landscape & future workforce

http://migrationpolicy.org/news/immigrant-origin-population-2040…",0,1,7,10,1661
2024-01-10T14:26:13.000Z,TulsiGabbardrep,True,False,"Do you support the mass deportation of every single illegal immigrant in America effective immediately ?

YES or NO ?",445331,26308,8838,2915,40
2024-09-30T18:23:28.000Z,benonwine,True,False,"Should the Royal Navy be ordered to turn the illegal immigrant boats around and stop the illegal invasion of Britain?

YES or NO",531709,27642,8066,2715,84
2024-02-27T01:58:04.000Z,nicksortor,True,False," JUST IN: Democrat Rep. Katie Porter says college student Laken Riley’s de*th at the hands of an ILLEGAL IMMIGRANT should NOT influence our overall immigration policy.

This is INSANITY.

Violent illegals from all over the world are FLOWING through our southern border, while",1109988,18107,2766,6276,380
2024-06-28T18:05:00.000Z,DailyLoud,True,False,Illegal immigrant fatally shoots and kills 2 workers at Texas Chick-fil-A.,5850757,47025,1543,3458,2736
2024-03-16T22:24:09.000Z,Liz_Wheeler,True,False,"TikTok just gave me a strike warning & removed this video. For being “hateful.”

Do you think it’s because I said “illegal immigrant” or “trans’ing kids”?",294220,13085,816,4598,262
2024-11-10T20:27:32.000Z,BEVHOWARD40,False,False,"An ""illegal"" immigrant",0,15,3,3,229
2024-11-04T10:38:15.000Z,Steve92592444,True,False," Illegal Immigrants Total 
Week 28th Oct - 3rd Nov
1,227 Illegal Immigrants were unloaded at Dover from 28 Rubber Boats
Every Week this horde of Illegal Immigrants will ADD £1,717,800 to the Immigrant Bill 
Labour Taxing Farmers to Keep Illegal Immigrants alive in hotels",1889,208,6,141,2
2024-11-11T12:42:11.000Z,MTGrepp,True,False,‘We The People’ have a mandate. MASS DEPORT every illegal immigrant on Day One ,30661,1657,122,332,10
2023-05-26T21:57:01.000Z,TheyCallMeDoc1,True,False,"Lesson of the day. 
Migrant - A person who moves from place to place for work. 
Immigrant - A person who comes to live permanently.
Illegal Alien - a foreign national who is living without official authorization in a country.
They are not Migrants they are illegal aliens.",24489,1464,79,640,8
2024-09-12T21:37:00.000Z,TheRealKeean,True,False,Alberta should commit to putting every illegal immigrant that Trudeau sends over here on a bus bound for Ottawa.,67150,3790,304,653,10
2024-11-02T04:55:04.000Z,ighaworth,True,False,"If Peanut the Squirrel was an illegal immigrant who was dealing fentanyl and raping women, New York Democrats would give him $5,000 and a cell phone.",2166625,70996,569,10715,1393
2024-11-04T21:08:45.000Z,ResisttheMS,True,False,"HILARIOUS: Liberals FURIOUS about ILLEGAL IMMIGRANT housing PRANK

If they don't want to house them, why are they allowed in the country?",12163,201,4,57,19
2024-11-05T16:58:49.000Z,UWDAction,False,False,"Project 2025 is a clear plan to weaponize the federal government in order to destroy our immigrant communities, and we won’t accept it. All people, regardless of immigration status, should have the right to move and live freely.",3324,46,2,26,7
2024-11-08T01:59:57.000Z,MTGrepp,True,False,"EVERY SINGLE ILLEGAL IMMIGRANT NEEDS TO BE DEPORTED. I DON’T CARE WHO THEY ARE

WHO’S WITH ME ?",121894,12357,1272,1814,48
2024-11-08T18:03:45.000Z,LarryAndress2,True,False,Massive victory for deportation efforts. Judge axes  program to legalize illegal immigrant spouses of US states.,0,96,3,10,0
2023-10-08T05:30:35.000Z,Patricia344130,False,False,"This illegal immigrant- 43yr old Gambian rapist argued he can’t be sent back as he won’t be given the medical treatment he needs.

He’s won his case to stay.

Medical treatment?????
I’d be forcing him on a plane.

 We’ve to get out of the ECHR.",121549,4040,665,1333,11
2024-07-24T11:25:11.000Z,benonwine,True,False,"Honest Question…..

Should every illegal immigrant be deported?

YES or NO?",343122,13716,5933,1109,27
2024-08-29T15:46:51.000Z,trumprealparody,True,False,"Do you support Me using the miIitary to MASS DEPORT every illegal immigrant ? 

A. YES
B. NO",168490,14229,6675,1937,60
