timestamp,username,icon-verified,fact-checked,text,views,likes,replies,reposts,bookmarks
2024-09-09T17:08:51.000Z,CubanOnlyTrump,True,False,"JUST ANNOUNCED :Kamala Harris ""We extended Temporary Protected Status to over 100,000 Haitian Migrants. They need support.""

Aiden Clarke an 11-year-old was kiIIed on his way to school in Springfield, Ohio.  

His kiIIer was a Haitian illegal immigrant that Kamala FLEW in.

Never",1360374,21963,2068,16350,1297
2024-08-15T13:01:16.000Z,WallStreetApes,True,False,"ALL OF AMERICA, LISTEN TO THIS 

American Business owner is selling her food truck. Illegal immigrant shows up with paperwork that he is getting funding to purchase her truck with NO MONEY in the bank and NO CREDIT

She speaks with the bank and is told it’s COMMON, Illegal",1592248,32753,2426,15702,4417
2024-08-31T02:58:21.000Z,stillgray,True,False,"Nancy Pelosi revealed to Bill Maher her outrageous plan to not only grant citizenship to every illegal immigrant but also to provide them with free housing, all on the dime of the hardworking American taxpayer. Cool cool cool.",1652632,19389,2660,7222,2170
2024-05-05T17:50:51.000Z,w_terrence,True,False,"Happy Cinco De Mayo !  As an illegal immigrant I want my free Tacos ,Nachos and 53 million dollars asap !

This is my identity & you will respect it!
If man can be a woman then I can be an illegal immigrant!

I WANT MY PESOS, Free Housing , Free Food and yes I will still complain",433820,15840,1203,4415,345
2024-08-29T15:46:51.000Z,trumprealparody,True,False,"Do you support Me using the miIitary to MASS DEPORT every illegal immigrant ? 

A. YES
B. NO",168602,14208,6669,1929,60
2024-06-25T13:22:00.000Z,carolvorders,True,False,"Tommy Robinson arrested as an illegal immigrant in Canada 

It’s Rwanda for you my boy 

This really is an election run up that just keeps on giving isn’t it ?",4808260,34474,4336,5762,765
2024-08-28T14:01:52.000Z,EndWokeness,True,False,"BREAKING: The man in Philadelphia who gunned down and tried to kiII 8 innocent Americans is an illegal immigrant 

He's a MS-13 member from El Salvador",3553155,61258,2186,23976,2986
2023-12-26T05:00:09.000Z,OliviaTroye,True,False,"Some keep telling me to go back to Mexico. It’s what happens when a fmr President cranks up his ugly anti-immigrant rhetoric again. I was born here. My mom & family immigrated here. She became an American citizen. They worked their asses off as migrant farm workers, long distance",692920,15667,1162,2198,160
2024-08-27T00:30:22.000Z,robbystarbuck,True,False,"Politico reports that California Democrats are likely to pass a bill granting up to $150,000 to each illegal immigrant to help them buy a house.

No, I’m not joking. Meanwhile homeless veterans and young families get nearly no help.

Politico’s headline is disgusting too. They",116487,3114,250,1456,140
2024-01-04T04:54:37.000Z,BigBlueWaveUSA,True,False,"In the 2024 election, Republicans will run on the border/immigrant invasion/caravans.
But ask for THEIR solution. This reporter asked Ted Cruz and got no answer / hostility and a “You don’t get to argue with me” response.
The GOP WANTS this - to run on it.",554229,11673,1850,4903,321
2024-08-22T20:26:26.000Z,CollinRugg,True,False,"JUST IN: The mother of Rachel Morin, who was k*lled by an illegal immigrant, joins Trump at the border, blasts the Biden-Kamala admin for their open border policies.

Patty Morin delivered an emotional speech alongside Trump during his visit to the southern border. 

""Rachel was",1064380,32291,535,8682,606
2024-05-18T19:53:25.000Z,ImMeme0,True,False,"“It’s very traumatic… No. No good Rochester.” says an illegal immigrant from El Salvador.

Yaniry Pena came to the U.S. with her children a year ago.

She lived for FREE in NYC hotel for 4 months. Then she and her children were relocated to a FREE apartment in Rochester, NY.",1048375,8514,3521,3363,556
2024-10-17T23:58:04.000Z,BarronTrumpoo,True,False,"BREAKING: Governor Sarah Sanders just said, ""I want every single illegal immigrant sent back to their home country."" 

Do you agree with Sarah?

A. YES
B. NO",86429,9293,3240,1091,22
2024-02-27T01:51:29.000Z,RNCResearch,True,False,Democrat Rep. Katie Porter on the murder of 22-year-old Laken Riley by an illegal immigrant: “The important thing to focus on is any one instance shouldn’t shape our overall immigration policy”,1851243,2608,2434,1612,189
2024-09-10T10:17:12.000Z,EuropeInvasions,True,False,"British woman describes immigrant who attacked and spat on her as a 'filthy migrant'

British police warn woman over her description.

What do you think?",159216,4295,933,1091,387
2024-08-27T16:14:49.000Z,charliekirk11,True,False,"Kamala Harris says there's no such thing as an illegal immigrant.

She says we need to get rid of ICE.

She has overseen the largest invasion in American history of 10,000,000 illegals.

She has instituted catch and release.

She worked to overturn Trump's successful border",134082,3712,267,1210,101
2024-06-27T21:58:37.000Z,GregAbbott_TX,True,False,"Another illegal immigrant in Texas on his way to death row. 

Suspect in deadly Texas Chick-fil-A shooting in US illegally, ICE confirms",65961,3201,215,900,44
2024-03-17T02:37:04.000Z,Jessica_4_Trump,True,False,"Happening Now:  Illegal Immigrant Virgilio Aguilar Mendez has been released from ICE custody after manslaughter charges were dropped against him.  He’s now suing the Florida Sheriffs office for violating his rights.  

Last year a Sheriff’s Deputy attempted to stop Mendez, but he",1449931,19490,4098,7476,711
2024-03-09T23:46:07.000Z,bennyjohnson,True,False,"TRUMP ON THE CRIMINAL ALIEN WHO MURDERED LAKEN RILEY: “I say he is an illegal alien, he is an illegal immigrant, he is an illegal migrant, and he should have never been in our country, and he wouldn’t have been under the Trump policies.”",1799196,59222,988,12041,817
2024-11-19T04:00:38.000Z,_Charlene_TX,False,False,"Illegal aliens getting citizenship with no effort is a smack in the face to every single immigrant who came to this country legally

It takes years and money and all the illegals had to do was cross illegally 

Deport all of them",0,16,1,2,117
2024-09-07T16:16:46.000Z,MattWallace888,True,False,BREAKING: Illegal Immigrant Caught Planning “The Largest Terror Attack on U.S. Soil Since 9/11” ,5728344,57115,2808,21681,9221
2024-03-10T00:06:52.000Z,GOP,True,False,Biden is apologizing to an illegal immigrant arrested for murder. President Trump will stop criminals from entering the country.,277557,3773,560,1184,84
2024-09-25T20:07:07.000Z,SenMikeLee,True,False,"I gave Senate Democrats one more opportunity to pass the SAVE Act and secure our elections before November.

They said stopping illegal immigrant voting is not “serious.” 

Remember this.",208968,4929,532,2219,178
