timestamp,username,icon-verified,fact-checked,text,views,likes,replies,reposts,bookmarks
2024-09-09T17:08:51.000Z,CubanOnlyTrump,True,False,"JUST ANNOUNCED :Kamala Harris ""We extended Temporary Protected Status to over 100,000 Haitian Migrants. They need support.""

Aiden Clarke an 11-year-old was kiIIed on his way to school in Springfield, Ohio.  

His kiIIer was a Haitian illegal immigrant that Kamala FLEW in.

Never",1359857,21987,2073,16359,1297
2024-06-03T11:10:29.000Z,NMalliotakis,True,False," Two cops shot overnight in NYC (⁦
@AOC
⁩’s district) by an illegal immigrant living at a former Marriott, current migrant shelter at OUR expense. What will it take for Biden, Hochul & Adams to change their disastrous policies? It’s infuriating",184789,3409,384,1622,71
2024-08-10T15:56:15.000Z,Shunyaa00,True,False," UK : Mohammed Sina, 30, illegal immigrant from Iran, attempted to rape 12-year-old British girls. Caught and arrested. Mohammed was previously in jail for assault and robbery.",365202,7927,788,4243,445
2024-09-18T15:51:48.000Z,RepCarlos,True,False," I will NOT be intimidated by the socialist Democrats.

The left calls anyone who supports border security & legal immigration a racist.

I’m a Cuban exile and legal immigrant to this country — that bull WILL NEVER fly with me.",897803,47616,1253,14515,2464
2024-08-20T05:48:42.000Z,RyanShead,True,False,"Dear Elon,

Here is the video you say doesn’t exist of Donald Trump saying there were very fine people on both sides after Charlottesville.

You keep saying X is this arbiter of truth, yet you spread lies to help Trump and conservatives.

You’re a former illegal immigrant who’s",5772016,38761,3280,12488,2334
2024-03-07T03:09:02.000Z,MJTruthUltra,True,False," Polk County, Florida

Human Trafficking Bust Reveals the US Government is Flying Illegal Immigrant Sex Workers to Major Metropolitan Areas for Free

Operation March Sadness:

• 228 arrested (coaches, military service members, and a school teacher)

• The Human trafficking",4434267,46218,967,23988,7513
2024-02-27T01:51:29.000Z,RNCResearch,True,False,Democrat Rep. Katie Porter on the murder of 22-year-old Laken Riley by an illegal immigrant: “The important thing to focus on is any one instance shouldn’t shape our overall immigration policy”,1851172,2610,2434,1609,190
2024-05-18T19:53:25.000Z,ImMeme0,True,False,"“It’s very traumatic… No. No good Rochester.” says an illegal immigrant from El Salvador.

Yaniry Pena came to the U.S. with her children a year ago.

She lived for FREE in NYC hotel for 4 months. Then she and her children were relocated to a FREE apartment in Rochester, NY.",1048258,8522,3521,3364,556
2024-11-09T21:17:03.000Z,MTGrepp,True,False,"HOLY SH*T  Illegal Immigrants have taken over the Streets of New York to protest Deportations

This make it VERY easy for Donald Trump to know who to Deport. Please keep track of these people 

MASS DEPORT EVERY ILLEGAL IMMIGRANT ",671757,24335,2728,6222,445
2024-03-17T17:53:30.000Z,Jessica_4_Trump,False,False,"If we lose in November it really will be a bloodbath.  

A bloodbath on the economy which is already suffering.  

A bloodbath on our rights that they keep trying to take away. 

A bloodbath for the families who lose a loved one to an illegal immigrant.  

A bloodbath for anyone",182948,8022,1588,2431,85
2024-03-16T22:24:09.000Z,Liz_Wheeler,True,False,"TikTok just gave me a strike warning & removed this video. For being “hateful.”

Do you think it’s because I said “illegal immigrant” or “trans’ing kids”?",294231,13088,816,4600,261
2024-06-28T18:05:00.000Z,DailyLoud,True,False,Illegal immigrant fatally shoots and kills 2 workers at Texas Chick-fil-A.,5850970,46988,1542,3460,2734
2024-02-06T21:34:25.000Z,w_terrence,True,False,"I might lose a lot of support after this 

IM GIVING UP MY AMERICAN CITIZENSHIP!!!!!! 

I’m changing my race to Mexican and I now identify as an illegal Immigrant after finding out New York City will be giving out 53 million dollars to migrants 

My new name is Paco Nacho",1491983,42242,4334,11120,962
2024-11-07T04:52:08.000Z,vvsrak,True,False,"The first thing Donald Trump wants to do when in office is to end birthright citizenship, if you as a decent of an immigrant voted for this man I hope you feel shame and remorse for your vote",14847,56,20,18,33
2023-01-08T23:44:48.000Z,RNCResearch,True,False,"Biden departs his border drive-by just as quickly as he arrived — his first-ever visit to the border in his 50+ years in politics and 80+ years of life.

Officials had the town sanitized and illegal immigrant encampments cleared before Biden arrived.",526663,7452,2792,3070,35
2024-01-18T00:58:44.000Z,ImMeme0,True,False,"BREAKING: Family of Kayla Marie Hamilton murdered by illegal immigrant and gang member files $100 MILLION lawsuit against Biden administration.

“We bring this landmark lawsuit in honor of Kayla to get answers on how this catastrophic failure occurred and help prevent another",512421,18132,638,6677,357
2024-09-12T08:48:21.000Z,sharrond62,True,False,"How the hell are we making it a ‘benifit’ to be a convicted criminal or an illegal immigrant to get housing first before someone born in the uk, that’s abided by the law, not hurt others, not lied, paid their bills & been a credit to society? I really despair where we are headed!",281122,16469,1165,4003,107
2024-04-16T16:33:34.000Z,sav_says_,True,False,"Welcome to the United States where our city parks are being overrun by illegal immigrant men. 

The city of NY is set to spend $12 billion through 2025 to take care of these men | 
@FrontlinesTPUSA",250429,7479,370,2489,285
2024-03-07T00:46:46.000Z,Jessica_4_Trump,False,False,"Happening Now:  Senator Joni Ernst proposed a bill that would require ICE officials to detain any illegal immigrant charged with a violent crime.  She was trying to have the vote brought to the floor by unanimous decision, but it was blocked by democrat Durbin.  

Senate Majority",919222,20726,2863,10400,347
2024-01-31T19:46:43.000Z,WeThePeople021,True,False,"If an illegal immigrant is arrested for any crime,  should they automatically be deported from our country?",352518,19513,6326,2765,23
2024-10-27T23:52:43.000Z,60Minutes,True,False,"""I hear a lot of people say, 'The talk of a mass deportation is racist.  It's threatening to the immigrant community,'"" says Tom Homan, Trump’s former acting director of immigration enforcement. He argues it should only “be threatening to the illegal immigrant community.”",1461577,21934,1559,3545,1565
2024-10-29T20:53:14.000Z,ScottPresler,True,False,"Today, I met an immigrant from Portugal. 

She just received her citizenship & voted for the first time.

She also said that this is the most important election & it enrages her

that our country takes better care of illegal aliens than citizens.

She voted Trump.",141871,18631,189,3104,67
2024-03-03T10:59:47.000Z,TulsiGabbard,True,False,"A young woman in Georgia was murdered by an illegal immigrant who was set free twice—once when he illegally came into our country, and again when he was arrested shortly thereafter. If he wasn’t here, Ms. Riley wouldn’t have been killed. Kamala Harris and leaders of Dem Elite",376966,10887,472,2489,154
2024-11-13T19:05:53.000Z,FrannyOD,True,False,"Dear Nigerians who are scared of the illegal immigrant cleansing the Trump administration is about to embark on, I have one question for you if you were in his shoes, would you protect the Nigerian border against the Niger/ Chad Fulani influx/terrorists into our country? 

Why",0,11,3,4,840
2024-11-04T02:21:26.000Z,CollinRugg,True,False,"JUST IN: Puerto Rican fitness influencer kidnapped and m*rdered by alleged illegal immigrant in Georgia.

24-year-old Mexican illegal alien Angel DeJesus Rivera-Sanchez is accused of m*rdering Puerto Rican native Minelys “Mimi” Rodriguez-Ramirez, 25.

Rodriguez-Ramirez was last",1406352,21689,880,10381,1523
