timestamp,username,icon-verified,fact-checked,text,views,likes,replies,reposts,bookmarks
2024-08-08T02:03:58.000Z,w_terrence,True,False," EVERYONE IN AMERICA SHOULD BE MAD!!

This Veteran is getting $23 dollars in food stamps but an illegal immigrant is getting $13,000 dollars

Yes this is real! I know people who receive $50 dollars.

This is happening under Kamala Harris and Joe Biden",313097,17607,1147,9939,590
2024-08-17T17:53:59.000Z,EuropeInvasions,True,False,"BREAKING

While Keir Starmer's security forces are busy catching patriotic Brits posting comments, a new illegal immigrant boat has arrived on the UK coast. They are all young men. 

Do you think it's too late for the UK?",1344550,21706,3822,8001,718
2024-03-04T13:00:18.000Z,SpeakerJohnson,True,False,"When asked about the tragic murder of Laken Riley by an illegal immigrant, Secretary Mayorkas visibly checked his talking points on how to deflect blame. 

Her killer should NOT have been allowed to enter the country and if the Administration had stopped him and turned him around",1060549,16474,5392,4600,246
2024-08-31T02:58:21.000Z,stillgray,True,False,"Nancy Pelosi revealed to Bill Maher her outrageous plan to not only grant citizenship to every illegal immigrant but also to provide them with free housing, all on the dime of the hardworking American taxpayer. Cool cool cool.",1652626,19393,2660,7223,2171
2024-01-10T14:26:13.000Z,TulsiGabbardrep,True,False,"Do you support the mass deportation of every single illegal immigrant in America effective immediately ?

YES or NO ?",445447,26292,8839,2907,40
2024-08-20T05:48:42.000Z,RyanShead,True,False,"Dear Elon,

Here is the video you say doesn’t exist of Donald Trump saying there were very fine people on both sides after Charlottesville.

You keep saying X is this arbiter of truth, yet you spread lies to help Trump and conservatives.

You’re a former illegal immigrant who’s",5772453,37364,3279,12464,2287
2024-01-25T02:55:00.000Z,glennbeck,True,False,"Do Doctors Without Borders and the Red Cross know that by handing out detailed maps of how to get to the US border, they're contributing to human trafficking and allowing cartels to make $2000 per illegal immigrant? Do they know terrorists could be using these routes?",142937,6617,302,3456,236
2024-08-15T07:13:09.000Z,ImMeme0,True,False,"If this doesn’t break your heart and piss you off at the same time, I don’t know what will.

This veteran, who worked hard to start her business and buy her food truck, is now sharing her story of selling it to an illegal immigrant who has no credit or savings but is able to",3060067,83724,8491,39415,6764
2024-06-27T05:54:07.000Z,Artemisfornow,True,True,"UK - A Court has ordered a Somalian illegal immigrant must be given a council house and benefits because she has children. 

Even though she arrived from Denmark, where her husband now has citizenship.",350986,2382,431,1254,179
2024-11-12T17:35:02.000Z,JustTheNews,True,False,Breaking: Illegal immigrant accused of killing nursing student Laken Riley waives right to jury trial,0,22,1,10,2843
2024-11-14T12:00:30.000Z,thenyic,False,False,Mayor Adams MUST fight Trump's mass deportation agenda & protect immigrant NYers—not thinking about how the city will be colluding with ICE & create terror.,2958,14,4,4,1
2024-08-28T11:47:49.000Z,MorgothsReview,True,False,"Most political activity today isn't meant to solve problems; it is intended to warp language and obscure perceptions of problems.

Hence on immigration:
Illegal: contrary to or forbidden by law, especially criminal law.
Irregular: contrary to the rules or to that which is normal",14150,426,11,65,16
2024-11-12T08:08:04.000Z,DominiqueBilde,False,False,"République bananière:
S'il était Portugais, il serait arrêté, 
et comme il est immigrant, 
il serait libéré. 
Le pays que nous sommes en train de devenir est incroyable. #SalvarPortugal
#Immigration ",0,284,2,2,0
2024-11-19T04:00:38.000Z,_Charlene_TX,False,False,"Illegal aliens getting citizenship with no effort is a smack in the face to every single immigrant who came to this country legally

It takes years and money and all the illegals had to do was cross illegally 

Deport all of them",0,16,1,2,113
2024-11-16T06:00:22.000Z,callme_Chari,True,False,Laken Riley would still be with us if it weren’t for an illegal immigrant. This is heart breaking. 9-11 call where she spent her last moments trying to defend herself and the officer who found her body. This is ripped me apart. I pray for her family.,4442,45,9,12,2
2024-11-19T17:55:25.000Z,JFREJNYC,False,False,"BREAKING: New & longtime NYers disrupt 
@NYCCouncil
 hearing on 
@NYCMayor
’s cruel, anti-immigrant shelter evictions policy. We declare, “End Shelter Evictions! Immigrants are welcome in NYC – Trumpian policy is not!” ",0,36,4,20,3263
2024-11-16T12:48:34.000Z,SUBRATA30016572,True,False,Do you support Donald Trump using the miIitary to help Mass Deport every illegal immigrant!!,4571,582,132,109,3
2024-11-12T19:00:16.000Z,FoxNews,True,False,"‘KEEPING HIS WORD’: The mother of murdered Rachel Morin has full faith in Trump as he’s set to take charge of the border, promising to oust illegal immigrant criminals after her daughter was allegedly killed by one",92199,1131,60,163,14
2024-01-04T04:54:37.000Z,BigBlueWaveUSA,True,False,"In the 2024 election, Republicans will run on the border/immigrant invasion/caravans.
But ask for THEIR solution. This reporter asked Ted Cruz and got no answer / hostility and a “You don’t get to argue with me” response.
The GOP WANTS this - to run on it.",554227,11677,1850,4902,321
2024-01-13T15:46:26.000Z,TheRubberDuck79,True,False,#KattWilliams and a mexican immigrant waving a mexican flag in the front row got into a heated live 4-minute exchange in front of the whole audience.,1047341,13721,756,4219,2541
2024-08-22T20:26:26.000Z,CollinRugg,True,False,"JUST IN: The mother of Rachel Morin, who was k*lled by an illegal immigrant, joins Trump at the border, blasts the Biden-Kamala admin for their open border policies.

Patty Morin delivered an emotional speech alongside Trump during his visit to the southern border. 

""Rachel was",1064379,32291,535,8682,606
2024-08-16T16:10:02.000Z,Shunyaa00,True,False," UK : London - Mohammed Hazem Soltaen, illegal immigrant from Egypt, attempted to rape a 14-year-old British girl, caught and arrested. Mohammed says, ""Call the Home Office. Alhamdulillah, I am Muslim.""",2773794,16137,1612,6287,2139
2018-06-03T10:49:45.000Z,lookin_robb,False,False,A migrant is someone who moves from east to the west coast looking for work inside a country. A immigrant comes from outside a country to new one. We have a border any one crossing it without permission is a illegal alien/entrant. The left redefines words to confuse. #cdnpoli,0,112,8,71,1
2024-11-14T11:30:04.000Z,Sojourners,False,False,"""Considering what we know about Trump’s anti-immigrant agenda, I hope more Christians can unite in their efforts to care for those the Bible refers to as the stranger, the foreigner, or the alien.""",0,0,1,567,0
