timestamp,username,icon-verified,fact-checked,text,views,likes,replies,reposts,bookmarks
2024-09-09T17:08:51.000Z,CubanOnlyTrump,True,False,"JUST ANNOUNCED :Kamala Harris ""We extended Temporary Protected Status to over 100,000 Haitian Migrants. They need support.""

Aiden Clarke an 11-year-old was kiIIed on his way to school in Springfield, Ohio.  

His kiIIer was a Haitian illegal immigrant that Kamala FLEW in.

Never",1360395,21960,2068,16350,1297
2023-05-26T21:57:01.000Z,TheyCallMeDoc1,True,False,"Lesson of the day. 
Migrant - A person who moves from place to place for work. 
Immigrant - A person who comes to live permanently.
Illegal Alien - a foreign national who is living without official authorization in a country.
They are not Migrants they are illegal aliens.",24567,1463,79,638,8
2024-08-17T17:53:59.000Z,EuropeInvasions,True,False,"BREAKING

While Keir Starmer's security forces are busy catching patriotic Brits posting comments, a new illegal immigrant boat has arrived on the UK coast. They are all young men. 

Do you think it's too late for the UK?",1344565,21707,3821,7999,717
2024-05-05T17:50:51.000Z,w_terrence,True,False,"Happy Cinco De Mayo !  As an illegal immigrant I want my free Tacos ,Nachos and 53 million dollars asap !

This is my identity & you will respect it!
If man can be a woman then I can be an illegal immigrant!

I WANT MY PESOS, Free Housing , Free Food and yes I will still complain",433822,15835,1203,4415,345
2024-06-09T16:23:58.000Z,dom_lucre,True,True,"BREAKING: Anti-immigrant Malachy Steenson has been elected in Dublin Parliament, his goal is to provide ‘a safe future for his children.’ By addressing the growing problem of immigration in the EU, in short to prevent ‘The Great Replacement.’",504650,7856,218,1442,145
2024-11-12T08:08:04.000Z,DominiqueBilde,False,False,"République bananière:
S'il était Portugais, il serait arrêté, 
et comme il est immigrant, 
il serait libéré. 
Le pays que nous sommes en train de devenir est incroyable. #SalvarPortugal
#Immigration ",0,286,2,2,0
2024-11-13T19:21:30.000Z,ChicanoPost,False,False,"The Mexican President reassured not to be worried about Trump and his plans for mass deportation. She expressed a warm welcome to the US immigrant community an stated if the US proceeds with deportations of Mexicans, Mexico would respond by deporting 2 million American immigrants",4705,41,10,23,7
2024-11-19T22:48:10.000Z,IAm_StarDiva,False,False,"SuperWonder: 
The Immigrant & the Refugee 
The Amazon & the Alien
The Island girl & the Farm boy
The Diplomat & the Reporter
The Hero & the Warrior 
Sun & Moon
Hope & Love
#WonderWoman #Superman",434,19,6,7,2
2018-04-25T13:33:58.000Z,Maria_Hinojosa,False,False,"Come on 
@nytimes
 There is no such thing as an “illegal” immigrant or “illegal” human being. A person, an immigrant, may have gotten to or stayed in a country illegally but the person is not “illegal”.",0,420,12,171,0
2024-11-12T01:27:59.000Z,Joe_S_Pure,True,False,"'TRAGIC LOSS': The mother of Rachel Morin, who was allegedly murdered by an illegal immigrant while out jogging last year, says her family is thankful for President Trump's commitment to making border security ""a national priority.” https://trib.al/TdeLXMt",0,291,5,15,0
2024-03-08T05:05:54.000Z,LeftismForU,True,False,Let me be clear: Any human being who enters a country illegally is considered an illegal (immigrant).,12282,619,15,81,2
2024-11-12T04:20:00.000Z,FightFactory,True,False,An illegal immigrant shows dirty hand gestures and then gets hit with a lethal jaw-cracking elbow.,516162,4194,43,90,295
2024-11-12T17:00:01.000Z,TheBWSTimes,True,False,Springfield thrives with the contributions of Haitian immigrants!  #CommunityGrowth #TogetherWeThrive,0,225,2,5,0
2024-11-09T18:22:20.000Z,sav_says_,True,False,"NYC-There are currently illegal immigrants marching on the streets of New York holding a sign that reads “No to the anti-immigrant laws, no to deportations”

They shared they are from Ecuador and Peru.",5005887,33616,18845,9430,2260
2024-11-08T01:59:57.000Z,MTGrepp,True,False,"EVERY SINGLE ILLEGAL IMMIGRANT NEEDS TO BE DEPORTED. I DON’T CARE WHO THEY ARE

WHO’S WITH ME ?",122356,12300,1270,1796,48
2024-11-14T21:11:22.000Z,iceoutofca,False,False,"NEW: California leaders must mount an aggressive response to protect immigrant communities to defend against Trump’s mass deportation plan. #StopICEtransfers

 
@SamTLevin",1004,23,5,19,2
2024-11-15T20:26:03.000Z,SULLY10X,True,False,"Every illegal immigrant here is a criminal. 

Never forget that she tried to change the definition of illegal immigrants. One of Kamala’s greatest mistakes. ",1188,26,4,10,2
2024-11-15T14:03:03.000Z,pastordhm,False,False,Praying for Laken’s family as they continue to walk thru the nightmare of the failed .Gov protection and practices that led to her loss not to mention having to face this predator in a courtroom.,1946,28,4,6,1
2024-11-11T12:37:43.000Z,thatdudedusty,True,False,"Fox & Friends - Tom Homan

Tom Homan slams his critics on the southern border.

Tom Homan doubles down on Border Security.
""Border Security is National Security.""

Homan - ""Let us protect not only American communities. Let us protect Immigrant Communities. Who is victim of MS-13",1608,7,1,5,3
2023-09-22T18:51:15.000Z,Keltic_Witch,True,False,"Illegal alien.  There is no such thing as an 'illegal immigrant' as immigration, by definition is a legal process.

If he's here illegally, he's an illegal alien.",0,1232,46,92,43754
2024-11-14T16:22:32.000Z,FoxNews,True,False,Trump win moves slain cheerleader's mom to tears as illegal immigrant faces murder charge,72797,578,49,80,3
2024-03-08T17:01:19.000Z,Mt2Aguy,True,False,"An ""illegal"" immigrant is an immigrant who has entered the country illegally, hope that helps those who are struggling with the term.",6708,204,11,24,1
2024-11-11T13:00:02.000Z,TheBWSTimes,True,False,A vibrant community grows as Haitian immigrants enrich Springfield’s future!  #StrengthInUnity #NewBeginnings,0,321,6,5,0
2024-05-29T13:17:47.000Z,SUBRATA30016572,True,False,"Governor Kristi Noem just said, ""I want every single illegal immigrant sent back to their home country."" 

What's your reaction?",108930,13598,3608,2222,31
2024-06-03T11:10:29.000Z,NMalliotakis,True,False," Two cops shot overnight in NYC (⁦
@AOC
⁩’s district) by an illegal immigrant living at a former Marriott, current migrant shelter at OUR expense. What will it take for Biden, Hochul & Adams to change their disastrous policies? It’s infuriating",184825,3404,384,1619,71
