timestamp,username,icon-verified,fact-checked,text,views,likes,replies,reposts,bookmarks
2024-11-14T03:39:20.000Z,PatrioticMedia1,False,False,"PATRIOTIC DOCTORS BACK RAMATHUBA
Patriotic doctors including the outspoken 
@MikeRamothwala
 are giving their support to 
@PhophiRamathuba
 who is facing prosecution by #HPCSA for telling an illegal immigrant that Mnangagwa should be the one to take care of Zimbabwean patients.",46550,1213,96,327,13
2023-05-26T21:57:01.000Z,TheyCallMeDoc1,True,False,"Lesson of the day. 
Migrant - A person who moves from place to place for work. 
Immigrant - A person who comes to live permanently.
Illegal Alien - a foreign national who is living without official authorization in a country.
They are not Migrants they are illegal aliens.",24534,1463,79,638,8
2024-11-14T20:27:13.000Z,benonwine,True,False,Who agrees with me that absolutely NO Illegal Immigrant should receive Benefits?,67493,7450,328,622,9
2024-11-10T22:24:31.000Z,Baklava_USA,True,False,"Who thinks Dana Bash should VOLUNTEER to:
1) Shave her head
2) House an illegal immigrant from Venezuela
3) Take all of our JABS
4) Learn MATH

Jim Jordan does a bang up job here schooling the illiterate Dana Bash

BTW - TRUMP WON",18125,621,50,225,28
2024-11-11T23:25:39.000Z,FoxNews,True,False,"'TRAGIC LOSS': The mother of Rachel Morin, who was allegedly murdered by an illegal immigrant while out jogging last year, says her family is thankful for President-elect Trump's commitment to making border security ""a national priority.” https://trib.al/LGJt9Qb",95650,1223,60,170,11
2024-11-07T14:57:13.000Z,CCAerial,False,False,"In #Massachusetts, ICE has been arresting and deporting dozens of illegal immigrant r*apists (of CHILDREN) in recent months. Here's our woke Governor Healey bragging about how she wants them to stay here. We are adrift. 
@conservativ3ant
  @RonDeSantis
@masspoli
   @elonmusk",0,6,5,6,592
2024-11-11T02:42:18.000Z,colony76,True,False,"The distinction between an illegal & ""legal"" immigrant is borderline meaningless when the outcome of both is the same. We don't want more immigration, we want remigration. We want millions of mass deportations. Anything less is completely unacceptable.",34188,100,6,26,22
2024-11-14T20:28:05.000Z,ImmDefense,False,False," CLE training for NY attorneys next week: ICE detainers are a key part of the detention-to-deportation pipeline. We'll cover what ICE detainers are and how to navigate them in the context of New York's existing sanctuary laws (and their limits). JOIN US:
https://immigrantdefenseproject.org/cle-training-immigration-detainers-in-nyc-the-impact-on-state-criminal-cases-2/…",0,538,6,9,0
2024-11-14T01:00:00.000Z,CHIRLA,False,False,"CHIRLA & CA leaders met with Mexico elected officials to discuss strategies on how to partner on immigration, economic, and social issues ahead of the upcoming Trump Admin. CA & Mexico are prepared for what's to come to ensure our immigrant community feels safe! #SomosCHIRLA",0,11,1,2,344
2024-11-09T14:21:32.000Z,thenyic,False,False,"On November 7, immigrant NYers and their allies took to the streets to let the next President know that they are stronger. ",0,23,6,13,1801
2024-09-09T17:08:51.000Z,CubanOnlyTrump,True,False,"JUST ANNOUNCED :Kamala Harris ""We extended Temporary Protected Status to over 100,000 Haitian Migrants. They need support.""

Aiden Clarke an 11-year-old was kiIIed on his way to school in Springfield, Ohio.  

His kiIIer was a Haitian illegal immigrant that Kamala FLEW in.

Never",1359911,21981,2073,16352,1297
2024-05-22T02:42:59.000Z,BrandiKruse,True,False,The illegal immigrant who killed a Washington State Trooper just got his bail reduced – because his attorneys convinced a judge their client isn't a danger to the community.,255936,9210,774,6672,251
2024-10-14T19:19:47.000Z,TRobinsonNewEra,True,False,"Illegal immigrant Italy making sure you can't get to work on time to pay your taxes that house them.

Make it makes sense?",2306518,13487,1763,3289,728
2024-03-10T16:06:56.000Z,SpeakerJohnson,True,False,"The president is cowering to his base and showing deference to a man who deserves none. 

This man is an illegal immigrant who brutally murdered Laken Riley.  

President Biden should be apologizing to Laken’s family. 

What an embarrassment.",16451691,35775,9486,8768,644
2024-09-18T15:51:48.000Z,RepCarlos,True,False," I will NOT be intimidated by the socialist Democrats.

The left calls anyone who supports border security & legal immigration a racist.

I’m a Cuban exile and legal immigrant to this country — that bull WILL NEVER fly with me.",897828,47605,1253,14508,2464
2024-11-07T00:07:32.000Z,madisoncross__,False,False,"my heart has been heavy thinking about Jocelyn Nungaray, Laken Riley, and many other women whose right to LIFE was unmercifully  taken away and violated at the hands of illegal immigrant men who never should’ve stepped foot on American soil. Our border needs to be fixed NOW!",0,11,2,1,377
2024-11-08T14:05:57.000Z,DonnaBarford,True,False,N/A,0,15,1,1,489
2024-11-08T23:46:41.000Z,JonnyPeltz,False,False,"pretty embarrassing vote for Nithya Raman, who spoke about her immigrant background earlier in council, to vote to hand the LAPD reigns over to someone who worked with ICE to deport immigrants",14660,203,12,47,9
2024-11-13T21:19:27.000Z,InTheThickShow,False,False,"Did a Haitian immigrant really vote multiple times in Georgia in #Election2024? 
@Maria_Hinojosa
 sets the record straight in 'La Mentirota,' a collab b/w 
@InTheThickShow
 and 
@Factchequeado
 

The truth: A Russian-backed fake video spread this misinformation ",0,1,11,12,1527
2024-11-11T23:49:13.000Z,its_The_Dr,True,False,"""I hear a lot of people say, 'The talk of a mass deportation is racist.  It's threatening to the immigrant community,'"" says Tom Homan, Trump’s former acting director. He argues it should only “be threatening to the illegal immigrant community.”",5464,179,5,53,1
2024-06-27T04:09:21.000Z,ImMeme0,True,False,"BREAKING: Illegal immigrant who shot 2 NYPD officers at 'point-blank range' indicted on 20 charges claims a notorious Venezuelan gang has been smuggling guns into city-run shelters.

Bernardo Raul Castro Mata (19) will be placed in protective custody following his explosive",913122,9480,414,5194,537
