timestamp,username,icon-verified,fact-checked,text,views,likes,replies,reposts,bookmarks
2024-11-22T13:00:59.000Z,ImmigrantCrimes,True,False,"Hall County, GA: Earlier this month, Erick Vinicio Leonardo Estrada was arrested for Cruelty to Animals.

He has an immigration detainer hold.

Leonardo Estrada is ""accused of wrapping two older Yorkie dogs in a towel and slamming them against a wall at his South Hall home...""",0,6,1,13,138
2024-11-18T04:43:40.000Z,TerryNewsome357,True,False,"A whistleblower who was paid $360k per year to manage an illegal immigrant shelter in Chicago contacted me. He's providing documents, additional information, and video evidence to support the claims mentioned in this video. 
@BenBergquam
 @annvandersteel
 @RenzTom
 @JJCarrell14",84155,4613,62,2687,724
2024-11-16T11:01:06.000Z,OECD,True,False,"#Immigrant populations in OECD countries (as % of total population)

Luxembourg 51%
Switzerland 31%
Canada 22%
Sweden 20%
Germany 18%
Spain 17%
UK 15%
US 14%
France 14%
Italy 11%
Japan 2%",12726,74,2,40,12
2024-11-15T21:02:33.000Z,freespeechtv,True,False,"Mass immigrant deportations. Threats of denaturalization. A deliberate attack on the diverse fabric of America. The stakes have never been higher. 

#ThisWeekInWhiteSupremacy #Immigration",0,337,1,5,0
2024-11-14T20:27:13.000Z,benonwine,True,False,Who agrees with me that absolutely NO Illegal Immigrant should receive Benefits?,224916,18470,819,1507,27
2024-11-13T19:51:14.000Z,FishTankViewer1,True,False,Burt thinks Simbal is an illegal immigrant lmfao #fishtanklive,0,14,7,99,1816
2024-11-17T04:40:28.000Z,Treason__Season,True,False,African immigrant reacts to other Africans threatening to turn each other in to ICE  says Africans marry their grandparents for a green card ,2498,54,16,27,33
2024-11-18T19:58:17.000Z,mnfrakenstein,True,False,"BREAKING: The US government funded the flight from NYC to Atlanta, GA for the illegal immigrant that murdered Laken Riley. 

Our government is directly funding the killing of American citizens through illegal immigration. 

You don’t hate the government enough.",2213,18,3,11,2
2024-11-20T19:44:26.000Z,thenyic,False,False," FAST FACTS: Immigrant Rights Every NYer Should Know

As the incoming Trump admin confirms plans for draconian mass deportation and separation of families, it is important for immigrant NYers and their allies to understand their rights under the law.

https://nyic.org/2024/11/fast-facts-immigrant-rights-every-new-yorker-should-know/…",674,6,1,6,2
2024-11-21T21:48:35.000Z,MCTXSheriff,True,False,MCTXSheriff Arrests Fleeing Illegal Immigrant for Child Sexual Abuse https://ocv.im/GN0wcIg,0,23,1,8,804
2024-11-15T19:46:06.000Z,TrumpDailyPosts,True,False,"From Tom Homan 
@RealTomHoman
 Border Czar

60 Minutes ""I hear a lot of people say, 'The talk of a mass deportation is racist.  It's threatening to the immigrant community,

Homan “It should be threatening to the ILLEGAL immigrant community.”",102195,3897,107,870,88
2018-04-25T13:33:58.000Z,Maria_Hinojosa,False,False,"Come on 
@nytimes
 There is no such thing as an “illegal” immigrant or “illegal” human being. A person, an immigrant, may have gotten to or stayed in a country illegally but the person is not “illegal”.",0,420,12,171,0
2024-11-21T21:05:29.000Z,LtChrisOlivarez,True,False,"VIDEO: A smuggler driving a Honda Civic led 
@TxDPS
 Troopers on a pursuit along US-277 in Val Verde County. 

During the pursuit, the smuggler, Jose Rigoberto Perez Calderon, an illegal immigrant from El Salvador, drove on the wrong side of the road, almost crashing head-on with a",8624,210,11,104,13
2024-11-19T19:38:47.000Z,j1mb002164291,False,False,"Embiid: Bad leader
Jokic: illegal immigrant
Luka: Obese fucking whale
SGA: tiktoker, Micropenis
Giannis: No Bag
KD: Soft
Lebron: Washed
Curry: Hates low income housing
Tatum: No Aura
Spidah: Fake Meat
ADisney: fake ring
I know who the real best player in the NBA is",2243838,11848,196,616,1537
2024-11-20T17:03:37.000Z,thehoffather,True,False,BREAKING: Illegal immigrant and gang member Jose Ibarra has been found guilty on all 10 counts of murdering Georgia nursing student Laken Riley.,11528,61,7,15,1
2024-11-16T06:00:22.000Z,callme_Chari,True,False,Laken Riley would still be with us if it weren’t for an illegal immigrant. This is heart breaking. 9-11 call where she spent her last moments trying to defend herself and the officer who found her body. This is ripped me apart. I pray for her family.,13465,52,9,15,3
2024-11-19T03:29:55.000Z,MTGrepp,True,False,"HOLY SH*T  Trump’s Border Czar, Tom Homan drops the  on a Democrat Mayor who wants to STOP Deportations  

Illegal immigrant will be deported out of America, anybody who stops it is breaking the law. PERIOD

GET IN LINE OR GET OUT OF THE WAY ",68931,3125,96,658,78
2024-11-15T21:48:52.000Z,OutnumberedFNC,True,False,The high-profile murder trial of an illegal immigrant charged with killing Georgia student Laken Hope Riley began today with gripping opening statements and emotional testimony,7091,92,15,26,5
2024-11-19T00:00:08.000Z,jonny_2cold,True,False,"Ugandan African  #tengetenge enjoying the new song by Haitian immigrant #jasonderulo 

Yal messing with his new song ?",518,10,4,2,1
2024-11-20T18:38:08.000Z,ashleyhayek,True,False,"Jose Ibarra, an illegal immigrant, GUILTY. This horrific crime never should’ve happened to Laken Riley—illegal immigration puts lives at risk. We MUST secure the border to stop these senseless tragedies.",0,27,3,7,1057
2024-11-17T17:48:13.000Z,civillycentered,True,False,"Welcome to #Portland where; American citizens sleep on the street while the city managed to scramble up housing for 80 illegal immigrant families -after they complained 24 hours prior on the news. 
@RonWyden
 @TinaKotek
 fuck you both
@KGWNews",419,16,2,4,1
