timestamp,username,icon-verified,fact-checked,text,views,likes,replies,reposts,bookmarks
2018-04-25T13:33:58.000Z,Maria_Hinojosa,False,False,"Come on 
@nytimes
 There is no such thing as an “illegal” immigrant or “illegal” human being. A person, an immigrant, may have gotten to or stayed in a country illegally but the person is not “illegal”.",0,436,12,171,0
2024-11-06T05:18:51.000Z,ian_mckelvey,True,False,"Look, it doesn’t matter that Biden dropped out. It doesn’t even matter if Kamala loses. The Democrats won. They successfully implemented their agenda of importing millions of new (illegal immigrant) voters. That was always their goal. Radical leftists play the long game. If Trump",1183,23,2,4,1
2024-11-10T19:26:25.000Z,MyHandleNo,True,False,"They cry when illegal immigrant families are separated, but they don’t care about the families of citizens?!  This just breaks my heart.",2702,105,2,19,4
2024-11-05T20:19:35.000Z,abysms11,False,False,"who is more likely to take away your job?

- illegal immigrant 
- Ai",0,11,7,2,536
2024-11-04T21:19:15.000Z,MigrationPolicy,True,False,"NEW: We offer 1st-ever projections of the US working-age population by immigrant generation through 2040 based on varying future immigration level scenarios

TL;DR: Policy will play a key role in shaping the US demographic landscape & future workforce

http://migrationpolicy.org/news/immigrant-origin-population-2040…",0,1,7,10,1666
2024-11-10T20:58:10.000Z,SayltAintSoJoe,False,False,"Who the fuck decided that using a satellite system owned and operated by a billionaire immigrant that defied election norms by essentially ""buying"" votes, that openly communicated with foreign adversaries & that declared undying devotion to a felon candidate was a good idea?",0,31,4,22,468
2024-11-12T15:34:00.000Z,ImmigrantCrimes,True,False,Media Coverage:,0,625,8,13,0
2024-11-05T23:14:15.000Z,MaxSiegelbaum,False,False,"Documented's reporters spent today speaking with immigrant voters. 

Most voted for Trump, citing crime and migrant issues as their top concerns.",0,12,12,16,10974
2024-11-09T21:42:01.000Z,MTGrepp,True,False,"MASS DEPORT EVERY ILLEGAL IMMIGRANT

MASS DEPORT EVERY ILLEGAL IMMIGRANT

MASS DEPORT EVERY ILLEGAL IMMIGRANT

MASS DEPORT EVERY ILLEGAL IMMIGRANT

MASS DEPORT EVERY ILLEGAL IMMIGRANT",22658,1323,128,261,6
2024-11-12T05:26:19.000Z,Kyla_Lacey,True,False,El*n is an illegal immigrant.,4535,331,4,46,2
2024-11-06T15:26:23.000Z,camiinthisthang,True,False,The idea that every Latino is an illegal immigrant and therefore retarded for voting for trump is insane btw,7131,95,7,19,3
2024-08-29T15:46:51.000Z,trumprealparody,True,False,"Do you support Me using the miIitary to MASS DEPORT every illegal immigrant ? 

A. YES
B. NO",168498,14232,6675,1939,60
2024-06-27T15:08:57.000Z,nicksortor,True,False," JUST IN: Yet ANOTHER illegal immigrant has been arrested and charged with the r*pe of a 15 year old girl

BIDEN IS RESPONSIBLE.

President Trump needs to hit him HARD on this tonight. The American people need to know.",621715,18655,622,7994,302
2024-08-04T02:01:40.000Z,RNCResearch,True,False,"“An undocumented immigrant is not a criminal.”

— Border Czar Kamala Harris",581015,3872,776,2099,248
2024-09-25T21:00:35.000Z,ProjectLincoln,True,False,".
@StuartPStevens
 says the main issue of this election is not immigration- it doesn’t affect enough people to be. The reality is the inflammatory comments Trump has made about our immigrant communities are not doing him any favors in this race.",265113,3885,433,1101,63
2024-07-31T23:11:35.000Z,CollinRugg,True,False,"NEW: Illegal immigrant gets a ""friendly"" welcome to the United States after getting smuggled into the country by jet ski.

""Yeah! Stealing another job!"" a man yelled.

The incident happened at Sunset Cliffs in San Diego, California, approximately a 17-mile ride by water from the",10299258,12459,949,2871,2922
2024-06-27T11:35:00.000Z,stillgray,True,False,"An illegal immigrant, Bernardo Raul Castro Mata, 19, who is accused of killing two NYPD officers, claims that killing cops is part of his cultural background. He is affiliated with the Venezuelan TDA gang.",113729,2703,509,1188,127
2024-04-16T16:33:34.000Z,sav_says_,True,False,"Welcome to the United States where our city parks are being overrun by illegal immigrant men. 

The city of NY is set to spend $12 billion through 2025 to take care of these men | 
@FrontlinesTPUSA",250386,7479,370,2488,285
2024-05-18T19:53:25.000Z,ImMeme0,True,False,"“It’s very traumatic… No. No good Rochester.” says an illegal immigrant from El Salvador.

Yaniry Pena came to the U.S. with her children a year ago.

She lived for FREE in NYC hotel for 4 months. Then she and her children were relocated to a FREE apartment in Rochester, NY.",1048168,8527,3521,3363,556
2024-03-01T02:21:15.000Z,haysjr_9,False,False,"A girl gets killed by an immigrant, and we gotta shut down the border.
But an entire classroom of kids gets mowed down with an AR 15, and I'm politicizing a tragedy.

Is that right?",5365645,115794,4368,17784,2148
2024-07-20T10:01:15.000Z,TulsiGabbard,True,False,"The Democrat elite paints anyone who wants to stop illegal immigration and secure our borders as racist and “anti-immigrant.” They are either very very stupid and don’t understand the difference between legal and illegal immigration, or they’re  trying to foment division and",1172476,53794,1815,11330,840
2024-04-17T15:15:57.000Z,sav_says_,True,False,"“They give me ticket for free to Chicago”

An illegal immigrant from Russia, who has been living in NYC for the past year, received a free plane ticket to Chicago sharing that he wants to “see a new city” and “feel a new vibe”

He then expressed plans to visit LA with another",3336642,9469,754,4053,1064
2024-08-16T14:03:05.000Z,brixwe,True,False,"Head of Homeland Security Mayorkas is looking to ban the term ""illegal immigrant.""

What can we call them if not illegal immigrant?",513237,10401,21315,4789,272
